t,x,y,yaw,speed_measured,x_ref,y_ref,speed_ref,path_index,progress,cte,heading_error,steering_cmd,speed_cmd,compute_time_ms,did_compute,controller_success
0.03799999999999998,33.73,-92.524,-0.7207000000000001,2.722820350794927e-17,32.934173,-93.47543,5.0,9047,0.9330651815181518,1.2400180596847552,0.04777350821222104,-0.14347886806,5.0,37.923784999293275,True,True
0.09100000000000003,33.729815673055846,-92.52383995107941,-0.7206834548539167,-0.009473388935570905,32.934173,-93.47543,5.0,9047,0.9330651815181518,1.2400180596847552,0.04777350821222104,-0.14347886806,5.0,41.524303998812684,True,True
0.139,33.72953513554777,-92.52358076502331,-0.7206993142696526,-0.013575708693958306,32.934173,-93.47543,5.0,9047,0.9330651815181518,1.240028511077623,0.04775696306613764,-0.1434954132,5.0,39.24139799892146,True,True
0.186,33.729103531656044,-92.52314089865305,-0.7206858033607,-0.01706053340711902,32.934173,-93.47543,5.0,9047,0.9330651815181518,1.2400566229469059,0.04777282248187387,-0.14347955379,5.0,36.28644499985967,True,True
0.236,33.72805679184344,-92.52219936982144,-0.7206805888761022,-0.021733085680951426,32.934173,-93.47543,5.0,9047,0.9330651815181518,1.2401820356936752,0.04778705222349178,-0.14346532405,5.0,37.01823299888929,True,True
0.28600000000000003,33.72737824945509,-92.52161621691496,-0.7207001367803076,-0.026007694753719945,32.934173,-93.47543,5.0,9047,0.9330651815181518,1.2402169440453845,0.047754097088323455,-0.14349827918,5.0,37.02176899969345,True,True
0.33599999999999997,33.72568764851968,-92.52015882345707,-0.7206953537970915,-0.03485248975706594,32.934173,-93.47543,5.0,9047,0.9330651815181518,1.2402910232399889,0.04776381944284003,-0.14348855683,5.0,36.18935399936163,True,True
0.384,33.72469008646911,-92.51928791050648,-0.7206900497533648,-0.038594392290765625,32.934173,-93.47543,5.0,9047,0.9330651815181518,1.240338323151401,0.04776886200931241,-0.14348351426,5.0,34.28273999998055,True,True
0.43500000000000005,33.72237835014015,-92.51725837688386,-0.7206928220217481,-0.04759597151956223,32.934173,-93.47543,5.0,9047,0.9330651815181518,1.2404690274292474,0.04777053184251656,-0.14348184443,5.0,35.14843800076051,True,True
0.485,33.72104695770531,-92.51608936273642,-0.7206944617910523,-0.05232051584844154,32.934173,-93.47543,5.0,9047,0.9330651815181518,1.2405471047313215,0.047766330233969256,-0.14348604604,5.0,35.920762000387185,True,True
0.534,33.718012953453886,-92.51342571703144,-0.7206930416942102,-0.06226109033998946,32.934173,-93.47543,5.0,9047,0.9330651815181518,1.2407261833799224,0.047766521209588575,-0.14348585506,5.0,34.459180000339984,True,True
0.584,33.716301759748816,-92.51192356968943,-0.7206923092204579,-0.06749400175698245,32.934173,-93.47543,5.0,9047,0.9330651815181518,1.2408276729422578,0.047766549906431255,-0.14348582636,5.0,34.992306000276585,True,True
0.635,33.71248132908911,-92.50861991445773,-0.7207000468907195,-0.07619061345976488,32.934173,-93.47543,5.0,9047,0.9330651815181518,1.240937481929478,0.047765817432678936,-0.14348655884,5.0,35.6933070015657,True,True
0.687,33.710458442229,-92.50686830074012,-0.7206979690672245,-0.07736523618373123,32.934173,-93.47543,5.0,9047,0.9330651815181518,1.241143475809194,0.04777355510294079,-0.14347882117,5.0,37.47877300156688,True,True
0.74,33.708910258157026,-92.50552939030212,-0.7207259655713176,0.06308286537286306,32.934173,-93.47543,5.0,9047,0.9330651815181518,1.2412543907610876,0.04777147727944531,-0.14348089899,5.0,40.06643000138865,True,True
0.7849999999999999,33.711750013830645,-92.50800494982273,-0.720762388376513,0.15953377013960302,32.934173,-93.47543,5.0,9047,0.9330651815181518,1.2413379795818018,0.04779947378353855,-0.14345290249,5.0,35.23901799962914,True,True
0.8360000000000001,33.71704902154543,-92.51258455421036,-0.7209414474044332,0.2550795120996504,32.934173,-93.47543,5.0,9047,0.9330651815181518,1.2411692706365305,0.047835896588733995,-0.14341647968,5.0,36.484385000221664,True,True
0.885,33.73440183454003,-92.5277061195201,-0.721854122462381,0.4314308872386565,32.934173,-93.47543,5.0,9047,0.9330651815181518,1.2404488650680168,0.04830400190489348,-0.14294837437,5.0,35.757497000304284,True,True
0.935,33.74663712084602,-92.53845474597496,-0.7227952531523211,0.532237643765368,32.934173,-93.47543,5.0,9047,0.9330651815181518,1.2398591941169659,0.04892763067460226,-0.1423247456,5.0,35.23015099926852,True,True
0.9849999999999999,33.77861765011866,-92.5669921332449,-0.7256403686017673,0.7186514527226041,32.934173,-93.47543,5.0,9047,0.9330651815181518,1.238025532437935,0.051067006410238314,-0.14018536986,5.0,35.51693699955649,True,True
1.033,33.79761804886383,-92.58371377791762,-0.727338049415448,0.7996451692716665,33.052184000000004,-93.569346,5.0,9048,0.9331683168316832,1.2379091736567827,0.05640333749028592,-0.1346735334,5.0,33.88686099970073,True,True
1.085,33.84263830698461,-92.62397150574051,-0.7320296489136829,0.980513065173944,33.052184000000004,-93.569346,5.0,9048,0.9331683168316832,1.2337921287148939,0.060230112918586265,-0.13084675797,5.0,35.455332001220086,True,True
1.1360000000000001,33.868221800112096,-92.64693159299243,-0.7349751158709822,1.0394194271904655,33.052184000000004,-93.569346,5.0,9048,0.9331683168316832,1.23173605167287,0.0627926178022018,-0.12828425308,5.0,36.47071900013543,True,True
1.184,33.9246759159901,-92.69820169782696,-0.740691984464616,1.2037721458118975,33.169982,-93.661958,5.0,9049,0.9332714521452146,1.2275505621260778,0.0724896297068538,-0.11986434915,5.0,34.72039799999038,True,True
1.2349999999999999,33.955466147060115,-92.72647633154793,-0.744184348866735,1.2801295668065071,33.169982,-93.661958,5.0,9049,0.9332714521452146,1.22408705442494,0.07521746089100567,-0.11713651797,5.0,35.78946599918709,True,True
1.283,34.02261528250222,-92.78869822667848,-0.7503659394516521,1.4092864583206013,33.288132,-93.754545,5.0,9050,0.9333745874587459,1.2188330633748665,0.08232540982416969,-0.1095969154,5.0,33.533429999806685,True,True
1.335,34.05829954837452,-92.82194315308475,-0.7535748393237136,1.4617369092352335,33.288132,-93.754545,5.0,9050,0.9333745874587459,1.2133942812667395,0.08553746556972719,-0.10638485966,5.0,35.39221400023962,True,True
1.383,34.13438468346642,-92.89397406193088,-0.7600703750312676,1.6221444144125687,33.406313,-93.847211,5.0,9051,0.9334777227722773,1.206440733400681,0.092984485344072,-0.099714588555,5.0,33.89805099868681,True,True
1.4340000000000002,34.17514980689914,-92.93287430804817,-0.7636811954140851,1.695315226220778,33.406313,-93.847211,5.0,9051,0.9334777227722773,1.1994786519004974,0.09602364228356652,-0.096675431616,5.0,34.62640299949271,True,True
1.4849999999999999,34.26161588963321,-93.01622693844394,-0.7704676210554818,1.8373269350822843,33.406313,-93.847211,5.0,9051,0.9334777227722773,1.1938459085292066,0.09963446266638387,-0.093064611233,5.0,35.92542099977436,True,True
1.5350000000000001,34.30718440775771,-93.06061075239636,-0.7739344047798059,1.9058419826417219,33.524688,-93.939676,5.0,9052,0.9335808580858086,1.1813632778559533,0.10815197396309184,-0.086115725619,5.0,35.35410199947364,True,True
1.587,34.402727312656346,-93.15463803114909,-0.7808373154036824,2.0370925299615514,33.643235,-94.031968,5.0,9053,0.9336839933993399,1.1765898684477756,0.11313781698291248,-0.081921628645,5.0,37.46696099915425,True,True
1.633,34.45259259877624,-93.20422691335779,-0.7843695994535177,2.1005038543673606,33.643235,-94.031968,5.0,9053,0.9336839933993399,1.1587466039628973,0.12004072760678897,-0.075018718022,5.0,33.35515700018732,True,True
1.685,34.50379080416031,-93.25550051793222,-0.7878825370793064,2.1623634593316785,33.761978000000006,-94.12414100000001,5.0,9054,0.9337871287128713,1.1503001568484879,0.12584134028156502,-0.069859501066,5.0,35.91059299833432,True,True
1.736,34.60999102468581,-93.36298985613772,-0.7949192714314796,2.281509816928094,33.880936,-94.215889,5.0,9055,0.9338902640264026,1.1311766674713624,0.13666153249083512,-0.059926201874,5.0,36.53506999944511,True,True
1.7850000000000001,34.66490117538284,-93.41915388539726,-0.7984520067173191,2.339052243664057,33.880936,-94.215889,5.0,9055,0.9338902640264026,1.1203509166884509,0.14017991361220528,-0.056407820753,5.0,35.18399499989755,True,True
1.835,34.77754786136955,-93.53576043717571,-0.8069256009374605,2.434801168620535,34.000335,-94.30713,5.0,9056,0.933993399339934,1.0969547189900508,0.15166937370108258,-0.04585836037,5.0,35.36623599939048,True,True
1.887,34.835184352629014,-93.59613616957982,-0.8098719042012726,2.479961455435661,34.120124,-94.398051,5.0,9057,0.9340965346534653,1.0843125089489503,0.1585366087463833,-0.038998788455,5.0,37.870896001550136,True,True
1.936,34.95338079818947,-93.72119195581271,-0.8171440612323913,2.5903183143233743,34.24047,-94.489072,5.0,9058,0.9341996699669967,1.0570105556586675,0.16612262046824489,-0.030232281994,5.0,36.94236100091075,True,True
1.9849999999999999,35.01333623259018,-93.785212649312,-0.8197126763878508,2.602667426268744,34.360640000000004,-94.579874,5.0,9059,0.934302805280528,1.043396620105677,0.16983776482450397,-0.02413963293,5.0,35.44867900018289,True,True
2.032,35.1351046483968,-93.91676310371493,-0.8283141494686308,2.6758193051641666,34.479834999999994,-94.670023,5.0,9060,0.9344059405940595,1.0123112214224927,0.1769799473134519,-0.0150277255,5.0,32.64869600025122,True,True
2.085,35.19689387882321,-93.98435399523086,-0.8320910708510723,2.711673654657178,34.479834999999994,-94.670023,5.0,9060,0.9344059405940595,0.9959997585620706,0.18117031303305975,-0.01083735978,5.0,36.12991299996793,True,True
2.134,35.32164162921822,-94.12161821020787,-0.8286425783649998,2.7750486978491424,34.718590999999996,-94.85018000000001,5.0,9062,0.9346122112211221,0.9634565619055172,0.18919544224644458,-0.00083598340967,5.0,34.822327999791014,True,True
2.184,35.38609384400632,-94.19166439740962,-0.8255227345495643,2.8215826342677923,34.718590999999996,-94.85018000000001,5.0,9062,0.9346122112211221,0.944680112099083,0.18385298808467665,-0.0061784375714,5.0,34.71534900018014,True,True
2.2359999999999998,35.51781947970721,-94.33506221583661,-0.8290458373526672,2.9022770363739916,34.958356,-95.0294,5.0,9064,0.9348184818481848,0.9115808168333877,0.18915827253341444,0.00013472319918,5.0,36.25794199979282,True,True
2.287,35.58499355678576,-94.40828419539027,-0.8279629871465485,2.9438728958082203,34.958356,-95.0294,5.0,9064,0.9348184818481848,0.8909521421604761,0.1900832217631372,0.0010596724289,5.0,37.60796499955177,True,True
2.338,35.72248008338363,-94.55772653553755,-0.8266388438577011,3.029492275228196,35.0787,-95.118564,5.0,9065,0.9349216171617162,0.8722560211768275,0.19147810799326237,0.0019984327952,5.0,38.25380200032669,True,True
2.386,35.79273625963864,-94.63400865531757,-0.826298117190001,3.0718720979271747,35.199332,-95.207504,5.0,9066,0.9350247524752475,0.8333692892339211,0.19241216276369633,0.0031623257816,5.0,36.510994999844115,True,True
2.436,35.863992628602205,-94.71132343765119,-0.8261455218439251,3.1140424816121586,35.320334,-95.296312,5.0,9067,0.9351278877887789,0.8135168193032146,0.19445393326706206,0.00706110757,5.0,36.33282199916721,True,True
2.485,36.00870029225551,-94.86851295251236,-0.8252721221130872,3.184781981183988,35.441594,-95.384826,5.0,9068,0.9352310231023102,0.7721397988920241,0.1953634767452872,0.010332085706,5.0,35.53659299905121,True,True
2.553,36.15718402945304,-95.02939549778655,-0.8254658452348568,3.2219769891958734,35.563344,-95.473387,5.0,9069,0.9353341584158416,0.7511211122481788,0.1972576894619129,0.013399228606,5.0,53.72595700100646,True,True
2.594,36.23234970270902,-95.11061381203463,-0.8253087065237198,3.273116179006018,35.684101,-95.560905,5.0,9070,0.9354372937293729,0.7077335180311068,0.20008433953774274,0.01554657183,5.0,40.61275999993086,True,True
2.643,36.38509719106966,-95.27575320097577,-0.8240041344102893,3.3470476216119938,35.805278,-95.64807900000001,5.0,9071,0.9355404290429042,0.6855621231591285,0.20368173436377424,0.015671884026,5.0,43.351739999707206,True,True
2.686,36.46279155734585,-95.35960494143241,-0.8233903736757147,3.3819320001662163,36.049278,-95.821738,5.0,9073,0.935746699669967,0.640994485043518,0.20747909029827838,0.015045977882,5.0,36.969120999856386,True,True
2.741,36.541334426842894,-95.44431609924693,-0.8228743343191728,3.4178385962396387,36.049278,-95.821738,5.0,9073,0.935746699669967,0.616080248409114,0.20686532956370396,0.014432217148,5.0,41.88402600084373,True,True
2.795,36.70113923619425,-95.61634900362948,-0.8215827704420019,3.491981529840765,36.294256,-95.994434,5.0,9075,0.9359529702970297,0.5678148137358976,0.21243478952613515,0.015896176419,5.0,45.686502000535256,True,True
2.843,36.78240037846609,-95.70365293409232,-0.8208771841660645,3.5257443880833197,36.417396000000004,-96.079971,5.0,9076,0.9360561056105611,0.5435582577834424,0.2162788906321187,0.080118669009,5.0,43.292929000017466,True,True
2.892,36.94759142006191,-95.8806637097407,-0.8190831004680268,3.580708261273884,36.540925,-96.16511700000001,5.0,9077,0.9361592409240924,0.49095008713945687,0.21770638984666002,0.019034848584,5.0,42.4033369999961,True,True
2.946,37.030959175219806,-95.96977432660013,-0.8177192484512192,3.608207041988009,36.664683000000004,-96.250034,5.0,9078,0.9362623762376238,0.4645863124942336,0.2186033373025169,0.099708830828,5.0,46.59521100074926,True,True
2.991,37.2006002950126,-96.15007558699781,-0.8130411209383983,3.675669538098341,36.912752000000005,-96.41981899999999,5.0,9080,0.9364686468646864,0.4132996984794565,0.2148600337294324,0.11288634407,5.0,41.36004700012563,True,True
3.04,37.285874050609685,-96.23999113894871,-0.8102152998064511,3.622031993669589,37.036164,-96.50421,5.0,9081,0.9365717821782178,0.3904490716980553,0.213522474649797,0.11329492963,5.0,40.97567900134891,True,True
3.09,37.45976587726933,-96.42153734603522,-0.8004931010335109,3.732193616141458,37.159335999999996,-96.588342,5.0,9082,0.9366749174917491,0.33276555088387694,0.20687619785038702,0.11628278748,5.0,40.4289569996763,True,True
3.141,37.54877316471223,-96.51275985386428,-0.7942823623226805,3.7613960940629045,37.282787,-96.672537,5.0,9083,0.9367780528052805,0.3070646170310512,0.2035964987853469,0.11472052679,5.0,41.55329800050822,True,True
3.189,37.73071210892204,-96.69536542004215,-0.779461432984,3.8158546190572533,37.406579,-96.756366,5.0,9084,0.9368811881188119,0.28206937960953093,0.2002891688222035,0.11296038004,5.0,39.496794999649865,True,True
3.24,37.82371991200747,-96.78653064542243,-0.7712156065637029,3.841702384118772,37.654959000000005,-96.92327,5.0,9086,0.9370874587458746,0.24016459163898102,0.18978779530166534,0.11418681162,5.0,40.897742999732145,True,True
3.294,38.01368346193151,-96.96803744539083,-0.7538953577000489,3.8895535181784826,37.654959000000005,-96.92327,5.0,9086,0.9370874587458746,0.20743458223208971,0.1815419688813682,0.10758077348,5.0,44.4842550004978,True,True
3.34,38.11078095185767,-97.05839430896874,-0.744970958009696,3.914565696423582,37.904269,-97.089495,5.0,9088,0.9372937293729373,0.16172934866363692,0.1666768685150144,0.10646970437,5.0,40.606188000310794,True,True
3.3890000000000002,38.30874958312432,-97.2373871358271,-0.7272871228777756,3.940494771922464,38.029492,-97.172812,5.0,9089,0.9373968646864687,0.14027574115127667,0.15928866654033458,0.10334192824,5.0,39.450808999390574,True,True
3.439,38.40898271620425,-97.32601111313518,-0.7187622097893351,3.938318189630235,38.279334000000006,-97.337129,5.0,9091,0.9376031353135313,0.10398901864729858,0.14735024118509488,0.1004992554,5.0,39.91499699986889,True,True
3.4859999999999998,38.510935694601045,-97.4143830987965,-0.7103340720007392,3.981172588469292,38.404046,-97.418952,5.0,9092,0.9377062706270627,0.09307190563269495,0.1397936775088615,0.098153243897,5.0,36.558673999024904,True,True
3.54,38.718929246380306,-97.59024461621736,-0.6937961235190593,4.02865950605587,38.529576,-97.500711,5.0,9093,0.937809405940594,0.044753269606788534,0.12449393640531259,0.095285580591,5.0,40.231327000583406,True,True
3.589,38.824889409332975,-97.67766370835727,-0.6858380381881167,4.051090077860087,38.655107,-97.58251700000001,5.0,9094,0.9379125412541254,0.028316878704330476,0.1167127346934862,0.093449608702,5.0,39.71740700035298,True,True
3.636,39.040524300974454,-97.85148001894883,-0.6704205675265004,4.096291103467241,38.906801,-97.745525,5.0,9096,0.9381188118811881,-0.002642237159937392,0.1078320636959278,0.090793905318,5.0,36.89172700069321,True,True
3.691,39.15023176201272,-97.93781019833322,-0.6629530635848491,4.117397752645177,39.033291999999996,-97.826183,5.0,9097,0.9382219471947195,-0.017497221027703385,0.10419626650830427,0.089232375569,5.0,42.04297399883217,True,True
3.738,39.37342809300846,-98.10944004448679,-0.6485466733536692,4.148595788796054,39.287158000000005,-97.986475,5.0,9099,0.9384282178217822,-0.045459542216493294,0.09577229095954554,0.086143011608,5.0,38.59906799880264,True,True
3.7880000000000003,39.48571129290625,-98.19461407853224,-0.6422709009010324,4.1527616625451795,39.414963,-98.066249,5.0,9100,0.9385313531353136,-0.05992173914912695,0.08919655256996961,0.085006617075,5.0,38.47008599950641,True,True
3.8369999999999997,39.71297949012913,-98.36302789524554,-0.6287096074581379,4.180768137288903,39.668546,-98.225139,5.0,9102,0.9387376237623762,-0.08801435882201748,0.07829876063380237,0.084371401852,5.0,37.96731600050407,True,True
3.8870000000000005,39.828506445144214,-98.44634639322126,-0.6210292798324546,4.197458189134167,39.795010999999995,-98.303997,5.0,9103,0.9388407590759076,-0.10106342169738822,0.0716021818249084,0.08153786071,5.0,37.68619100083015,True,True
3.939,40.062888184098796,-98.61140074000521,-0.6068675250460493,4.235514609178149,40.049136,-98.461721,5.0,9105,0.9390470297029703,-0.12393996922002755,0.06025160543059194,0.074776760326,5.0,39.2036069988535,True,True
3.987,40.18175527852717,-98.69347687283785,-0.6026516916561617,4.2551267389074905,40.176519,-98.540239,5.0,9106,0.9391501650165016,-0.13407444037900032,0.05534253283751678,0.068698057505,5.0,37.05185599937977,True,True
4.037,40.42164279759314,-98.85638891397589,-0.5905916718563237,4.278855765268044,40.304111,-98.618583,5.0,9107,0.939253300330033,-0.1434573621874742,0.052812097205996444,0.070021884402,5.0,37.162473001444596,True,True
4.086,40.54310474977108,-98.9374111879932,-0.5841843020297202,4.3170101085589305,40.431926000000004,-98.696774,5.0,9108,0.9393564356435643,-0.14164595881173883,0.04239642798762855,0.070323943504,5.0,36.35124599895789,True,True
4.1370000000000005,40.78794437022711,-99.09659879393433,-0.5708996372523695,4.270071381815784,40.560003,-98.774837,5.0,9109,0.9394595709570958,-0.14768895394154516,0.03733205684136687,0.068229999283,5.0,37.813759001437575,True,True
4.188,40.91034857647836,-99.17490265673315,-0.5625452079731066,4.284061184743878,40.816981,-98.930548,5.0,9111,0.9396658415841584,-0.15731412997466465,0.02898132631253958,0.061380757495,5.0,38.51536099864461,True,True
4.237,41.034389611143226,-99.2527810445606,-0.5585841083050441,4.317193911217949,40.944743,-99.00724100000001,5.0,9112,0.9397689768976898,-0.16152808507034738,0.022584163359270715,0.056822422191,5.0,37.39516700079548,True,True
4.286,41.28456941355742,-99.40796270354278,-0.5519814405089772,4.341332379838724,41.20117,-99.160536,5.0,9114,0.9399752475247525,-0.16744499632167198,0.017024533739942616,0.056104406358,5.0,36.68547000052058,True,True
4.337,41.41055676903111,-99.48527253643155,-0.5488241518956722,4.353341584049184,41.329714,-99.237243,5.0,9115,0.9400783828382838,-0.16974121673458709,0.014026580416917067,0.057204482376,5.0,37.42181699999492,True,True
4.389,41.66434019443568,-99.63916529152549,-0.5398631541941532,4.376334570043261,41.5872,-99.39061600000001,5.0,9117,0.9402846534653465,-0.1734101618396699,0.010448765552234285,0.055660276938,5.0,39.543591999972705,True,True
4.436,41.79233279980289,-99.71540416692845,-0.5346716243764009,4.389372513800522,41.716312,-99.46673299999999,5.0,9118,0.9403877887788779,-0.17506390365442484,0.008689272833929174,0.053482044073,5.0,36.36387000005925,True,True
4.485,42.05003554407082,-99.86687579575616,-0.5255117609441571,4.389195358833619,41.975415000000005,-99.618166,5.0,9120,0.9405940594059405,-0.17689554823703402,0.002080155560661101,0.046707247208,5.0,35.118110999974306,True,True
4.537,42.17969404118213,-99.94194249805922,-0.5223921774023472,4.409229798851402,42.10545,-99.693832,5.0,9121,0.940697194719472,-0.17739030855695898,-0.0020602723808291756,0.046112574775,5.0,37.6090869995096,True,True
4.586,42.440184736468176,-100.09026281375321,-0.5136132403722279,4.4243046803835675,42.363875,-99.844012,5.0,9123,0.9409034653465347,-0.17632691331419964,-0.006205016881282166,0.04188091957,5.0,36.97999099858862,True,True
4.639,42.57149622715101,-100.16400682179452,-0.5098514940009224,4.4342522582566986,42.493435,-99.918782,5.0,9124,0.941006600660066,-0.17525309259125768,-0.008353463256962623,0.040462699424,5.0,39.127525000367314,True,True
4.686,42.83581473775778,-100.31053534250252,-0.5026883426983773,4.4558078248428385,42.753454,-100.067539,5.0,9126,0.9412128712871287,-0.17242411141188554,-0.011856497537252597,0.035783673801,5.0,36.826564000875806,True,True
4.736,42.96887971987116,-100.38344482761616,-0.5000456138646218,4.465806523533163,42.883720000000004,-100.141666,5.0,9127,0.9413160066006601,-0.17051887184236633,-0.013988284430840547,0.035072879837,5.0,36.54868500052544,True,True
4.787,43.236621261356106,-100.52888827795705,-0.494664703809172,4.479992783286885,43.144923,-100.28992,5.0,9129,0.9415222772277227,-0.1655103262470782,-0.01960968017712217,0.032661433011,5.0,37.80510300020978,True,True
4.837,43.37076473499718,-100.6009082829085,-0.49091925565869826,4.484180009258208,43.275632,-100.364369,5.0,9130,0.9416254125412541,-0.16240910738155465,-0.021550885697890543,0.032475007994,5.0,37.357856999733485,True,True
4.886,43.639054242374876,-100.74327748937644,-0.482773226894091,4.464907789132831,43.406531,-100.438395,5.0,9131,0.9417285478547854,-0.15920840674153416,-0.022295890975941646,0.030733942419,5.0,37.03669700007595,True,True
4.937,43.77423585204766,-100.814017801625,-0.48043985463230865,4.49307982034848,43.667452000000004,-100.58465600000001,5.0,9133,0.9419348184818482,-0.15241773849923415,-0.026127369809784806,0.023837321599,5.0,37.983025000357884,True,True
4.9879999999999995,44.04595245684674,-100.95490633587163,-0.47635125643029913,4.508899949030173,43.797895000000004,-100.657234,5.0,9134,0.9420379537953796,-0.148555254843203,-0.02687404635771795,0.024032124104,5.0,38.5823659999005,True,True
5.038,44.18246150344802,-101.02513657867257,-0.47309527125634937,4.51755069726961,44.059613,-100.802686,5.0,9136,0.9422442244224423,-0.13961231181503983,-0.031702916258031344,0.021749993321,5.0,38.4191009998176,True,True
5.089,44.45716016527426,-101.16411887279524,-0.46439091448501485,4.536559912619922,44.190449,-100.87561099999999,5.0,9137,0.9423473597359736,-0.1344756191789778,-0.03555296028776134,0.020360231814,5.0,39.471288000640925,True,True
5.1370000000000005,44.59537163354057,-101.23316909846889,-0.46213502637654985,4.546969609906569,44.452502,-101.021361,5.0,9139,0.9425536303630363,-0.12291813068182755,-0.03968234638722912,0.011616976714,5.0,37.31214199979149,True,True
5.187,44.73336917139005,-101.30193575721007,-0.46036879717030815,4.524591655253877,44.715714,-101.165444,5.0,9141,0.942759900990099,-0.1380904563236598,-0.03772363633773068,0.0099131435525,5.0,37.64304099968285,True,True
5.239,45.011119659262185,-101.43880939052426,-0.4596507599257759,4.530468709355697,44.978806,-101.30906800000001,5.0,9143,0.9429661716171617,-0.12247958934940754,-0.037556024185245285,0.01051739761,5.0,39.34679399935703,True,True
5.286,45.14979452451487,-101.50722186100666,-0.4569851307848789,4.553965845418962,45.109942,-101.380144,5.0,9144,0.943069306930693,-0.11492381421734738,-0.03601009834792812,0.011875097485,5.0,36.29752599954372,True,True
5.336,45.42831181271522,-101.64381059827419,-0.45501116128203567,4.569596395591467,45.373496,-101.521939,5.0,9146,0.9432755775577558,-0.10013911820115984,-0.03567290030844594,0.0092067963807,5.0,36.51655500107154,True,True
5.385,45.56793033361575,-101.71210452760491,-0.4544884091565794,4.576755122747846,45.505568,-101.592496,5.0,9147,0.9433787128712872,-0.09274538516725,-0.034764325333832335,0.010262548251,5.0,35.694068001248525,True,True
5.439,45.84786397877078,-101.84923060009619,-0.45556589248971263,4.594645793072889,45.77035,-101.733108,5.0,9149,0.9435849834983498,-0.07852233295779135,-0.030823511601585807,0.012734946104,5.0,39.04857699853892,True,True
5.485,45.988617683054194,-101.91821875435912,-0.4549639969168549,4.616990275354456,45.903078,-101.803044,5.0,9150,0.9436881188118812,-0.07198465231385207,-0.028566749871559605,0.01460263426,5.0,35.65208000145503,True,True
5.535,46.270430674149445,-102.0555650731421,-0.45272652003277636,4.610466211353618,46.169297,-101.942297,5.0,9152,0.9438943894389439,-0.059955432009329505,-0.02525469557261495,0.014474327973,5.0,35.77412800041202,True,True
5.583,46.410465018286786,-102.12359012395329,-0.4507952836390983,4.556778809083787,46.302738,-102.01140500000001,5.0,9153,0.9439975247524752,-0.054716317159773986,-0.02459683846558658,0.014300209327,5.0,33.12819199891237,True,True
5.635,46.69274567562147,-102.2600175382603,-0.44867943894750456,4.624999495301972,46.567659,-102.147855,5.0,9155,0.9442037953795379,-0.04661161912107955,-0.024103620809962756,0.012487580577,5.0,35.383336999075254,True,True
5.683,46.83459622644499,-102.32823523845146,-0.44771297470933324,4.634284513647812,46.700998,-102.216084,5.0,9156,0.9443069306930693,-0.04286833532168512,-0.024338950107974267,0.012896763789,5.0,34.087224999893806,True,True
5.735,47.11953114066748,-102.464280619501,-0.4425328762999225,4.64969279195805,46.83442,-102.284375,5.0,9157,0.9444100660066007,-0.03897208156033553,-0.025133023315623948,0.013192555726,5.0,35.60352900058206,True,True
5.785,47.262625071807875,-102.53198322157307,-0.4410486839061077,4.658680950211955,47.101865000000004,-102.420581,5.0,9159,0.9446163366336634,-0.03113579518293747,-0.024734792148005447,0.008969938598,5.0,35.504043000401,True,True
5.835,47.40602387986523,-102.59954401676397,-0.4395017591225491,4.662214701430411,47.236148,-102.487959,5.0,9160,0.9447194719471947,-0.027558506752156802,-0.02303776296427351,0.0089981581667,5.0,35.68968999934441,True,True
5.883,47.693475039458704,-102.73435442080564,-0.4393722123988469,4.679525487055554,47.505236,-102.622226,5.0,9162,0.9449257425742574,-0.02065596823620216,-0.02172023455071148,0.0086523042281,5.0,33.98807899975509,True,True
5.933,47.8365015688622,-102.80133486206819,-0.43850448020347194,4.652879995647987,47.639963,-102.68865699999999,5.0,9163,0.9450288778877888,-0.017035458371115288,-0.020812359089483756,0.011345810075,5.0,33.98283999922569,True,True
5.985,48.12396541585442,-102.93547459678368,-0.4354912074964965,4.671551399475505,48.042998,-102.888524,5.0,9166,0.9453382838283828,-0.06604145201304269,-0.019930653997406456,0.010907695515,5.0,35.61744500075292,True,True
6.037,48.26810494615397,-103.0024587967094,-0.43457950380293076,4.677932846662508,48.177879,-102.954495,5.0,9167,0.9454414191419142,-0.05717036202380891,-0.01811236059855803,0.011295033723,5.0,37.53286499886599,True,True
6.085,48.557006327581576,-103.13638673291288,-0.4338190851699959,4.690956451634426,48.448370000000004,-103.085614,5.0,9169,0.945647689768977,-0.03938057248838683,-0.01625639782734778,0.011777037466,5.0,35.163275999366306,True,True
6.135,48.70173514593347,-103.20350894268437,-0.4338867308253516,4.698458349821996,48.583954,-103.151015,5.0,9170,0.9457508250825083,0.03066208157876299,-0.014499213887571916,0.013499618155,5.0,35.21391000140284,True,True
6.186,48.9923298863247,-103.3377231133775,-0.4315987539628391,4.737032568148247,48.856297,-103.281301,5.0,9172,0.945957095709571,0.01395553393533829,-0.01026563187161944,0.015534265048,5.0,36.594421000700095,True,True
6.235,49.1377699449948,-103.40463842817132,-0.43028744537696245,4.7064441763424405,48.992791,-103.34577900000001,5.0,9173,0.9460602310231023,0.008069072753181143,-0.00942346530495719,0.015005972097,5.0,35.98715599946445,True,True
6.284,49.42702941815208,-103.5370525274044,-0.4273128283650298,4.706415173784703,49.264376,-103.4736,5.0,9175,0.946266501650165,0.009979081113453242,-0.009529091915962518,0.014062128698,5.0,34.688197998548276,True,True
6.334,49.57278051519777,-103.60336077858516,-0.42659930018683895,4.712492701787195,49.400439,-103.537076,5.0,9176,0.9463696369636964,0.011213956744094882,-0.008172962421222785,0.014579634657,5.0,34.571248999782256,True,True
6.385,49.86516165079902,-103.73581720319757,-0.42230154696212546,4.724515043347531,49.673856,-103.663826,5.0,9178,0.946575907590759,0.013476869055898339,-0.006933543173083034,0.0160761103,5.0,35.39053099848388,True,True
6.4350000000000005,50.01192068120543,-103.80149886794605,-0.41912090244776057,4.7311009504462715,49.810911,-103.726913,5.0,9179,0.9466790429042904,0.014382031731160427,-0.007074356519118474,0.01359576787,5.0,35.762315999818384,True,True
6.483,50.30649601400632,-103.9322422403317,-0.41636553878279914,4.743060832752203,50.08602,-103.851772,5.0,9181,0.9468853135313532,0.016143878778518653,-0.006096571715737742,0.011614320356,5.0,34.016132000033394,True,True
6.535,50.45367692704903,-103.99715902536569,-0.41687251809278425,4.780922284898302,50.361453999999995,-103.975593,5.0,9183,0.9470915841584159,0.06999763273354034,-0.004187435416823426,0.013644400836,5.0,36.00390699830314,True,True
6.584,50.60133701531554,-104.06243515216181,-0.417304740334657,4.69508029405498,50.499922,-104.037251,5.0,9184,0.9471947194719472,0.06120435607306258,-0.0021813519476574506,0.016208260625,5.0,35.21357999852626,True,True
6.635,50.89551102185113,-104.19190224945194,-0.4123536236695517,4.734415165742987,50.775146,-104.159911,5.0,9186,0.9474009900990099,0.04235947416175916,-0.0030855204517745705,0.018190836645,5.0,35.1660409996839,True,True
6.684,51.043153367112964,-104.25626956019056,-0.4099691040769724,4.7397579269100865,50.913026,-104.221023,5.0,9187,0.9475041254125413,0.03398223906745807,-0.0037741142069118716,0.016394353066,5.0,34.60871000061161,True,True
6.734,51.33922977851913,-104.38430714351894,-0.40669446281966065,4.7506952388066415,51.189405,-104.34255999999999,5.0,9189,0.9477103960396039,0.022244613258682065,-0.005228016372218036,0.014877339648,5.0,34.814183998605586,True,True
6.783,51.48759539498509,-104.4482295640876,-0.4061845501250493,4.7567737582477925,51.327839000000004,-104.403134,5.0,9190,0.9478135313531353,0.021809639060206647,-0.004992631737962494,0.01574573587,5.0,33.608349000132876,True,True
6.834,51.78538824247508,-104.57584584710789,-0.40271931843576053,4.761242918559423,51.605824,-104.52401,5.0,9192,0.948019801980198,0.022865383417814387,-0.0032320108471646236,0.01791620306,5.0,34.628897001312,True,True
6.884,51.9346593095969,-104.63919102645205,-0.4008406794293651,4.761886461369713,51.744960999999996,-104.583889,5.0,9193,0.9481229372937293,0.023285975742373666,-0.002456962123827733,0.017466450266,5.0,34.435686000506394,True,True
6.934,52.23135255147491,-104.7645670515453,-0.3968239984350575,4.758532353822833,52.023782000000004,-104.702816,5.0,9195,0.9483292079207921,0.02414295812812313,-0.0029089356190135085,0.01742444213,5.0,34.776242999214446,True,True
6.984,52.38076935188336,-104.8270472179779,-0.3954537492883178,4.765992918452735,52.161839,-104.761444,5.0,9196,0.9484323432343235,0.024106818315705592,-0.0033013605887690645,0.016968398119,5.0,34.717612999884295,True,True
7.032,52.68042513583679,-104.95164321208944,-0.3914970504266449,4.776436632425969,52.58061899999999,-104.93678100000001,5.0,9199,0.9487417491749175,0.06901198247027465,0.0012253214833282122,0.01982381522,5.0,33.200077001311,True,True
7.086,52.830754661293945,-105.01342317437418,-0.3879667813656455,4.781619518216359,52.720797999999995,-104.994607,5.0,9200,0.9488448844884488,0.058956384152731814,0.001566073205736096,0.018626306392,5.0,36.75584200027515,True,True
7.136,53.13243598443408,-105.13601778043366,-0.38394323839781697,4.7916599338168435,53.001959,-105.109274,5.0,9202,0.9490511551155115,0.040069256466177997,0.0014798611113948645,0.01639063979,5.0,36.954763998437556,True,True
7.184,53.28299685700106,-105.19680792293434,-0.38353456868172386,4.787813680428161,53.142872,-105.16603899999998,5.0,9203,0.9491542904290429,0.03178339259961628,0.0017831674269004338,0.016478686184,5.0,34.83963100006804,True,True
7.235,53.585151527447294,-105.31834682222934,-0.38298027039121946,4.777640238748838,53.424622,-105.278893,5.0,9205,0.9493605610561056,0.02324861515327131,0.0038232491991885276,0.021393683606,5.0,35.83886900014477,True,True
7.286,53.73595889970948,-105.3789167697805,-0.38109666610720033,4.782070186345002,53.565132,-105.33490900000001,5.0,9206,0.949463696369637,0.022788000100831277,0.004040783349147148,0.022403749574,5.0,36.25221100082854,True,True
7.335,54.038328194201966,-105.49944189186714,-0.3776040099961593,4.791623653150552,53.846776,-105.446554,5.0,9208,0.9496699669966997,0.021474284219304054,0.0041159650084789945,0.0227015163,5.0,35.14408000046387,True,True
7.385,54.189832670059396,-105.55942712608916,-0.37609215758740344,4.795369594527316,53.987977,-105.50198600000002,5.0,9209,0.949773102310231,0.020684062975083545,0.004425362773206931,0.022721265313,5.0,35.25187200102664,True,True
7.4350000000000005,54.49372353951726,-105.6791625832184,-0.37267037527081637,4.8366337039313025,54.12935600000001,-105.55719099999999,5.0,9210,0.9498762376237624,0.019820763148793198,0.004641018763313021,0.023070269496,5.0,35.60188500159711,True,True
7.485,54.646065335922785,-105.73846452742762,-0.37027043130809917,4.802656185407084,54.555096999999996,-105.721718,5.0,9213,0.9501856435643564,0.0746837676411755,0.007252129242079075,0.024945519832,5.0,35.93523899871798,True,True
7.534,54.798654488601244,-105.79740260770089,-0.36754473312774516,4.802659381236704,54.697224,-105.775851,5.0,9214,0.9502887788778878,0.06336369024583759,0.007370585675981367,0.024581120006,5.0,34.88834200106794,True,True
7.587,55.102322888937366,-105.9136962162041,-0.3626757081417792,4.757830168726507,54.982011,-105.88333200000001,5.0,9216,0.9504950495049505,0.04131760896215092,0.005398218622007178,0.022800983543,5.0,37.15201300110493,True,True
7.635,55.2547314060096,-105.97149178777045,-0.36026927917583745,4.804592629389286,55.122814,-105.936311,5.0,9217,0.9505981848184818,0.03051743892787423,0.004687554233572477,0.022099178424,5.0,36.00957800153992,True,True
7.683,55.56102856265086,-106.08613853929322,-0.3559861036997522,4.81520804849958,55.408026,-106.042125,5.0,9219,0.9508044554455446,0.01318866988484813,0.004795761458295633,0.021694951473,5.0,33.61869999935152,True,True
7.734,55.714660725547844,-106.14301972329106,-0.35238658107421506,4.8184286291099045,55.551054,-106.09468999999999,5.0,9220,0.9509075907590759,0.011449455423068043,0.005185877686282314,0.021716113535,5.0,34.60813899982895,True,True
7.7829999999999995,56.02291348692871,-106.2553289520501,-0.3463291498043627,4.828219861890827,55.837875,-106.19878,5.0,9222,0.9511138613861386,0.009825180501919991,0.0033604245663894083,0.018329157316,5.0,33.39833700010786,True,True
7.835000000000001,56.17686710047099,-106.31085998921151,-0.3448188428034514,4.824327281478923,55.981609999999996,-106.250358,5.0,9223,0.95121699669967,0.009234430925125993,0.0022572081159646373,0.017869834677,5.0,35.21874900070543,True,True
7.885999999999999,56.48634176627927,-106.42175136708768,-0.3439543419106619,4.816986525238279,56.2688,-106.352747,5.0,9225,0.9514232673267327,0.008302350757600933,0.0037604222376881324,0.021632182751,5.0,36.587307000445435,True,True
7.9350000000000005,56.64061824572521,-106.47685493355176,-0.3423614913832759,4.820204242402208,56.41298199999999,-106.403924,5.0,9226,0.951526402640264,0.007682706414764221,0.003249345213078847,0.022987335543,5.0,35.999969999465975,True,True
7.984999999999999,56.949819461907005,-106.58647137826253,-0.3391298094264421,4.82858279675779,56.843804000000006,-106.55543999999999,5.0,9229,0.951835808580858,0.054146869935806946,0.005359464470374942,0.024769941237,5.0,35.36233799968613,True,True
8.035,57.10462487499058,-106.64101159511624,-0.33773520727779127,4.831541267602971,56.987609,-106.60543999999999,5.0,9230,0.9519389438943895,0.042283067531821705,0.004950286609994414,0.024981000252,5.0,35.670965000463184,True,True
8.084,57.41514603925129,-106.7495817692322,-0.333300465475066,4.873487877224019,57.275714,-106.70506,5.0,9232,0.9521452145214522,0.018787654537745644,0.004037846064647965,0.025525957763,5.0,34.948313999848324,True,True
8.133,57.57082495681069,-106.80318696371917,-0.33081276343762567,4.838898531276259,57.420364,-106.754792,5.0,9233,0.9522483498349835,0.0073738469626655,0.0038403808320084387,0.024772217133,5.0,33.38996099955693,True,True
8.184,57.882581431689864,-106.90920491550186,-0.32508898604853,4.843190501235996,57.709817,-106.85285400000001,5.0,9235,0.9524546204620462,0.0020061616285653124,0.003127093596720698,0.022689079734,5.0,34.21076599988737,True,True
8.235,58.03774229926836,-106.96130628937668,-0.3221545645587208,4.773277180399084,57.854475,-106.90143300000001,5.0,9236,0.9525577557755776,0.0014851941240905128,0.0027295857237179533,0.021546400065,5.0,35.382846001084545,True,True
8.286,58.349611083343625,-107.06487958659446,-0.317242518408955,4.8473256954511,57.998993999999996,-106.94944199999999,5.0,9237,0.9526608910891089,0.001018885189622654,0.0006569325553327232,0.02038393998,5.0,36.44009199888387,True,True
8.335,58.50636221893063,-107.11618761714291,-0.31511369284548163,4.853846412306573,58.287901,-107.045027,5.0,9239,0.9528671617161716,0.00025117046089128417,0.001290001780111183,0.018952880029,5.0,35.900093000236666,True,True
8.384,58.66343687821112,-107.16717929022559,-0.31204136299660146,4.857620264579021,58.579071,-107.139627,5.0,9241,0.9530734323432343,0.07639353057238764,0.003151705050023157,0.019327316824,5.0,34.218931999930646,True,True
8.433,58.97844073616942,-107.26795060874689,-0.30704516220995876,4.866483280108185,58.871254,-107.23312299999999,5.0,9243,0.9532797029702971,-0.05275952624095154,0.0017074135333405849,0.016805064526,5.0,33.80637000009301,True,True
8.484,59.135735680050615,-107.31776548977611,-0.306016863813657,4.863586618588541,59.01763199999999,-107.27949199999999,5.0,9244,0.9533828382838284,-0.04085534080992208,0.001076872261675188,0.016557405149,5.0,34.03464599978179,True,True
8.534,59.45193188201682,-107.41725731131892,-0.30355504760707963,4.872819372020654,59.309996,-107.371375,5.0,9246,0.9535891089108911,-0.016909945968934727,0.0022134087696508153,0.01934038163,5.0,34.641911999642616,True,True
8.586,59.6092848268346,-107.46639703903664,-0.3016659908641729,4.851224767298263,59.456759,-107.41722,5.0,9247,0.9536922442244224,-0.00482726218036879,0.0018101219514425892,0.019175592387,5.0,36.57890099930228,True,True
8.635,59.9247745672244,-107.56367895652714,-0.2967471578489132,4.8575008726375435,59.74874200000001,-107.507447,5.0,9249,0.9538985148514851,-0.00209453371314846,0.0009010711049475262,0.017849891799,5.0,35.26538699952653,True,True
8.685,60.08272822256835,-107.61194126759038,-0.2960165919227426,4.8618981185029755,59.894897,-107.552225,5.0,9250,0.9540016501650165,-0.0022020679425680096,-0.000504022261929471,0.017560748005,5.0,34.97993300152302,True,True
8.736,60.39930401954367,-107.70852821538742,-0.2940373470485694,4.897765728252604,60.187445,-107.641879,5.0,9252,0.9542079207920792,-0.0019025731564618492,-0.0015101573728850681,0.020723100687,5.0,36.16979700018419,True,True
8.785,60.55785133368491,-107.75632916386525,-0.29223369829786294,4.867805549227021,60.333895,-107.686652,5.0,9253,0.9543110561056105,-0.001847204469713778,-0.0022969975679352217,0.020906334541,5.0,35.556349999751546,True,True
8.836,60.87516802245805,-107.85110624587487,-0.28809869129173526,4.871787827729902,60.774347,-107.819901,5.0,9256,0.9546204620462047,-0.05994999479043565,-0.0008320795453009566,0.020958942319,5.0,36.96381100053259,True,True
8.884,61.033305492474604,-107.8977218704668,-0.28581462012964653,4.783851528539576,60.92109,-107.86375600000001,5.0,9257,0.954723597359736,-0.047632387099429054,-0.0018296066825489454,0.020282074674,5.0,34.61867799887841,True,True
8.933,61.34990424689939,-107.99058057079752,-0.2815460229264743,4.872934515577052,61.213102,-107.950597,5.0,9259,0.9549298679867987,-0.023108363817444223,-0.003692412318092586,0.018706065156,5.0,33.64866499941854,True,True
8.983,61.50921364059207,-108.03652473906293,-0.27967924020563023,4.879033972301578,61.36009,-107.99369899999999,5.0,9260,0.95503300330033,0.01065242540069511,-0.0026630611083335864,0.01884215183,5.0,33.986026001002756,True,True
9.037,61.828688095266514,-108.12733395547184,-0.2740381207472953,4.887316720715971,61.654764,-108.079021,5.0,9262,0.9552392739273927,0.0008383604405403329,-0.002619347141366468,0.017145218956,5.0,37.23390599952836,True,True
9.085,61.988793013636084,-108.17216529736886,-0.27202469665718887,4.88977267750184,61.802424,-108.121163,5.0,9263,0.9553424092409241,0.001208839469583094,-0.0027622085577210242,0.016325493979,5.0,35.74429199943552,True,True
9.135,62.30876315799349,-108.26128034063312,-0.27149251020477877,4.889118215128584,61.950255000000006,-108.16296799999999,5.0,9264,0.9554455445544554,0.0015921634020097267,-0.003007506435786844,0.01626020728,5.0,36.002484999698936,True,True
9.185,62.46943632678496,-108.30594162695787,-0.26986392434369993,4.909845465837636,62.245495999999996,-108.245798,5.0,9266,0.9556518151815182,0.0018535422584362144,0.0009759817977319507,0.020202911856,5.0,35.29906000039773,True,True
9.234,62.62920283649101,-108.35001041393055,-0.26822462123417723,4.862989404500599,62.541385,-108.327932,5.0,9268,0.9558580858085809,0.0752342214948532,-0.0006581226707296217,0.020900137255,5.0,34.43959300057031,True,True
9.285,62.9489605597132,-108.43648856201746,-0.2605602337685702,4.872969427798016,62.836454,-108.408542,5.0,9270,0.9560643564356436,0.04980949116033614,-0.0005817894309050331,0.017862336568,5.0,35.18838299896743,True,True
9.334,63.10901165808957,-108.47898325532013,-0.25814627692293957,4.873082267318315,62.984143,-108.448397,5.0,9271,0.9561674917491749,0.03714316895094578,-0.0025565909653719743,0.015986836785,5.0,34.222166999825276,True,True
9.385,63.42982110647703,-108.56372567938422,-0.25754794434875095,4.902596225444355,63.279804000000006,-108.527868,5.0,9273,0.9563737623762376,0.012503776792304766,-0.0048698224098382425,0.016566987665,5.0,35.39572100089572,True,True
9.434,63.590241539967835,-108.60587415482148,-0.2561757870452521,4.873029900003953,63.42815,-108.56766499999999,5.0,9274,0.956476897689769,0.004235985943514613,-0.0030544473985751885,0.019175045144,5.0,34.72409499954665,True,True
9.484,63.91112984619266,-108.68918904765161,-0.2523504453425218,4.875421215057485,63.724658999999996,-108.64595200000001,5.0,9276,0.9566831683168316,0.004891582429445681,-0.002366263559277826,0.019058122097,5.0,35.00077199896623,True,True
9.533,64.07119102468899,-108.73016032749612,-0.25097542557214436,4.811867661199239,63.872831000000005,-108.68463999999999,5.0,9277,0.956786303630363,0.005220794444195359,-0.0023525449074397464,0.019206572861,5.0,33.807903000706574,True,True
9.585,64.3907643062798,-108.81200645977403,-0.24629445343212236,4.873124231219112,64.16766700000001,-108.76123500000001,5.0,9279,0.9569925742574258,0.005595130013347648,-0.004896533728701691,0.018285662519,5.0,35.15832700031751,True,True
9.634,64.55157331240518,-108.85233216801376,-0.2447441440330677,4.87826766059807,64.315908,-108.79929399999999,5.0,9280,0.9570957095709571,0.006117490973599883,-0.0037977583038979468,0.018474655081,5.0,34.20742900016194,True,True
9.685,64.87390323751137,-108.93178088895243,-0.2381642762161037,4.88390470159968,64.762231,-108.91145700000001,5.0,9283,0.9574051155115512,0.05316457116148872,-0.001005204881433297,0.017505188177,5.0,36.018844999489374,True,True
9.736,65.03544131436439,-108.97083482597711,-0.23610724441899736,4.887915436223228,64.911397,-108.948127,5.0,9284,0.9575082508250825,0.040902048505333945,-0.0016875180197213346,0.0158394857,5.0,36.248473999876296,True,True
9.786,65.3582230241003,-109.04847274765031,-0.2361103894637349,4.886962565401122,65.20961199999999,-109.020549,5.0,9286,0.9577145214521452,0.01695448327929706,-0.0016290902438811372,0.017458729677,5.0,36.687895000795834,True,True
9.834,65.52010808048858,-109.08732377235572,-0.23391397764358143,4.917133328511289,65.358824,-109.056634,5.0,9287,0.9578176567656765,0.008183349677693894,-0.0010486434390433175,0.019944901382,5.0,34.552936000181944,True,True
9.885,65.84256713835259,-109.16346244530304,-0.2285885657194813,4.872602104330943,65.65724300000001,-109.128262,5.0,9289,0.9580239273927392,0.008118730959604366,-0.0005459000714469475,0.01947170645,5.0,35.59997199954523,True,True
9.935,66.00401824547842,-109.20077989674823,-0.22584783095258515,4.874736004240256,65.80604,-109.16335,5.0,9290,0.9581270627062707,0.008158900600947195,-0.0013726891876051361,0.016865041454,5.0,35.80706899992947,True,True
9.984,66.16559486671564,-109.23772428484298,-0.223537730743033,4.8753939747666415,65.955057,-109.197981,5.0,9291,0.958230198019802,0.008249320030684846,-0.0013834638631622376,0.015685303072,5.0,34.35069800070778,True,True
10.035,66.4893624870136,-109.31122672420155,-0.2223661753089199,4.901332149085412,66.253249,-109.26638999999999,5.0,9293,0.9584364686468647,0.008675586738575092,-0.0023653176337168347,0.015680996488,5.0,35.598278998804744,True,True
10.084,66.65125366454362,-109.34776250468889,-0.22093752525724306,4.878819306535729,66.552311,-109.33466100000001,5.0,9295,0.9586427392739274,0.06716904472596484,-0.00039172638403606186,0.018658330169,5.0,35.00882700063812,True,True
10.135,66.97521215780344,-109.41990503437842,-0.21764797434298358,4.880211344812422,66.851256,-109.40157099999999,5.0,9297,0.9588490099009901,0.041807526226973396,0.0007017567254816726,0.018464003844,5.0,36.002685001221835,True,True
10.187,67.13693035834153,-109.4554345668254,-0.2168940100968838,4.826999703905072,67.00071700000001,-109.43461200000002,5.0,9298,0.9589521452145214,0.029441328320351692,0.0011379931533985754,0.018707870481,5.0,37.505503998545464,True,True
10.235,67.45922282309341,-109.52641743503908,-0.2126997835815495,4.877530342011603,67.297758,-109.500147,5.0,9300,0.9591584158415841,0.008911314034913003,-0.0014394066644189962,0.018822693429,5.0,36.211926000760286,True,True
10.284,67.62141898672215,-109.56134216656238,-0.21129223205927566,4.88246925669863,67.447322,-109.532448,5.0,9301,0.9592615511551155,0.008395736002170914,0.0005393792273520326,0.018761386838,5.0,34.61034199972346,True,True
10.335,67.94649291533689,-109.63018452129116,-0.20538851714762946,4.888088296709448,67.74701800000001,-109.59640900000001,5.0,9303,0.9594678217821783,0.007919946842983135,0.0010223332896059922,0.017595401728,5.0,35.39766399990185,True,True
10.385,68.10935680861454,-109.66394565869967,-0.20319345052961907,4.8920867650628,67.897178,-109.627775,5.0,9304,0.9595709570957096,0.007633925457680645,0.0003978592380633472,0.015892910299,5.0,35.54811499998323,True,True
10.435,68.43485293513261,-109.73097468657294,-0.2032454258948996,4.870288141784635,68.197469,-109.689777,5.0,9306,0.9597772277227723,0.007457033808439238,0.00017612728885252338,0.017108496057,5.0,35.220793999542366,True,True
10.485,68.59797121009821,-109.76438798248076,-0.2008104624481681,4.930065998629823,68.497596,-109.75123799999999,5.0,9308,0.959983498349835,0.06593401292198532,0.0022745567665571897,0.020351117148,5.0,35.41680999842356,True,True
10.536,68.92344875827641,-109.82994427558691,-0.19645617849412114,4.87882812032955,68.798549,-109.811968,5.0,9310,0.9601897689768977,0.04044189765113842,0.002095516327676794,0.018954926688,5.0,36.17288300119981,True,True
10.584,69.0862031361015,-109.8621373779799,-0.19417720156818502,4.8804546130480695,68.94856300000001,-109.841723,5.0,9311,0.960292904290429,0.02773920485794317,0.001434921142143608,0.01789518072,5.0,34.92451900092419,True,True
10.634,69.41188176651126,-109.92578669444129,-0.1922294689650125,4.884837394494181,69.248704,-109.90062900000001,5.0,9313,0.9604991749174917,0.006605155264350546,-0.0009069181800058779,0.017068969025,5.0,34.95581800052605,True,True
10.684,69.57527438835542,-109.95770872444342,-0.19183972683876407,4.906832502053007,69.398865,-109.93003300000001,5.0,9314,0.960602310231023,0.0066668146825366445,-0.001067375459932851,0.019006454255,5.0,35.02097999989928,True,True
10.736,69.9015697365203,-110.02045812850584,-0.18785360589121075,4.883260517954437,69.69989100000001,-109.988469,5.0,9316,0.9608085808580858,0.006426258046756349,0.0008728328095131133,0.020712485962,5.0,36.2067259993637,True,True
10.786,70.06466626048552,-110.05131279732281,-0.1861476860158429,4.8849416913776,69.850494,-110.017156,5.0,9317,0.9609117161716172,0.006240821993004008,0.00034044661480736593,0.01974193451,5.0,36.40303300016967,True,True
10.836,70.38910524404757,-110.11234678090538,-0.1822485283175057,4.867214645935988,70.000873,-110.045578,5.0,9318,0.9610148514851485,0.006112783749020673,0.00012931541906713306,0.019595140581,5.0,36.560105998432846,True,True
10.886,70.55237171297436,-110.14241546138618,-0.18051180941254413,4.883999835705018,70.450413,-110.12963899999998,5.0,9321,0.9613242574257426,0.06369977850148302,-0.0005536746093905975,0.019738846426,5.0,36.952639999071835,True,True
10.936,70.71584901270776,-110.17216729633972,-0.17914618697007575,4.889379923633743,70.601077,-110.157183,5.0,9322,0.9614273927392739,0.05089484434558018,0.0009773452982679842,0.019639178464,5.0,36.82697499971255,True,True
10.986,71.04347278637017,-110.23047606945897,-0.17275166069215478,4.896577600634123,70.902971,-110.21115900000001,5.0,9324,0.9616336633663366,0.0252939578427487,0.0012567372674663346,0.018241279445,5.0,36.43738699975074,True,True
11.033,71.20759159973133,-110.25895962584849,-0.17102116071234014,4.89861002882998,71.054142,-110.23768500000001,5.0,9325,0.9617367986798679,0.012876365909074807,-0.00010971007011484346,0.016525833158,5.0,34.026470999378944,True,True
11.086,71.53545111053135,-110.315580167788,-0.17120129583560062,4.8632562598749285,71.356205,-110.29003700000001,5.0,9327,0.9619430693069307,0.0053120853362631955,-4.526421498685096e-05,0.019124121471,5.0,36.01782300029299,True,True
11.136,71.69968394420403,-110.34365129090877,-0.16832737260508712,4.946649039455267,71.50738100000001,-110.316194,5.0,9328,0.9620462046204621,0.005305000642723245,0.001423573213005458,0.021316392507,5.0,36.321240000688704,True,True
11.185,72.02782574003729,-110.39857101582722,-0.16353400780353589,4.884528075704707,71.810038,-110.36757,5.0,9330,0.9622524752475248,0.005126390941785427,-0.0006243366322569166,0.018839000493,5.0,35.839430000123684,True,True
11.237,72.19173092892939,-110.42543261957506,-0.16141557635784948,4.8855884497173125,71.96078,-110.39264399999999,5.0,9331,0.9623556105610561,0.005004498969035931,-0.00017726470729151345,0.018229786477,5.0,37.36149399992428,True,True
11.284,72.51965632137635,-110.47838811031558,-0.15920106065619047,4.888786009533626,72.41355,-110.466159,5.0,9334,0.9626650165016502,0.05958868166014097,0.0001666643839262072,0.018483198718,5.0,34.504956000091624,True,True
11.335,72.68414030174212,-110.5049133194133,-0.15917054471494044,4.909925860174012,72.56457900000001,-110.49043300000001,5.0,9335,0.9627681518151815,0.04650942294025058,3.724886088685153e-05,0.020157194699,5.0,35.987044999274076,True,True
11.388,73.01251970453745,-110.55700558462878,-0.15514219823660524,4.886598040862741,72.86718,-110.538656,5.0,9337,0.9629744224422442,0.02036414536236347,0.001608924841025594,0.022469910164,5.0,38.08485599984124,True,True
11.435,73.1766487393162,-110.58253091951153,-0.15350218497181925,4.8881064075068394,73.01853100000001,-110.562265,5.0,9338,0.9630775577557755,0.007987310134526599,0.001259639281629088,0.021283027499,5.0,35.42144799939706,True,True
11.488,73.50325455806421,-110.63294556590529,-0.14981183985654628,4.859834062899141,73.32096800000001,-110.608709,5.0,9340,0.9632838283828383,0.0038573981486257646,0.0006990951624028519,0.022037809339,5.0,38.31760100001702,True,True
11.536,73.66741408081624,-110.65776211130962,-0.14750637852279186,4.886400962863732,73.47061500000001,-110.631592,5.0,9341,0.9633869636963697,0.0035387417306685085,-0.0010456400759064621,0.020798033927,5.0,36.30369799975597,True,True
11.586,73.9965562127533,-110.7059936057851,-0.14217983840048737,4.89422895743373,73.773165,-110.676736,5.0,9343,0.9635932343234324,0.003129070360841228,0.0006100777217419306,0.019776913703,5.0,36.478583999269176,True,True
11.634,74.16142988307585,-110.729367014848,-0.1392266282473883,4.89940541886284,73.92483299999999,-110.69868400000001,5.0,9344,0.9636963696369637,0.0028586987041206587,-0.000289127015428825,0.017638137882,5.0,34.48687099989911,True,True
11.683,74.32651022347925,-110.75231773023918,-0.13706406900897108,4.9014886282572725,74.22868299999999,-110.74151200000001,5.0,9346,0.9639026402640264,0.0683409277106639,0.0009677692822291917,0.016776804009,5.0,33.30491199994867,True,True
11.735,74.65624320696703,-110.797683344445,-0.13658296101487705,4.8647888605879785,74.532358,-110.783239,5.0,9348,0.9641089108910891,0.04194466695319499,0.0017449879830961912,0.018064427219,5.0,35.42955299963069,True,True
11.786,74.82123181218527,-110.81991136302008,-0.1334728852515488,4.951742118160417,74.684057,-110.803828,5.0,9349,0.9642120462046204,0.028484449701019782,0.0022346273288653684,0.019857609681,5.0,36.73180700025114,True,True
11.835,75.15156798648052,-110.86343806583061,-0.12827544989656567,4.887202392862369,74.988574,-110.844349,5.0,9351,0.9644183168316832,0.0028917078609277717,0.0008769769951380013,0.016444941229,5.0,35.15344799961895,True,True
11.884,75.3164093146244,-110.88452010169385,-0.1261892263682933,4.888335288592188,75.140232,-110.864006,5.0,9352,0.9645214521452146,0.0020026440863605186,0.00017207157170595622,0.015684018317,5.0,34.479769001336535,True,True
11.934,75.6462508769291,-110.92579713012128,-0.12300466199412698,4.890906719754577,75.443641,-110.90268799999998,5.0,9354,0.9647277227722773,0.002174460696241177,-0.0019594151673829607,0.014660735301,5.0,34.82395199898747,True,True
11.985,75.81157169674373,-110.94633840899725,-0.12308606640130015,4.9110656070551135,75.595388,-110.921924,5.0,9355,0.9648308580858086,0.0025610135003531274,-0.003155352550133994,0.015404770574,5.0,35.65647699906549,True,True
12.035,76.14184836305986,-110.98671836266841,-0.11992670956055211,4.891735427640473,76.05139,-110.979068,5.0,9358,0.9651402640264026,0.07581236736672516,-0.00012888701818036807,0.01857358155,5.0,35.40468699975463,True,True
12.086,76.30693693018674,-111.00650236978807,-0.11857957089370508,4.8931813609238155,76.20349300000001,-110.997607,5.0,9359,0.965243399339934,0.06259891122392712,-0.000626245198037445,0.017864709148,5.0,36.407382000106736,True,True
12.134,76.63558513751745,-111.04556736358727,-0.11598537322434635,4.850940449672306,76.507475,-111.03405,5.0,9361,0.9654496699669967,0.036254986926827854,-0.001679452414524274,0.018770416305,5.0,34.92947000086133,True,True
12.184,76.80054130030211,-111.06498280458946,-0.11430770517300823,4.892511235437579,76.657616,-111.052174,5.0,9362,0.965552805280528,0.023000142312931116,-0.00240645301580944,0.018360985204,5.0,35.030057000767556,True,True
12.234,77.13151368394564,-111.10254925821499,-0.11024040849744329,4.900681977671059,76.961894,-111.08743899999999,5.0,9364,0.9657590759075908,0.003950268483190825,0.00034828107787676643,0.018543082783,5.0,34.3170750002173,True,True
12.287,77.29729437883427,-111.12069780170847,-0.10790099656448661,4.9053850630205975,77.11431,-111.104497,5.0,9365,0.9658622112211221,0.0038115445613030423,-0.00010049535492573369,0.01675008458,5.0,37.83466899949417,True,True
12.334,77.62872680513468,-111.15620134601704,-0.10656358881181056,4.904282236912861,77.419578,-111.13771499999999,5.0,9367,0.9660684818481848,0.003818081345454538,-0.0006330469352437973,0.015548734686,5.0,34.75804799927573,True,True
12.385,77.79456688873276,-111.17391218152868,-0.10657049402456008,4.883995616018721,77.57195,-111.153985,5.0,9368,0.9661716171617162,0.0038214426914177815,0.0002149199018570691,0.017960258191,5.0,35.979209998913575,True,True
12.438,78.12685425825472,-111.20823827451943,-0.10040605140810836,4.888813573115061,78.030235,-111.202183,5.0,9371,0.9664810231023102,0.07092949519833588,0.0023430153540466847,0.018492722563,5.0,38.14536000027147,True,True
12.487,78.29223296913186,-111.22470688393871,-0.097922191319731,4.891890092049421,78.182783,-111.217468,5.0,9372,0.9665841584158416,0.05668520076401283,0.0014890164261411876,0.016506087437,5.0,37.09233100016718,True,True
12.535,78.62338534629036,-111.25659163915893,-0.09415807477718362,4.893193375483167,78.33507900000001,-111.232436,5.0,9373,0.9666872937293729,0.04353758831450491,0.0005463490769397339,0.015426518777,5.0,35.51710700048716,True,True
12.586,78.7889547617054,-111.27214692797052,-0.09287429510586985,4.893324662762569,78.639606,-111.26194299999999,5.0,9375,0.9668935643564357,0.017080593362621768,-0.002558270739777768,0.014523482305,5.0,36.53048199885234,True,True
12.635,78.95484590953812,-111.28771993145612,-0.09300342201416176,4.917296002038707,78.791934,-111.27677,5.0,9376,0.966996699669967,0.0054998777991623875,-0.004183946651364678,0.015024545245,5.0,35.38229500009038,True,True
12.684,79.28640569839641,-111.31826002373546,-0.09051441455859847,4.894640525480982,79.097081,-111.30609799999999,5.0,9378,0.9672029702970297,0.005172916579646288,-0.0014655097722444665,0.018053006044,5.0,34.49078900121094,True,True
12.736,79.45203983911831,-111.33321549718372,-0.08943956412900911,4.895464707124501,79.249835,-111.320299,5.0,9379,0.9673061056105611,0.005379977570279971,-0.0016962226125158963,0.017696901762,5.0,36.73362000154157,True,True
12.784,79.78207148582752,-111.36277678442178,-0.08786472954334848,4.8378022355444426,79.55481400000001,-111.348129,5.0,9381,0.9675123762376238,0.005635274341479996,-0.00019861604674931144,0.019725691485,5.0,34.80068800126901,True,True
12.835,79.94730029129336,-111.37759851233808,-0.08593546433232915,4.892897502391666,79.707127,-111.36164199999999,5.0,9382,0.9676155115511551,0.0057288231448296865,-0.0021958928986789417,0.019764159656,5.0,35.51981300006446,True,True
12.886,80.27921752911135,-111.40571160820505,-0.0820469619898711,4.901489884069867,80.16369399999999,-111.401604,5.0,9385,0.9679249174917491,0.051492957693709984,0.0013170687714842977,0.019959322002,5.0,36.36940000069444,True,True
12.935,80.44542011726699,-111.4192059974909,-0.0795027684223965,4.904630888398361,80.316731,-111.414189,5.0,9386,0.9680280528052805,0.03845941587906506,0.0010694741568624266,0.018614398277,5.0,35.67657500025234,True,True
12.986,80.77785268400916,-111.44512752680728,-0.07689397620255452,4.906180690424861,80.623203,-111.438456,5.0,9388,0.9682343234323433,0.01295554153373087,-0.0003540591727930753,0.016599491198,5.0,36.85942599986447,True,True
13.036,80.94422508650976,-111.45792488168001,-0.07667139683982052,4.907159778038401,80.776053,-111.45029,5.0,9389,0.9683374587458746,0.0052855505025695216,-0.00021671499288977714,0.01817191246,5.0,36.70143100134737,True,True
13.086,81.27746038878904,-111.4822817663173,-0.07035108200305046,4.906510892692012,81.081964,-111.473621,5.0,9391,0.9685437293729373,0.005307478624819898,6.176161233550914e-06,0.018146461463,5.0,36.315919998742174,True,True
13.134,81.44343602846031,-111.4937810834637,-0.06802939221365405,4.894634452263703,81.23609300000001,-111.484719,5.0,9392,0.9686468646864687,0.005315539837839212,-0.00048286816325537885,0.01607958459,5.0,34.660786999666016,True,True
13.185,81.77560187586808,-111.51586024608545,-0.0648046822845235,4.8966676980552295,81.541892,-111.50581299999999,5.0,9394,0.9688531353135313,0.005359584543355369,-0.000947046480432423,0.015325808392,5.0,35.34886299894424,True,True
13.236,81.94167287030321,-111.52658203509634,-0.06380343582578052,4.897007930206649,81.847539,-111.526123,5.0,9396,0.969059405940594,0.07266549350470222,-0.001458857711143846,0.016480371691,5.0,36.348652000015136,True,True
13.287,82.27426813209952,-111.54795007364461,-0.0635123411121178,4.895977773891415,82.153687,-111.54639399999999,5.0,9398,0.9692656765676567,0.04657737840033216,-0.0008646566540013723,0.019742553932,5.0,37.62858299887739,True,True
13.335,82.44066051548423,-111.55835013300954,-0.06168801100952466,4.9024692478854375,82.306567,-111.55623600000001,5.0,9399,0.9693688118811881,0.033344766354252764,0.0003226454498053144,0.02067035596,5.0,35.41529700123647,True,True
13.386,82.77295463869422,-111.5785529139322,-0.06009866242661697,4.899497455156135,82.459753,-111.56576000000001,5.0,9400,0.9694719471947195,0.02047996811037099,0.0003918150624326877,0.020027471663,5.0,36.47960600028455,True,True
13.436,82.93808631320833,-111.58840755016534,-0.05896103169177895,4.815140198678338,82.765715,-111.584107,5.0,9402,0.9696782178217822,0.005963483037212988,0.0015200425194525913,0.021739359764,5.0,37.030445999334916,True,True
13.486,83.1032192400352,-111.59857004930976,-0.056826666058512144,4.900357746319205,82.918053,-111.592932,5.0,9403,0.9697813531353136,0.005715710721724665,7.708128839167827e-05,0.0217433149,5.0,36.40339400044468,True,True
13.537,83.43589883676702,-111.61727340026268,-0.05478457026512403,4.902611939698851,83.22315400000001,-111.61038899999998,5.0,9405,0.9699876237623762,0.004838720642439441,0.0030003947691037425,0.021825549682,5.0,37.51196600023832,True,True
13.586,83.60245105901693,-111.62616796668938,-0.05127388240060261,4.906648652831082,83.376478,-111.618397,5.0,9406,0.9700907590759076,0.004086353844428702,0.0037417864245274934,0.02144666121,5.0,36.993215999245876,True,True
13.635,83.93558519809658,-111.64258818376452,-0.04826140861966199,4.907477706534209,83.837035,-111.640519,5.0,9409,0.9704001650165016,0.06812901851608397,0.00332344230820647,0.017407498706,5.0,36.04376200019033,True,True
13.686,84.10228869594874,-111.65064495507147,-0.04827738794717038,4.90789822710702,83.990526,-111.64733899999999,5.0,9410,0.970503300330033,0.0551458245807865,0.0043539804708121466,0.018842636838,5.0,35.93437699964852,True,True
13.735,84.43668312514909,-111.66569241275214,-0.04054435612159752,4.975594172683513,84.297184,-111.660679,5.0,9412,0.9707095709570958,0.02872404260966669,0.0037252744206468513,0.018874115,5.0,35.81362099976104,True,True
13.785,84.60397165868557,-111.67214619189023,-0.03723236816900424,4.8747915570174545,84.452398,-111.666807,5.0,9413,0.9708127062706271,0.01575435166273161,0.002981978895839621,0.014964055778,5.0,35.31029099940497,True,True
13.835,84.93246792880375,-111.6836339227408,-0.0330283529097752,4.873352283630197,84.756338,-111.67751299999999,5.0,9415,0.9710189768976898,-0.0001089467484421936,0.0009368822889403994,0.011112540817,5.0,35.65027600052417,True,True
13.884,85.09803391066046,-111.68915931283443,-0.03336940214941229,4.871583179096084,84.908548,-111.68236200000001,5.0,9416,0.9711221122112211,-0.0005143587714245326,0.0012804375985902006,0.012151858052,5.0,34.30133499932708,True,True
13.936,85.4293344229116,-111.70041130336986,-0.03353412964097411,4.868327023925311,85.213443,-111.692049,5.0,9418,0.9713283828382838,-0.00102906846209349,0.0014568753276922308,0.017107873894,5.0,36.35912100071437,True,True
13.984,85.59482468386601,-111.70589245410484,-0.03329900769201327,4.883968442458205,85.366049,-111.697015,5.0,9419,0.9714315181518152,-0.0013526857372318827,0.0011342074871745211,0.018880332551,5.0,35.004669000045396,True,True
14.035,85.92545812971764,-111.71718369773735,-0.03485519764294333,4.868231807797965,85.823252,-111.71141999999999,5.0,9422,0.9717409240924092,-0.06309237501390112,0.003235300459904611,0.023353789263,5.0,35.338663999937125,True,True
14.086,86.0902983395831,-111.72267313891153,-0.03471921460240486,4.736576790581747,85.975646,-111.71603799999998,5.0,9423,0.9718440594059405,-0.05020094567619379,0.005988039169654513,0.025874409832,5.0,36.97267700044904,True,True
14.134,86.41516575348739,-111.73634255380557,-0.029355515409345244,4.8749003824186525,86.275121,-111.72574499999999,5.0,9425,0.9720503300330033,-0.024031443724973883,-0.006828486410837442,0.025930434452,5.0,34.871210000346764,True,True
14.185,86.58204025960367,-111.74351637009728,-0.026956699635637172,4.88725648167892,86.427146,-111.73183799999998,5.0,9426,0.9721534653465347,-0.012799113699404303,-0.006803371376479461,0.024872924822,5.0,35.4429290000553,True,True
14.235,86.91181123494336,-111.7521280235718,-0.02540299484923668,4.84868566560871,86.580777,-111.736802,5.0,9427,0.972256600660066,-0.006683962888599893,-0.0005746289760115708,0.024394900514,5.0,36.0404050006764,True,True
14.286,87.0762486000265,-111.75626409576114,-0.024735323483381463,4.8389559950712995,86.88446,-111.743609,5.0,9429,0.9724628712871287,-0.007947700726549765,0.003931548724206202,0.026218310187,5.0,36.58463300052972,True,True
14.335,87.24104486397998,-111.76026786599347,-0.023994404587011485,4.850726907380937,87.036198,-111.746769,5.0,9430,0.9725660066006601,-0.008774262158831175,0.0053443258889660505,0.026911042451,5.0,35.1073109995923,True,True
14.385,87.57113877792003,-111.76674614592085,-0.014982483612106865,4.882555595032718,87.339902,-111.75221100000002,5.0,9432,0.9727722772277227,-0.01061463328197769,0.0030313211735539802,0.025663215867,5.0,36.00995799934026,True,True
14.436,87.73674427574343,-111.76898556006402,-0.010820215661823592,4.841911314151849,87.644701,-111.756751,5.0,9434,0.9729785478547854,-0.07423815366320857,0.0041460901833025865,0.020190706182,5.0,36.9890479996684,True,True
14.485,88.06608113019234,-111.77156330501947,-0.005061194009780954,4.843864481040161,87.94810799999999,-111.759197,5.0,9436,0.9731848184818482,-0.04805756905578433,0.0016815978100424012,0.015364929233,5.0,35.72254099890415,True,True
14.534,88.23070361542422,-111.77222977975161,-0.0027739224526579544,4.843267272994709,88.09967900000001,-111.760005,5.0,9437,0.9732879537953796,-0.03553042739027653,0.0002207180008411136,0.014522886813,5.0,34.67184799956158,True,True
14.587,88.56032936066177,-111.77299040388891,-0.002031367904831973,4.84364390391129,88.402715,-111.76137299999999,5.0,9439,0.9734942244224423,-0.013477805230038983,-0.0030360136017573147,0.014686391654,5.0,36.9858119993296,True,True
14.636,88.72496671496543,-111.7732249129461,-0.0008181396559649839,4.855848964131445,88.55458399999999,-111.76218999999999,5.0,9440,0.9735973597359736,-0.010769837587070168,-0.0033054045192333348,0.017114695688,5.0,36.84453799905896,True,True
14.685,89.05463188886381,-111.77323523735167,0.00011107492924492707,4.847699113101669,88.857823,-111.76353,5.0,9442,0.9738036303630363,-0.009632865155104912,-0.0032651577647579977,0.018011028285,5.0,35.69601200069883,True,True
14.735,89.21942216943302,-111.77324351817353,1.8105065244528547e-05,4.8508338347109525,89.009344,-111.76393600000002,5.0,9443,0.9739067656765676,-0.009200001307425829,-0.0025461671900037786,0.019967342368,5.0,36.04821900080424,True,True
14.786,89.54717825614532,-111.77325265432091,0.0026119500509106364,4.849537897213069,89.312173,-111.764384,5.0,9445,0.9741130363036303,-0.008573051484602436,-0.0035936382967713953,0.021997045339,5.0,36.33983500003524,True,True
14.835,89.71215116568426,-111.77280015065989,0.0032123036118279513,4.855468805019929,89.613967,-111.764738,5.0,9447,0.974319306930693,-0.06732930746630134,8.634732374579457e-05,0.021987362107,5.0,35.70257399951515,True,True
14.888,90.04272522783803,-111.77101678999985,0.008200444566586067,4.865341724176496,89.917812,-111.763166,5.0,9449,0.9745255775577558,-0.041437522116152606,0.001793278657050923,0.021858675019,5.0,38.34378999999899,True,True
14.934,90.20808252753035,-111.76962894767209,0.009747962849823686,4.83132180789335,90.06995400000001,-111.761905,5.0,9450,0.9746287128712872,-0.02871290216000751,0.00045475699223596067,0.020146123189,5.0,34.95235199989111,True,True
14.985,90.53862483412924,-111.7661153532911,0.011091269617998905,4.854570197032904,90.373991,-111.758829,5.0,9452,0.9748349834983498,-0.00915134450021326,0.002088233257406813,0.022120850012,5.0,35.31731399925775,True,True
15.037,90.70409796817762,-111.76404496089702,0.015015626673109704,4.867000113103434,90.525809,-111.756983,5.0,9453,0.9749381188118812,-0.009289167474851541,0.0011331809786554459,0.021926760989,5.0,38.10693800005538,True,True
15.086,91.03597072904867,-111.75793079516812,0.020982670264526854,4.858646082335822,90.677875,-111.75511399999999,5.0,9454,0.9750412541254125,-0.009365423157538386,-0.000556188420110626,0.018799867149,5.0,36.78404499987664,True,True
15.137,91.20114131934457,-111.75428565222504,0.023101424270254318,4.8595932404835045,90.98297,-111.74971599999999,5.0,9456,0.9752475247524752,-0.009286709670178596,-0.0014683151603458455,0.015101874123,5.0,37.31153099943185,True,True
15.185,91.36630237149738,-111.75032691164496,0.02502786709652469,4.859205431695527,91.134842,-111.74663899999999,5.0,9457,0.9753506600660066,-0.009061598787030447,-0.0022877664734464176,0.014838086169,5.0,35.538657999495626,True,True
15.235,91.69688865183569,-111.74192611371086,0.025244648704169058,4.866528369294922,91.590404,-111.736911,5.0,9460,0.9756600660066007,-0.05969837762506832,-0.0047071596632708435,0.015787550264,5.0,35.672496998813585,True,True
15.286,91.86204345707144,-111.73767937585728,0.026306835214956237,4.86134261896779,91.742713,-111.73369199999999,5.0,9461,0.9757632013201321,-0.04655825934554188,-0.003306852017544326,0.018522058958,5.0,36.86104900043574,True,True
15.335,92.1926908244663,-111.72852854417827,0.028362864208102273,4.864413890748931,92.046663,-111.726448,5.0,9463,0.9759694719471947,-0.020342098936304443,-0.0022415600312992723,0.018915569058,5.0,35.22194600009243,True,True
15.387,92.35797829559249,-111.72383057785284,0.028533563912285793,4.867322894605609,92.198514,-111.722479,5.0,9464,0.9760726072607261,-0.008396806420370016,-0.0019463000333601599,0.01989978381,5.0,37.112297999556176,True,True
15.436,92.68678761604865,-111.71454219943219,0.031324580668361524,4.865465517155857,92.502023,-111.71416599999999,5.0,9466,0.9762788778877888,-0.0052315377563012695,-0.0028931071644775486,0.022062402259,5.0,37.2475519998261,True,True
15.485,92.85223126287504,-111.70930353203204,0.032252450811317605,4.870489607203912,92.65234699999999,-111.71041799999999,5.0,9467,0.9763820132013201,-0.00515098003446112,-0.003911891596945161,0.021339044321,5.0,35.703196001122706,True,True
15.536,93.18366702127376,-111.69802143788657,0.036664551877012244,4.880853879488948,92.956352,-111.70091799999999,5.0,9469,0.9765882838283828,-0.005095241945905395,-0.00040851431559740803,0.021291576553,5.0,36.149478999504936,True,True
15.585,93.34962058627919,-111.69178204356888,0.03849512094452602,4.884467052627924,93.108538,-111.69559199999999,5.0,9470,0.9766914191419142,-0.005225826732164199,-0.000546606360384505,0.019847340535,5.0,35.77105200020014,True,True
15.635,93.68107835166477,-111.67869546620753,0.04002988236618711,4.84994309929595,93.56532800000001,-111.677869,5.0,9473,0.9770008250825083,-0.050566590115546144,0.0019719820870136573,0.020953335043,5.0,35.56569799911813,True,True
15.684,93.8468737531917,-111.67191460141375,0.04351838081358607,4.883034621556823,93.71727299999999,-111.67160700000001,5.0,9474,0.9771039603960396,-0.03688223042720982,0.0017075740929031191,0.02124410673,5.0,34.30645499975071,True,True
15.734,94.17959598034487,-111.65636801965749,0.04910524459561295,4.875446527647088,94.022669,-111.65810400000001,5.0,9476,0.9773102310231023,-0.011170856244021735,0.00039587734472412706,0.01636841617,5.0,34.518731001298875,True,True
15.786000000000001,94.34517489890007,-111.64806941787378,0.05099740990595919,4.876475170114458,94.175069,-111.650732,5.0,9477,0.9774133663366337,-0.0058541736068357065,-6.331319064845076e-05,0.015792185903,5.0,36.15501999956905,True,True
15.832999999999998,94.67623550996227,-111.63072662055647,0.053374935325913545,4.877250345079619,94.478998,-111.635433,5.0,9479,0.9776196369636964,-0.0056740950694120235,-0.0017313818964552752,0.015112605523,5.0,33.71537999919383,True,True
15.882000000000001,94.84209214861342,-111.62201461841606,0.052645190019069595,4.898878582915335,94.630935,-111.627652,5.0,9480,0.9777227722772277,-0.005359306605448553,-0.002520223258777321,0.016521508111,5.0,33.0374839995784,True,True
15.936,95.17329393984915,-111.60419094123934,0.0548319185333522,4.8755696761742575,94.782916,-111.619964,5.0,9481,0.977825907590759,-0.0050598424009375455,-0.001914423723266001,0.019506049707,5.0,36.06328799833136,True,True
15.984000000000002,95.33875512000037,-111.59503000593841,0.05568568532312746,4.876560687652444,95.239369,-111.595854,5.0,9484,0.9781353135313532,-0.06659893515039648,0.0002094292688812338,0.020556263283,5.0,34.8170890010806,True,True
16.035,95.50424743855982,-111.58577327251082,0.056085992343712955,4.8785295440106236,95.391301,-111.587359,5.0,9485,0.9782384488448845,-0.05310286091202882,0.0004437589266550468,0.021039232726,5.0,35.64715100037574,True,True
16.086,95.83357656481427,-111.56725461365522,0.0590469188822018,4.847781617775061,95.695115,-111.57003300000001,5.0,9487,0.9784447194719472,-0.026105309348828657,-7.492667836483946e-05,0.023285457786,5.0,36.950446001355886,True,True
16.135,95.99906932999185,-111.55760960215189,0.060731935601516275,4.879215024604896,95.845647,-111.56165800000001,5.0,9488,0.9785478547854786,-0.013304791993065527,-0.0012892139019875515,0.021757528363,5.0,35.49113899862277,True,True
16.184,96.33056029670584,-111.53670231517039,0.06614777683967869,4.887039146587153,96.149919,-111.54306399999999,5.0,9490,0.9787541254125413,-0.0052860678345921066,-4.026441802462699e-05,0.020133565851,5.0,34.982156999831204,True,True
16.237,96.49649161051312,-111.5255456114311,0.06837201097684249,4.891963104886033,96.302256,-111.533271,5.0,9491,0.9788572607260726,-0.00529886726925977,-0.0009008170544162475,0.018224189307,5.0,37.35656500066398,True,True
16.287,96.82803909477185,-111.50254137659242,0.0700048078414704,4.873740452489699,96.60681899999999,-111.51286,5.0,9493,0.9790635313531353,-0.005077124399435771,-0.0010287500270407257,0.018012677712,5.0,37.825390998477815,True,True
16.34,96.99363296870685,-111.49061990765875,0.07316486175241872,4.890445353040436,96.75924300000001,-111.502352,5.0,9494,0.9791666666666666,-0.004995909569660385,-0.0006254011507538237,0.019020400483,5.0,40.86115500103915,True,True
16.386,97.32647961532726,-111.46511361884633,0.07896856292930901,4.8833547436888995,97.216756,-111.46918500000001,5.0,9497,0.9794760726072608,-0.05765255495385582,-0.0005833766216873926,0.014531654467,5.0,36.30283500024234,True,True
16.436,97.49196239352187,-111.45186521270932,0.08077473504027263,4.883156774021881,97.369251,-111.457402,5.0,9498,0.9795792079207921,-0.04346102175576602,-0.0012133729932992665,0.013969178093,5.0,36.129883001194685,True,True
16.484,97.82284137935984,-111.42459759188893,0.08353718914383396,4.88326393435476,97.673239,-111.433375,5.0,9500,0.9797854785478548,-0.016549447098243273,-0.0029963493641851358,0.013391675245,5.0,34.757077000904246,True,True
16.533,97.98838529510249,-111.4108496676298,0.08317350177321238,4.911784801343463,97.82520600000001,-111.421264,5.0,9501,0.9798886138613861,-0.004087085227132986,-0.004480154254983937,0.014194884687,5.0,33.58750100051111,True,True
16.585,98.3194854639796,-111.38293588578672,0.08486374205222934,4.8839318227719195,98.129498,-111.397072,5.0,9503,0.9800948844884488,-0.001860268047635233,-0.0026222876735202405,0.017921805386,5.0,35.54314599932695,True,True
16.635,98.4848568318255,-111.36882606299477,0.08542860192100471,4.884414848185452,98.281666,-111.38461799999999,5.0,9504,0.9801980198019802,-0.001456147822550313,-0.0025722166580681716,0.017781955725,5.0,35.38569100055611,True,True
16.685,98.81574691462926,-111.34046740358698,0.08588270639762803,4.888969285985691,98.58551,-111.35916200000001,5.0,9506,0.9804042904290429,-0.0010016563372052532,-0.0008926309263661558,0.020479660627,5.0,35.18572800021502,True,True
16.734,98.97997620112434,-111.32627388159185,0.08749887002831354,4.828981770396329,98.889263,-111.33312600000001,5.0,9508,0.9806105610561056,-0.07388173668008222,-0.0009916748996765534,0.021406182108,5.0,34.342842000114615,True,True
16.783,99.1450052702889,-111.31200277590445,0.08907108829019429,4.888296059625741,99.039745,-111.320527,5.0,9509,0.980713696369637,-0.06004444992727334,-0.0015759155170074202,0.020744071182,5.0,33.994261000771075,True,True
16.834,99.47646874423772,-111.28190121097369,0.09285491452169152,4.897042334751457,99.343938,-111.293228,5.0,9511,0.9809199669966997,-0.03348004331143459,0.0009539231162372097,0.019952242835,5.0,34.861763000662904,True,True
16.884,99.64237470278908,-111.26631568356312,0.09486442438725481,4.902170660403599,99.496222,-111.279058,5.0,9512,0.981023102310231,-0.019956827449546837,0.0009309517574616066,0.01893937059,5.0,34.86364600030356,True,True
16.934,99.97396183179897,-111.23443092215605,0.09678176161936407,4.902402571805131,99.80069300000001,-111.24993500000001,5.0,9514,0.9812293729372937,-0.0012452362277246113,0.00032119512883976853,0.018404470722,5.0,34.2309240004397,True,True
16.984,100.1395246493621,-111.21809623397878,0.09966225405558088,4.901082247400827,99.95305,-111.23516699999999,5.0,9515,0.9813325082508251,-0.0013129137255969718,0.000516691856156104,0.019138860705,5.0,34.79934599999979,True,True
17.034,100.47228957176064,-111.18380805367774,0.10509715174079268,4.914852351346785,100.257285,-111.204825,5.0,9517,0.9815387788778878,-0.001463152322299239,-0.00046474609270319434,0.014925824469,5.0,35.0034670009336,True,True
17.085,100.63781178147694,-111.16620158350108,0.10687056146572739,4.894064820649803,100.410331,-111.188879,5.0,9518,0.9816419141914191,-0.0015070872822785819,-0.00023760089369329052,0.014093463802,5.0,35.14787700078159,True,True
17.134,100.96860675857089,-111.13025016142004,0.1095419511134747,4.893734401570921,100.86624499999999,-111.139867,5.0,9521,0.9819513201320133,-0.06355437726902946,-0.00023905977890237295,0.014001232288,5.0,35.00019100101781,True,True
17.185,101.13403595889248,-111.11216197379046,0.1091955337784608,4.92425348898135,101.017995,-111.12337600000001,5.0,9522,0.9820544554455446,-0.04986434083279381,-0.0016425050986774714,0.014609966783,5.0,35.662758999023936,True,True
17.235,101.46500951696532,-111.07557187919532,0.11102156128524596,4.89298681004475,101.321747,-111.090499,5.0,9524,0.9822607260726073,-0.022488807338388206,-0.0006774091962409301,0.018202624464,5.0,35.995051001009415,True,True
17.286,101.63022782485686,-111.05709583586145,0.11175069289003896,4.892455617651882,101.473674,-111.073803,5.0,9525,0.9823638613861386,-0.00884320077041588,-0.0009616170069342012,0.01768826634,5.0,36.60007100006624,True,True
17.338,101.96074328888906,-111.019969951132,0.11227617921706325,4.8956493123588825,101.777005,-111.039973,5.0,9527,0.9825701320132013,-0.0006487058712636841,-7.711945589683467e-05,0.019970104598,5.0,38.27111399914429,True,True
17.386,102.12534562356988,-111.0012033943251,0.11375952573516256,4.8181832395078885,101.928713,-111.022925,5.0,9528,0.9826732673267327,-0.0006881557991836338,0.0003719256201115684,0.020656498442,5.0,36.26204899956065,True,True
17.437,102.45496513319647,-110.96351033846733,0.11715750533673851,4.898333974427225,102.230755,-110.988998,5.0,9530,0.9828795379537953,-0.0006587543344307215,-0.002550243825034215,0.019667384213,5.0,37.47472599934554,True,True
17.485,102.62046410516396,-110.94389392024577,0.11937264911439045,4.902146951137935,102.382548,-110.97133400000001,5.0,9531,0.9829826732673267,-0.0007522332974961134,-0.00025986766421759455,0.019257566065,5.0,35.39368699966872,True,True
17.533,102.95144233345209,-110.90364647716535,0.12237181100689594,4.9063893639431315,102.838616,-110.91649699999999,5.0,9534,0.9832920792079208,-0.0530673954054944,0.0002322522160804752,0.017531301142,5.0,33.69066400045995,True,True
17.584,103.11706095714639,-110.88321137769171,0.12315296700608926,4.907534607194942,102.99027199999999,-110.897916,5.0,9535,0.9833952145214522,-0.039250240416634385,0.00029862295112126347,0.017987002996,5.0,34.205194999231026,True,True
17.638,103.44793834032335,-110.84133053035971,0.12890521933932464,4.910235101162889,103.142105,-110.87908,5.0,9536,0.9834983498349835,-0.025382520837869647,0.0004887461490019618,0.018750729898,5.0,38.33162800037826,True,True
17.685,103.61432894750142,-110.81955204151721,0.13092950899389627,4.943380847451385,103.445782,-110.840781,5.0,9538,0.9837046204620462,-0.0008238045694936462,-0.0005276297174137135,0.01492735391,5.0,35.24385599848756,True,True
17.737,103.94489265251887,-110.77553800006226,0.13359098692005805,4.8993590043075725,103.59849200000001,-110.82086299999999,5.0,9539,0.9838077557755776,-0.000777599028692295,-0.00031133090514501305,0.014431454976,5.0,37.6375800005917,True,True
17.784,104.10989336587636,-110.753308909221,0.1345250882768858,4.897315725817733,103.90196,-110.78053100000001,5.0,9541,0.9840140264026402,-0.0007590793213183639,-0.0005615721850893429,0.014800034795,5.0,34.60632499991334,True,True
17.834,104.27489269608397,-110.73108222831787,0.13407906943232492,4.924302141370656,104.053342,-110.760225,5.0,9542,0.9841171617161716,-0.0006763140199487758,-0.0010721769798882619,0.01560657348,5.0,34.480569998777355,True,True
17.886,104.60499726568628,-110.68637628523793,0.13514350898716104,4.89273888783894,104.507587,-110.699198,5.0,9545,0.9844265676567657,-0.06826350459084918,0.0005948820010717171,0.020170602013,5.0,36.68712400030927,True,True
17.938,104.76971063766693,-110.66393892761153,0.13546627008450843,4.891239125860439,104.65894300000001,-110.67856699999999,5.0,9546,0.9845297029702971,-0.05450804698918228,0.0008695547720209973,0.020085248439,5.0,38.15719100020942,True,True
17.986,105.09916639967672,-110.61904205963235,0.13576611383861523,4.893551097040781,104.96116799999999,-110.63693899999998,5.0,9548,0.9847359735973598,-0.02713442931978894,0.002060974503344859,0.022930686254,5.0,36.13201699954516,True,True
18.036,105.26361447777897,-110.59631712744967,0.13697702683216154,4.846274134489175,105.112303,-110.615999,5.0,9549,0.9848391089108911,-0.013484453269583432,0.002858059014377634,0.023555233832,5.0,36.05277799942996,True,True
18.086,105.59194899876599,-110.55085710184447,0.1417408362064936,4.895866360934607,105.41313899999999,-110.57426399999999,5.0,9551,0.9850453795379538,-0.0018675872820198014,-0.0002976684662696627,0.021956190129,5.0,36.50445200037211,True,True
18.137,105.7568301644207,-110.5271680105505,0.1441939414658922,4.899804498118444,105.56430300000001,-110.55259,5.0,9552,0.9851485148514851,-0.0022655514540131055,0.001704373142646709,0.020607965224,5.0,37.129722000827314,True,True
18.184,106.08652690009838,-110.47871323711857,0.14780795787203538,4.903815773002169,105.86696299999998,-110.50821499999999,5.0,9554,0.9853547854785478,-0.00295091624807658,0.0005992226769966358,0.017914565973,5.0,34.76321800008009,True,True
18.236,106.25148507672493,-110.4540427983354,0.1490225190614186,4.905187816665045,106.018231,-110.485767,5.0,9555,0.9854579207920792,-0.003195448417984884,0.000591562880618568,0.017959085153,5.0,36.80280000116909,True,True
18.287,106.5808993826606,-110.4036633839317,0.1545277917658515,4.906957122323943,106.4718,-110.41698899999999,5.0,9558,0.9857673267326733,-0.057083708838447864,0.0011585011466190842,0.016306115156,5.0,37.21210500043526,True,True
18.336,106.74632367775541,-110.37756967971137,0.15691265591670936,4.927842083823139,106.623143,-110.39339,5.0,9559,0.9858704620462047,-0.0434748849719629,0.0015260328542860968,0.015015651384,5.0,36.681784000393236,True,True
18.384,107.07591705607865,-110.32500635288488,0.15966932787947086,4.896770964394816,106.926493,-110.34496200000001,5.0,9561,0.9860767326732673,-0.01628257203175116,0.0012827312736307661,0.01353508579,5.0,34.38410999842745,True,True
18.435,107.240202010565,-110.29849309062567,0.16062142297590304,4.894810546450368,107.0773,-110.320591,5.0,9562,0.9861798679867987,-0.004626864487716549,0.0008167713667859289,0.014028789846,5.0,35.58689800047432,True,True
18.487,107.5688720409907,-110.24539907889132,0.1599155294969756,4.892274993238525,107.227985,-110.29615700000001,5.0,9563,0.98628300330033,-0.004256966090578294,-5.969641963243788e-05,0.014744730115,5.0,37.740572000984685,True,True
18.535,107.73317520736613,-110.21881734014515,0.16050924577166156,4.8918210523514984,107.52958000000001,-110.247482,5.0,9565,0.9864892739273927,-0.004228263954054152,0.00022668209369669512,0.018959523698,5.0,35.542073999749846,True,True
18.585,107.89724536682562,-110.19226154630222,0.1603026942267379,4.890495661989906,107.680272,-110.22306599999999,5.0,9566,0.9865924092409241,-0.0042714873693764106,0.0001595171223369718,0.019526162881,5.0,35.30716500063136,True,True
18.636,108.22548945480274,-110.13933483310703,0.15992969039753166,4.893844835940335,108.13172,-110.149524,5.0,9569,0.9869018151815182,-0.07223780598727624,0.00237157380196118,0.023435741748,5.0,36.06611299983342,True,True
18.685,108.38970511226393,-110.11277785267383,0.16078517272775325,4.896495516598945,108.282211,-110.124882,5.0,9570,0.9870049504950495,-0.058533905340279274,0.003381908213281992,0.024099103829,5.0,35.89623600055347,True,True
18.735,108.7163462028689,-110.05953674820127,0.16459514818591228,4.895171981641063,108.581833,-110.07559199999999,5.0,9572,0.9872112211221122,-0.03146254084634905,0.0012513464395653706,0.02305224809,5.0,35.777905000941246,True,True
18.783,108.88063995509467,-110.03214309217353,0.1664719532479373,4.8996149441980315,108.732376,-110.05026799999999,5.0,9573,0.9873143564356436,-0.018516589569432983,0.003058064615385714,0.02219884636,5.0,33.39884799970605,True,True
18.834,109.20927414883226,-109.97633640437,0.17015639731336593,4.905466239156037,109.033825,-109.998646,5.0,9575,0.9875206270627063,-0.0075874431523581965,0.002472139284144248,0.020357608214,5.0,34.224371000163956,True,True
18.886,109.37371185398926,-109.94790122321278,0.17215446880187701,4.909439767169887,109.184348,-109.97262099999999,5.0,9576,0.9876237623762376,-0.007942778555389388,0.0017811409789767474,0.019674541997,5.0,37.01611900032731,True,True
18.933,109.70227405083723,-109.88993826344283,0.1771442639573817,4.911265581680784,109.485476,-109.919995,5.0,9578,0.9878300330033003,-0.00835801399178428,-0.00027602764652367995,0.01671227102,5.0,33.899484000357916,True,True
18.985,109.86694484990264,-109.86008938063381,0.17967263980005982,4.954903456164639,109.636179,-109.893149,5.0,9579,0.9879331683168316,-0.008572722454495231,0.0002281883007468899,0.016213478169,5.0,35.334144999069395,True,True
19.034,110.19590725480083,-109.79985890293088,0.18292496095707625,4.90322201814899,110.088998,-109.81043999999999,5.0,9582,0.9882425742574258,-0.060314775963223634,0.0012232726152441309,0.014953137365,5.0,34.87862399924779,True,True
19.085,110.35975759677103,-109.76948925549998,0.18388594226369306,4.901760790519326,110.239157,-109.782595,5.0,9583,0.9883457095709571,-0.04656804488273559,0.0005351789165350951,0.015654151426,5.0,35.542884999813396,True,True
19.135,110.68756935874868,-109.70868228767992,0.183157774310445,4.899065013999815,110.539372,-109.727023,5.0,9585,0.9885519801980198,-0.01989558885971321,-0.0006539318853322484,0.019258106494,5.0,35.43728799922974,True,True
19.183,110.85143091704168,-109.67822699647353,0.18397380696492002,4.897710176016337,110.68960600000001,-109.699202,5.0,9586,0.9886551155115512,-0.009696585073143187,0.0002608072077903145,0.021677495419,5.0,33.75968300133536,True,True
19.235,111.17864871820039,-109.6173280037731,0.18384477745833017,4.897500476521342,110.989625,-109.643348,5.0,9588,0.9888613861386139,-0.009001927756315933,0.000354652156945523,0.024811549534,5.0,35.311972998897545,True,True
19.283,111.34229147246327,-109.58687936597687,0.18426197144504225,4.898850977706165,111.13943300000001,-109.615393,5.0,9589,0.9889645214521452,-0.009087013023128058,0.0005230901155242051,0.026869222746,5.0,33.713225999235874,True,True
19.336,111.66875422004125,-109.52575182896943,0.18773098548757797,4.83598584981623,111.28926200000001,-109.58747,5.0,9590,0.9890676567656765,-0.009145353273504893,8.954649123271707e-05,0.028076713735,5.0,36.901936000504065,True,True
19.384,111.83179054324111,-109.49489609945903,0.1899405334088758,4.899604694227548,111.737727,-109.50381499999999,5.0,9593,0.9893770627062707,-0.07237726742889376,-0.00210171251796476,0.02886567161,5.0,35.318796000865404,True,True
19.434,111.99546818660654,-109.46328765044234,0.19224147103122743,4.90342631892843,111.887612,-109.47521100000002,5.0,9594,0.989480198019802,-0.059190693317412564,-0.0005103862789046509,0.028061439887,5.0,34.68955999960599,True,True
19.485,112.32268344509046,-109.3988500336629,0.19678214607841302,4.907063237274955,112.187703,-109.41707,5.0,9596,0.9896864686468647,-0.03180948227586117,-0.0016821230119861141,0.027057695474,5.0,36.06731499894522,True,True
19.535,112.48634356419849,-109.36601494322224,0.19908243486196156,4.9089682358248785,112.33745900000001,-109.387653,5.0,9597,0.9897896039603961,-0.018538893864874548,-0.002055530499995406,0.027172905074,5.0,35.356757000045036,True,True
19.587,112.81315635474984,-109.29893586671282,0.20574930596003563,4.91354279393767,112.636987,-109.32806000000001,5.0,9599,0.9899958745874587,-0.00715069621975432,-0.0030534165121260948,0.025446539593,5.0,37.224829000479076,True,True
19.636,112.97672666846552,-109.26452961435079,0.20897941987467658,4.915743817305827,112.786837,-109.297354,5.0,9600,0.9900990099009901,-0.0069348257779504605,-0.0016351088207802178,0.024682330887,5.0,36.432197000976885,True,True
19.686,113.30416865329045,-109.19415428499813,0.21384209661581824,4.903079831419029,113.086968,-109.23381,5.0,9602,0.9903052805280528,-0.0071619098730459066,0.0005803183329189388,0.023518015343,5.0,36.65069599992421,True,True
19.735,113.46701665305312,-109.15864412194543,0.2157122532015153,4.901137423998287,113.236749,-109.20133899999999,5.0,9603,0.9904084158415841,-0.0074390030238734705,0.0009510632149796194,0.024293376376,5.0,36.00025999912759,True,True
19.787,113.79260339052907,-109.08708246542338,0.21712902994100752,4.897605443409593,113.684137,-109.10268,5.0,9606,0.9907178217821783,-0.05808021625059561,0.001907634615792464,0.028611865318,5.0,37.94164800092403,True,True
19.837,113.95523527071326,-109.05107795844816,0.21845056071595015,4.896665485940579,113.83301999999999,-109.06951399999998,5.0,9607,0.9908209570957096,-0.04406986837350659,0.0031047558756220894,0.030730694851,5.0,37.772182000480825,True,True
19.89,114.27998938793668,-108.978781941914,0.21944350154796444,4.895321716951904,114.13053300000001,-109.002326,5.0,9609,0.9910272277227723,-0.018063631837165053,0.00439400716557703,0.034850423342,5.0,40.24680699876626,True,True
19.939,114.44235769921589,-108.94251022592913,0.22033924011410355,4.896270809418903,114.279016,-108.96849399999999,5.0,9610,0.9911303630363036,-0.01033388759863081,0.005120699055116251,0.036991332492,5.0,39.94656500071869,True,True
19.987,114.76656674397942,-108.86905682013264,0.22476983107352616,4.862812386015991,114.575823,-108.90025800000001,5.0,9612,0.9913366336633663,-0.012159345579100303,0.005894746818875696,0.040336706711,5.0,37.17198000049393,True,True
20.036,114.92800221790351,-108.8325964540794,0.2283552722642608,4.8965830079263455,114.724112,-108.86566,5.0,9613,0.9914397689768977,-0.012934958120554618,0.004207965287914561,0.039411344226,5.0,36.53816599944548,True,True
20.085,115.25251461969223,-108.75617055677908,0.234933636621984,4.905342918245455,115.01948,-108.79591599999999,5.0,9615,0.9916460396039604,-0.01552245622742438,0.005474795094988494,0.038198768502,5.0,36.08063999854494,True,True
20.136,115.41452259666389,-108.71716261288961,0.23829112929968427,4.905826768741565,115.31608200000001,-108.72314899999999,5.0,9617,0.991852310231023,-0.07163263956680503,0.008417923947619421,0.036938667195,5.0,36.67938899889123,True,True
20.185,115.73841527336363,-108.63727860635449,0.24592405548864024,4.909406698335925,115.46403899999999,-108.686252,5.0,9618,0.9919554455445545,-0.05837242661184125,0.008107270404655864,0.036061893535,5.0,34.78539000025194,True,True
20.234,115.90035122969206,-108.59635916900045,0.24959781902739253,4.9129160047665135,115.759859,-108.61101599999999,5.0,9620,0.9921617161716172,-0.033905130947789144,0.006500579218998936,0.034113401919,5.0,34.76029299963557,True,True
20.288,116.22460487294492,-108.51235095705354,0.25682314840682274,4.9369246788939884,115.907793,-108.57243000000001,5.0,9621,0.9922648514851485,-0.02505963037172824,0.0076912885133877396,0.033391449998,5.0,38.19620400099666,True,True
20.335,116.38672242621081,-108.469616922209,0.25959043313732666,4.907623350971254,116.20385900000001,-108.49305600000001,5.0,9623,0.9924711221122112,-0.024077897840938056,0.00866264056724253,0.032402398442,5.0,35.791969999991124,True,True
20.385,116.54790183285624,-108.42664964355845,0.2617099612884879,4.908244463468354,116.35203999999999,-108.452598,5.0,9624,0.9925742574257426,-0.025637892400265653,0.008406564999002164,0.033229203056,5.0,35.83808700022928,True,True
20.437,116.87037126043907,-108.34007910991052,0.2631999652527632,4.906923952261782,116.646124,-108.371152,5.0,9626,0.9927805280528053,-0.028754395467168594,0.009044563865708177,0.038398827404,5.0,37.590973000988015,True,True
20.488,117.03146374123246,-108.29642326352565,0.2655217467502667,4.918536787309964,116.793299,-108.330152,5.0,9627,0.9928836633663366,-0.030335393933429985,0.00911413434923336,0.040959978884,5.0,38.41344099964772,True,True
20.536,117.3530796971961,-108.2083588090158,0.269093113585915,4.906372708992626,117.233574,-108.2059,5.0,9630,0.9931930693069307,-0.06227579262492832,0.010248971028072429,0.04365007742,5.0,36.604258999432204,True,True
20.587,117.5137840781481,-108.16387849563522,0.2711567265005647,4.907337655492745,117.38006899999999,-108.16401599999999,5.0,9631,0.9932962046204621,-0.05191056903226608,0.010075576190310631,0.044976135209,5.0,38.014354000551975,True,True
20.638,117.83499346412421,-108.07356829432739,0.2773112517460847,4.911731252520704,117.672927,-108.079527,5.0,9633,0.9935024752475248,-0.03948202194939754,0.00904247523520807,0.046869390201,5.0,38.70052599995688,True,True
20.688,117.99400110307975,-108.02842287547652,0.2818645026345513,4.88068707429712,117.819313,-108.03676000000002,5.0,9634,0.9936056105610561,-0.03973007166605422,0.007084032910635862,0.046033671725,5.0,38.549954999325564,True,True
20.734,118.31457617048181,-107.93463940856171,0.28986187366465044,4.917490378557097,118.110399,-107.95094499999999,5.0,9636,0.9938118811881188,-0.04248322028730482,0.005744270106132987,0.043798700754,5.0,34.6209719991748,True,True
20.786,118.47461003226232,-107.88659979494345,0.29401870057812696,4.917058756039837,118.25666799999999,-107.906626,5.0,9637,0.9939150165016502,-0.04374805206963289,0.005890178669136326,0.042466231576,5.0,36.5837110002758,True,True
20.837,118.79438012833866,-107.78839370671831,0.3024736231066747,4.922018478694798,118.54898100000001,-107.81668799999998,5.0,9639,0.9941212871287128,-0.04566005220380923,0.003013954513982675,0.040135769824,5.0,37.48510500008706,True,True
20.886,118.9541330973513,-107.73820084067128,0.30671680568458004,4.926339858254294,118.84076999999999,-107.724934,5.0,9641,0.9943275577557755,-0.07860759867549855,0.006358212774120631,0.038604599856,5.0,36.90016200016544,True,True
20.938,119.27341621431626,-107.63559006666557,0.3148569844431198,4.9580620747913295,119.13216100000001,-107.630473,5.0,9643,0.9945338283828383,-0.059676599857012735,0.007733241850006234,0.036705786248,5.0,38.094172999990406,True,True
20.987,119.43396824885332,-107.58293737771959,0.3191660620301036,4.932790778581591,119.277776,-107.58196000000001,5.0,9644,0.9946369636963697,-0.05380698636572046,0.008187488223270645,0.036255376005,5.0,37.11785899940878,True,True
21.039,119.75105163233111,-107.47703816756689,0.32611328983474624,4.918252494274919,119.42393899999999,-107.532794,5.0,9645,0.994740099009901,-0.05113652473224732,0.006953040086893125,0.035564180359,5.0,39.41536199999973,True,True
21.087,119.90938333162488,-107.42318319031209,0.32985739869215597,4.916614972570208,119.71305900000002,-107.43415800000001,5.0,9647,0.9949463696369637,-0.05289835203110225,0.004250771584758173,0.035752573644,5.0,37.04388100049982,True,True
21.138,120.22535979787538,-107.31371296411827,0.33734544457073234,4.920254675360089,119.857564,-107.38451,5.0,9648,0.995049504950495,-0.05346120261926099,0.0017503806245739995,0.035686538426,5.0,38.73326800021459,True,True
21.187,120.38304487437739,-107.25807283058987,0.34141776751315783,4.920735030132763,120.145923,-107.28468500000001,5.0,9650,0.9952557755775577,-0.05359245331434628,-0.0022439673544147887,0.035126667686,5.0,37.15408700008993,True,True
21.236,120.54055020319318,-107.20174341573428,0.3454093556712683,4.924019739172915,120.43363899999999,-107.18396899999999,5.0,9652,0.9954620462046204,-0.08972816311286064,-0.003199983391653838,0.034548639371,5.0,37.203128000328434,True,True
21.285,120.85523414747263,-107.08715391565187,0.3530344662189488,4.930938176632471,120.72111799999999,-107.08228899999999,5.0,9654,0.9956683168316832,-0.06663947862712825,-0.006905311237251244,0.033527542139,5.0,35.77203299937537,True,True
21.336,121.01112394983045,-107.02937649195077,0.35646231039754694,4.866483443974214,120.86478500000001,-107.03088799999999,5.0,9655,0.9957714521452146,-0.05707076351464055,-0.008267838790109394,0.033335447241,5.0,36.09197100013262,True,True
21.386,121.3244382133312,-106.91121952851402,0.3633714614333144,4.934720754214559,121.15068899999999,-106.92735400000001,5.0,9657,0.9959777227722773,-0.04637899059571448,-0.009118696441922314,0.033187611215,5.0,36.26126800008933,True,True
21.437,121.48113376281428,-106.8514436341319,0.36648215794013594,4.931391957378248,121.29428700000001,-106.874498,5.0,9658,0.9960808580858086,-0.04491916675497519,-0.009296217047874755,0.033382975592,5.0,37.68619099901116,True,True
21.487,121.79414420905084,-106.73040601729292,0.3714163404825534,4.922568010897623,121.581052,-106.76748300000001,5.0,9660,0.9962871287128713,-0.04218775423411672,-0.007890295439171524,0.035815508528,5.0,37.39766199942096,True,True
21.537,121.95032648002277,-106.66912710817968,0.3772913583110311,4.933603282723585,121.724373,-106.71321699999999,5.0,9661,0.9963902640264026,-0.04098282164046247,-0.00776098227016675,0.03612427092,5.0,37.784944999657455,True,True
21.586,122.26190353797877,-106.54402263149726,0.38689492072331083,4.9377085197463675,122.153002,-106.547103,5.0,9664,0.9966996699669967,-0.07596425222554076,-0.005828628690787596,0.031083654617,5.0,36.40363399972557,True,True
21.634,122.41830286239775,-106.47991795178862,0.39206393858190325,4.961895942768088,122.29565900000001,-106.490378,5.0,9665,0.996802805280528,-0.06338120939792445,-0.0064379362916975325,0.029423705124,5.0,34.61427000002004,True,True
21.685,122.72722669975998,-106.35047084200447,0.40111139436679377,4.9188838478509025,122.580828,-106.37501200000001,5.0,9667,0.9970090759075908,-0.041213942609781735,-0.008547322467577612,0.02521254137,5.0,35.086361998764914,True,True
21.734,122.88101885828205,-106.28476967190079,0.40625069589814605,4.918094819038433,122.72215800000001,-106.31693,5.0,9668,0.9971122112211221,-0.03392167153348407,-0.009551441345112988,0.024328906212,5.0,34.74115700009861,True,True
21.784,123.18723523361066,-106.1510757381271,0.41637211206653596,4.939185008811724,123.004251,-106.199293,5.0,9670,0.9973184818481848,-0.02926256937223861,-0.012670913398856953,0.018580217428,5.0,34.37950199986517,True,True
21.834,123.33996176917576,-106.08330443353323,0.4195061416496933,4.913309043742278,123.14486000000001,-106.139725,5.0,9671,0.9974216171617162,-0.02708760242984765,-0.014112768118350605,0.016985444607,5.0,34.43515499930072,True,True
21.883,123.49237476872183,-106.0151314161081,0.4216465665810455,4.9135811611614635,123.285472,-106.079645,5.0,9672,0.9975247524752475,-0.02492249637939838,-0.014192490955020176,0.017518542395,5.0,33.910014000866795,True,True
21.935,123.79691445459153,-105.87782323478423,0.4253822879801251,4.917292484656955,123.706047,-105.897227,5.0,9675,0.9978341584158416,-0.07878397881662498,-0.010443012864655543,0.019160095462,5.0,35.57186000034562,True,True
21.985,123.94869295038117,-105.8091780569288,0.42637883742105104,4.885062658139251,123.84607700000001,-105.83558899999998,5.0,9676,0.9979372937293729,-0.06481270291271227,-0.009060518537920004,0.020561854405,5.0,35.490657999616815,True,True
22.035,124.2516852954082,-105.67079271043441,0.42840129509300706,4.919772820551834,124.12438600000002,-105.711469,5.0,9678,0.9981435643564357,-0.03799506959372322,-0.004677987349084756,0.024746914218,5.0,35.878873999536154,True,True
22.086,124.4038778746406,-105.60111808877232,0.4297722874055902,4.924709231078348,124.264133,-105.648432,5.0,9679,0.998246699669967,-0.02559192686642684,-0.0031659079288575143,0.026398082596,5.0,36.419432999537094,True,True
22.14,124.7081153931852,-105.46103281802422,0.4333083926662331,4.929894220473685,124.542928,-105.521032,5.0,9681,0.9984529702970297,-0.014752738546361218,0.0009647418949163544,0.019996226042,5.0,40.20588000093994,True,True
22.199,125.0119043427523,-105.31991741670019,0.4375884141514035,4.931219140026157,124.682195,-105.45644399999999,5.0,9682,0.9985561056105611,-0.015130491852658141,0.0023782007958654816,-0.19077856733,5.0,49.20202299945231,True,True
22.236,125.16381956345546,-105.24863589594015,0.4398099921984322,4.935621997683607,124.95990400000001,-105.326355,5.0,9684,0.9987623762376238,-0.016431591495689585,0.003000592158031168,-0.19289134762,5.0,37.00949700032652,True,True
22.316,125.46840157158026,-105.10479868030833,0.4422796723543539,4.920658993119425,125.09869499999999,-105.26065,5.0,9685,0.9988655115511551,-0.017172210620908433,0.0036313597982369217,0.22581124712,5.0,66.50158400043438,True,True
22.385,125.77134323688243,-104.9620914268505,0.43680736054431224,4.925768374198823,125.514548,-105.06135900000001,5.0,9688,0.9991749174917491,-0.0633758525085714,0.007811938363649684,-0.18764105797,5.0,69.55360699976154,True,True
