t,x,y,yaw,speed_measured,x_ref,y_ref,speed_ref,path_index,progress,cte,heading_error,steering_cmd,speed_cmd,compute_time_ms,did_compute,controller_success
0.031000000000000028,33.39999999999999,-92.9,-0.6334340000000002,-1.1232592723337806e-17,32.934173,-93.47543,5.0,9047,0.9330651815181518,0.7403218250829543,-0.03949249178777858,-0.23074486806,5.0,31.5230190026341,True,True
0.08000000000000002,33.39991506771505,-92.89993407129305,-0.6334358138745537,0.008334223708093119,32.934173,-93.47543,5.0,9047,0.9330651815181518,0.7403218250829543,-0.03949249178777858,-0.23074486806,5.0,30.849438000586815,True,True
0.131,33.40000642155418,-92.90000449392704,-0.6334341034239872,4.136877048525059e-05,32.934173,-93.47543,5.0,9047,0.9330651815181518,0.7403222313327377,-0.039492382135059234,-0.23074475841,5.0,30.987876001745462,True,True
0.18,33.40000771604089,-92.90000544515414,-0.6334340582695688,4.0850998234945154e-05,32.934173,-93.47543,5.0,9047,0.9330651815181518,0.7403223074701518,-0.039492388363791875,-0.23074476463,5.0,30.23390499947709,True,True
0.23099999999999998,33.399983718735854,-92.89998770725516,-0.6334340618498511,0.0009476024877901131,32.934173,-93.47543,5.0,9047,0.9330651815181518,0.7403213377894158,-0.03949233808599928,-0.23074471436,5.0,32.226205003098585,True,True
0.279,33.39998174689542,-92.89998624754044,-0.6334341322550988,0.000932591583548388,32.934173,-93.47543,5.0,9047,0.9330651815181518,0.7403213053120249,-0.03949242993792801,-0.23074480621,5.0,29.68234299987671,True,True
0.32999999999999996,33.39997936712569,-92.89998448499827,-0.633434100550497,0.0009178026341892651,32.934173,-93.47543,5.0,9047,0.9330651815181518,0.7403211168491128,-0.039492391237281765,-0.23074476751,5.0,30.13452900268021,True,True
0.382,33.39997340867915,-92.89998008209709,-0.6334341219988935,0.0008890179235419115,32.934173,-93.47543,5.0,9047,0.9330651815181518,0.740320993369508,-0.03949236383998933,-0.23074474011,5.0,32.13496399985161,True,True
0.43000000000000005,33.399969844997145,-92.89997745139573,-0.6334341343847406,0.0008750137331920377,32.934173,-93.47543,5.0,9047,0.9330651815181518,0.7403208516152564,-0.03949236978888537,-0.23074474606,5.0,30.987456000730162,True,True
0.48,33.3999615837618,-92.89997135701739,-0.6334341446315543,0.0008477595024909932,32.934173,-93.47543,5.0,9047,0.9330651815181518,0.7403205120944366,-0.03949235483704561,-0.23074473111,5.0,30.53626200198778,True,True
0.531,33.39995689975244,-92.89996790343763,-0.6334341497316522,0.0008345007023362002,32.934173,-93.47543,5.0,9047,0.9330651815181518,0.7403203152585921,-0.03949234715622474,-0.23074472343,5.0,31.764511000801576,True,True
0.579,33.39994645811865,-92.89996020783471,-0.6334341618606074,0.0008086985567454664,32.934173,-93.47543,5.0,9047,0.9330651815181518,0.7403198690558522,-0.03949233570204935,-0.23074471197,5.0,29.67555899886065,True,True
0.63,33.399940713416704,-92.89995597529531,-0.6334341678850622,0.0007961469642792834,32.934173,-93.47543,5.0,9047,0.9330651815181518,0.7403196203017935,-0.03949232992717144,-0.2307447062,5.0,30.59532100087381,True,True
0.68,33.403146425595224,-92.90230739632104,-0.6334795435949772,0.1577448096999409,32.934173,-93.47543,5.0,9047,0.9330651815181518,0.7403380886277583,-0.039483338648043986,-0.23073571492,5.0,30.521474000124726,True,True
0.728,33.408863936817056,-92.90650640068375,-0.633603545283846,0.26108481134095873,32.934173,-93.47543,5.0,9047,0.9330651815181518,0.740475660702796,-0.03944694819280192,-0.23069932446,5.0,29.088821000186726,True,True
0.78,33.428657256244634,-92.92105798153611,-0.6344304129928797,0.46204541700021323,32.934173,-93.47543,5.0,9047,0.9330651815181518,0.7411571598363977,-0.03902362393181669,-0.2302760002,5.0,30.503971000143792,True,True
0.8300000000000001,33.44262057505468,-92.9313420756611,-0.6352579250551285,0.5596143250913022,32.934173,-93.47543,5.0,9047,0.9330651815181518,0.7416896860370452,-0.03849607879489936,-0.22974845507,5.0,30.44352700089803,True,True
0.8799999999999999,33.478355642618496,-92.95773527857516,-0.6380256296403696,0.735427302495151,33.052184000000004,-93.569346,5.0,9048,0.9331683168316832,0.7464883842192861,-0.03279443501109158,-0.2238713059,5.0,30.589160000090487,True,True
0.931,33.49934265905755,-92.97317743219607,-0.6396425806599373,0.7941686126085291,33.052184000000004,-93.569346,5.0,9048,0.9331683168316832,0.7454461372453111,-0.031211401471111344,-0.22228827236,5.0,31.472493999899598,True,True
0.9790000000000001,33.547532069098814,-93.00934343253,-0.6453059820047886,0.9826137221079259,33.052184000000004,-93.569346,5.0,9048,0.9331683168316832,0.7458135030074189,-0.027021169670927048,-0.21809804056,5.0,29.865746000723448,True,True
1.03,33.57450177345714,-93.02965175716153,-0.6490892451749721,1.0234985055075687,33.052184000000004,-93.569346,5.0,9048,0.9331683168316832,0.7463898553703378,-0.023931049106692637,-0.21500791999,5.0,30.51889900234528,True,True
1.079,33.603576857590745,-93.05177720962142,-0.6531339432614888,1.1177317327167295,33.169982,-93.661958,5.0,9049,0.9332714521452146,0.7485486607269881,-0.01234058031212193,-0.20469455917,5.0,29.974649998621317,True,True
1.1320000000000001,33.6664724345695,-93.10007408900692,-0.6617022135647237,1.234177338562871,33.169982,-93.661958,5.0,9049,0.9332714521452146,0.7482038729411705,-0.008513008619040807,-0.20086698748,5.0,32.10918599870638,True,True
1.18,33.70105487432439,-93.12720209445953,-0.6667855436716578,1.3382497699947682,33.288132,-93.754545,5.0,9050,0.9333745874587459,0.7510422233618193,0.00195706978973309,-0.18996525544,5.0,30.798312000115402,True,True
1.229,33.77607307280943,-93.18687481191208,-0.6784335961034461,1.460225563510766,33.288132,-93.754545,5.0,9050,0.9333745874587459,0.7484157144069653,0.0070563522344953,-0.18486597299,5.0,29.23440399899846,True,True
1.2810000000000001,33.815471421452166,-93.2188726937082,-0.6848415395796621,1.543002352890782,33.288132,-93.754545,5.0,9050,0.9333745874587459,0.7477967445880266,0.013605122221520993,-0.17831720301,5.0,31.498562999331625,True,True
1.33,33.89982192563029,-93.28858238293427,-0.6969504111353926,1.6719582438103262,33.406313,-93.847211,5.0,9051,0.9334777227722773,0.7458129124187068,0.026168462444514873,-0.16653061145,5.0,30.165937001584098,True,True
1.38,33.944092005674406,-93.32590212828376,-0.7038943271829993,1.734355976108057,33.406313,-93.847211,5.0,9051,0.9334777227722773,0.7440351430861201,0.03290367838769148,-0.15979539551,5.0,30.609227000240935,True,True
1.429,34.03660956200288,-93.40561294082254,-0.7184579309228063,1.8579540150426048,33.524688,-93.939676,5.0,9052,0.9335808580858086,0.7391942164047699,0.048751340676241206,-0.14551635891,5.0,29.683485001442023,True,True
1.4809999999999999,34.0847918087211,-93.44806324825814,-0.7260346165645672,1.9198708102003592,33.643235,-94.031968,5.0,9053,0.9336839933993399,0.7396378885564019,0.05766134312591298,-0.1373981025,5.0,31.576498000504216,True,True
1.5270000000000001,34.18484995169608,-93.53830654282059,-0.7416027804111924,2.044699644484923,33.643235,-94.031968,5.0,9053,0.9336839933993399,0.7273789179224674,0.07298782058339759,-0.12207162505,5.0,27.889346001757076,True,True
1.5779999999999998,34.236753207149874,-93.58620907360836,-0.7487848866201652,2.110660688605654,33.761978000000006,-94.12414100000001,5.0,9054,0.9337871287128713,0.7225113831282853,0.08307452123924008,-0.11262632011,5.0,28.149041998403845,True,True
1.63,34.34424866085848,-93.68744854427108,-0.7618386479266354,2.23361944114313,33.880936,-94.215889,5.0,9055,0.9338902640264026,0.7096497462547873,0.1006681182637652,-0.095919616101,5.0,30.652469002234284,True,True
1.677,34.39978318677358,-93.74074009092814,-0.7676405749316293,2.294222232166448,33.880936,-94.215889,5.0,9055,0.9338902640264026,0.7011941587236244,0.10709929010736108,-0.089488444258,5.0,28.065524998964975,True,True
1.728,34.51427246452191,-93.85248329045928,-0.7790408889412044,2.391380587010296,34.000335,-94.30713,5.0,9056,0.933993399339934,0.6831037603835545,0.12236633322353452,-0.075161400847,5.0,28.828594000515295,True,True
1.7759999999999998,34.572471500353856,-93.91029318156234,-0.7843524584692707,2.450080608145956,34.120124,-94.398051,5.0,9057,0.9340965346534653,0.6730506205171257,0.1306518967501269,-0.066883500451,5.0,26.645096000720514,True,True
1.8279999999999998,34.63184968880885,-93.96980304973958,-0.7884996077716331,2.501435897098516,34.24047,-94.489072,5.0,9058,0.9341996699669967,0.650244802760206,0.14118831890012373,-0.055166583562,5.0,29.03495999998995,True,True
1.8780000000000001,34.753548150615245,-94.09331167038563,-0.796405017426418,2.5792311688108516,34.360640000000004,-94.579874,5.0,9059,0.934302805280528,0.6414078277967179,0.14579995220488629,-0.048177445549,5.0,28.78015299938852,True,True
1.9260000000000002,34.815181834518285,-94.15659566070514,-0.8007585954944976,2.623943750883936,34.479834999999994,-94.670023,5.0,9060,0.9344059405940595,0.6132414957884385,0.15361475905892652,-0.038392913754,5.0,26.94111000164412,True,True
1.9769999999999999,34.94043374061931,-94.28709316563005,-0.8099084333347413,2.6705163104771383,34.479834999999994,-94.670023,5.0,9060,0.9344059405940595,0.5978271650553493,0.15834288016803066,-0.033664792645,5.0,27.69563299807487,True,True
2.026,35.003680404271186,-94.35326964017642,-0.8140003999292397,2.7342425463622435,34.718590999999996,-94.85018000000001,5.0,9062,0.9346122112211221,0.5728838225397094,0.16921080964891644,-0.020820616007,5.0,27.046778002841165,True,True
2.078,35.133152102817995,-94.49094804588053,-0.818698132303938,2.8161631640384894,34.718590999999996,-94.85018000000001,5.0,9062,0.9346122112211221,0.5525870809431382,0.17136553143354671,-0.018665894223,5.0,28.560851998918224,True,True
2.126,35.19900975664872,-94.56152212333276,-0.8211919786427392,2.8566413533482975,34.8383,-94.939963,5.0,9063,0.9347153465346535,0.5371705423411742,0.17681055035887994,-0.012368350095,5.0,26.964934000716312,True,True
2.177,35.33284704104656,-94.70591989826713,-0.8252380649637662,2.9355158315881007,34.958356,-95.0294,5.0,9064,0.9348184818481848,0.5012464237503497,0.18441484793427376,-0.0046087014,5.0,27.140864000102738,True,True
2.23,35.400966788130894,-94.77981693283758,-0.8268225482868017,2.9769071697368825,35.0787,-95.118564,5.0,9065,0.9349216171617162,0.4846296247317738,0.18875318581048006,-0.00072648938756,5.0,30.062464000366163,True,True
2.278,35.539759191747855,-94.93099936067978,-0.8291767450972827,3.0596381516883824,35.199332,-95.207504,5.0,9066,0.9350247524752475,0.4444091499348867,0.19391157323651464,0.0046617362545,5.0,28.33965799800353,True,True
2.328,35.610461109559864,-95.00824342670015,-0.8299509936150068,3.1004857770436596,35.320334,-95.296312,5.0,9067,0.9351278877887789,0.42614638238601654,0.19733256117434372,0.0099397354773,5.0,28.359746000205632,True,True
2.378,35.75411166966589,-95.16546741383284,-0.8290686723490222,3.1727813684402193,35.441594,-95.384826,5.0,9068,0.9352310231023102,0.38282191844004676,0.20056443304696447,0.015533042007,5.0,28.68748000037158,True,True
2.426,35.82776729178364,-95.24590049271326,-0.8295747591374182,3.221215024967706,35.563344,-95.473387,5.0,9069,0.9353341584158416,0.3622247580372,0.20105423969784786,0.017195778842,5.0,26.862752998567885,True,True
2.479,35.975669203093226,-95.40751437872541,-0.830896527757027,3.2617097706485683,35.684101,-95.560905,5.0,9070,0.9354372937293729,0.31718027903513857,0.20452818787449756,0.019990420167,5.0,29.786417002469534,True,True
2.531,36.05082548730529,-95.48987529855586,-0.8305643090181025,3.294077463701706,35.805278,-95.64807900000001,5.0,9071,0.9355404290429042,0.2947956904375444,0.2092695555970816,0.021259705259,5.0,31.10635899793124,True,True
2.58,36.20380709934689,-95.65654589971946,-0.8270234207237774,3.3652105807142982,35.927166,-95.735029,5.0,9072,0.9356435643564357,0.24783867190386275,0.21000989852962526,0.018822276966,5.0,30.13328699671547,True,True
2.628,36.2816314028861,-95.7410546167306,-0.8260715889353623,3.3982448371138867,36.049278,-95.821738,5.0,9073,0.935746699669967,0.22409969136765162,0.21049837661176696,0.018065264196,5.0,28.45541500209947,True,True
2.68,36.4401094188563,-95.91258780425456,-0.8238549351772295,3.4706415703891107,36.294256,-95.994434,5.0,9075,0.9359529702970297,0.18058372176485332,0.21513555491642178,0.01859694181,5.0,30.545277997589437,True,True
2.732,36.52069858958671,-95.99954289688515,-0.8229408693019105,3.5043048779549872,36.294256,-95.994434,5.0,9075,0.9359529702970297,0.15042944163007504,0.21405743579653924,0.01751882269,5.0,32.77045399954659,True,True
2.779,36.60213195323638,-96.08725715461756,-0.8220596470075672,3.5371796773596245,36.540925,-96.16511700000001,5.0,9077,0.9361592409240924,0.09882945028819788,0.21962626373971306,0.020954722477,5.0,29.96686500046053,True,True
2.828,36.767569606910676,-96.2649875467276,-0.8209664942182616,3.5804994481431174,36.664683000000004,-96.250034,5.0,9078,0.9362623762376238,0.07689752038210967,0.22067606867097345,0.022042683915,5.0,28.797184997529257,True,True
2.877,36.85095692468755,-96.35458907423619,-0.8212422897270247,3.6152448547346885,36.789054,-96.33504599999999,5.0,9079,0.9363655115511551,0.0188735605479144,0.22104497746841423,0.023749267926,5.0,27.957111997238826,True,True
2.93,37.018508051358545,-96.53550545312946,-0.8227985941894114,3.628137682342199,36.912752000000005,-96.41981899999999,5.0,9080,0.9364686468646864,-0.008182221849228843,0.222382847882435,0.026019614467,5.0,30.46711199931451,True,True
2.983,37.10294174796698,-96.62667176130965,-0.8230220025910516,3.6688761399765104,37.036164,-96.50421,5.0,9081,0.9365717821782178,-0.03580084666888078,0.22327994790081007,0.027676792481,5.0,33.137651000288315,True,True
3.029,37.27357529780071,-96.81070473458878,-0.8230327941460354,3.711704544970483,37.282787,-96.672537,5.0,9083,0.9367780528052805,-0.10529978684288153,0.2263698286643807,0.03980533265,5.0,29.52525799992145,True,True
3.079,37.35966757262448,-96.9034743083181,-0.8223885520122182,3.7325561220736425,37.282787,-96.672537,5.0,9083,0.9367780528052805,-0.11956965849742517,0.22613619189787126,0.033656402214,5.0,29.46803099985118,True,True
3.129,37.53364694471682,-97.0905297364828,-0.8214243602901012,3.778574063627771,37.530642,-96.839927,5.0,9085,0.9369843234323433,-0.17717301680104053,0.2300894872699688,0.034889883362,5.0,29.379454997979337,True,True
3.181,37.62145855652942,-97.18472669863985,-0.8195299306926149,3.7994267840445506,37.654959000000005,-96.92327,5.0,9086,0.9370874587458746,-0.20662147566340455,0.2317507226077664,0.096378134111,5.0,31.40665099999751,True,True
3.239,37.79928892538212,-97.37414878802308,-0.8139215801081542,3.844888020411243,37.904269,-97.089495,5.0,9088,0.9372937293729373,-0.2716022198475351,0.22982812808173048,0.296737539,5.0,39.21289600111777,True,True
3.281,37.88985769399572,-97.46981652093915,-0.8108450925639559,3.893952711496442,37.904269,-97.089495,5.0,9088,0.9372937293729373,-0.2951430082585513,0.22670309092311935,0.1103651049,5.0,31.45497100194916,True,True
3.331,38.07175191008071,-97.65914494924182,-0.8015778703472898,3.8875694832988845,38.154688,-97.25560300000001,5.0,9090,0.9375,-0.3537380155718269,0.22507410486197132,0.19440814461,5.0,31.37464099927456,True,True
3.386,38.16392222450733,-97.75420385538163,-0.7981338279923896,3.861144587577414,38.279334000000006,-97.337129,5.0,9091,0.9376031353135313,-0.3831123476195579,0.22164098865460868,0.32587896799,5.0,36.68769800060545,True,True
3.432,38.35091784415548,-97.94360694713909,-0.7857734000251935,3.940728113618699,38.529576,-97.500711,5.0,9093,0.937809405940594,-0.44212553123510584,0.2166108703241858,0.33491657251,5.0,32.87548000298557,True,True
3.482,38.446334999930336,-98.03824905529518,-0.777009266623883,3.963572312648613,38.655107,-97.58251700000001,5.0,9094,0.9379125412541254,-0.47214086082259715,0.20869001119962016,0.33563517615,5.0,32.97227100119926,True,True
3.533,38.64121919521814,-98.22597322560503,-0.7545209061212664,3.9989134433203684,38.780808,-97.664265,5.0,9095,0.9380156765676567,-0.5223263719788706,0.19203890581099703,0.34683936364,5.0,33.608182002353715,True,True
3.581,38.741024884455236,-98.31865438677767,-0.7411212320184055,4.015196780431787,38.906801,-97.745525,5.0,9096,0.9381188118811881,-0.5478885998242699,0.18428598155057774,0.34375565471,5.0,31.47032899869373,True,True
3.632,38.94595029717847,-98.50058271265597,-0.709841669411782,4.047725599736697,39.160109999999996,-97.906542,5.0,9098,0.9383250825082509,-0.5954493362681987,0.16282024229574166,0.33322012429,5.0,32.080742003017804,True,True
3.686,39.05150219856557,-98.5896136093488,-0.6923756271040942,4.081935232147292,39.287158000000005,-97.986475,5.0,9099,0.9384282178217822,-0.6170327679119669,0.1500472291702155,0.3694415852,5.0,36.37146499750088,True,True
3.734,39.265815390204104,-98.76198892201349,-0.6540021390704474,4.059384601100685,39.541806,-98.145896,5.0,9101,0.9386344884488449,-0.6554268081436417,0.11549302588507215,0.33781487699,5.0,34.63681699940935,True,True
3.7830000000000004,39.37621815032405,-98.84473237475625,-0.6328761759765164,4.067173093429534,39.668546,-98.225139,5.0,9102,0.9387376237623762,-0.6711183076272483,0.09583497474332558,0.31867234773,5.0,33.802736001234734,True,True
3.835,39.603124131651995,-99.00372407723287,-0.589288362733514,4.081583626852791,39.795010999999995,-98.303997,5.0,9103,0.9388407590759076,-0.6839460479105671,0.07576875034328712,0.30039737528,5.0,35.708163002709625,True,True
3.8920000000000003,39.7194168058158,-99.07968630004152,-0.5667823490157848,4.0937509287156555,39.921956,-98.382995,5.0,9104,0.9389438943894389,-0.6956043404386937,0.03381950831174185,0.25876682836,5.0,42.13057699962519,True,True
3.9320000000000004,39.837737204885954,-99.15312912468329,-0.543548285934978,4.10567301109877,40.049136,-98.461721,5.0,9105,0.9390470297029703,-0.6990685942680712,0.013448466155840944,0.23741313129,5.0,32.39872699850821,True,True
3.9829999999999997,40.08095689123542,-99.29260652521697,-0.49725532415450996,4.143515623471465,40.304111,-98.618583,5.0,9107,0.939253300330033,-0.6970177507766577,-0.0295729713336228,0.19175127326,5.0,33.45631800038973,True,True
4.032,40.206006765537126,-99.35874445798122,-0.47441675980448755,4.152866652069659,40.431926000000004,-98.696774,5.0,9108,0.9393564356435643,-0.6914386067143516,-0.05093991971418532,0.1694758057,5.0,32.49121100088814,True,True
4.08,40.461128490250005,-99.48250145732206,-0.4305911703525708,4.2269599785036185,40.688594,-98.853029,5.0,9110,0.9395627062706271,-0.6711036180357446,-0.09293495136837793,0.13009997909,5.0,30.823678000160726,True,True
4.129,40.591196186618205,-99.54110880838276,-0.4118270243770435,4.182983859792276,40.816981,-98.930548,5.0,9111,0.9396658415841584,-0.6567218800566501,-0.1113271405872589,0.11112275252,5.0,29.996851000760216,True,True
4.178,40.855292299283875,-99.6515400959292,-0.37685588238390444,4.235416415137517,41.072705,-99.083823,5.0,9113,0.9398721122112211,-0.6219258559281757,-0.14439163223482998,0.076284572644,5.0,28.967333000764484,True,True
4.228,40.989910812389176,-99.70352667550021,-0.3604835724826723,4.252865509000091,41.20117,-99.160536,5.0,9114,0.9399752475247525,-0.600596708342575,-0.16131358515718697,0.059862178069,5.0,28.652774999500252,True,True
4.28,41.26335775936499,-99.80195389241334,-0.33137870017980026,4.292738558524482,41.458358000000004,-99.313988,5.0,9116,0.9401815181518152,-0.5511568519460663,-0.19191557367281487,0.032776261631,5.0,31.233024998073233,True,True
4.33,41.40203711134595,-99.84873202343718,-0.3196529307937442,4.311625130465714,41.5872,-99.39061600000001,5.0,9117,0.9402846534653465,-0.5235194920483311,-0.2032416826026826,0.021165711755,5.0,30.413781001698226,True,True
4.38,41.68208581120091,-99.93828828712397,-0.30029221814219087,4.338354962871228,41.716312,-99.46673299999999,5.0,9118,0.9403877887788779,-0.4570827533012552,-0.2218666045688047,0.00068046172079,5.0,30.102097000053618,True,True
4.43,41.82280014406405,-99.98181283129492,-0.2964924623299149,4.3510218941113825,41.845752000000005,-99.542514,5.0,9119,0.9404909240924092,-0.4243230339239155,-0.22861570993309366,-0.0069448987477,5.0,30.63598700100556,True,True
4.479,41.964636718592814,-100.02513359583878,-0.29497472296776306,4.3557606988736755,42.10545,-99.693832,5.0,9121,0.940697194719472,-0.3571195931249055,-0.2325973103572232,-0.012698269392,5.0,29.545596000389196,True,True
4.53,42.24905396320396,-100.1105136817115,-0.2901833473252356,4.32248072137926,42.234633,-99.769202,5.0,9122,0.9408003300330033,-0.32262490828479445,-0.23400515878534733,-0.014348023499,5.0,30.286672998045105,True,True
4.58,42.39110693037101,-100.15292440898331,-0.28677226727659005,4.375931167722751,42.493435,-99.918782,5.0,9124,0.941006600660066,-0.25402374370136666,-0.23519443635260018,-0.014700198091,5.0,30.26344899990363,True,True
4.631,42.67721770088322,-100.23709886246921,-0.2857575681258051,4.395573745890598,42.623352000000004,-99.993257,5.0,9125,0.9411097359735974,-0.21950049738284425,-0.23359351263642703,-0.013402100437,5.0,31.19956299997284,True,True
4.68,42.82072517802144,-100.27930472056059,-0.28610953924164395,4.404194884260963,42.753454,-100.067539,5.0,9126,0.9412128712871287,-0.1850749639852725,-0.23230875718414712,-0.012116822625,5.0,30.972406999353552,True,True
4.732,43.10852111395828,-100.36437304255652,-0.28875080921407176,4.430287548596898,43.014255,-100.215715,5.0,9128,0.9414191419141914,-0.1167522924925901,-0.22881425340181405,-0.011187680077,5.0,32.08631300003617,True,True
4.78,43.25331334468866,-100.40761293669249,-0.2901394455223673,4.465958249547,43.144923,-100.28992,5.0,9129,0.9415222772277227,-0.0827111014392029,-0.22836169338519197,-0.010457912091,5.0,30.256737001764122,True,True
4.832,43.542647368647245,-100.49429665186165,-0.29155477687197556,4.40407858724893,43.406531,-100.438395,5.0,9131,0.9417285478547854,-0.015066764739430095,-0.22214025587343045,-0.0035588598717,5.0,32.73404500214383,True,True
4.881,43.68739470244848,-100.53768109996852,-0.2929343628141767,4.462683182602032,43.537657,-100.512043,5.0,9132,0.9418316831683168,0.01843465897387958,-0.2193571987346612,0.00014723276524,5.0,31.438959998922655,True,True
4.933,43.97797173693221,-100.624291923666,-0.29174736490235303,4.472833183282941,43.797895000000004,-100.657234,5.0,9134,0.9420379537953796,0.08404517856402777,-0.2150707701133978,0.0019865889823,5.0,33.454593998612836,True,True
4.981,44.12382355525785,-100.66807511523955,-0.29132388487799793,4.485368109845104,43.928764,-100.72990300000001,5.0,9135,0.9421410891089109,0.11651223462975305,-0.21550619725909836,0.003055989975,5.0,31.92948899959447,True,True
5.032,44.41685966524537,-100.75567206406633,-0.28909411025743337,4.505759971143534,44.190449,-100.87561099999999,5.0,9137,0.9423473597359736,0.18207103087504378,-0.2185517169617155,-0.029019744998,5.0,32.1034749977116,True,True
5.082,44.56381973605522,-100.79941609404021,-0.2884808778352293,4.515208985286362,44.321381,-100.94864399999999,5.0,9138,0.942450495049505,0.21530058888683914,-0.21848540828952245,-0.056925890303,5.0,32.15438999905018,True,True
5.134,44.85879338807042,-100.88690563970785,-0.28814464800446704,4.534827430598569,44.584039000000004,-101.09352700000001,5.0,9140,0.9426567656765676,0.28080094661846594,-0.2132503780616264,-0.1157160927,5.0,34.33744699941599,True,True
5.183,45.00616512259705,-100.93142316497809,-0.2909036006250856,4.529735730875133,44.715714,-101.165444,5.0,9141,0.942759900990099,0.31313787609428945,-0.21171401470981355,-0.16756265103,5.0,33.42781399987871,True,True
5.2379999999999995,45.3014710684938,-101.02069832957272,-0.299098221260106,4.533920466231501,44.978806,-101.30906800000001,5.0,9143,0.9429661716171617,0.3765875142444805,-0.2044123848046251,-0.2796897074,5.0,38.0728199997975,True,True
5.296,45.448311444879415,-101.06611091388177,-0.30427851218789514,4.524710847287943,45.109942,-101.380144,5.0,9144,0.943069306930693,0.40728930021179977,-0.196562637013598,-0.28267580378,5.0,46.404418997553876,True,True
5.334,45.74248752062749,-101.16063357334353,-0.31897798903561014,4.5509698757307016,45.373496,-101.521939,5.0,9146,0.9432755775577558,0.46548895359733466,-0.18149470094213616,-0.28755453315,5.0,34.22152000348433,True,True
5.382,45.88929182646601,-101.2098611489555,-0.3281119289910828,4.555175731380233,45.505568,-101.592496,5.0,9147,0.9433787128712872,0.49254016520366906,-0.1707974975802582,-0.28668026133,5.0,32.96589000092354,True,True
5.433,46.18137478092458,-101.31303501623148,-0.35226522873901395,4.558793997050481,45.77035,-101.733108,5.0,9149,0.9435849834983498,0.5417187288967388,-0.14662921547419527,-0.28120596411,5.0,33.84734000064782,True,True
5.481,46.326471844879926,-101.36742538891711,-0.3659958293441029,4.567017703505963,45.903078,-101.803044,5.0,9150,0.9436881188118812,0.563212390141595,-0.1318674136222584,-0.27561175739,5.0,31.938095002260525,True,True
5.538,46.6139200809835,-101.48257572861131,-0.3972962690996085,4.493647066322074,46.036341,-101.872986,5.0,9151,0.9437912541254125,0.5824190845559809,-0.11594237723906886,-0.31071134934,5.0,38.88324799845577,True,True
5.584,46.75599388429996,-101.54075584448348,-0.41500372896469695,4.536930894347606,46.302738,-102.01140500000001,5.0,9153,0.9439975247524752,0.6126607568933717,-0.08002708939875447,-0.27496698868,5.0,34.79446300116251,True,True
5.635,46.89638247600917,-101.60420522016217,-0.4354900096507278,4.517975761612844,46.434874,-102.079657,5.0,9154,0.9441006600660066,0.6260803739739489,-0.06061853772416237,-0.25474878962,5.0,35.95327199946041,True,True
5.682,47.17245960348975,-101.73986115123913,-0.4777212506679541,4.518960975818056,46.700998,-102.216084,5.0,9156,0.9443069306930693,0.637814709370095,-0.016479500188532725,-0.21453033903,5.0,32.629048997478094,True,True
5.731,47.308104251342584,-101.81205074122909,-0.4999960420639088,4.523973111479314,46.83442,-102.284375,5.0,9157,0.9444100660066007,0.6387059002163273,0.00487525264299693,-0.19112809998,5.0,31.08060900194687,True,True
5.778,47.57540804364365,-101.9655655678997,-0.54275340281642,4.5301241326446995,47.101865000000004,-102.420581,5.0,9159,0.9446163366336634,0.6293485314767225,0.05388056132397123,-0.14189484856,5.0,28.878116001578746,True,True
5.829,47.706377626884915,-102.04660831674822,-0.5659413797924938,4.526798851672292,47.236148,-102.487959,5.0,9160,0.9447194719471947,0.6189275497369096,0.0786669559460389,-0.11805492911,5.0,30.018650999409147,True,True
5.879,47.963365934987976,-102.21821717405291,-0.6095803682658429,4.523089015226595,47.639963,-102.68865699999999,5.0,9163,0.9450288778877888,0.5911321126370067,0.12907076426625652,-0.066394309155,5.0,29.746981999778654,True,True
5.926,48.08915337974635,-102.30676104448848,-0.6284842582918821,4.538463691108455,47.774366,-102.755628,5.0,9164,0.9451320132013201,0.5696765496934153,0.14795065060832568,-0.043130024052,5.0,26.97707700281171,True,True
5.977,48.33794396643384,-102.49301747731717,-0.6601272717138428,4.581654931710978,48.042998,-102.888524,5.0,9166,0.9453382838283828,0.5190892584508379,0.1885585639003331,-0.0044062347624,5.0,27.803393997601233,True,True
6.03,48.46054628667787,-102.58954723964936,-0.6738522076387783,4.596474624826504,48.177879,-102.954495,5.0,9167,0.9454414191419142,0.48844886878868565,0.2065237036187879,0.012914856497,5.0,30.788433003181126,True,True
6.078,48.58233924381025,-102.68794273863338,-0.6854278616844078,4.610614805348235,48.448370000000004,-103.085614,5.0,9169,0.945647689768977,0.4196310169708771,0.23549608565389368,0.041900824801,5.0,28.27731100114761,True,True
6.131,48.823914181937944,-102.8890879486685,-0.7026321339980469,4.632337758131516,48.583954,-103.151015,5.0,9170,0.9457508250825083,0.3822867015867026,0.24663008387820318,0.052961012729,5.0,31.59029400194413,True,True
6.182,49.0641854078722,-103.09457741081097,-0.7123345054012185,4.6639925540902984,48.856297,-103.281301,5.0,9172,0.945957095709571,0.3029946979025486,0.26472019853374906,0.072498246049,5.0,32.24876599779236,True,True
6.229,49.183166863354394,-103.19721034791007,-0.7141536315162789,4.6286163474538045,48.992791,-103.34577900000001,5.0,9173,0.9460602310231023,0.2611501481648451,0.2713122861334223,0.079138538524,5.0,29.502895999030443,True,True
6.28,49.30227784294796,-103.30014021993212,-0.7110125596213396,4.6325228442143755,49.264376,-103.4736,5.0,9175,0.946266501650165,0.1775523725554,0.2732396546437301,0.081020075182,5.0,30.579120000766125,True,True
6.333,49.54095481171196,-103.5051774398356,-0.7094596251965843,4.640966871428262,49.400439,-103.537076,5.0,9176,0.9463696369636964,0.13588109141281435,0.2736244331918307,0.080616843698,5.0,33.20996499678586,True,True
6.379,49.66089319860341,-103.6077706146267,-0.7054814825274274,4.64412325919926,49.537052,-103.60047,5.0,9177,0.9464727722772277,0.09537244865234373,0.2753720985522481,0.080770060384,5.0,29.57424900159822,True,True
6.431,49.902601428562186,-103.81175767602616,-0.6965133433238829,4.657543716496208,49.810911,-103.726913,5.0,9179,0.9466790429042904,0.03401074809730398,0.2716311484996501,0.075439803865,5.0,31.986466001399094,True,True
6.483,50.02439173907942,-103.91309562705649,-0.6907777368137376,4.663182859602957,49.948301,-103.789485,5.0,9180,0.9467821782178217,-0.050838203419931734,0.2704600189998225,0.072778445183,5.0,33.81893600089825,True,True
6.532,50.270420353777716,-104.11376016539784,-0.676872261701826,4.678045375329484,50.223967,-103.913834,5.0,9182,0.9469884488448845,-0.1261911330497484,0.26148920833353007,0.088283642068,5.0,32.24934699755977,True,True
6.583,50.39396377011822,-104.21200815331888,-0.6696016625180938,4.6139507623783,50.361453999999995,-103.975593,5.0,9183,0.9470915841584159,-0.16546084231199462,0.2563192875022038,0.12779237724,5.0,34.003532000497216,True,True
6.64,50.64355258821938,-104.40912716692321,-0.6581676091307166,4.723119631433449,50.637508000000004,-104.098558,5.0,9185,0.9472978547854786,-0.2440071791190044,0.2437497397781483,0.25782351379,5.0,40.384648000326706,True,True
6.688,50.77001045631086,-104.50623615252285,-0.6518065817044141,4.675758838303764,50.775146,-104.159911,5.0,9186,0.9474009900990099,-0.28182534286320976,0.23990522628904287,0.30868260308,5.0,38.420691998908296,True,True
6.732,51.02439877920324,-104.69721423385695,-0.635687041792683,4.676427110828095,51.051152,-104.281888,5.0,9188,0.9476072607260726,-0.35557457457508035,0.22994367301578222,0.32138349621,5.0,32.896319000428775,True,True
6.784,51.1527851755376,-104.79088638064006,-0.6250446983892646,4.673226323910278,51.189405,-104.34255999999999,5.0,9189,0.9477103960396039,-0.3911606811711764,0.22268388428351837,0.32600901817,5.0,34.411495998938335,True,True
6.83,51.41290721040784,-104.97393599380251,-0.5997291605745879,4.702834699426802,51.466529,-104.463563,5.0,9191,0.9479166666666666,-0.4582611718048252,0.2031378989771193,0.32990257054,5.0,30.885403997672256,True,True
6.881,51.544382486513626,-105.06254647605982,-0.5854019039089128,4.650639704776614,51.605824,-104.52401,5.0,9192,0.948019801980198,-0.4895404561842052,0.1918131437035031,0.32938420629,5.0,31.81738900093478,True,True
6.931,51.80966883783852,-105.2320493660415,-0.5511664499782898,4.588557394769497,51.884506,-104.643539,5.0,9194,0.9482260726072608,-0.5462373465929158,0.16583604726797363,0.32368142768,5.0,31.15924600206199,True,True
6.9879999999999995,51.943476281941045,-105.31260013603192,-0.5300909980949579,4.593381597861628,52.023782000000004,-104.702816,5.0,9195,0.9483292079207921,-0.5708209883221508,0.14917830103717566,0.37844588925,5.0,38.41844799899263,True,True
7.042,52.215139784641046,-105.46520497121226,-0.4890961688650103,4.58016800755081,52.301076,-104.820095,5.0,9197,0.9485354785478548,-0.6121572301548047,0.11325905021556038,0.34019383559,5.0,42.254498999682255,True,True
7.085,52.353463772259836,-105.53677029866039,-0.46606396651473037,4.581870134622234,52.440711,-104.878518,5.0,9198,0.9486386138613861,-0.6283187490284777,0.0936658835551869,0.31959619206,5.0,35.11327900196193,True,True
7.143,52.634654202643674,-105.66981551837574,-0.4166352536950243,4.570413005183959,52.720797999999995,-104.994607,5.0,9200,0.9488448844884488,-0.6511388007097797,0.05204986294128222,0.27623608826,5.0,43.35066199928406,True,True
7.184,52.77761289753968,-105.73097541583586,-0.39118374971607256,4.5811856556468085,52.86124,-105.052109,5.0,9201,0.9489480198019802,-0.6575664251844809,0.0293937712020913,0.25289611671,5.0,34.86755899939453,True,True
7.24,53.067231116369285,-105.84325318492566,-0.3405783192107246,4.5909780292711915,53.001959,-105.109274,5.0,9202,0.9490511551155115,-0.6604981442630319,0.006774017163595936,0.22917212113,5.0,41.03277199828881,True,True
7.285,53.21548695882608,-105.89444664958987,-0.3152423890245251,4.663970478989469,53.283274,-105.22233999999999,5.0,9204,0.9492574257425742,-0.6567372038586273,-0.04039916204937333,0.18217759324,5.0,35.977577997982735,True,True
7.33,53.36554006392553,-105.94144203740807,-0.2923754163671072,4.60383370817167,53.424622,-105.278893,5.0,9205,0.9493605610561056,-0.6492373232743411,-0.06473107998944805,0.15926365324,5.0,30.138635000184877,True,True
7.379,53.66881827570312,-106.0256130103071,-0.2504914764915061,4.646696129534129,53.705829,-105.39086499999999,5.0,9207,0.9495668316831684,-0.6221940709266391,-0.10669158010389612,0.11927060495,5.0,29.17559300112771,True,True
7.43,53.82239302367173,-106.06342401150403,-0.23199330900004297,4.662953159834316,53.846776,-105.446554,5.0,9208,0.9496699669966997,-0.6040419485639336,-0.12469278565421593,0.10005672303,5.0,30.661745000543306,True,True
7.479,54.132939874481906,-106.13144869178943,-0.19979668551149515,4.691009653750685,54.12935600000001,-105.55719099999999,5.0,9210,0.9498762376237624,-0.559799972635776,-0.15618843148466466,0.069441927489,5.0,29.12222200029646,True,True
7.532,54.289875655463035,-106.16212314111563,-0.1861554390769851,4.701845967717064,54.2709,-105.61219399999999,5.0,9211,0.9499793729372937,-0.5340764771805094,-0.16990256192144582,0.055938396896,5.0,32.82351199959521,True,True
7.579,54.60533683180808,-106.21784136097922,-0.16479667839064505,4.722535628046176,54.555096999999996,-105.721718,5.0,9213,0.9501856435643564,-0.4766995437494571,-0.19070481746648715,0.036024261887,5.0,29.625405000842875,True,True
7.629,54.764087407883075,-106.24345878522645,-0.15526071283564938,4.726626033258784,54.697224,-105.775851,5.0,9214,0.9502887788778878,-0.44589446992611753,-0.1981031672414728,0.028546877328,5.0,29.1821249993518,True,True
7.68,55.08097623715185,-106.29079240490853,-0.14122384571817764,4.7338235150257715,55.122814,-105.936311,5.0,9217,0.9505981848184818,-0.3872379264499649,-0.21045918493901938,0.015765190398,5.0,30.32548500050325,True,True
7.728,55.24053734883105,-106.3131130959968,-0.13693076981253152,4.741756579590838,55.265268999999996,-105.989301,5.0,9218,0.9507013201320133,-0.35335660411533687,-0.21403644437159475,0.0099583592599,5.0,28.359455001918832,True,True
7.7780000000000005,55.40039323530742,-106.33481835910186,-0.13306489680794162,4.747586782104113,55.551054,-106.09468999999999,5.0,9220,0.9509075907590759,-0.28347891431764716,-0.21773532920552796,0.0054013884243,5.0,28.979123999306466,True,True
7.83,55.7212499574388,-106.3766655313328,-0.12683881344861767,4.763151259201071,55.694325,-106.146892,5.0,9221,0.9510107260726073,-0.24815174226586728,-0.21852805513276197,0.0037101590459,5.0,30.97248699850752,True,True
7.879,55.881711245001476,-106.39712477873707,-0.1251145580620596,4.714970376609678,55.981609999999996,-106.250358,5.0,9223,0.95121699669967,-0.17753942827188424,-0.21895738362633876,0.001646585537,5.0,29.149453999707475,True,True
7.929,56.20306830198344,-106.43658328135889,-0.1228854023207069,4.771295828445907,56.125011,-106.30166799999999,5.0,9224,0.9513201320132013,-0.1418215167475649,-0.2192175624356696,0.0010824469297,5.0,29.624292998050805,True,True
7.981999999999999,56.36448640751387,-106.45664267086003,-0.12335100840853302,4.76550759371745,56.41298199999999,-106.403924,5.0,9226,0.951526402640264,-0.07163156251142426,-0.21735398828905028,0.006142551881,5.0,32.009167996875476,True,True
8.031,56.68583793512695,-106.49595680563057,-0.12538316152143536,4.766032171161263,56.55653,-106.454756,5.0,9227,0.9516295379537953,-0.03788230943654368,-0.21601260736224814,0.0079169429158,5.0,31.593048999638995,True,True
8.084,56.84665977041179,-106.51636850803948,-0.12684153720360494,4.769351321844241,56.700078000000005,-106.50523799999999,5.0,9228,0.9517326732673267,0.016997647381677826,-0.21171985710149466,0.012463271436,5.0,34.12546000254224,True,True
8.129,57.16851545379953,-106.55770120229087,-0.1274846514266059,4.780924053162827,56.987609,-106.60543999999999,5.0,9230,0.9519389438943895,0.07127404417264986,-0.20662118147614805,0.017483588355,5.0,29.465915999026038,True,True
8.18,57.329807750892755,-106.57844313509761,-0.12746611123607013,4.786123633705987,57.131562,-106.65535,5.0,9231,0.9520420792079208,0.10436106311105271,-0.2054228313377333,0.020971645037,5.0,30.64521399937803,True,True
8.23,57.653137244034056,-106.62015846257202,-0.1274660531441846,4.787268217150017,57.420364,-106.754792,5.0,9233,0.9522483498349835,0.1699905776752567,-0.2018440930221468,-0.0046475582939,5.0,30.711537998286076,True,True
8.284,57.81462027612541,-106.64069894949728,-0.12629432935943805,4.79271867023218,57.564903,-106.80394,5.0,9234,0.9523514851485149,0.20234786445919575,-0.19918191362263293,-0.020371842494,5.0,34.33097399829421,True,True
8.332,58.13768600576534,-106.68059483553695,-0.12482794703082228,4.788685826113837,57.854475,-106.90143300000001,5.0,9236,0.9525577557755776,0.2663100480662723,-0.19648242121824477,-0.088986779671,5.0,33.00862899777712,True,True
8.391,58.460611918421016,-106.72116207617549,-0.12599906966597402,4.795068783929745,57.998993999999996,-106.94944199999999,5.0,9237,0.9526608910891089,0.2989332295005071,-0.19666968497256576,-0.12456979722,5.0,41.37525300029665,True,True
8.442,58.622414277290765,-106.74172559270946,-0.12681926165305274,4.79908073636547,58.287901,-107.045027,5.0,9239,0.9528671617161716,0.3614462996411891,-0.18995344696286987,-0.26605019383,5.0,42.76819000006071,True,True
8.491,58.78436430891489,-106.76254192760324,-0.12878178355822292,4.80371549313101,58.433351,-107.09244199999999,5.0,9240,0.9529702970297029,0.39190270568761704,-0.1873186685267254,-0.27352499116,5.0,41.808673999184975,True,True
8.536,59.10823284627863,-106.80616178556676,-0.13928616423885565,4.809354243801383,58.871254,-107.23312299999999,5.0,9243,0.9532797029702971,0.4554192710138852,-0.1743567028669064,-0.37347210548,5.0,36.76716500194743,True,True
8.583,59.2696171861162,-106.82933612419122,-0.14681307135760402,4.7907154522544895,59.01763199999999,-107.27949199999999,5.0,9244,0.9533828382838284,0.48192323583929414,-0.16668212570942798,-0.36726982285,5.0,34.02499200092279,True,True
8.634,59.593618577713656,-106.87970011918252,-0.16591872557003673,4.826759574565041,59.309996,-107.371375,5.0,9246,0.9535891089108911,0.5319234227941435,-0.1474378859808998,-0.34832794409,5.0,34.62549600226339,True,True
8.687,59.753869420738056,-106.90708109624046,-0.1770004264525518,4.75726580942861,59.456759,-107.41722,5.0,9247,0.9536922442244224,0.5546694207237346,-0.1358262000856003,-0.33619372442,5.0,37.986737999744946,True,True
8.735,60.072871463757465,-106.96938491010681,-0.21097449059381393,4.78499747758258,59.74874200000001,-107.507447,5.0,9249,0.9538985148514851,0.5940257008772031,-0.10525198886507248,-0.30662195792,5.0,35.49678700073855,True,True
8.784,60.23166040414003,-107.00498024572093,-0.229883274835323,4.78566236094391,59.894897,-107.552225,5.0,9250,0.9540016501650165,0.6094074828359642,-0.08627668951702905,-0.28752419031,5.0,34.8432339997089,True,True
8.831,60.389604028239866,-107.04361534151046,-0.2501904865902059,4.78598933281758,60.187445,-107.641879,5.0,9252,0.9542079207920792,0.6312278169654403,-0.04692599026379041,-0.24345810768,5.0,31.97771900158841,True,True
8.882,60.70336962438389,-107.13092791955118,-0.2931272611498264,4.827134446205521,60.333895,-107.686652,5.0,9253,0.9543110561056105,0.6371214069256553,-0.02506621772362072,-0.22001098213,5.0,32.585927001491655,True,True
8.931,60.85904213882097,-107.17965079993027,-0.31427808329938023,4.791221293376532,60.480851,-107.73146299999999,5.0,9254,0.954414191419142,0.6392318450353554,-0.0016326972963685016,-0.19556542144,5.0,31.441244998859474,True,True
8.983,61.16697336172077,-107.28628356837767,-0.35662636470486536,4.771368601251898,60.774347,-107.819901,5.0,9256,0.9546204620462047,0.6321873679166979,0.044880717757121324,-0.14848573238,5.0,33.17616200001794,True,True
9.03,61.31894323452308,-107.34401440133557,-0.3777988369697445,4.783429051464934,60.92109,-107.86375600000001,5.0,9257,0.954723597359736,0.6236311885380129,0.06669806673058121,-0.12633222217,5.0,30.65094499834231,True,True
9.079,61.619803818969544,-107.47073787248966,-0.417471833434631,4.816709712229461,61.36009,-107.99369899999999,5.0,9260,0.95503300330033,0.5980569076680385,0.11475533839589147,-0.080997134823,5.0,29.55680599916377,True,True
9.129,61.76909644877273,-107.53850340106568,-0.4343067545362455,4.827428421027091,61.50733,-108.036546,5.0,9261,0.9551361386138614,0.5768788409279255,0.13563223465433483,-0.058650682673,5.0,29.959659997985,True,True
9.179,62.06544283863948,-107.68131633869405,-0.46299637611456407,4.847890459748344,61.802424,-108.121163,5.0,9263,0.9553424092409241,0.5251429640067776,0.17273292014140074,-0.023023085527,5.0,30.012940002052346,True,True
9.231,62.21265258349877,-107.75581984795274,-0.4744884122147163,4.858397045822345,61.950255000000006,-108.16296799999999,5.0,9264,0.9554455445544554,0.4952338447735684,0.1879641730215882,-0.0090277236594,5.0,31.804312999156537,True,True
9.277,62.504750425646,-107.90848421901008,-0.4930602002347714,4.838510510816177,62.245495999999996,-108.245798,5.0,9266,0.9556518151815182,0.42916800197254235,0.21332510375718172,0.013799730178,5.0,27.5301310030045,True,True
9.328,62.649895966903806,-107.98701721629912,-0.5001426245598688,4.856866207742903,62.39325,-108.286445,5.0,9267,0.9557549504950495,0.3940267982823478,0.22229341945386727,0.025482383727,5.0,28.843801002949476,True,True
9.38,62.93918766979695,-108.1472523753821,-0.5102732132103079,4.861590585518407,62.6888,-108.368407,5.0,9269,0.9559612211221122,0.31880153886164164,0.2391281140680901,0.041668619447,5.0,30.89049299887847,True,True
9.43,63.08331070965422,-108.22828175137292,-0.513859231850782,4.864201895098032,62.836454,-108.408542,5.0,9270,0.9560643564356436,0.27903163563005895,0.2457808218111297,0.046663769471,5.0,31.079878001037287,True,True
9.48,63.37126841348964,-108.39126421804106,-0.5155039363582716,4.867333795393524,63.131933999999994,-108.488133,5.0,9272,0.9562706270627063,0.19706157502045762,0.25268609854670254,0.055738966106,5.0,30.8069759994396,True,True
9.53,63.515532524428565,-108.47278558593649,-0.5143610637437436,4.912191425273386,63.279804000000006,-108.527868,5.0,9273,0.9563737623762376,0.15563777914362673,0.25319699412471897,0.058547295957,5.0,30.806135000602808,True,True
9.578,63.66050795912653,-108.55465437189191,-0.5125282348482761,4.859686316823369,63.576264,-108.60692399999999,5.0,9275,0.9565800330033003,0.0719781315124444,0.254389928579577,0.060769089892,5.0,28.96519799833186,True,True
9.632,63.9482977267682,-108.71545858055622,-0.506856421741005,4.836442415406443,63.724658999999996,-108.64595200000001,5.0,9276,0.9566831683168316,0.030284870850864704,0.25380440873754573,0.060802345946,5.0,32.51917199668242,True,True
9.682,64.09263310959302,-108.79485528485303,-0.4993559315722843,4.848362449392264,64.16766700000001,-108.76123500000001,5.0,9279,0.9569925742574258,-0.08222170189922665,0.24654158324654274,0.067916502992,5.0,32.85584200057201,True,True
9.75,64.38223131493706,-108.95115415371586,-0.4901175168579402,4.851095117300977,64.315908,-108.79929399999999,5.0,9280,0.9570957095709571,-0.10819273509203216,0.24347138691717962,0.25688556777,5.0,50.56456699821865,True,True
9.795,64.6744814318489,-109.1046709470939,-0.4774496732821431,4.860547855831712,64.464488,-108.837055,5.0,9281,0.9571988448844885,-0.14065837734105577,0.24260038669548845,0.25727875997,5.0,44.68729300060659,True,True
9.835,64.82156825995405,-109.18006999422239,-0.4697914348355114,4.86180795331821,64.762231,-108.91145700000001,5.0,9283,0.9574051155115512,-0.21220654104504147,0.2351300385648889,0.27945112021,5.0,35.954514001787174,True,True
9.883,64.96936117641299,-109.25420553164624,-0.46018579839689017,4.864754224209563,64.911397,-108.948127,5.0,9284,0.9575082508250825,-0.2487302858662194,0.22993964059968652,0.28554214515,5.0,33.849351999378996,True,True
9.932,65.26538029700885,-109.39742686840168,-0.4359781233232619,4.874959887429023,65.20961199999999,-109.020549,5.0,9286,0.9577145214521452,-0.31983763427866596,0.21220349134771643,0.29288406726,5.0,32.760173999122344,True,True
9.984,65.41588208072797,-109.46602909404348,-0.42114860652805336,4.844579156932697,65.358824,-109.056634,5.0,9287,0.9578176567656765,-0.35337162418924095,0.1988190904204834,0.29290695065,5.0,34.319151996896835,True,True
10.03,65.71870172973426,-109.5958899056042,-0.3872998577718329,4.826235745387951,65.65724300000001,-109.128262,5.0,9289,0.9580239273927392,-0.4141053572100761,0.17188738320405594,0.28837077624,5.0,30.93775200250093,True,True
10.083,65.87109499090526,-109.65625398785751,-0.3673553268120235,4.819671197450257,65.80604,-109.16335,5.0,9290,0.9581270627062707,-0.4410826135467424,0.15733860286474632,0.28360789134,5.0,33.51899400149705,True,True
10.132,66.17879303773213,-109.76739806679021,-0.32488050158993653,4.801855631482311,66.10409200000001,-109.232267,5.0,9292,0.9583333333333334,-0.48684370882801775,0.12138615940794395,0.26696940995,5.0,32.214792001468595,True,True
10.183,66.33448141511784,-109.81805213334604,-0.3019317281912121,4.79758005534986,66.253249,-109.26638999999999,5.0,9293,0.9584364686468647,-0.5050018077739774,0.1000635984210283,0.25574852371,5.0,33.63486099988222,True,True
10.233,66.6471474120926,-109.90752972980626,-0.2547749773138019,4.781363425010951,66.552311,-109.33466100000001,5.0,9295,0.9586427392739274,-0.5307208999573905,0.05573937668863316,0.22821259544,5.0,33.98359399943729,True,True
10.288,66.80483227031925,-109.94663960512679,-0.23132458093957536,4.781087925856662,66.70160899999999,-109.368261,5.0,9296,0.9587458745874587,-0.5382191048990099,0.03458354494224203,0.21216986573,5.0,38.21497500030091,True,True
10.335,67.12120489144492,-110.01414211111225,-0.18489136809761192,4.73834281153429,67.149777,-109.46723300000001,5.0,9299,0.9590552805280528,-0.5475217708159159,-0.009186099008176907,0.21541020624,5.0,35.15375499773654,True,True
10.382,67.28093038098639,-110.04400318145582,-0.1625085728280879,4.787793539661912,67.297758,-109.500147,5.0,9300,0.9591584158415841,-0.5434721468371297,-0.03087373009500105,0.19336000921,5.0,32.531425000343006,True,True
10.43,67.44179411798027,-110.06862559206756,-0.1409128862635987,4.783568269823147,67.597082,-109.564622,5.0,9302,0.9593646864686468,-0.5273840603575165,-0.06935220901435457,0.15352886467,5.0,30.247658996813698,True,True
10.482,67.76483417884005,-110.10705544807007,-0.09502096550130268,4.7915151992344684,67.74701800000001,-109.59640900000001,5.0,9303,0.9594678217821783,-0.5138635715914585,-0.08919405786133439,0.13264031312,5.0,32.241371998679824,True,True
10.529,67.92723239915593,-110.12131185025213,-0.0753327461316902,4.816051778385307,68.047483,-109.658879,5.0,9305,0.959674092409241,-0.4778120425393941,-0.12827908625550188,0.091407361243,5.0,29.224063000583556,True,True
10.577,68.25513088073507,-110.14088754946565,-0.04477458311097888,4.836063774700876,68.197469,-109.689777,5.0,9306,0.9597772277227723,-0.4551951593730187,-0.14291849162489445,0.076015204052,5.0,27.87375499974587,True,True
10.628,68.41941752877551,-110.14753708012893,-0.029971260000799905,4.880422040962359,68.347764,-109.72062199999999,5.0,9307,0.9598803630363036,-0.4303533743941356,-0.15721605250846782,0.062476053311,5.0,28.30874899882474,True,True
10.679,68.74879046660989,-110.15325775778847,-0.0039008316422141677,4.838063409502107,68.648651,-109.78191899999999,5.0,9309,0.9600866336633663,-0.3751873443961386,-0.18334580503465636,0.037698881853,5.0,29.779702999803703,True,True
10.728,68.91335645473121,-110.1529833283079,0.006933828322345263,4.842177491705957,68.798549,-109.811968,5.0,9310,0.9601897689768977,-0.34444897923568313,-0.19292270018685542,0.027321971285,5.0,28.203091002069414,True,True
10.778,69.24275990808871,-110.14756075891115,0.025065089587735283,4.851246200100227,69.098617,-109.871241,5.0,9312,0.9603960396039604,-0.2785021061389381,-0.21068323669970823,0.0078866416949,5.0,28.562424002302578,True,True
10.83,69.40762505470423,-110.14293975391227,0.03094318913462669,4.854443153158838,69.248704,-109.90062900000001,5.0,9313,0.9604991749174917,-0.2434717658148899,-0.21842998471551578,0.0015722177247,5.0,30.152039998938562,True,True
10.879,69.73781933334323,-110.13106429648549,0.04022834784157126,4.857367502835627,69.549418,-109.95949099999999,5.0,9315,0.9607054455445545,-0.1702752233643144,-0.227967951077388,-0.0037122591292,5.0,29.235194000648335,True,True
10.931,69.90276120039604,-110.12404717559878,0.044442034504858036,4.858436581390161,69.69989100000001,-109.988469,5.0,9316,0.9608085808580858,-0.13297971608767434,-0.22946629408903974,-0.0054374421647,5.0,31.09818200027803,True,True
10.98,70.23232904908484,-110.10896017516114,0.04727699337938517,4.846418045732292,70.15134300000001,-110.073774,5.0,9319,0.9611179867986799,-0.09354767788167528,-0.2319679981649272,-0.0089005407651,5.0,30.050960998778464,True,True
11.033,70.39676447699492,-110.10119478375984,0.04543886694932398,4.814971208837333,70.30065400000001,-110.10164499999999,5.0,9320,0.9612211221122112,-0.0687154328022363,-0.2319445086074552,-0.0076152057627,5.0,33.79448999839951,True,True
11.081,70.72598381342118,-110.08584823317697,0.04661280382984192,4.851178533789805,70.601077,-110.157183,5.0,9322,0.9614273927392739,0.07505708540921813,-0.2262808636246123,-0.035170827994,5.0,31.190965997666353,True,True
11.131,70.89077803771642,-110.07825549493458,0.04552269122132808,4.852879646699786,70.751914,-110.184358,5.0,9323,0.9615305280528053,0.10186534609738356,-0.22353466216014573,-0.047969888816,5.0,31.45539000252029,True,True
11.196,71.22042505228714,-110.0637986588726,0.042104696034331465,4.827915408237315,71.054142,-110.23768500000001,5.0,9325,0.9617367986798679,0.1668608783424239,-0.21729880612222097,-0.22786727105,5.0,46.52945199995884,True,True
11.236,71.3852116106758,-110.05728356697543,0.0356182911976564,4.850006826781907,71.205404,-110.26396499999998,5.0,9326,0.9618399339933993,0.2007291611404226,-0.2137148087865235,-0.23516317063,5.0,36.66542499922798,True,True
11.284,71.7156572664569,-110.04754484055525,0.024056908379448082,4.854130591068353,71.50738100000001,-110.316194,5.0,9328,0.9620462046204621,0.267743747314152,-0.19926867529805614,-0.24230998243,5.0,34.34736399867688,True,True
11.336,71.87998286718405,-110.04324639760151,0.01870119784229032,4.841895872647843,71.65825600000001,-110.34181699999999,5.0,9329,0.9621493399339934,0.29972778201132383,-0.19220399486035733,-0.2461584928,5.0,36.518127999443095,True,True
11.385,72.20927182728511,-110.03984629714114,0.0012156303983536785,4.843223990403903,71.96078,-110.39264399999999,5.0,9331,0.9623556105610561,0.3607823559419046,-0.17427817332147555,-0.25078231264,5.0,35.61086000263458,True,True
11.435,72.37382794783615,-110.04048303252121,-0.009068765204498721,4.8356076018817875,72.11166700000001,-110.417396,5.0,9332,0.9624587458745875,0.3883048908402519,-0.1628916385119119,-0.25019853628,5.0,35.11408000122174,True,True
11.488,72.70224014055022,-110.04768128112599,-0.03490210700314522,4.827686488093351,72.262614,-110.441873,5.0,9333,0.9625618811881188,0.41396018246387284,-0.15107742982856598,-0.24835242383,5.0,38.33821599982912,True,True
11.544,72.8663903980048,-110.05471318491284,-0.04977577608848084,4.830454705731406,72.56457900000001,-110.49043300000001,5.0,9335,0.9627681518151815,0.4589607436171399,-0.12426170479215815,-0.23834189889,5.0,44.36848499972257,True,True
11.592,73.19233744592738,-110.07610788792198,-0.08374973257313185,4.8394947280490825,72.716151,-110.514733,5.0,9336,0.9628712871287128,0.47785999083462394,-0.10825702527802772,-0.23060124522,5.0,42.26441599894315,True,True
11.635,73.35511891402035,-110.09124396914994,-0.10214579679233209,4.791419047732684,73.16971600000001,-110.585582,5.0,9339,0.963180693069307,0.5099760785502945,-0.06862577768847755,-0.26224143609,5.0,35.939474997576326,True,True
11.682,73.51532092511002,-110.10869813684329,-0.12251775221476861,4.716727052932651,73.32096800000001,-110.608709,5.0,9340,0.9632838283828383,0.5185907279166108,-0.049587380902135436,-0.24245326285,5.0,32.96768099971814,True,True
11.731,73.83628263027855,-110.15279300393101,-0.1641652086166131,4.762159073914105,73.621654,-110.654417,5.0,9342,0.963490099009901,0.5292978555098146,-0.0048225879962213725,-0.19843250658,5.0,31.194392002362292,True,True
11.779,73.99573114081355,-110.18100441413453,-0.18660243083980918,4.757539183294837,73.773165,-110.676736,5.0,9343,0.9635932343234324,0.5277310852903537,0.019180262491983235,-0.17511231602,5.0,29.781506000290392,True,True
11.83,74.31181947196164,-110.24853054071203,-0.2357098817375573,4.75294722802803,74.076684,-110.72027299999999,5.0,9345,0.963799504950495,0.5132835618124415,0.07047584629352999,-0.12574218568,5.0,30.257818001700798,True,True
11.878,74.46907894270628,-110.28820906393362,-0.25860697908877467,4.784925016131977,74.22868299999999,-110.74151200000001,5.0,9346,0.9639026402640264,0.4997265760867883,0.09745102277239814,-0.099926493268,5.0,28.982850999454968,True,True
11.93,74.78233916220512,-110.37575682175483,-0.2988630386148538,4.788567569922988,74.532358,-110.783239,5.0,9348,0.9641089108910891,0.46030777112477866,0.14323782889115444,-0.056671064762,5.0,30.481837999104755,True,True
11.98,74.93793511008879,-110.42463928426774,-0.31454456723278135,4.807703480135075,74.684057,-110.803828,5.0,9349,0.9642120462046204,0.4373560963523258,0.16451470492884201,-0.034461280891,5.0,31.000267998024356,True,True
12.028,75.0935506034393,-110.47652203110167,-0.3281046799650051,4.817451217639737,74.988574,-110.844349,5.0,9351,0.9644183168316832,0.37826921891089454,0.1982666655691938,-0.0018877850329,5.0,28.126498000347055,True,True
12.078,75.40237071342361,-110.58581983738817,-0.35102411909091263,4.825378895532892,75.140232,-110.864006,5.0,9352,0.9645214521452146,0.3447393101486522,0.21203919322100084,0.011387121884,5.0,28.604363000340527,True,True
12.128,75.55633085910712,-110.64298049162493,-0.35954190627683524,4.834443568678456,75.595388,-110.921924,5.0,9355,0.9648308580858086,0.28166458975051145,0.23338189173257406,0.034719867206,5.0,28.78924800097593,True,True
12.179,75.86353408447542,-110.76072980743427,-0.37129923434325374,4.845756376985555,75.74720400000001,-110.94118999999999,5.0,9356,0.9649339933993399,0.24267755668823623,0.24038091573972808,0.043796869112,5.0,29.509977997804526,True,True
12.228,76.01808984124258,-110.82122266023588,-0.37438208966736897,4.866975889949719,76.05139,-110.979068,5.0,9358,0.9651402640264026,0.16131971937280398,0.25237134036886033,0.056553185757,5.0,28.271749997657025,True,True
12.279,76.32426695506926,-110.94205285579663,-0.37544588052769456,4.843451715387842,76.20349300000001,-110.997607,5.0,9359,0.965243399339934,0.12039452757443819,0.25542903190426847,0.059579363588,5.0,29.957304999697953,True,True
12.332,76.47691959302402,-111.00177675881932,-0.3721991308264235,4.8336156535949755,76.355467,-111.015904,5.0,9360,0.9653465346534653,0.08017128104145435,0.2561299411052649,0.059657701378,5.0,32.25740200286964,True,True
12.383,76.78340605214146,-111.11949366771711,-0.36254259756683277,4.836590195672561,76.657616,-111.052174,5.0,9362,0.965552805280528,-0.02870496948864808,0.24782127154355393,0.052756301532,5.0,33.196419000887545,True,True
12.431000000000001,76.93741335658983,-111.17747347338752,-0.357167707039836,4.841513281531766,76.809632,-111.06999099999999,5.0,9363,0.9656559405940595,-0.05602066094032,0.24716006873499063,0.051915042055,5.0,31.547783997666556,True,True
12.482,77.24692571341141,-111.29100506119968,-0.3461718755075592,4.853060656063112,77.11431,-111.104497,5.0,9365,0.9658622112211221,-0.13203277168686692,0.2412761728859305,0.085071550393,5.0,32.26115799770923,True,True
12.531,77.402389098356,-111.34658661239664,-0.34069211773123387,4.858320603441449,77.266901,-111.12123100000001,5.0,9366,0.9659653465346535,-0.1709451488943962,0.23778248183656858,0.10258717286,5.0,31.19929099921137,True,True
12.588,77.71265123686939,-111.45475471456402,-0.3279457769156978,4.85592205244975,77.57195,-111.153985,5.0,9368,0.9661716171617162,-0.24755722179854187,0.2284418763649807,0.23773230352,5.0,39.43441800220171,True,True
12.636,77.86956389246974,-111.50734455178565,-0.320502095602387,4.889723919858424,77.724595,-111.170276,5.0,9369,0.9662747524752475,-0.28415398774395906,0.22201289941096025,0.2912750746,5.0,36.52799699921161,True,True
12.681000000000001,78.18423377570663,-111.60900981238426,-0.30238330115075523,4.876127890796707,78.030235,-111.202183,5.0,9371,0.9664810231023102,-0.35518450062494517,0.21101692044124576,0.30169178217,5.0,32.06861899889191,True,True
12.733,78.3419954863538,-111.65730232001495,-0.29146638544740344,4.844857502450128,78.182783,-111.217468,5.0,9372,0.9665841584158416,-0.3895224695983878,0.20346626616878805,0.30495963521,5.0,33.21479399892269,True,True
12.782,78.65890885542946,-111.74723873569653,-0.26131693841687464,4.848034180467549,78.48733399999999,-111.24721799999999,5.0,9374,0.9667904290429042,-0.4528912232904288,0.18024120030929236,0.30526971505,5.0,32.459539997944376,True,True
12.832,78.81867526317397,-111.7887064466706,-0.24443681116546306,4.883534221194891,78.639606,-111.26194299999999,5.0,9375,0.9668935643564357,-0.4811429995111526,0.16460059289991325,0.30237175306,5.0,32.46933899936266,True,True
12.887,79.13944322792283,-111.86275955590135,-0.20773152642942186,4.821235945825486,79.097081,-111.30609799999999,5.0,9378,0.9672029702970297,-0.5343550749892131,0.13360922378701945,0.35569335402,5.0,37.41124999942258,True,True
12.934,79.30002235116194,-111.8947774199458,-0.18573608037547246,4.820448151354098,79.249835,-111.320299,5.0,9379,0.9673061056105611,-0.5535790802145018,0.1155208892583075,0.33815411543,5.0,34.45375400042394,True,True
12.985,79.62244621301265,-111.94752683669272,-0.1369931331814053,4.765825453901477,79.55481400000001,-111.348129,5.0,9381,0.9675123762376238,-0.5826362397693986,0.07321622354976043,0.294929415,5.0,35.77985700030695,True,True
13.036,79.78263213393426,-111.96916344212593,-0.10877770575048354,4.771065834159648,79.707127,-111.36164199999999,5.0,9382,0.9676155115511551,-0.591972868931728,0.046932510739377875,0.2703127237,5.0,36.23888500078465,True,True
13.086,80.10713658649685,-111.99746387914433,-0.05359981878282702,4.78648073518247,80.010811,-111.388676,5.0,9384,0.9678217821782178,-0.6014066901451799,-0.003672840509339359,0.22008961584,5.0,36.20657400097116,True,True
13.13,80.26986884355982,-112.00392141686122,-0.025154161997078674,4.795310223522323,80.16369399999999,-111.401604,5.0,9385,0.9679249174917491,-0.5985379992916561,-0.0296052563670397,0.19416847442,5.0,30.32630599773256,True,True
13.179,80.43319158934649,-112.00615661161282,0.0006336325059852762,4.782499783309671,80.316731,-111.414189,5.0,9386,0.9680280528052805,-0.5915912909564842,-0.05582332583592997,0.16728210167,5.0,29.98506800213363,True,True
13.23,80.76114883995722,-111.99867731718857,0.04756931377262854,4.844486871382761,80.623203,-111.438456,5.0,9388,0.9682343234323433,-0.5664998149444869,-0.10234218611010482,0.11853285829,5.0,30.446811997535406,True,True
13.279,80.92559760540637,-111.98947207233151,0.06863795932611912,4.850890063637552,80.776053,-111.45029,5.0,9389,0.9683374587458746,-0.5479101805984339,-0.12468000496807274,0.095753632457,5.0,29.41498899963335,True,True
13.327,81.2557120202512,-111.9609568343313,0.10531091940458888,4.891372486476111,81.081964,-111.473621,5.0,9391,0.9685437293729373,-0.5015504205998167,-0.1615901799504722,0.058233956655,5.0,27.613197002210654,True,True
13.379,81.42037254322938,-111.94225031545635,0.12078776492999133,4.876992030704516,81.23609300000001,-111.484719,5.0,9392,0.9686468646864687,-0.4737109874116419,-0.1761448695708947,0.042832394888,5.0,29.927629002486356,True,True
13.428,81.74960019079354,-111.89790762487979,0.1459213853349945,4.892629186130356,81.541892,-111.50581299999999,5.0,9394,0.9688531353135313,-0.4115255886769249,-0.2013565404158979,0.016815920487,5.0,29.008418998273555,True,True
13.478,81.91406761039966,-111.8728489172277,0.1563674039507341,4.89632074196707,81.847539,-111.526123,5.0,9396,0.969059405940594,-0.3844682270952794,-0.21218492533066202,0.0063633233845,5.0,28.510505999292945,True,True
13.529,82.24300153422506,-111.81830176116407,0.17138719464695168,4.9050022482705335,82.153687,-111.54639399999999,5.0,9398,0.9692656765676567,-0.3090358101226249,-0.22977991821828425,-0.0063633121255,5.0,30.00354200048605,True,True
13.579,82.40721803537055,-111.78939973164853,0.17625149983606941,4.908226857756808,82.306567,-111.55623600000001,5.0,9399,0.9693688118811881,-0.26966466511888354,-0.2345768903092642,-0.010729629575,5.0,29.225985999801196,True,True
13.63,82.73581979802859,-111.72959800411451,0.18276467523952264,4.906998951554383,82.612711,-111.575025,5.0,9401,0.9695750825082509,-0.1893417671949179,-0.23956308401559312,-0.015644004317,5.0,30.923274000087986,True,True
13.68,82.89898765468843,-111.6990462877397,0.1843232627992775,4.904155632179808,82.765715,-111.584107,5.0,9402,0.9696782178217822,-0.14853065467827933,-0.24134329514668673,-0.017232593149,5.0,30.79394100132049,True,True
13.732,83.22615412346775,-111.63803180205282,0.1841970703669316,4.9021133608186975,83.069962,-111.602043,5.0,9404,0.9698844884488449,-0.06678997486251029,-0.24238173985074818,-0.017273619826,5.0,32.211685000220314,True,True
13.78,83.39013346213291,-111.60759912272998,0.18291789825823243,4.90837176475991,83.22315400000001,-111.61038899999998,5.0,9405,0.9699876237623762,-0.027448694707661894,-0.23750100276097186,-0.012319937353,5.0,30.91510800004471,True,True
13.832,83.71849978583181,-111.5473803987366,0.1805060488201699,4.864329059852356,83.529963,-111.62606299999999,5.0,9407,0.9701938943894389,0.049830687949340556,-0.23041924229062705,-0.00549645046,5.0,32.65819200169062,True,True
13.881,83.88220351236605,-111.51710547738817,0.18097036601391023,4.9074169331622,83.683561,-111.633389,5.0,9408,0.9702970297029703,0.08753735122773333,-0.22754822420476417,-0.002814453892,5.0,31.438459001947194,True,True
13.93,84.04643510978734,-111.48700957677708,0.1808910424478043,4.91145685239958,83.990526,-111.64733899999999,5.0,9410,0.970503300330033,0.16260468310961285,-0.22479847059665392,-0.0036528785108,5.0,30.596471999160713,True,True
13.978,84.37525338718868,-111.42694510012065,0.17860086513716752,4.885883182292073,84.14386999999999,-111.654,5.0,9411,0.9706064356435643,0.19972747780944913,-0.22380065712739583,-0.003287248497,5.0,28.77314799843589,True,True
14.03,84.53817647462729,-111.39704544614989,0.1771333939284283,4.840344692938093,84.297184,-111.660679,5.0,9412,0.9707095709570958,0.23663180258936028,-0.220087056871487,-0.006466771676,5.0,30.60017900133971,True,True
14.083,84.86394102468894,-111.33850921853008,0.17630890030829685,4.878059629414018,84.756338,-111.67751299999999,5.0,9415,0.9710189768976898,0.31477302557224013,-0.2104578253881897,-0.26846918153,5.0,33.95128199917963,True,True
14.131,85.02725486373744,-111.30947583411533,0.17554683274728955,4.879782689304834,84.908548,-111.68236200000001,5.0,9416,0.9711221122112211,0.3467340732766414,-0.2080568156194822,-0.27712300215,5.0,31.198339002003195,True,True
14.183,85.35423867468901,-111.25193000892864,0.17189209389292076,4.8842633074828585,85.213443,-111.692049,5.0,9418,0.9713283828382838,0.4121121288802516,-0.20676023217685513,-0.29414427728,5.0,33.525405000546016,True,True
14.232,85.5180573388198,-111.22396507497902,0.16682704192659165,4.880011063020692,85.366049,-111.697015,5.0,9419,0.9714315181518152,0.4452416569245728,-0.20429201604672054,-0.30105939838,5.0,32.591556999250315,True,True
14.28,85.84535559301528,-111.17109726279905,0.1521501682651313,4.877062738528193,85.67090300000001,-111.70671200000001,5.0,9421,0.9716377887788779,0.5098955481423448,-0.19134508355862057,-0.30912946653,5.0,30.869662998156855,True,True
14.342,86.17117335589346,-111.12310450340937,0.13244967482216186,4.8334406347832495,85.823252,-111.71141999999999,5.0,9422,0.9717409240924092,0.5407443243889424,-0.18274345593432972,-0.3809806761,5.0,42.34639999776846,True,True
14.394,86.33370994742712,-111.09943746452291,0.11845904823092812,4.837838503944755,86.126696,-111.72018200000001,5.0,9424,0.971947194719472,0.5983244117526286,-0.16485172060165798,-0.35949603677,5.0,44.30716000206303,True,True
14.436,86.49707002677475,-111.08108328195398,0.10180695534437186,4.829920467879155,86.275121,-111.72574499999999,5.0,9425,0.9720503300330033,0.6281514140959841,-0.15723474336748255,-0.34279251905,5.0,36.62882500066189,True,True
14.485,86.82407621234064,-111.05359857033878,0.0641962985468082,4.821036388655096,86.580777,-111.736802,5.0,9427,0.972256600660066,0.6726960940733422,-0.11098605976429043,-0.30095584515,5.0,35.98779499952798,True,True
14.531,86.98770175155302,-111.04468929158982,0.043851373343810264,4.813292602736317,86.88446,-111.743609,5.0,9429,0.9724628712871287,0.6926475256964135,-0.0856677446718388,-0.2784762848,5.0,31.819372001336887,True,True
14.585,87.31482624559806,-111.03707187664628,-0.001531101563334173,4.817089429915051,87.188068,-111.74949699999999,5.0,9431,0.9726691419141914,0.7111538032396774,-0.03931139842399034,-0.23586353529,5.0,35.1504379977996,True,True
14.632,87.47860627985779,-111.03917478248903,-0.024474553868209795,4.8151494722612,87.339902,-111.75221100000002,5.0,9432,0.9727722772277227,0.7155786184689824,-0.01607575014492557,-0.2132451811,5.0,32.47943699898315,True,True
14.681000000000001,87.80491967353092,-111.05277685471081,-0.07147138174399388,4.80287605105794,87.644701,-111.756751,5.0,9434,0.9729785478547854,0.7137559761285074,0.03721100069326688,-0.16450489521,5.0,32.02249099922483,True,True
14.729,87.9678350601624,-111.06636028799657,-0.09421808022824565,4.814564575327396,87.79648399999999,-111.758147,5.0,9435,0.9730816831683168,0.7054116483919087,0.06340977798499203,-0.14040322076,5.0,29.891661997680785,True,True
14.778,88.13084305097244,-111.08355521324269,-0.11539667799713145,4.826895533086361,88.09967900000001,-111.760005,5.0,9437,0.9732879537953796,0.676578947711007,0.11055620198819183,-0.096312373308,5.0,29.03279400197789,True,True
14.828,88.45672492952963,-111.12786737776908,-0.1535724022243897,4.847318472680044,88.251175,-111.76066399999999,5.0,9438,0.9733910891089109,0.6567261266681989,0.13074976203901523,-0.075348448743,5.0,28.479076998337405,True,True
14.877,88.61948593715837,-111.15450067840526,-0.17003297669536213,4.85533266377818,88.402715,-111.76137299999999,5.0,9439,0.9734942244224423,0.6337870050274431,0.14854293001706242,-0.05316881064,5.0,27.976386998489033,True,True
14.929,88.94473560993505,-111.2151992730357,-0.1992161471369025,4.854374825256809,88.706079,-111.762992,5.0,9441,0.973700495049505,0.579529220239941,0.1809596645948992,-0.01673588445,5.0,29.134243999578757,True,True
14.981,89.1062334706915,-111.24891882548098,-0.21241954562279114,4.856046783005264,89.009344,-111.76393600000002,5.0,9443,0.9739067656765676,0.5525271392305546,0.19678105487614372,-0.00010651858726,5.0,32.01535799962585,True,True
15.03,89.42759940214528,-111.32193420356327,-0.23503109104572276,4.8683888388492615,89.312173,-111.764384,5.0,9445,0.9741130363036303,0.48237426407894934,0.22291496550905654,0.027969446933,5.0,30.32711800187826,True,True
15.078,89.58793767988432,-111.3605270644034,-0.24184078710350704,4.8678211897761114,89.462273,-111.76495200000001,5.0,9446,0.9742161716171617,0.44437262106013103,0.2338581060373004,0.040051019059,5.0,28.64696200049366,True,True
15.13,89.90906154588444,-111.44144320678124,-0.2512719153845113,4.871940873634339,89.76579699999999,-111.764133,5.0,9448,0.9744224422442245,0.3639286003347833,0.25198811349598893,0.056889313989,5.0,30.219234999094624,True,True
15.181,90.06952832331675,-111.48299667925174,-0.25497712969367325,4.877207944428434,89.917812,-111.763166,5.0,9449,0.9745255775577558,0.3218417718751027,0.25859694867736094,0.062646062942,5.0,31.326819000241812,True,True
15.228,90.39020423972813,-111.56694097424028,-0.2561400552415987,4.809499799063395,90.221899,-111.760534,5.0,9451,0.9747318481848185,0.2353672463019248,0.2668397629025887,0.068624431625,5.0,28.69489099975908,True,True
15.279,90.54893597360446,-111.6091949291329,-0.2547092868325115,4.871297727428991,90.373991,-111.758829,5.0,9452,0.9748349834983498,0.19167671514703954,0.2678239037936434,0.067748683667,5.0,29.297659999429015,True,True
15.328,90.87025334097105,-111.69151293911251,-0.2469423096921937,4.865273050270243,90.677875,-111.75511399999999,5.0,9454,0.9750412541254125,0.10388238232215186,0.2657213367279092,0.06565074462,5.0,28.906146002555033,True,True
15.38,91.03086692941395,-111.73168256766652,-0.24184696896059946,4.903612121554487,90.830848,-111.752572,5.0,9455,0.9751443894389439,0.060308621263696766,0.2646333136351635,0.063022452627,5.0,30.18356800021138,True,True
15.431000000000001,91.35274575539994,-111.80955075653988,-0.23188090385227722,4.8652092216287395,91.134842,-111.74663899999999,5.0,9457,0.9753506600660066,-0.025686146873955405,0.2582166376121364,0.055346256094,5.0,31.636658997740597,True,True
15.48,91.51386678605729,-111.84715785489429,-0.22684500189807558,4.86719513930037,91.28666899999999,-111.743394,5.0,9458,0.9754537953795379,-0.06757607618892823,0.25342462430704815,0.048944617859,5.0,30.42288599681342,True,True
15.534,91.83804681867457,-111.92032113263957,-0.21740513845006146,4.8618804947746685,91.742713,-111.73369199999999,5.0,9461,0.9757632013201321,-0.16468226650487627,0.24418243969248898,0.25603960642,5.0,34.380706998490496,True,True
15.587,91.99925978055715,-111.95569004462445,-0.21352781716680683,4.861240075190461,91.89457900000001,-111.73023700000002,5.0,9462,0.9758663366336634,-0.19831254374533158,0.24123349483475565,0.25352308397,5.0,37.88560800239793,True,True
15.632,92.16077574383364,-111.99038894239641,-0.20907750900849703,4.8620892498567345,92.198514,-111.722479,5.0,9464,0.9760726072607261,-0.27055482478292764,0.23549407318323912,0.2952434648,5.0,32.09156099910615,True,True
15.682,92.48352825151689,-112.05733714122972,-0.196295909365013,4.856706473797402,92.350379,-111.718423,5.0,9465,0.9761757425742574,-0.3071340867549358,0.23097074164319098,0.30296654523,5.0,32.19971300131874,True,True
15.731,92.64556654675319,-112.08887292109952,-0.18676728801877,4.852029078070363,92.502023,-111.71416599999999,5.0,9466,0.9762788778877888,-0.34366915470313875,0.22279913361111525,0.30899569734,5.0,32.12598599930061,True,True
15.782,92.96922507713776,-112.1461017388837,-0.16074788186782346,4.847576115810786,92.804289,-111.705878,5.0,9468,0.9764851485148515,-0.41283012830611693,0.20493325109287097,0.31358491589,5.0,32.95730199897662,True,True
15.832,93.13206447261258,-112.17131758887267,-0.1459883831874966,4.843507506331703,92.956352,-111.70091799999999,5.0,9469,0.9765882838283828,-0.44536982102683753,0.1945428452798854,0.31385065562,5.0,32.20182699806173,True,True
15.881,93.45747927603931,-112.21396256721974,-0.10841177743710635,4.820398211170006,93.260888,-111.68991399999999,5.0,9471,0.9767945544554455,-0.5049262491206034,0.16623216527879636,0.30754119082,5.0,31.52314700128045,True,True
15.933,93.62075719135169,-112.23074673190001,-0.08783215255613953,4.830473442502589,93.412987,-111.68404,5.0,9472,0.976897689768977,-0.5312891389357632,0.14795559899271415,0.30041323129,5.0,33.86358799980371,True,True
15.992,93.94782325437968,-112.25207896758512,-0.040405079605550336,4.827519431770574,93.71727299999999,-111.67160700000001,5.0,9474,0.9771039603960396,-0.5740914881698336,0.10711383845099798,0.32685944183,5.0,42.02597900075489,True,True
16.036,94.11210008735944,-112.25672792987551,-0.015494177610128706,4.860705385517281,93.869578,-111.66516299999999,5.0,9475,0.977207095709571,-0.5898970809975917,0.0845910254379687,0.30354373263,5.0,36.7688670012285,True,True
16.087,94.43922615007011,-112.25405002721477,0.034527790956363234,4.783815220182472,94.175069,-111.650732,5.0,9477,0.9774133663366337,-0.6109489812334586,0.04099390268887193,0.25752092577,5.0,37.4456139979884,True,True
16.133,94.60134751355437,-112.24608880179817,0.0638314592018917,4.781635302995833,94.478998,-111.635433,5.0,9479,0.9776196369636964,-0.6198942058181239,0.01647557882458006,0.23147027002,5.0,33.341971997288056,True,True
16.18,94.92650672134927,-112.21652025900413,0.11895740109991604,4.8009209965558615,94.782916,-111.619964,5.0,9481,0.977825907590759,-0.6138707544722655,-0.041035076879084365,0.17870756393,5.0,30.759908000618452,True,True
16.232,95.08863185409699,-112.19486971013818,0.1453116112504871,4.843194866260296,94.935262,-111.6122,5.0,9482,0.9779290429042904,-0.6043836780945245,-0.06691385149639162,0.15365727056,5.0,32.623094997688895,True,True
16.278,95.25077994602934,-112.16918450317002,0.16921198059159184,4.837056824110874,95.239369,-111.595854,5.0,9484,0.9781353135313532,-0.5734440474488025,-0.11417063278935835,0.10714480003,5.0,29.00656499696197,True,True
16.329,95.57452078431831,-112.1065929001906,0.21168073070076324,4.8662226444484,95.391301,-111.587359,5.0,9485,0.9782384488448845,-0.5527086014218383,-0.1353509467956182,0.08614500358,5.0,29.147358000045642,True,True
16.38,95.73533600774635,-112.07081117392732,0.23050672239943482,4.824323331943552,95.695115,-111.57003300000001,5.0,9487,0.9784447194719472,-0.5022392039317544,-0.17394817166555,0.050005585719,5.0,30.838934999337653,True,True
16.43,96.05646191939147,-111.99053885770493,0.2629200246190609,4.888613154920585,95.845647,-111.56165800000001,5.0,9488,0.9785478547854786,-0.4725547953648854,-0.19069478868462264,0.034566437855,5.0,30.526741000358015,True,True
16.48,96.21689120138646,-111.94621934939371,0.2759087554705498,4.897723107441558,96.149919,-111.54306399999999,5.0,9490,0.9787541254125413,-0.4066213341118475,-0.21273359405433467,0.011285944705,5.0,30.40712700021686,True,True
16.528,96.53601260591002,-111.85190615134711,0.2988680721955395,4.903016859206171,96.302256,-111.533271,5.0,9491,0.9788572607260726,-0.370946802790775,-0.2222314529471605,0.0008364241412,5.0,28.784147998521803,True,True
16.58,96.6953726478259,-111.80205524144829,0.3069080306625883,4.913028833588282,96.45472600000001,-111.52314799999999,5.0,9492,0.9789603960396039,-0.33349451697115623,-0.23195080181561512,-0.0099884232017,5.0,30.84953500001575,True,True
16.629,97.01303233379619,-111.69957389789263,0.3186383246982885,4.912031114060146,96.911204,-111.491708,5.0,9495,0.979269801980198,-0.26543884984495053,-0.2424042294935247,-0.023165000872,5.0,29.681678999622818,True,True
16.679,97.17212235917863,-111.64709527105553,0.3203151614432731,4.9216431828210165,97.0636,-111.48068400000001,5.0,9496,0.9793729372937293,-0.2246550161130225,-0.24505890341797798,-0.026907289065,5.0,29.624332000821596,True,True
16.735,97.48901803512977,-111.54124083455535,0.32367323442937196,4.9028685574218605,97.369251,-111.457402,5.0,9498,0.9795792079207921,-0.1423461946712457,-0.24401986394247466,-0.027826510177,5.0,35.95763799967244,True,True
16.782,97.64705576680296,-111.48820309695851,0.32389895296089277,4.902650732821266,97.52127800000001,-111.44545900000001,5.0,9499,0.9796823432343235,-0.10106861611902662,-0.2447979077950686,-0.028728337136,5.0,32.4683750004624,True,True
16.833,97.96291570886054,-111.3821034118876,0.323515041844632,4.900003727279049,97.82520600000001,-111.421264,5.0,9501,0.9798886138613861,-0.024459498648555657,-0.24495538621399993,-0.028649956352,5.0,33.42866300226888,True,True
16.882,98.12097096927266,-111.32937701196036,0.32124824341689856,4.8957101531476495,97.977308,-111.40928600000001,5.0,9502,0.9799917491749175,0.030757619230556036,-0.2441793293667449,-0.024572925722,5.0,32.77061100015999,True,True
16.931,98.4369003039052,-111.22512635694673,0.3154017408202459,4.8947383704154115,98.281666,-111.38461799999999,5.0,9504,0.9801980198019802,0.10746121711069614,-0.23630238590137242,-0.020221796445,5.0,31.508588999713538,True,True
16.983,98.59544668980968,-111.17356056058847,0.3124231121035362,4.897583339861174,98.433592,-111.371991,5.0,9505,0.9803011551155115,0.14606537622736812,-0.23181710360782626,-0.043576151626,5.0,33.37507299875142,True,True
17.033,98.9112410350115,-111.07204914966431,0.30818561686122176,4.890011008935372,98.737473,-111.346249,5.0,9507,0.9805074257425742,0.22129956500653772,-0.2240775728508546,-0.073402857466,5.0,33.983162000367884,True,True
17.084,99.06915989300113,-111.0219506505336,0.3061245898719779,4.881933619127438,98.889263,-111.33312600000001,5.0,9508,0.9806105610561056,0.25833291029304156,-0.2232945853632704,-0.11636314129,5.0,34.73338600088027,True,True
17.142,99.38651650942114,-110.92282269133979,0.2990580034648569,4.893223403842547,99.191788,-111.30706799999999,5.0,9510,0.9808168316831684,0.33029273981571167,-0.21320554182961882,-0.16670432662,5.0,42.802893000043696,True,True
17.183,99.54566713565085,-110.8742080278276,0.29336616105517366,4.892828143227921,99.496222,-111.279058,5.0,9512,0.981023102310231,0.3727450734743369,-0.20527213718570358,-0.27352011163,5.0,33.61608500199509,True,True
17.231,99.86432586986045,-110.78021677653531,0.2767152633990781,4.88671177211625,99.80069300000001,-111.24993500000001,5.0,9514,0.9812293729372937,0.43395204585046376,-0.18936790652480573,-0.27985597925,5.0,31.907245000184048,True,True
17.293,100.02442925204633,-110.73570755990319,0.2647424762066556,4.885877348980216,99.95305,-111.23516699999999,5.0,9515,0.9813325082508251,0.4635209564837181,-0.1794168099235578,-0.37833816948,5.0,43.74628900040989,True,True
17.334,100.34555077998105,-110.65291992039549,0.23619582520721447,4.919441110656445,100.257285,-111.204825,5.0,9517,0.9815387788778878,0.5168891231250372,-0.14928414711966642,-0.35099225795,5.0,34.15370099901338,True,True
17.385,100.50720430878373,-110.61521561075082,0.22208019028896034,4.86412778168767,100.410331,-111.188879,5.0,9518,0.9816419141914191,0.5398598076502975,-0.1313362743601152,-0.33456600188,5.0,35.97931900003459,True,True
17.434,100.6685768052964,-110.58026401710075,0.20414430800685285,4.849156012258414,100.562647,-111.17268700000001,5.0,9519,0.9817450495049505,0.560203239630816,-0.11551527935497452,-0.31983078439,5.0,34.27263299818151,True,True
17.484,100.99251469845802,-110.52021119239433,0.16168660441113825,4.846388461443093,100.86624499999999,-111.139867,5.0,9521,0.9819513201320133,0.5917158062662422,-0.07496009645390567,-0.2807400642,5.0,34.69782899992424,True,True
17.54,101.31833793891312,-110.47472634917615,0.11506990008779874,4.840778743663677,101.017995,-111.12337600000001,5.0,9522,0.9820544554455446,0.6024148087631881,-0.05378715839634074,-0.25803479986,5.0,40.302071000041906,True,True
17.581,101.48248986205991,-110.45743494185488,0.09166135961521807,4.874750993350408,101.321747,-111.090499,5.0,9524,0.9822607260726073,0.6124600831376025,-0.006300820335346291,-0.20562331481,5.0,31.96297899921774,True,True
17.63,101.64687310831964,-110.44423077697985,0.06890921908237017,4.839637282636892,101.62534000000001,-111.05695,5.0,9526,0.98246699669967,0.6162990076677451,0.019407973949754798,-0.17953558095,5.0,30.561154999304563,True,True
17.679,101.97471801023252,-110.42911568578866,0.02080349066878022,4.797277709752565,101.928713,-111.022925,5.0,9528,0.9826732673267327,0.5997886110961753,0.06822570371839465,-0.1302201982,5.0,30.05286299958243,True,True
17.729,102.13902574856822,-110.42681203850003,-0.002571263401932378,4.84254057536799,102.08020400000001,-111.005673,5.0,9529,0.982776402640264,0.5861276572623264,0.09105308828605363,-0.10478779872,5.0,29.247987000417197,True,True
17.777,102.47009373758935,-110.4337061027378,-0.039491125093785544,4.882339393109351,102.382548,-110.97133400000001,5.0,9531,0.9829826732673267,0.5483600007233164,0.13902569523356023,-0.05669327459,5.0,27.891977999388473,True,True
17.829,102.63620621436881,-110.44150904119564,-0.05449396997646155,4.895243956253018,102.53446,-110.953333,5.0,9532,0.983085808580858,0.5235982506608059,0.15837722061552162,-0.037819070268,5.0,29.829905997758033,True,True
17.877,102.96889060551236,-110.46379610827127,-0.07884434117228578,4.908194914533255,102.838616,-110.91649699999999,5.0,9534,0.9832920792079208,0.46580367614760965,0.18897200707980844,-0.0085798807682,5.0,27.88574599981075,True,True
17.928,103.13340883689065,-110.47686820944438,-0.08873734639687265,4.858004171539905,102.99027199999999,-110.897916,5.0,9535,0.9833952145214522,0.43344970183103965,0.20151477513030303,0.0028194486296,5.0,28.69424999880721,True,True
17.978,103.29933247789744,-110.49102284101468,-0.09786397641548164,4.904212488545734,103.29381500000001,-110.860193,5.0,9537,0.9836014851485149,0.3654955249971438,0.22331917860554995,0.023069740213,5.0,28.59336099936627,True,True
18.031,103.63133340706418,-110.52559355110787,-0.11004903999813193,4.897894403767251,103.445782,-110.840781,5.0,9538,0.9837046204620462,0.32760552060116177,0.23265338785016487,0.030849351748,5.0,31.900703001156216,True,True
18.079,103.79714489057866,-110.54455091034892,-0.11564176973246193,4.913661074407406,103.90196,-110.78053100000001,5.0,9541,0.9840140264026402,0.25821078574440903,0.24867118446743053,0.044826432346,5.0,29.92696699948283,True,True
18.129,104.12744822825968,-110.58450592937037,-0.12441913006175802,4.889879406104397,104.053342,-110.760225,5.0,9542,0.9841171617161716,0.21610178331466684,0.2539539163050364,0.04891170398,5.0,29.903843998908997,True,True
18.181,104.29236838327003,-110.60540397033856,-0.12745758688331174,4.889154671944195,104.356348,-110.719558,5.0,9544,0.9843234323432343,0.13086074218366817,0.2609982513719693,0.061463285993,5.0,31.472540998947807,True,True
18.231,104.62267533195364,-110.6478580863081,-0.1278985752603224,4.87928447921038,104.507587,-110.699198,5.0,9545,0.9844265676567657,0.0878883718062499,0.26271236048711843,0.064207008259,5.0,31.862331001320854,True,True
18.285,104.95146594533267,-110.68949032975381,-0.12299737367191663,4.87286629701115,104.65894300000001,-110.67856699999999,5.0,9546,0.9845297029702971,0.047522427606938124,0.2639116390195042,0.065459828201,5.0,35.83060000164551,True,True
18.332,105.11565201579562,-110.70936425112109,-0.11875123997463324,4.817155325563378,104.96116799999999,-110.63693899999998,5.0,9548,0.9847359735973598,-0.05343942480662437,0.2604351237081355,0.063531937014,5.0,32.90633500000695,True,True
18.381,105.27948801734016,-110.72886575153575,-0.11389374752672872,4.868427464588074,105.112303,-110.615999,5.0,9549,0.9848391089108911,-0.0934252964871004,0.257375412827626,0.069149257311,5.0,31.245857000612887,True,True
18.431,105.60771179990621,-110.76432756119034,-0.1001465942667779,4.863268598579494,105.41313899999999,-110.57426399999999,5.0,9551,0.9850453795379538,-0.17550540589758604,0.24671229397501682,0.12233564821,5.0,32.01498700218508,True,True
18.483,105.77249887394136,-110.78034182490433,-0.09334951696169227,4.8731714827000685,105.56430300000001,-110.55259,5.0,9552,0.9851485148514851,-0.2157813465886033,0.24359180361591815,0.1605477982,5.0,33.77250699850265,True,True
18.536,106.10275196015336,-110.8090801397623,-0.078684048299728,4.7955635999495625,105.86696299999998,-110.50821499999999,5.0,9554,0.9853547854785478,-0.2943697399885795,0.23390456202070853,0.30336335785,5.0,36.49530500115361,True,True
18.584,106.26649048351605,-110.82207716884751,-0.06838117596034415,4.869299322058309,106.018231,-110.485767,5.0,9555,0.9854579207920792,-0.3322947806367378,0.22708356905238203,0.30878696882,5.0,35.202494997065514,True,True
18.634,106.59718646587811,-110.84075449432457,-0.04272057635214654,4.86865009325886,106.320477,-110.440095,5.0,9557,0.985664191419142,-0.404684897097084,0.20776089481672244,0.31416170357,5.0,34.75664000143297,True,True
18.684,106.76307083567909,-110.84641724707791,-0.027056728102569143,4.898425446808134,106.4718,-110.41698899999999,5.0,9558,0.9857673267326733,-0.43802392702584547,0.1958249615819807,0.31367666615,5.0,34.762409999530064,True,True
18.734,107.0940571457593,-110.85020169533715,0.0067019705526498745,4.854572669881167,106.77521999999999,-110.369251,5.0,9560,0.985973597359736,-0.49861743928664015,0.16988332694764008,0.30854515171,5.0,34.35349500068696,True,True
18.792,107.25857083529777,-110.84749901494102,0.026440210305638014,4.829795082221886,107.0773,-110.320591,5.0,9562,0.9861798679867987,-0.5298757312328081,0.1537841286936068,0.3660491383,5.0,42.63102199911373,True,True
18.836,107.58650476307244,-110.83176079349732,0.07025604963236393,4.811817022814137,107.378629,-110.27178899999998,5.0,9564,0.9863861386138614,-0.5713037496208628,0.11188708563947936,0.32553594463,5.0,36.276885999541264,True,True
18.883,107.74887828434079,-110.8184747243326,0.09436794869665194,4.782319727925782,107.52958000000001,-110.247482,5.0,9565,0.9864892739273927,-0.587045259908923,0.08988616195830801,0.30683667341,5.0,33.51010600090376,True,True
18.933,108.07093744586759,-110.77949833669952,0.1465796587982857,4.7692874781346974,107.830822,-110.19866100000002,5.0,9567,0.9866955445544554,-0.6076212667495544,0.04073279763404214,0.25981084792,5.0,33.28096699988237,True,True
18.981,108.23073714118316,-110.75373253518981,0.1735028705615926,4.762114708684793,107.981264,-110.174109,5.0,9568,0.9867986798679867,-0.6119947515160964,0.015292719693602574,0.23479738973,5.0,31.901815000310307,True,True
19.031,108.38978699924186,-110.72365152850772,0.20040304625873234,4.768043773951211,108.282211,-110.124882,5.0,9570,0.9870049504950495,-0.6083014521065577,-0.037091447647918496,0.18386440415,5.0,31.803319998289226,True,True
19.081,108.70474112788553,-110.65234490983892,0.2519147482810445,4.762264692998479,108.432377,-110.09998200000001,5.0,9571,0.9871080858085809,-0.6003052536575487,-0.06365022642110141,0.16011481721,5.0,31.186544998490717,True,True
19.131,108.86162402014511,-110.61065416902426,0.27826777468527825,4.776374110125582,108.581833,-110.07559199999999,5.0,9572,0.9872112211221122,-0.589150725590622,-0.08769324397072875,0.13737360088,5.0,31.443095998838544,True,True
19.18,109.17370987622711,-110.51391929732608,0.32186025720964917,4.818823494339993,108.88304099999999,-110.024615,5.0,9574,0.9874174917491749,-0.5544352560183916,-0.13216270972995225,0.090497287906,5.0,30.62717799912207,True,True
19.227,109.32874277549725,-110.46047663967035,0.3420108304523944,4.828102800958377,109.033825,-109.998646,5.0,9575,0.9875206270627063,-0.5315722436226241,-0.15098156738216906,0.071039392903,5.0,28.05520300171338,True,True
19.279,109.63665950589704,-110.34493731181492,0.3776712882166811,4.8477514651985985,109.335094,-109.94633,5.0,9577,0.987726897689769,-0.47620527593379286,-0.18717057163144712,0.032060983312,5.0,29.375403999438277,True,True
19.328,109.78972342398525,-110.28296411437627,0.39200360073129736,4.860825856531989,109.485476,-109.919995,5.0,9578,0.9878300330033003,-0.44487042970250223,-0.20284334804466653,0.015186803541,5.0,28.433732000848977,True,True
19.38,110.09448528842631,-110.15253758733878,0.4165040053463282,4.8960118786579265,109.93826899999999,-109.838225,5.0,9581,0.9881394389438944,-0.38059830258610405,-0.22320790734701612,-0.011163740682,5.0,30.387418999453075,True,True
19.427,110.24575108093423,-110.0846033597954,0.4266768879612702,4.870167391681924,110.088998,-109.81043999999999,5.0,9582,0.9882425742574258,-0.34214159290752794,-0.23368240059178458,-0.022712977171,5.0,28.0005610002263,True,True
19.48,110.54653868952312,-109.94517535225994,0.4411546034593686,4.903655973758497,110.38923,-109.754733,5.0,9584,0.9884488448844885,-0.2607772857506304,-0.25155474112177334,-0.04075111419,5.0,30.520920001436025,True,True
19.528,110.69632686862563,-109.87390394131303,0.4458510603950072,4.881485700187363,110.539372,-109.727023,5.0,9585,0.9885519801980198,-0.2182700397105922,-0.2583469643603902,-0.04608582025,5.0,28.833850999944843,True,True
19.578,110.99544796083887,-109.72990994754649,0.44994972123489596,4.8864373503766,110.839776,-109.671297,5.0,9587,0.9887582508250825,-0.13092201760019648,-0.26462867822679303,-0.047876702133,5.0,28.70504900056403,True,True
19.629,111.14529684538324,-109.65747115701828,0.45028407762269546,4.887441443605332,110.989625,-109.643348,5.0,9588,0.9888613861386139,-0.08675757970328299,-0.2655100330912914,-0.047300123615,5.0,29.51888399911695,True,True
19.681,111.44471733211805,-109.51349507244814,0.4456864003300064,4.889790246345024,111.28926200000001,-109.58747,5.0,9590,0.9890676567656765,0.0011001961981797963,-0.2641909298912979,-0.042711080765,5.0,31.616681000741664,True,True
19.732,111.59378881083103,-109.44202908474382,0.4429971625971712,4.887322378998151,111.43912399999999,-109.55951,5.0,9591,0.9891707920792079,0.044185118627117236,-0.2603987475085594,-0.03653852404,5.0,32.53579199736123,True,True
19.782,111.89394809976206,-109.30090461367762,0.4355812281786679,4.890461954169004,111.737727,-109.50381499999999,5.0,9593,0.9893770627062707,0.12922647107051227,-0.2538776088965373,-0.039157655456,5.0,32.22509999977774,True,True
19.831,112.04495470178043,-109.2309060103262,0.4321386528544873,4.896358336786962,111.887612,-109.47521100000002,5.0,9594,0.989480198019802,0.16996173028509304,-0.24615108104869643,-0.050075382356,5.0,31.080406999535626,True,True
19.881,112.1959524819141,-109.16136173761528,0.4284810561447674,4.89646534366089,112.187703,-109.41707,5.0,9596,0.9896864686468647,0.24932314479113968,-0.23527096876394493,-0.093817515154,5.0,31.854315999225946,True,True
19.932,112.49958281286116,-109.02391973438134,0.42074359930226335,4.903557718022371,112.33745900000001,-109.387653,5.0,9597,0.9897896039603961,0.2876998070230585,-0.2304709416426438,-0.10739357631,5.0,32.88226000222494,True,True
19.984,112.65158165534372,-108.95618429552006,0.4159049056049804,4.867860227631335,112.636987,-109.32806000000001,5.0,9599,0.9899958745874587,0.33373823846523964,-0.22103523325168162,-0.26694732528,5.0,34.28303300097468,True,True
20.031,112.95772502770924,-108.82385677869935,0.4014412848956104,4.901290950530451,112.936663,-109.266028,5.0,9601,0.9902021452145214,0.399061152754795,-0.20035269308524528,-0.27398174605,5.0,31.204269002046203,True,True
20.083,113.11149189731688,-108.75913207057833,0.3942157571393439,4.889394067738029,113.086968,-109.23381,5.0,9602,0.9903052805280528,0.4298434477124569,-0.18912208930822771,-0.27558960553,5.0,33.977489998505916,True,True
20.138,113.41889573900198,-108.63528815073198,0.36846000514984517,4.865376456428411,113.385847,-109.16860700000001,5.0,9604,0.9905115511551155,0.48764824111947613,-0.1668438623069286,-0.36502753544,5.0,38.711903001967585,True,True
20.182,113.5736030994084,-108.57699695375005,0.35193140009344737,4.866531686243325,113.53488600000001,-109.13567900000001,5.0,9605,0.9906146864686468,0.5136581963500354,-0.15094037223524692,-0.34892171903,5.0,32.56940500068595,True,True
20.234,113.885574509201,-108.4687925723986,0.314490474994405,4.84784869437187,113.83301999999999,-109.06951399999998,5.0,9607,0.9908209570957096,0.5575263160087468,-0.11413148054078137,-0.30688205448,5.0,34.63267700135475,True,True
20.284,114.04340509977474,-108.41908320599424,0.2936253030422928,4.857232265435767,113.981955,-109.036009,5.0,9608,0.990924092409241,0.5744884451307924,-0.09238412300692467,-0.28334623494,5.0,34.0799830009928,True,True
20.332,114.35994375227068,-108.33095202736246,0.24702754923703765,4.8269374738043185,114.279016,-108.96849399999999,5.0,9610,0.9911303630363036,0.5977001076700812,-0.04714466806948403,-0.23474997921,5.0,32.86613000091165,True,True
20.381,114.51961454124294,-108.29273975440353,0.22279328068988494,4.8368779861686,114.427442,-108.93450700000001,5.0,9611,0.991233498349835,0.6032730373576891,-0.021053912854817725,-0.2074169569,5.0,31.933813999785343,True,True
20.43,114.83985716517375,-108.22614159962238,0.17429806859783836,4.841556109750957,114.87126799999999,-108.8314,5.0,9614,0.991542904290429,0.6051558684839251,0.034003864403066686,-0.14537819449,5.0,30.868469999404624,True,True
20.48,115.00240325665098,-108.19934941574652,0.15250950189522025,4.8504297847802516,115.01948,-108.79591599999999,5.0,9615,0.9916460396039604,0.5974171324264842,0.06262465352136237,-0.11825178986,5.0,30.82524899946293,True,True
20.529,115.33026547663879,-108.15566968318574,0.1132063141070634,4.8769775107812885,115.31608200000001,-108.72314899999999,5.0,9617,0.991852310231023,0.5674591781633942,0.11152525272076863,-0.071089393623,5.0,29.96573000200442,True,True
20.576999999999998,115.49481976132456,-108.1375172803251,0.09687112572867244,4.884463332912281,115.46403899999999,-108.686252,5.0,9618,0.9919554455445545,0.5471858391668479,0.13319208559727658,-0.051357820093,5.0,27.42241899977671,True,True
20.628,115.65966888789806,-108.12176535643518,0.08165232988250821,4.885612956421947,115.759859,-108.61101599999999,5.0,9620,0.9921617161716172,0.4986984717389579,0.17077230482513084,-0.017014906915,5.0,28.472353998949984,True,True
20.68,115.99187469003566,-108.09868945899099,0.05702679611562242,4.9242931148473,115.907793,-108.57243000000001,5.0,9621,0.9922648514851485,0.46873226088811354,0.18882991022193485,-0.0017767701713,5.0,30.103127002803376,True,True
20.728,116.15815612759174,-108.09004464256712,0.04733452403245555,4.889899907986626,116.20385900000001,-108.49305600000001,5.0,9623,0.9924711221122112,0.4008184739697122,0.21815126494160975,0.022394655504,5.0,28.64248199693975,True,True
20.779,116.49073410617983,-108.0774800992121,0.029768541640551923,4.887259299471446,116.35203999999999,-108.452598,5.0,9624,0.9925742574257426,0.3634796033993485,0.22983395265713602,0.033268995385,5.0,30.364406000444433,True,True
20.828,116.65682658160299,-108.07312582824983,0.022852608984756242,4.886364891284223,116.646124,-108.371152,5.0,9626,0.9927805280528053,0.3322487086714135,0.24151946261238733,0.045187232777,5.0,28.85060200060252,True,True
20.879,116.98956872760179,-108.0671813244324,0.013970333691524386,4.878263235474677,116.940096,-108.28906,5.0,9628,0.9929867986798679,0.24866350320282293,0.25646216349607087,0.064454284837,5.0,29.181330999563215,True,True
20.93,117.15527783057833,-108.06502743168434,0.012608015437660458,4.875222032372692,117.087001,-108.247577,5.0,9629,0.9930899339933993,0.20502596778987042,0.2621516036953415,0.072342208403,5.0,30.56165499947383,True,True
20.981,117.48647613383005,-108.0608885994969,0.013603503417564559,4.872015343137382,117.38006899999999,-108.16401599999999,5.0,9631,0.9932962046204621,0.11707931691162152,0.26694574473918564,0.079688421322,5.0,31.85273299823166,True,True
21.029,117.65200598263591,-108.05838019472495,0.016985435674204335,4.871392091109386,117.526519,-108.121926,5.0,9632,0.9933993399339934,0.0729999684334121,0.2672680476862195,0.081620339146,5.0,29.992290001246147,True,True
21.083,117.98236316811905,-108.05155923310016,0.027364323992022824,4.868755480753252,117.819313,-108.03676000000002,5.0,9634,0.9936056105610561,-0.018988019556391605,0.26296851373992114,0.082617149061,5.0,33.43153800233267,True,True
21.132,118.14713749097146,-108.04658422000725,0.03478793429607056,4.855316874253507,117.96427299999999,-107.99436100000001,5.0,9635,0.9937087458745875,-0.05998156941259757,0.25932402632067486,0.081798785389,5.0,33.013815998856444,True,True
21.181,118.47810644199632,-108.03257918720115,0.04974625686026081,4.877504520511855,118.25666799999999,-107.906626,5.0,9637,0.9939150165016502,-0.14406624266330337,0.2530846834420779,0.10442793479,5.0,31.653558999096276,True,True
21.231,118.64257146742817,-108.02402205258919,0.05794588910147236,4.847900385384719,118.402918,-107.861818,5.0,9638,0.9940181518151815,-0.18534706622087208,0.24873873181831518,0.11721336336,5.0,31.19770600096672,True,True
21.283,118.9733610357552,-108.00217122666976,0.0760558441917961,4.878070947764004,118.69503200000001,-107.771024,5.0,9640,0.9942244224422442,-0.2656867906510389,0.23797248788613423,0.18864717939,5.0,33.75925200089114,True,True
21.338,119.13876842324503,-107.98875836706016,0.08602557274881639,4.880448675392862,118.84076999999999,-107.724934,5.0,9641,0.9943275577557755,-0.30452676794047556,0.2327759916889991,0.25721454152,5.0,38.7923550006235,True,True
21.396,119.46938513706006,-107.95622546448014,0.10990618195218321,4.869646495198744,119.13216100000001,-107.630473,5.0,9643,0.9945338283828383,-0.3798646405591773,0.221267705652183,0.32816169108,5.0,46.17553699790733,True,True
21.444,119.6340005843839,-107.93706836820489,0.12458359331145992,4.894884053667575,119.277776,-107.58196000000001,5.0,9644,0.9946369636963697,-0.4158235933217249,0.2131382907142072,0.3306800411,5.0,44.392359002813464,True,True
21.49,119.96093759447749,-107.89076961441037,0.15986557598975099,4.845014633975677,119.71305900000002,-107.43415800000001,5.0,9647,0.9949463696369637,-0.4884876614505146,0.1898947512026523,0.41373682745,5.0,40.424650000204565,True,True
21.536,120.12290550021423,-107.86305370626299,0.18058350716113694,4.826275226126118,119.857564,-107.38451,5.0,9648,0.995049504950495,-0.5167058130291653,0.17174220332697887,0.39701257183,5.0,36.60324600059539,True,True
21.587,120.4434212475429,-107.79652941097808,0.2295606600524212,4.815640117031198,120.145923,-107.28468500000001,5.0,9650,0.9952557755775577,-0.5641242091232772,0.1305961187521376,0.35900939616,5.0,37.10377300012624,True,True
21.635,120.6020877753237,-107.75725984656323,0.256122685706839,4.8095515943130405,120.289826,-107.23443700000001,5.0,9651,0.9953589108910891,-0.5827000759798303,0.1071618422836016,0.33705306423,5.0,35.60814299999038,True,True
21.682,120.75958646143711,-107.71371980020497,0.2835181055714318,4.809596654691748,120.43363899999999,-107.18396899999999,5.0,9652,0.9954620462046204,-0.5975260535418129,0.08209509841466511,0.31374002516,5.0,32.60028200020315,True,True
21.735,121.070553873338,-107.61344578619817,0.34123166005879885,4.813953090085684,120.72111799999999,-107.08228899999999,5.0,9654,0.9956683168316832,-0.6151594724930303,0.030282793854567114,0.26512450258,5.0,34.95615300198551,True,True
21.79,121.37575638324103,-107.49887625976731,0.3992286849909666,4.823027645793091,120.86478500000001,-107.03088799999999,5.0,9655,0.9957714521452146,-0.6178304002676698,0.0035349673700406647,0.24010988409,5.0,40.95940100160078,True,True
21.833,121.52616343241503,-107.43323483676225,0.4269097739391585,4.829797412183134,121.15068899999999,-106.92735400000001,5.0,9657,0.9959777227722773,-0.6140869011953838,-0.04842452589536572,0.19066780968,5.0,33.151273000839865,True,True
21.881,121.67496692371074,-107.36311946107787,0.4538028977186051,4.845063146088835,121.29428700000001,-106.874498,5.0,9658,0.9960808580858086,-0.6045061909939233,-0.07283452955371894,0.16695501773,5.0,31.817186001717346,True,True
21.93,121.96860325891966,-107.21161959863133,0.5015397462233498,4.875971771037484,121.581052,-106.76748300000001,5.0,9660,0.9962871287128713,-0.5731041280104469,-0.11836321633027325,0.1222130463,5.0,30.380025000340538,True,True
21.98,122.11332618743066,-107.1303366593113,0.5218153435537317,4.8841281407095565,121.724373,-106.71321699999999,5.0,9661,0.9963902640264026,-0.5527656770793606,-0.13788438801096303,0.10298761431,5.0,30.176874999597203,True,True
22.028,122.39874048555924,-106.95916476613586,0.5573871056995072,4.900486732062419,122.01018799999999,-106.603118,5.0,9663,0.9965965346534653,-0.5023914629256203,-0.16869937696812798,0.071097443313,5.0,28.605182997125667,True,True
22.078,122.54007579535927,-106.86987338722435,0.571361951547923,4.895921650066973,122.153002,-106.547103,5.0,9664,0.9966996699669967,-0.4737002570913332,-0.18126226313624194,0.057366055234,5.0,28.89436399709666,True,True
22.128,122.81774133057081,-106.68584021002671,0.5973346982845747,4.892271377622945,122.580828,-106.37501200000001,5.0,9667,0.9970090759075908,-0.41554019490955063,-0.1970285927954527,0.03738754992,5.0,28.865489999589045,True,True
22.179,122.95484043060397,-106.5915900101087,0.6077389703004058,4.887577680245585,122.72215800000001,-106.31693,5.0,9668,0.9971122112211221,-0.3810917424255745,-0.20577474526289397,0.028426581397,5.0,29.253236003569327,True,True
22.229,123.22574491710743,-106.39958829724613,0.6242928724403944,4.882241413549459,123.004251,-106.199293,5.0,9670,0.9973184818481848,-0.30915376490163743,-0.21789488115379907,0.015071029727,5.0,29.911297999206,True,True
22.279,123.36000146154329,-106.30215514127553,0.6311377894740889,4.881033547490397,123.14486000000001,-106.139725,5.0,9671,0.9974216171617162,-0.27216043627078557,-0.22203352849220925,0.010382024963,5.0,29.0755829992122,True,True
22.329,123.49379754371854,-106.20360670239768,0.6379521169633666,4.886756875406695,123.42574599999999,-106.019205,5.0,9673,0.9976278877887789,-0.19655788066022775,-0.22991545992249707,0.0038890179738,5.0,29.094188001181465,True,True
22.379,123.75929796498589,-106.00465749743896,0.6481678027490015,4.882526139576897,123.565933,-105.958402,5.0,9674,0.9977310231023102,-0.15822197299138624,-0.23287321592261012,0.0018015487841,5.0,29.427582001517294,True,True
22.432,123.89065017321069,-105.90465311113694,0.6528859050972573,4.869997281070275,123.84607700000001,-105.83558899999998,5.0,9676,0.9979372937293729,-0.08121161310557783,-0.23656413565505252,-0.0028573885485,5.0,32.1595770001295,True,True
22.479,124.15354570320737,-105.70262878496047,0.6568003380317421,4.874842640845003,123.98494099999999,-105.773909,5.0,9677,0.9980404290429042,-0.04233530897532459,-0.23616971125096908,-0.0027939728663,5.0,29.78835699832416,True,True
22.528,124.28513083217366,-105.6013199537246,0.6564196107542514,4.871135003924612,124.12438600000002,-105.711469,5.0,9678,0.9981435643564357,-0.003931644275186517,-0.23442130190326793,-0.001596424142,5.0,28.76939000270795,True,True
22.576999999999998,124.54794129773882,-105.39817810524484,0.658314659443744,4.891492362374635,124.403828,-105.584919,5.0,9680,0.9983498349834984,0.07202074298271235,-0.22911828849737148,0.0017806143714,5.0,27.63606900043669,True,True
22.629,124.67955896782185,-105.29636091854074,0.6585158806243497,4.89406181583578,124.542928,-105.521032,5.0,9681,0.9984529702970297,0.10934225343579787,-0.22591303474587088,0.0025579596404,5.0,29.345758000999922,True,True
22.678,124.94260504381039,-105.09316341030353,0.6580499422238305,4.890485557738698,124.820973,-105.39159599999999,5.0,9683,0.9986592409240924,0.1825801722609408,-0.22063319892967082,0.0033654078983,5.0,28.280845002882415,True,True
22.728,125.07439433651136,-104.99149472058197,0.6569540111038438,4.9201129214759876,125.09869499999999,-105.26065,5.0,9685,0.9988655115511551,0.22894504177078126,-0.21460859022716106,0.0075712970981,5.0,28.681995998340426,True,True
22.785,125.33821268147504,-104.78815706096586,0.656384742656729,4.9201001813630265,125.376718,-105.127799,5.0,9687,0.9990717821782178,0.29256863478332545,-0.20822828116245784,-0.40350277944,5.0,35.42888700030744,True,True
