t,x,y,yaw,speed_measured,x_ref,y_ref,speed_ref,path_index,progress,cte,heading_error,steering_cmd,speed_cmd,compute_time_ms,did_compute,controller_success
0.035999999999999976,33.07,-93.276,-0.7207000000000001,8.094296952122103e-18,32.934173,-93.47543,5.0,9047,0.9330651815181518,0.24129090084170682,0.04777350821222104,0.013986486569,5.0,36.0129840009904,True,True
0.08400000000000002,33.06993855721671,-93.27594264760114,-0.7207015109855144,0.012157613552797365,32.934173,-93.47543,5.0,9047,0.9330651815181518,0.24129090084170682,0.04777350821222104,0.013005200064,5.0,34.2910759991355,True,True
0.135,33.07000630695232,-93.27600531585222,-0.7207001993840506,8.624589110210984e-05,32.934173,-93.47543,5.0,9047,0.9330651815181518,0.2413037303762018,0.047775019197735524,0.012184362369,5.0,35.888241000066046,True,True
0.184,33.0700109757884,-93.27600940233502,-0.7207000832763009,8.391847832945842e-05,32.934173,-93.47543,5.0,9047,0.9330651815181518,0.24128968686384064,0.04777356493138818,0.011572093138,5.0,34.59025499978452,True,True
0.23299999999999998,33.06999079028682,-93.27599157457419,-0.7207001468852625,0.0010998272186621095,32.934173,-93.47543,5.0,9047,0.9330651815181518,0.24128930858898032,0.047773591488522005,0.011053185605,5.0,33.515838000312215,True,True
0.28200000000000003,33.069989783626895,-93.27599065319114,-0.7207001301067634,0.0009725420178710374,32.934173,-93.47543,5.0,9047,0.9330651815181518,0.24129273359676146,0.0477735758634501,0.010631246723,5.0,32.75480500087724,True,True
0.33199999999999996,33.069988577902826,-93.27598957818512,-0.7207001018709468,0.0009570347464666533,32.934173,-93.47543,5.0,9047,0.9330651815181518,0.24129287550671413,0.047773638318984624,0.010292273607,5.0,32.14159799972549,True,True
0.384,33.06998499429775,-93.27598640163549,-0.7207001223679466,0.0009268506809224457,32.934173,-93.47543,5.0,9047,0.9330651815181518,0.2412933578242743,0.04777363610360297,0.010018216779,5.0,34.36347100068815,True,True
0.43400000000000005,33.06998263116372,-93.27598431153908,-0.7207001346917042,0.0009121649403342313,32.934173,-93.47543,5.0,9047,0.9330651815181518,0.24129369391618033,0.04777363058016748,0.0097966249335,5.0,34.63941700101714,True,True
0.48,33.06997679648592,-93.2759791574742,-0.720700144943134,0.0008835828593709212,32.934173,-93.47543,5.0,9047,0.9330651815181518,0.24129454982022508,0.0477736453900941,0.009617555445,5.0,30.90589000021282,True,True
0.531,33.069973338137075,-93.27597610527812,-0.7207001499555926,0.0008696773508985397,32.934173,-93.47543,5.0,9047,0.9330651815181518,0.24129506775780174,0.04777365315535498,0.0094727481482,5.0,31.97343399915553,True,True
0.582,33.06996537177313,-93.27596907897774,-0.7207001620872711,0.0008426152366031599,32.934173,-93.47543,5.0,9047,0.9330651815181518,0.24129627837924456,0.04777366457280818,0.0093557425643,5.0,32.59628899832023,True,True
0.633,33.06996086453744,-93.27596512878868,-0.7207002908833652,0.0008294138097368828,32.934173,-93.47543,5.0,9047,0.9330651815181518,0.24129696899634204,0.0477736702994922,0.0092611092191,5.0,33.95564899983583,True,True
0.683,33.06995088964631,-93.27595632320809,-0.7207002521821022,0.000803893433752083,32.934173,-93.47543,5.0,9047,0.9330651815181518,0.24129851637324534,0.0477735621513542,0.0091845344613,5.0,33.49208299914608,True,True
0.733,33.07103198659118,-93.27690592966779,-0.72069503477552,0.094752326644292,32.934173,-93.47543,5.0,9047,0.9330651815181518,0.24129936396453291,0.04777376039432335,0.0091229265858,5.0,33.69364900026994,True,True
0.784,33.08107446325932,-93.28572570971407,-0.7206300383408042,0.29898517363976207,32.934173,-93.47543,5.0,9047,0.9330651815181518,0.2405990090707824,0.047747567011766634,0.0084440126528,5.0,34.37471200049913,True,True
0.833,33.08996214484381,-93.29353020573967,-0.7205617391908481,0.39835371291458255,32.934173,-93.47543,5.0,9047,0.9330651815181518,0.23993281905695557,0.04770354655302533,0.008080008604,5.0,33.16288699897996,True,True
0.8820000000000001,33.101366402821256,-93.30354292359415,-0.7204698370572175,0.49593724376717274,32.934173,-93.47543,5.0,9047,0.9330651815181518,0.23933934381213026,0.047635247403069236,0.0077123788219,5.0,32.33025100053055,True,True
0.9319999999999999,33.13154712775412,-93.33003214852087,-0.7202322440981583,0.6858733395098959,32.934173,-93.47543,5.0,9047,0.9330651815181518,0.23771615918845013,0.04743233908853606,0.0068808311684,5.0,32.996717000060016,True,True
0.9810000000000001,33.1502368810708,-93.34642972427795,-0.7200936362098815,0.7782841013643658,32.934173,-93.47543,5.0,9047,0.9330651815181518,0.23667302443907293,0.04730575231037948,0.006514424993,5.0,32.004253000195604,True,True
1.033,33.19367895313631,-93.38436623494248,-0.7196799989914522,0.9130359807963286,33.052184000000004,-93.569346,5.0,9048,0.9331683168316832,0.23667318734817352,0.05063638663667991,0.011302742323,5.0,34.49396500036528,True,True
1.083,33.218264786542946,-93.40592195007584,-0.7198448147413294,1.0233351719924122,33.052184000000004,-93.569346,5.0,9048,0.9331683168316832,0.23289125196920035,0.05044296787997116,0.01054197508,5.0,33.38104599970393,True,True
1.131,33.273943796632594,-93.4548745362635,-0.719052205009884,1.1636061029638243,33.052184000000004,-93.569346,5.0,9048,0.9331683168316832,0.2289064252918007,0.05050440659839106,0.0099237157425,5.0,31.883505998848705,True,True
1.181,33.30455590091204,-93.48161911406292,-0.7191296474142689,1.2355413330000986,33.169982,-93.661958,5.0,9049,0.9332714521452146,0.2317145142458316,0.053577681436273394,0.014293624335,5.0,31.292562000089674,True,True
1.2309999999999999,33.37051878526607,-93.53924955005472,-0.7182849182563188,1.3618288219471095,33.169982,-93.661958,5.0,9049,0.9332714521452146,0.22260144942060991,0.05338837060037216,0.013295263923,5.0,32.187896000323235,True,True
1.28,33.40594936226796,-93.57016559246908,-0.7170793198620949,1.428945707567601,33.288132,-93.754545,5.0,9050,0.9333745874587459,0.23052052653422397,0.0534564443743939,0.017412680478,5.0,31.308761999753187,True,True
1.333,33.483037810979425,-93.63723306641717,-0.7150008199306372,1.5804460422854065,33.288132,-93.754545,5.0,9050,0.9333745874587459,0.21522776345701924,0.05118814779135894,0.013852447418,5.0,33.538960000441875,True,True
1.3820000000000001,33.52465910490222,-93.67333215145997,-0.7139802334857055,1.6587826289007404,33.406313,-93.847211,5.0,9051,0.9334777227722773,0.22355632223568672,0.05095408718293637,0.017499653993,5.0,32.379354001022875,True,True
1.4340000000000002,33.6136553722944,-93.75030796838907,-0.7122927800045507,1.802894279528032,33.406313,-93.847211,5.0,9051,0.9334777227722773,0.20697843654816958,0.04904806423110397,0.014509074981,5.0,34.80692000084673,True,True
1.482,33.66094109581876,-93.7911094233243,-0.7115619371493548,1.8726282170870407,33.524688,-93.939676,5.0,9052,0.9335808580858086,0.20922582232882525,0.04997713291216055,0.018439130507,5.0,33.03582999978971,True,True
1.533,33.76088487002311,-93.8771758585307,-0.7103386229409938,2.007537684590399,33.643235,-94.031968,5.0,9053,0.9336839933993399,0.20949307647594487,0.0501321576980267,0.021319081641,5.0,34.010782999757794,True,True
1.583,33.81346573637773,-93.9223740199325,-0.7097454400894566,2.0728001968542555,33.643235,-94.031968,5.0,9053,0.9336839933993399,0.19442761886395635,0.04954203514410027,0.019955400289,5.0,33.28794099979859,True,True
1.633,33.92367155695344,-94.01692833365668,-0.7084543912664626,2.1990970106293686,33.761978000000006,-94.12414100000001,5.0,9054,0.9337871287128713,0.1877849139621195,0.050591736840722046,0.023270847388,5.0,34.2096730000776,True,True
1.683,33.98123240993802,-94.06621537232988,-0.7077694863792333,2.2602012498583806,33.761978000000006,-94.12414100000001,5.0,9054,0.9337871287128713,0.18364560839887975,0.049926132094510134,0.021925993315,5.0,33.70893799910846,True,True
1.734,34.040390347717036,-94.11679605137863,-0.7070039883268108,2.3199647395653225,33.880936,-94.215889,5.0,9055,0.9338902640264026,0.18017093180197452,0.05303012855995881,0.025699783499,5.0,34.70328600087669,True,True
1.7850000000000001,34.1633866104743,-94.2216964345638,-0.7053126875584781,2.4356692189436973,34.000335,-94.30713,5.0,9056,0.933993399339934,0.17128439570811815,0.055297425955147084,0.028558591429,5.0,35.47485799936112,True,True
1.8330000000000002,34.22721111400683,-94.27594753163389,-0.7043711051633028,2.507031854251718,34.120124,-94.398051,5.0,9057,0.9340965346534653,0.18158355160983528,0.05692369536740083,0.031453616089,5.0,33.82302099998924,True,True
1.8849999999999998,34.35833926829546,-94.38734181259986,-0.703287696307473,2.580308808129857,34.24047,-94.489072,5.0,9058,0.9341996699669967,0.16609092426979918,0.056830576161936985,0.034685843571,5.0,35.161481999239186,True,True
1.9340000000000002,34.426004062518025,-94.4446718978576,-0.7016942545889984,2.614448486202649,34.24047,-94.489072,5.0,9058,0.9341996699669967,0.1522238813564413,0.05597640743596344,0.033171758998,5.0,34.578964001411805,True,True
1.983,34.563924973078045,-94.5610791704222,-0.7001275858614125,2.68364352693576,34.360640000000004,-94.579874,5.0,9059,0.934302805280528,0.14249792414995016,0.05325170198986662,0.035058505879,5.0,33.586850000574486,True,True
2.035,34.63493765193445,-94.62068189785373,-0.7007277451281827,2.7429577374422163,34.479834999999994,-94.670023,5.0,9060,0.9344059405940595,0.137614524089374,0.05298374942584161,0.038417346906,5.0,35.54952800004685,True,True
2.084,34.77941078759359,-94.74144401565252,-0.691317924505198,2.814092434756038,34.599365999999996,-94.760281,5.0,9061,0.9345090759075908,0.12794331389170402,0.050034530985890946,0.039079073594,5.0,34.93712300041807,True,True
2.135,34.853722076247706,-94.80283940828724,-0.6880936840366833,2.8569835268885653,34.718590999999996,-94.85018000000001,5.0,9062,0.9346122112211221,0.12458956960736126,0.04652833422487479,0.036382381806,5.0,35.7910089987854,True,True
2.185,35.00645027962071,-94.92740752528185,-0.6804623850880478,2.9427057941513395,34.8383,-94.939963,5.0,9063,0.9347153465346535,0.1146813636442752,0.04227206906543213,0.033134647708,5.0,35.718773999178666,True,True
2.2359999999999998,35.084864162784626,-94.9906981234452,-0.6777025658176943,2.9857670618392,34.958356,-95.0294,5.0,9064,0.9348184818481848,0.11276313507244323,0.04149976949851775,0.032708238856,5.0,36.07329699843831,True,True
2.286,35.2456097042369,-95.11934032417017,-0.672495743140509,3.0711198996666766,35.0787,-95.118564,5.0,9065,0.9349216171617162,0.10239028014420931,0.03835209622651581,0.031495535459,5.0,36.160308998660184,True,True
2.333,35.3278949203125,-95.1847319167672,-0.6704406853343338,3.1126285874223085,35.199332,-95.207504,5.0,9066,0.9350247524752475,0.09957137964930389,0.03826906204650404,0.032711416349,5.0,33.66189999906055,True,True
2.384,35.496155984231535,-95.31761345607968,-0.6666737591867568,3.194136443113072,35.320334,-95.296312,5.0,9067,0.9351278877887789,0.09044619143119045,0.0365603222101627,0.033382032019,5.0,34.91211599975941,True,True
2.434,35.58222821956418,-95.38523062170808,-0.6646924227728647,3.2298909845008703,35.441594,-95.384826,5.0,9068,0.9352310231023102,0.08644940778627369,0.03696176017720987,0.035093123503,5.0,34.154782000769046,True,True
2.485,35.75520300091646,-95.52043303778348,-0.6600733763534772,3.249738866543936,35.563344,-95.473387,5.0,9069,0.9353341584158416,0.07837026798556004,0.033490949585314844,0.034574417254,5.0,35.142397000527126,True,True
2.535,35.84350863465053,-95.58878149073551,-0.6579438929651411,3.3006203084022845,35.684101,-95.560905,5.0,9070,0.9354372937293729,0.07437602027343286,0.03469187065636348,0.036643708349,5.0,35.38353700059815,True,True
2.586,36.02333740575087,-95.72690021954033,-0.6532627451898763,3.364931097777559,35.805278,-95.64807900000001,5.0,9071,0.9355404290429042,0.0705533559141977,0.03631692080519544,0.037361906436,5.0,36.35935099919152,True,True
2.636,36.11460540066407,-95.79665822007796,-0.6517079951280177,3.3947478532828663,35.927166,-95.735029,5.0,9072,0.9356435643564357,0.062307608377409764,0.034716090505435115,0.037218294299,5.0,36.68350699990697,True,True
2.685,36.20681675553656,-95.86686026816989,-0.6495938819378797,3.424601396664781,36.049278,-95.821738,5.0,9073,0.935746699669967,0.058198750773975336,0.0351829510160071,0.038678767332,5.0,35.514662000423414,True,True
2.737,36.394205015487216,-96.0083905875939,-0.6437875241650313,3.484276460133534,36.294256,-95.994434,5.0,9075,0.9359529702970297,0.05726814963013187,0.03715652664838931,0.039933342356,5.0,38.33532499993453,True,True
2.788,36.48947589993451,-96.07962879108129,-0.6404289480822876,3.5152587156333106,36.417396000000004,-96.079971,5.0,9076,0.9360561056105611,0.07524345289060463,0.03848364435514817,0.039173860665,5.0,38.54078800031857,True,True
2.841,36.68318200800502,-96.22319607130626,-0.6351316940054297,3.576950936745129,36.540925,-96.16511700000001,5.0,9077,0.9361592409240924,0.03685471131522312,0.03542791913852206,0.037791100743,5.0,41.508875001454726,True,True
2.887,36.78178198704263,-96.29565155558083,-0.6328368930923691,3.592024011895348,36.664683000000004,-96.250034,5.0,9078,0.9362623762376238,0.032595574555097456,0.034651930839919576,0.037833298893,5.0,37.083966000864166,True,True
2.938,36.97995740193206,-96.44080801124748,-0.6311323921846994,3.6281849840164515,36.912752000000005,-96.41981899999999,5.0,9080,0.9364686468646864,0.06052251471315684,0.031209618055646704,0.040321269683,5.0,38.05627199835726,True,True
2.988,37.08005502107383,-96.51410318225376,-0.6328647229819954,3.639470381279189,36.912752000000005,-96.41981899999999,5.0,9080,0.9364686468646864,0.020609295010358047,0.030837626175476363,0.042394259191,5.0,38.368837000234635,True,True
3.037,37.2815388711184,-96.6603642828734,-0.6239417993063537,3.691813855192712,37.159335999999996,-96.588342,5.0,9082,0.9366749174917491,0.012814022416603984,0.030487748990528196,0.046985830842,5.0,37.92559900102788,True,True
3.087,37.383913143117574,-96.73373884085747,-0.6198633279305269,3.716087023683282,37.282787,-96.672537,5.0,9083,0.9367780528052805,0.012236538233886955,0.02704519705818953,0.042747439639,5.0,37.18732899869792,True,True
3.137,37.59152524409038,-96.88069288226832,-0.6112744942347808,3.7647219713020394,37.530642,-96.839927,5.0,9085,0.9369843234323433,0.054365602486476663,0.02409773441917684,0.03833764075,5.0,37.6168120001239,True,True
3.186,37.69682797826865,-96.95420859844076,-0.6073273719182236,3.7908139588479335,37.530642,-96.839927,5.0,9085,0.9369843234323433,4.209309566919055e-05,0.019609079943416763,0.033848986274,5.0,36.74254799989285,True,True
3.235,37.91040159457028,-97.10149086467179,-0.6001546285617393,3.8414884113917243,37.779496,-97.006431,5.0,9087,0.937190594059406,-0.004698911017320841,0.01563392261914842,0.028970540957,5.0,35.682035000718315,True,True
3.286,38.018757375255504,-97.17553745196722,-0.5971626789110502,3.889886118060354,37.904269,-97.089495,5.0,9088,0.9372937293729373,-0.006590139815070536,0.01293613937670468,0.029919703991,5.0,36.31479800060333,True,True
3.338,38.23737985469623,-97.32231594231202,-0.5894886890359871,3.8840424200003625,38.154688,-97.25560300000001,5.0,9090,0.9375,-0.02768088543400702,0.012144180046337993,0.030710797977,5.0,38.179983999725664,True,True
3.387,38.34672707348289,-97.39522170755568,-0.5867897543506767,3.907194266007844,38.279334000000006,-97.337129,5.0,9091,0.9376031353135313,-0.04449243740500242,0.009551807343306074,0.029694248794,5.0,37.591254000290064,True,True
3.4370000000000003,38.56909160813772,-97.54307663086799,-0.5859719415384462,3.947836476269394,38.404046,-97.418952,5.0,9092,0.9377062706270627,-0.062036973786343,0.007821222070202971,0.027439633567,5.0,37.36815699994622,True,True
3.487,38.68129356450443,-97.61732433107836,-0.5821368609453512,3.963821128499839,38.529576,-97.500711,5.0,9093,0.937809405940594,-0.013919303760127854,0.0085464335780987,0.028749373681,5.0,37.49024500029918,True,True
3.536,38.79438050639345,-97.69135781617875,-0.5766819376617973,3.985580890412714,38.655107,-97.58251700000001,5.0,9094,0.9379125412541254,-0.014902920049331093,0.005053472119778135,0.027242693784,5.0,37.05483100020501,True,True
3.585,39.02304266229509,-97.83940868559284,-0.5713985371065842,4.024658515204299,38.906801,-97.745525,5.0,9096,0.9381188118811881,-0.01587959790456163,0.004002750160410962,0.022905101078,5.0,35.270988000775105,True,True
3.637,39.138482596151476,-97.913438901965,-0.5679800731394306,4.0440667766176865,39.033291999999996,-97.826183,5.0,9097,0.9382219471947195,-0.016732234841465243,0.005174236088388184,0.022846825153,5.0,37.676513000405976,True,True
3.686,39.37213618136894,-98.06165208466895,-0.5632728398391231,4.1028891892653006,39.287158000000005,-97.986475,5.0,9099,0.9384282178217822,-0.03239431073279839,0.005595182425072842,0.020658310645,5.0,36.195644999679644,True,True
3.7359999999999998,39.489243857696785,-98.1360555604608,-0.5626524445969718,4.078725251643541,39.414963,-98.066249,5.0,9100,0.9385313531353136,-0.0430728223433155,0.003922719055423851,0.021181063242,5.0,36.20060400135117,True,True
3.784,39.724120355294176,-98.2843638607806,-0.5625672103880339,4.098070974244779,39.668546,-98.225139,5.0,9102,0.9387376237623762,-0.06365237310861963,0.005611727442851766,0.027066896167,5.0,34.59184799976356,True,True
3.835,39.84254595664864,-98.35860229133208,-0.5587164943117567,4.121462230309406,39.795010999999995,-98.303997,5.0,9103,0.9388407590759076,-0.07355911678653351,0.005459784754804797,0.02783618117,5.0,35.57754999928875,True,True
3.885,40.08131974742037,-98.50756519077791,-0.5568870785386058,4.155037887925761,39.921956,-98.382995,5.0,9104,0.9389438943894389,-0.02161162971688968,0.0023003548940514484,0.026179246997,5.0,35.579133000283036,True,True
3.936,40.20153712173773,-98.58232193813014,-0.555776299771123,4.171891225682373,40.049136,-98.461721,5.0,9105,0.9390470297029703,-0.022138554374689545,0.003553195678661858,0.027461440308,5.0,36.25462599848106,True,True
3.9859999999999998,40.443714569733714,-98.73218117475936,-0.5526153230903192,4.205794765663788,40.304111,-98.618583,5.0,9107,0.939253300330033,-0.023461192833339813,0.004603343099492285,0.02876179626,5.0,36.32699100126047,True,True
4.035,40.56573361700466,-98.80727199904486,-0.5505896318207832,4.223348719729843,40.431926000000004,-98.696774,5.0,9108,0.9393564356435643,-0.024098602808932647,0.004420079221624018,0.02846691767,5.0,35.07467100098438,True,True
4.086,40.811834076034856,-98.95738323048472,-0.5452210098709555,4.264377410077628,40.688594,-98.853029,5.0,9110,0.9395627062706271,-0.025287628398367158,0.003314252465223433,0.026996875265,5.0,36.25089900015155,True,True
4.136,40.93448009019799,-99.03148191316332,-0.5417261566791471,4.191096824035201,40.816981,-98.930548,5.0,9111,0.9396658415841584,-0.025657155202564386,0.0033026989311260024,0.025487708695,5.0,36.71817199938232,True,True
4.185,41.182266754090875,-99.18007999879494,-0.5396739885616227,4.268284949033462,41.072705,-99.083823,5.0,9113,0.9398721122112211,-0.026256951032233872,0.001709247441917583,0.023651371445,5.0,35.115257000143174,True,True
4.235,41.306995410959935,-99.25471402922611,-0.5387744780951815,4.281457202529712,41.20117,-99.160536,5.0,9114,0.9399752475247525,-0.027190082655216916,0.0015045210205313353,0.024895195444,5.0,35.38300699983665,True,True
4.286,41.557926153687845,-99.40428552593833,-0.5347140480843696,4.307728726358191,41.329714,-99.237243,5.0,9115,0.9400783828382838,-0.028659573447467078,0.0008196180031214695,0.025838673492,5.0,36.340715998449014,True,True
4.336,41.684246111618876,-99.47877079411978,-0.5301461877694864,4.319948245392812,41.5872,-99.39061600000001,5.0,9117,0.9402846534653465,-0.03230811070437906,9.366530188703592e-05,0.024534311566,5.0,36.37091199925635,True,True
4.386,41.81121020343002,-99.55310522997512,-0.528357717273206,4.335131242981679,41.716312,-99.46673299999999,5.0,9118,0.9403877887788779,-0.03425098078802028,-0.0010276935907378437,0.020840097816,5.0,36.16116099874489,True,True
4.436,42.0671193012978,-99.70184428398144,-0.5249018479833938,4.382964024050945,41.975415000000005,-99.618166,5.0,9120,0.9405940594059405,-0.03783213606978249,-0.0009693707837801213,0.020202331708,5.0,36.580183999831206,True,True
4.484,42.19446647252714,-99.77622030795116,-0.5246805119499488,4.352835071560245,42.10545,-99.693832,5.0,9121,0.940697194719472,-0.03915915164553344,-0.002670185341592468,0.020223285426,5.0,34.316423001655494,True,True
4.533,42.45107390738788,-99.92428575611403,-0.5210497810791567,4.372274378965233,42.363875,-99.844012,5.0,9123,0.9409034653465347,-0.04170693399261936,0.00028801819986012944,0.02350161557,5.0,33.99584399994637,True,True
4.586,42.580271872224436,-99.99823706086819,-0.51886360958864,4.383966008188279,42.493435,-99.918782,5.0,9124,0.941006600660066,-0.04271713354914271,-0.0009169225500338385,0.021117452597,5.0,36.843817000772106,True,True
4.636,42.84009331041611,-100.14599802071925,-0.51550670916871,4.408056131798642,42.753454,-100.067539,5.0,9126,0.9412128712871287,-0.04375871186114516,-0.0009256018207288719,0.019726553507,5.0,36.303156999565545,True,True
4.683,42.97077614556128,-100.22000651662313,-0.5160202167015377,4.421816489182829,42.883720000000004,-100.141666,5.0,9127,0.9413160066006601,-0.04384124140078102,-0.0011699179605080268,0.019766233573,5.0,33.61701699941477,True,True
4.736,43.232902165149746,-100.36879824621718,-0.5152145350123102,4.44230109701709,43.144923,-100.28992,5.0,9129,0.9415222772277227,-0.0434257810739707,-0.00023266460777060516,0.025253138092,5.0,36.20826899896201,True,True
4.787,43.364739533318705,-100.44333680140996,-0.5128942041536582,4.4416198110930045,43.275632,-100.364369,5.0,9130,0.9416254125412541,-0.04295878266876992,-0.001001054494752296,0.024795373514,5.0,37.41070599971863,True,True
4.836,43.62844560845153,-100.59067266537207,-0.506449166535871,4.40060141000155,43.537657,-100.512043,5.0,9132,0.9418316831683168,-0.04112096857990438,-0.0008881641754578951,0.021920555983,5.0,36.094056000365526,True,True
4.885,43.75995461916056,-100.6638234745989,-0.5046348253385989,4.452454539407807,43.667452000000004,-100.58465600000001,5.0,9133,0.9419348184818482,-0.03946769367257663,-0.0024514301680049755,0.019582067755,5.0,35.31822500008275,True,True
4.937,44.0255423165156,-100.81045456995878,-0.5042572853522918,4.469985335608993,43.928764,-100.72990300000001,5.0,9135,0.9421410891089109,-0.03685840252774065,-0.0028133935008534117,0.021087556529,5.0,37.19763800108922,True,True
4.984,44.15874870842117,-100.88394673333252,-0.5040645183378258,4.478908274014392,44.059613,-100.802686,5.0,9136,0.9422442244224423,-0.03494513059495971,-0.003796887336038779,0.022923214736,5.0,34.77078200012329,True,True
5.036,44.42626009129391,-101.0311067953327,-0.4995099696666319,4.495871927163512,44.321381,-100.94864399999999,5.0,9138,0.942450495049505,-0.030433134338205683,-0.004369478269145688,0.025648244283,5.0,36.62723199886386,True,True
5.087,44.56072114105479,-101.10417829038873,-0.4962077796190647,4.507325457177082,44.452502,-101.021361,5.0,9139,0.9425536303630363,-0.027993183084561293,-0.004563291205612163,0.022785791001,5.0,37.25049700005911,True,True
5.136,44.83076256357097,-101.25001302637496,-0.49438843101582813,4.511322405020259,44.584039000000004,-101.09352700000001,5.0,9140,0.9426567656765676,-0.025635376586539606,-0.004639274726994991,0.020706418895,5.0,36.47702099988237,True,True
5.186,44.96598609011507,-101.32292161125277,-0.49398596110051574,4.517278609519333,44.847282,-101.237289,5.0,9142,0.9428630363036303,-0.020851681637778,-0.005307621117828454,0.022623774783,5.0,36.43280899996171,True,True
5.237,45.236717792273986,-101.46773703225,-0.4892344056607278,4.529292974396056,44.978806,-101.30906800000001,5.0,9143,0.9429661716171617,-0.018875185673266164,-0.004144924066191713,0.024178349777,5.0,38.03001400046924,True,True
5.287,45.372847334046675,-101.54005312544467,-0.48741818829454275,4.537793338192982,45.241615,-101.451164,5.0,9145,0.9431724422442245,-0.016918785345483727,-0.004357770839949371,0.022112709641,5.0,37.93947499980277,True,True
5.338,45.50936374753103,-101.61225602307809,-0.4856071574003472,4.546358399220342,45.373496,-101.521939,5.0,9146,0.9432755775577558,-0.01628274507516283,-0.004180802582925747,0.021975195111,5.0,38.8129269995261,True,True
5.39,45.78354830020918,-101.75638581365392,-0.48178608902631387,4.564461395547374,45.637833,-101.66285699999999,5.0,9148,0.9434818481848185,-0.015035878965351931,-0.004383667234487021,0.021619249711,5.0,40.74140100055956,True,True
5.4350000000000005,45.92126333270851,-101.8282311124467,-0.4795335854344609,4.574019125363344,45.77035,-101.733108,5.0,9149,0.9435849834983498,-0.014441383442334628,-0.004415498461860512,0.021330300798,5.0,35.68489999997837,True,True
5.484,46.19809586442737,-101.97138487728691,-0.4750271565575646,4.610795387296736,46.036341,-101.872986,5.0,9151,0.9437912541254125,-0.013267285033272038,-0.004391430996786294,0.020348741641,5.0,34.42899400033639,True,True
5.535,46.33674345394742,-102.04241635414377,-0.47275310850196145,4.533455980449595,46.169297,-101.942297,5.0,9152,0.9438943894389439,-0.012585527788594326,-0.004174617786040891,0.019419045578,5.0,35.82622500107391,True,True
5.586,46.61299181423861,-102.18320867921345,-0.46897504858332156,4.587245426095291,46.434874,-102.079657,5.0,9154,0.9441006600660066,-0.011514533719437404,-0.006097424830858955,0.017027629932,5.0,36.41327199875377,True,True
5.635,46.752251737427386,-102.2537335788627,-0.46858183338680637,4.594812509733937,46.567659,-102.147855,5.0,9155,0.9442037953795379,-0.010822512107466136,-0.004736900745905714,0.018925673086,5.0,35.99700499944447,True,True
5.691,47.031613413612604,-102.39497859498873,-0.46666560278883507,4.611039637716562,46.83442,-102.284375,5.0,9157,0.9444100660066007,-0.00946078104446366,-0.004647086013749302,0.022528464013,5.0,41.8576669999311,True,True
5.737,47.17186345257088,-102.46534111063318,-0.4624304822313496,4.616823089587773,47.101865000000004,-102.420581,5.0,9159,0.9446163366336634,-0.07477144195685544,-0.0006020656590930429,0.023205260793,5.0,37.34643700045126,True,True
5.784,47.453830537888614,-102.60505798082339,-0.45890712498295283,4.632316829546168,47.370698,-102.555145,5.0,9161,0.9448226072607261,-0.06133353355284681,-0.0031775695214548705,0.018725669168,5.0,34.95490700152004,True,True
5.835,47.594899669032195,-102.67436653880304,-0.4591102178476694,4.668470089824787,47.505236,-102.622226,5.0,9162,0.9449257425742574,-0.05419651665313205,-0.0014058833623979972,0.020331445352,5.0,35.17639999881794,True,True
5.886,47.87738713631881,-102.8134307293606,-0.4567529570444607,4.628547165293458,47.774366,-102.755628,5.0,9164,0.9451320132013201,-0.039465805758670425,-0.0024230556253050928,0.025199489118,5.0,36.62674100087315,True,True
5.937,48.0188833397009,-102.88263934117067,-0.45346775686285207,4.637049941439193,47.908434,-102.822216,5.0,9165,0.9452351485148515,-0.032265906536866555,-0.002656883365135254,0.023977740676,5.0,37.04062399992836,True,True
5.986,48.30315186764774,-103.02037040151225,-0.44896751384729366,4.652249530128714,48.042998,-102.888524,5.0,9166,0.9453382838283828,-0.024822289396397624,-0.002898655245793691,0.021928083624,5.0,36.17462600050203,True,True
6.035,48.44574836013149,-103.08898413688088,-0.44750012286328106,4.660681961426759,48.313035,-103.020169,5.0,9168,0.9455445544554455,-0.009885184250249333,-0.0024013078412705724,0.020855737195,5.0,35.01081000104023,True,True
6.085,48.58868864844872,-103.15751914924058,-0.4458725171327462,4.670174955197328,48.448370000000004,-103.085614,5.0,9169,0.945647689768977,-0.004269756222083545,-0.002431653167233261,0.021409054792,5.0,35.74141700119071,True,True
6.134,48.8760820270036,-103.29427868563327,-0.44146606380177056,4.6758735592766705,48.719885,-103.216208,5.0,9171,0.9458539603960396,-0.0035370050391898607,-0.002530382046929347,0.021270016358,5.0,34.445614999640384,True,True
6.184,49.02037702263054,-103.36209032469539,-0.4389048551933371,4.6923729205694205,48.856297,-103.281301,5.0,9172,0.945957095709571,-0.0032835652363543324,-0.0018048182764283105,0.020873112007,5.0,34.71363599965116,True,True
6.235,49.30737231942089,-103.49624375272477,-0.43373594833666756,4.660632737063114,49.129142,-103.410092,5.0,9174,0.9461633663366337,-0.0025439207594106345,-0.003184488875452196,0.019390216605,5.0,36.73549500126683,True,True
6.285,49.45184010752532,-103.563081632168,-0.4324441068029474,4.686666730425608,49.264376,-103.4736,5.0,9175,0.946266501650165,-0.0023427470085305028,-0.004036956640941725,0.018205776076,5.0,35.87827199953608,True,True
6.335,49.741745573845826,-103.69650046953507,-0.4301159613815765,4.700436791252699,49.537052,-103.60047,5.0,9177,0.9464727722772277,-0.0015872880171200897,-0.0028050318330770097,0.019887701388,5.0,35.53214599924104,True,True
6.384,49.88720023244291,-103.76304750197333,-0.427134529302501,4.705203217273814,49.673856,-103.663826,5.0,9178,0.946575907590759,-0.0012940947460617312,-0.0024318985859923536,0.020865603243,5.0,34.717722999630496,True,True
6.436,50.17936155955094,-103.89495826587502,-0.42195712590467105,4.720187053452062,50.08602,-103.851772,5.0,9181,0.9468853135313532,-0.05759285037723489,-0.0002534563724010397,0.017963716918,5.0,36.321540999779245,True,True
6.484,50.325671630972046,-103.96067413654568,-0.42088320726993056,4.667813615625456,50.223967,-103.913834,5.0,9182,0.9469884488448845,-0.048434890899138924,-0.0005214455576343369,0.018667921303,5.0,34.82396199979121,True,True
6.536,50.61865920550681,-104.09122914460251,-0.42090668858003216,4.697088808424672,50.499922,-104.037251,5.0,9184,0.9471947194719472,-0.02990937506742059,0.002265798672187458,0.02266102829,5.0,36.1597190003522,True,True
6.584,50.764913516376225,-104.15648600597581,-0.4186211693456091,4.714944050059071,50.637508000000004,-104.098558,5.0,9185,0.9472978547854786,-0.020223480790506915,0.0016566340069301688,0.024310879492,5.0,34.51314100129821,True,True
6.634,51.05859384797243,-104.28625805741946,-0.41365841257999125,4.7283126292145266,50.913026,-104.221023,5.0,9187,0.9475041254125413,-0.0015356548453779762,-4.308956946186271e-05,0.022967246303,5.0,34.85548100070446,True,True
6.686,51.20592790141664,-104.35076091257218,-0.41141437164949063,4.7338021607272935,51.051152,-104.281888,5.0,9188,0.9476072607260726,-0.001011138366454213,-0.0006369753219983565,0.022219917456,5.0,36.309818000518135,True,True
6.736,51.501512650638254,-104.4791872502982,-0.40739250289667805,4.749636062023397,51.327839000000004,-104.403134,5.0,9190,0.9478135313531353,-0.0006685400862478355,-0.002023172404481244,0.022174550243,5.0,36.80430299937143,True,True
6.787,51.65022538911242,-104.54325005615334,-0.4050948933856452,4.753841089700412,51.466529,-104.463563,5.0,9191,0.9479166666666666,-0.0004064880058047942,-0.0027740357154435458,0.021789254403,5.0,37.510262000068906,True,True
6.833,51.79870683307311,-104.60663994907186,-0.4024471889682437,4.77479865784988,51.605824,-104.52401,5.0,9192,0.948019801980198,-0.0001207654380374471,-0.002821123485439614,0.021444667097,5.0,33.57610999955796,True,True
6.885,52.096237402642046,-104.73219824219225,-0.3974350802966524,4.721725705736081,51.884506,-104.643539,5.0,9194,0.9482260726072608,0.0006151620202590408,-0.0032301637252563076,0.01991854673,5.0,35.88485399995989,True,True
6.936,52.24395261940841,-104.7945235392055,-0.39499790288104875,4.751720738996169,52.161839,-104.761444,5.0,9196,0.9484323432343235,0.07182537104439016,-0.002690278727174089,0.020115545096,5.0,36.24289399886038,True,True
6.987,52.54277960957167,-104.9185118778889,-0.3917259864171391,4.763840548606774,52.440711,-104.878518,5.0,9198,0.9486386138613861,0.052296064870289885,-0.0021102216847843636,0.020113709942,5.0,37.63255099875096,True,True
7.038,52.6926837492586,-104.98026595940017,-0.38891107005259046,4.7687637064589214,52.58061899999999,-104.93678100000001,5.0,9199,0.9487417491749175,0.042018808772949556,-0.0011960448693115744,0.020718546673,5.0,38.065459000790725,True,True
7.085,52.99355187680674,-105.10245823766594,-0.3828030135783311,4.780436209323319,52.86124,-105.052109,5.0,9201,0.9489480198019802,0.021128569043567955,-0.0019721412971107632,0.017657997759,5.0,35.691392000444466,True,True
7.135,53.14450445809728,-105.16300698768134,-0.3800516153876816,4.784021497801522,53.001959,-105.109274,5.0,9202,0.9490511551155115,0.010822861755606466,-0.001606718974145771,0.017389323742,5.0,35.16782499900728,True,True
7.185,53.44666539984823,-105.28356646397306,-0.38032929025618173,4.767522730499606,53.283274,-105.22233999999999,5.0,9204,0.9492574257425742,0.0035858073008879846,-0.0014095301607586208,0.018404270876,5.0,35.377206000703154,True,True
7.235,53.59731806603069,-105.34354443065268,-0.3797153189143248,4.772656998964168,53.424622,-105.278893,5.0,9205,0.9493605610561056,0.003821887379118111,0.0003558212422083429,0.021971654037,5.0,35.83237699967867,True,True
7.285,53.89918360871012,-105.4634785980176,-0.3767879825974088,4.780837904205369,53.705829,-105.39086499999999,5.0,9207,0.9495668316831684,0.0037115715347598643,0.0008005596287592454,0.02417397893,5.0,35.22779699960665,True,True
7.334,54.05044169448361,-105.52321144650321,-0.37546753330239196,4.785275405365037,53.846776,-105.446554,5.0,9208,0.9496699669966997,0.0033969410399170633,0.0016037204516865522,0.024526097919,5.0,34.395550999761326,True,True
7.384,54.35335731615901,-105.64233486755907,-0.37311189234553893,4.793521605248162,54.2709,-105.61219399999999,5.0,9211,0.9499793729372937,0.07507440877279886,0.004768586160656785,0.027021653705,5.0,34.625260001121205,True,True
7.434,54.50560212578912,-105.70193358052097,-0.3710526585479621,4.818591488431676,54.41270600000001,-105.66699399999999,5.0,9212,0.9500825082508251,0.06426771418369402,0.005271656131566438,0.027305636148,5.0,34.93601200170815,True,True
7.485,54.81005507630792,-105.81929377777585,-0.3650705900342125,4.794396263181788,54.697224,-105.775851,5.0,9214,0.9502887788778878,0.0423590776793151,0.00538377636690468,0.026180085186,5.0,35.21460199954163,True,True
7.536,54.96239914340168,-105.87731751542348,-0.36279206506403067,4.7982839058890345,54.839721999999995,-105.82979499999999,5.0,9215,0.9503919141914191,-0.03147065346560445,0.004190137944379391,0.024350738014,5.0,36.70981600043888,True,True
7.586,55.265579027405046,-105.99191521417653,-0.35723039155034597,4.795414420477892,55.122814,-105.936311,5.0,9217,0.9505981848184818,-0.009784744074966191,0.0014353353766933807,0.022504852318,5.0,36.29239600013534,True,True
7.636,55.418435189861796,-106.04888362819149,-0.3561311986403378,4.799995267120794,55.265268999999996,-105.989301,5.0,9218,0.9507013201320133,-0.0023441606019913687,0.0019701014605733036,0.022471303184,5.0,36.41065699957835,True,True
7.684,55.571521987641944,-106.10574033822449,-0.35482417896213864,4.806198472107899,55.408026,-106.042125,5.0,9219,0.9508044554455446,-0.002753052770886216,0.0028333997850853443,0.023758262106,5.0,34.36615600003279,True,True
7.734,55.878614128792336,-106.21835472633897,-0.3468766496515653,4.812812457729146,55.694325,-106.146892,5.0,9221,0.9510107260726073,-0.004146199820986375,0.0033381983939975157,0.023197181979,5.0,34.76350900018588,True,True
7.785,56.03272674364464,-106.27386277734796,-0.3445233179034534,4.819046646116227,55.837875,-106.19878,5.0,9222,0.9511138613861386,-0.004664626712352505,0.001187338349558864,0.020003472367,5.0,35.58999300003052,True,True
7.835000000000001,56.341271232395194,-106.38423652417698,-0.34367197311847325,4.841797747011212,56.125011,-106.30166799999999,5.0,9224,0.9513201320132013,-0.005151780079951085,0.0017164609187299007,0.021942095412,5.0,35.60956999899645,True,True
7.885999999999999,56.49571324650651,-106.43944833048708,-0.34211393105687843,4.802758818744019,56.41298199999999,-106.403924,5.0,9226,0.951526402640264,-0.07436417749663767,0.002966976420890166,0.024350777349,5.0,37.15451800053415,True,True
7.933999999999999,56.804034233913775,-106.54837922920674,-0.3370525187876472,4.813500756862223,56.700078000000005,-106.50523799999999,5.0,9228,0.9517326732673267,-0.05158670432772223,0.0025244723677619874,0.024369228684,5.0,34.91923899855465,True,True
7.984,56.95851631208745,-106.60237109455446,-0.3351074733983802,4.817006135758405,56.843804000000006,-106.55543999999999,5.0,9229,0.951835808580858,-0.04039169195203693,0.0017225458119791703,0.023476051275,5.0,34.99496099902899,True,True
8.035,57.26810425149695,-106.70983571276952,-0.33184771356608955,4.826413322661349,57.131562,-106.65535,5.0,9231,0.9520420792079208,-0.018377901122378863,0.0011868287053857784,0.024626621239,5.0,35.22226700079045,True,True
8.084,57.42358412638369,-106.76341394395153,-0.3295800923175428,4.8553118408618285,57.275714,-106.70506,5.0,9232,0.9521452145214522,-0.008984191935649114,0.00023671391274859843,0.024066131451,5.0,34.837877999962075,True,True
8.137,57.73489822075113,-106.86892387174447,-0.32421563756361876,4.830098650241101,57.564903,-106.80394,5.0,9234,0.9523514851485149,-0.007211355892233331,0.0004539650033312803,0.022797250126,5.0,37.530228999457904,True,True
8.186,57.89062030099153,-106.92103854458736,-0.3214795080450841,4.8350417809532935,57.709817,-106.85285400000001,5.0,9235,0.9524546204620462,-0.0072492552524025585,-0.0005435735818579701,0.021491420554,5.0,36.31036000115273,True,True
8.235,58.20090660826375,-107.02384831967427,-0.3159462669114719,4.834072327807177,57.998993999999996,-106.94944199999999,5.0,9237,0.9526608910891089,-0.007110141246533255,-0.0028948344120363068,0.01898202641,5.0,35.85318499972345,True,True
8.283,58.357270830014,-107.07477503257584,-0.3138126258326508,4.83913516936098,58.14273000000001,-106.997437,5.0,9238,0.9527640264026402,-0.006974639520085393,-0.0035679963131567405,0.018251061766,5.0,33.231846000489895,True,True
8.333,58.67096103627469,-107.17580650852028,-0.3084370976383346,4.849802083127898,58.579071,-107.139627,5.0,9241,0.9530734323432343,-0.06662853792897291,-0.000464829509974507,0.017437422567,5.0,33.07267899981525,True,True
8.384,58.82824868028805,-107.22574259302544,-0.30600421318484655,4.855354519698864,58.725048,-107.18651200000001,5.0,9242,0.9531765676567657,-0.055136260236305384,-0.0012578991042375698,0.016173300891,5.0,34.69781599960697,True,True
8.436,59.14307290228704,-107.3245877674315,-0.30295431350813185,4.85701084575116,59.01763199999999,-107.27949199999999,5.0,9244,0.9533828382838284,-0.032087635892298745,-0.002278664512474826,0.014652828539,5.0,36.063528999875416,True,True
8.485,59.30083087433997,-107.37383006448711,-0.3030111967023891,4.8913876775709095,59.163478000000005,-107.325433,5.0,9245,0.9534859735973598,-0.020422596083029987,-0.001547764569814536,0.01638288011,5.0,35.512749000190524,True,True
8.536,59.61618715274055,-107.47180542975453,-0.2996910331890382,4.834227681134154,59.309996,-107.371375,5.0,9246,0.9535891089108911,-0.009488249048160804,-0.00029821387621176143,0.018796461873,5.0,36.28130600009172,True,True
8.586,59.77361899649971,-107.52016333712842,-0.29638739791901736,4.847710317330849,59.60260400000001,-107.46244899999999,5.0,9248,0.9537953795379538,-0.004944873518165654,-1.534980274708886e-05,0.018838349649,5.0,36.09709099873726,True,True
8.634,59.93130786269215,-107.56819283001711,-0.2947071782450698,4.8495979263810165,59.74874200000001,-107.507447,5.0,9249,0.9538985148514851,-0.004871198063254962,-0.0016104412361932496,0.016793149869,5.0,34.3142789988633,True,True
8.686,60.247002019472596,-107.6639779147783,-0.2938140860149554,4.857669256758758,60.041142,-107.597017,5.0,9251,0.9541047854785478,-0.0041718625859414535,-0.003041700454448293,0.0184638483,5.0,36.65962199920614,True,True
8.734,60.40538751599065,-107.71197667689732,-0.2922238968269692,4.88695815339894,60.187445,-107.641879,5.0,9252,0.9542079207920792,-0.0037210082864751444,-0.003302390839040825,0.019982600172,5.0,34.992717000932316,True,True
8.785,60.72230357194404,-107.80660148078823,-0.2882760349298228,4.859464589304011,60.627455000000005,-107.775778,5.0,9255,0.9545173267326733,-0.06574732541988987,-0.0023215565288290385,0.020297050478,5.0,36.00865599946701,True,True
8.838,60.88071593352737,-107.85342329787738,-0.28627078918773374,4.863249795251024,60.774347,-107.819901,5.0,9256,0.9546204620462047,-0.053715878612195476,-0.0028292282609534425,0.019615475969,5.0,38.22630099966773,True,True
8.885,61.19600563220681,-107.94613917845416,-0.2819858242417446,4.862055076452483,61.066787,-107.907146,5.0,9258,0.9548267326732673,-0.029191927022016898,-0.004604429395002274,0.018926359273,5.0,35.40728199914156,True,True
8.933,61.35482632812735,-107.99199349256456,-0.28054899077206363,4.863943915863393,61.213102,-107.950597,5.0,9259,0.9549298679867987,-0.017667992660584733,-0.004967273577241915,0.018108888094,5.0,34.15894899990235,True,True
8.985,61.67314549481514,-108.08322064388847,-0.2764909623731267,4.872451331444881,61.50733,-108.036546,5.0,9261,0.9551361386138614,0.0006859552262356877,-0.0026314479413303005,0.018883327612,5.0,36.204071999236476,True,True
9.035,61.83268224654949,-108.12824801259622,-0.2733016387984793,4.876108149407508,61.654764,-108.079021,5.0,9262,0.9552392739273927,0.0010062362131873902,-0.002762209980341712,0.017660980032,5.0,35.359131999939564,True,True
9.085,62.152021982681354,-108.21722090866228,-0.2711394527190863,4.878183276248581,61.950255000000006,-108.16296799999999,5.0,9264,0.9554455445544554,0.0019088943633562407,-0.0036908205912959957,0.015444230824,5.0,35.56492699863156,True,True
9.136,62.31188422768286,-108.26167265325351,-0.27115843451450455,4.879771213666087,62.097654000000006,-108.204472,5.0,9265,0.9555486798679867,0.002358079766068224,-0.0023796239210671644,0.017672670609,5.0,36.01578899906599,True,True
9.185,62.63159599596269,-108.3499692355407,-0.26750776503916385,4.853872135260558,62.541385,-108.327932,5.0,9268,0.9558580858085809,0.0725765315256445,-0.0012259075554905685,0.020550178656,5.0,35.639345998788485,True,True
9.235,62.79110494408697,-108.39334862918416,-0.2635299324186907,4.863990718536556,62.6888,-108.368407,5.0,9269,0.9559612211221122,0.06010199028449408,0.0008247591709018565,0.020336509924,5.0,35.84192400012398,True,True
9.284,63.11063287613454,-108.47867760842588,-0.2587696703286835,4.865760663549531,62.984143,-108.448397,5.0,9271,0.9561674917491749,0.035453869076913135,-0.002500154164174706,0.015875339651,5.0,34.664995000639465,True,True
9.335,63.270544928185885,-108.52102149422784,-0.2585781435292442,4.869038897092627,63.131933999999994,-108.488133,5.0,9272,0.9562706270627063,0.023305413700500238,-0.003814919205950673,0.016030815461,5.0,35.59566399962932,True,True
9.385,63.591115221218416,-108.60592925512647,-0.2572153681760922,4.867879746544537,63.279804000000006,-108.527868,5.0,9273,0.9563737623762376,0.011515426702787218,-0.0037287987043086446,0.018214167346,5.0,35.99479000149586,True,True
9.436,63.75129544128375,-108.64789232047922,-0.25538787995120615,4.866037012029905,63.576264,-108.60692399999999,5.0,9275,0.9565800330033003,0.004739455353446489,-0.0009229380926067954,0.021141855705,5.0,36.3087470013852,True,True
9.485,63.911352926221944,-108.68954059263366,-0.253802548653139,4.867173853983356,63.724658999999996,-108.64595200000001,5.0,9276,0.9566831683168316,0.004851847696352197,-0.0009013617327555679,0.020795157036,5.0,35.29437100041832,True,True
9.537,64.22970397736464,-108.77208169975638,-0.2490856871154028,4.863448670115632,64.021132,-108.723141,5.0,9278,0.9568894389438944,0.005294678466748764,-0.0019526632597877125,0.021123800714,5.0,37.33968400047161,True,True
9.586,64.39001609015115,-108.81269826096079,-0.24732503476445444,4.864861318738764,64.16766700000001,-108.76123500000001,5.0,9279,0.9569925742574258,0.004920917804899075,-0.0037286612103386574,0.019485939356,5.0,36.32321400073124,True,True
9.635,64.711234660644,-108.89321457727685,-0.24252012222069474,4.871874603130361,64.613258,-108.87443400000001,5.0,9282,0.9573019801980198,0.06629030131871401,0.0008840723083869406,0.020517348406,5.0,35.66049500113877,True,True
9.687,64.8722068253818,-108.93272103183843,-0.23845979177288515,4.87570135496534,64.762231,-108.91145700000001,5.0,9283,0.9574051155115512,0.05416098793895185,0.00020048750344070498,0.018628724452,5.0,37.67697300099826,True,True
9.736,65.1944082490633,-109.01043509809631,-0.2360234816716373,4.8782763244438385,65.060694,-108.984449,5.0,9285,0.9576113861386139,0.03004073259542559,-0.001984297432123139,0.015142482258,5.0,36.98241600068286,True,True
9.787,65.3557330063457,-109.049194522326,-0.23544821127562612,4.879539898205142,65.20961199999999,-109.020549,5.0,9286,0.9577145214521452,0.01826047793083465,-0.0015306615372971955,0.017438233011,5.0,36.9693520005967,True,True
9.837,65.67855043261008,-109.12589150727116,-0.23084334007808344,4.854265460725108,65.508262,-109.092735,5.0,9288,0.9579207920792079,0.00686170776877202,-0.00281579727640624,0.017903300634,5.0,37.832044001334,True,True
9.887,65.83950742077913,-109.16347759854604,-0.22759978006638107,4.866273180579175,65.65724300000001,-109.128262,5.0,9289,0.9580239273927392,0.00719761278326471,-0.0019954168059652666,0.017798652157,5.0,37.11774799921841,True,True
9.935,66.16221513800308,-109.23734109473223,-0.2226109095802886,4.8707236760995025,65.955057,-109.197981,5.0,9291,0.958230198019802,0.007696570963068426,-0.0022391884702908094,0.014633821377,5.0,35.62185299961129,True,True
9.985,66.32372692032509,-109.27377454469237,-0.2208504179663748,4.872488088460437,66.10409200000001,-109.232267,5.0,9292,0.9583333333333334,0.008015787813635615,-0.002899512705827334,0.014048820051,5.0,36.195464999764226,True,True
10.037,66.64744711002622,-109.34646068512892,-0.21935266329686964,4.8736786611239715,66.552311,-109.33466100000001,5.0,9295,0.9586427392739274,0.07097099691633073,-0.002208729198920345,0.016539774921,5.0,37.15467700021691,True,True
10.085,66.80942083844677,-109.38240809695141,-0.2176509973389631,4.87366806711561,66.70160899999999,-109.368261,5.0,9296,0.9587458745874587,0.05838462172532479,-0.0008387690746900489,0.017137661267,5.0,35.497971999575384,True,True
10.134,67.13282656188053,-109.45344524839071,-0.21596796351485553,4.819246711779694,67.00071700000001,-109.43461200000002,5.0,9298,0.9589521452145214,0.0338435783685029,-6.046843702689486e-05,0.017401227922,5.0,34.630651000043144,True,True
10.187,67.2927057559205,-109.48898133732884,-0.21391982853827773,4.861692677401543,67.149777,-109.46723300000001,5.0,9299,0.9590552805280528,0.02184993013447835,-0.0011794671086473585,0.018735735436,5.0,37.623894999342156,True,True
10.236,67.61659764849672,-109.55929193024119,-0.2134922278979917,4.875877335884177,67.297758,-109.500147,5.0,9300,0.9591584158415841,0.012255496445475921,-0.001845269654335624,0.018245795018,5.0,36.39838399976725,True,True
10.286,67.77877089118985,-109.59440939397491,-0.21220571644254715,4.880543044302206,67.597082,-109.564622,5.0,9302,0.9593646864686468,0.009261614293084463,0.0032271326200383754,0.021893298428,5.0,36.30251499998849,True,True
10.336,67.94112946874426,-109.62914264436958,-0.20861468233626387,4.883816065153029,67.74701800000001,-109.59640900000001,5.0,9303,0.9594678217821783,0.008449895669942219,0.004789598349926205,0.022037328352,5.0,36.312694999651285,True,True
10.385,68.26601450126634,-109.69722372056043,-0.20591626841344077,4.884656920886574,68.047483,-109.658879,5.0,9305,0.959674092409241,0.007015973795121655,0.0022615602679918467,0.018038417412,5.0,35.29198700016423,True,True
10.437,68.42862906730682,-109.73120692034219,-0.20598804281627509,4.885493792281846,68.197469,-109.689777,5.0,9306,0.9597772277227723,0.006485675972782927,0.003125238551244802,0.020372975065,5.0,37.58261700022558,True,True
10.485,68.75417604273223,-109.79828346943091,-0.20076912489144524,4.860858435192789,68.648651,-109.78191899999999,5.0,9309,0.9600866336633663,0.059653485352136666,0.003993132082921402,0.021862029894,5.0,35.45187500094471,True,True
10.534,68.91641990957855,-109.83101429293981,-0.1971797883124662,4.870944837097196,68.798549,-109.811968,5.0,9310,0.9601897689768977,0.046435177544435706,0.003945593062375519,0.020888270626,5.0,34.99057299995911,True,True
10.585,69.24152966774521,-109.8948227183884,-0.19063826477747814,4.873859603693793,69.098617,-109.871241,5.0,9312,0.9603960396039604,0.021302776745570802,-2.314530189728714e-06,0.016312514611,5.0,35.883110998838674,True,True
10.634,69.40423019700653,-109.92603082947277,-0.1881358744228839,4.875162540425479,69.248704,-109.90062900000001,5.0,9313,0.9604991749174917,0.009229515125698001,-0.002726630350302628,0.014757815062,5.0,34.577050000734744,True,True
10.686,69.73035409315405,-109.98789014542115,-0.18562180023943753,4.874226028033803,69.549418,-109.95949099999999,5.0,9315,0.9607054455445545,0.005709096194342043,-0.004539508775307954,0.014803149123,5.0,36.156100999505725,True,True
10.735,69.89348224290717,-110.0183412733847,-0.1836509838138216,4.876051875210893,69.69989100000001,-109.988469,5.0,9316,0.9608085808580858,0.006268781214843191,-0.0036161460080306185,0.015250990278,5.0,35.51802899892209,True,True
10.785,70.21948949949677,-110.0784714466974,-0.18150112809197333,4.879708347178002,70.000873,-110.045578,5.0,9318,0.9610148514851485,0.007365118630389173,-0.003845580641607782,0.015041700384,5.0,35.20396199928655,True,True
10.835,70.38047296041552,-110.10824290420423,-0.17941471291481662,4.850498603183083,70.15134300000001,-110.073774,5.0,9319,0.9611179867986799,0.007886830908199548,-0.003389392207230113,0.016446194588,5.0,35.85245399881387,True,True
10.886,70.7067609438169,-110.16732396253325,-0.17814192095338693,4.87946061100339,70.601077,-110.157183,5.0,9322,0.9614273927392739,0.06067813007975231,-0.0012363219528608305,0.017438699455,5.0,36.45936799875926,True,True
10.935,70.87020601603,-110.1966952891976,-0.17664405712993853,4.884414321196214,70.751914,-110.184358,5.0,9323,0.9615305280528053,0.04825926766013713,0.0012200626230831624,0.019268862442,5.0,35.12279000096896,True,True
10.985,71.19770480044295,-110.25414029170665,-0.1710958861453932,4.890939186427248,71.054142,-110.23768500000001,5.0,9325,0.9617367986798679,0.023581029574830124,0.0004824920959518586,0.01737400834,5.0,35.666166000737576,True,True
11.035,71.36123274254024,-110.28242151107007,-0.17106197743702842,4.889049749681067,71.205404,-110.26396499999998,5.0,9326,0.9618399339933993,0.012482089843791315,-0.0005142266067990064,0.01666228648,5.0,35.67548300088674,True,True
11.086,71.68896416586891,-110.33870893215,-0.16864014240342992,4.94397664671674,71.356205,-110.29003700000001,5.0,9327,0.9619430693069307,0.00836117466316679,-0.0002005957016510962,0.018852080859,5.0,36.46282499903464,True,True
11.134,71.85321829962527,-110.36650355283132,-0.16616920725738496,4.867312884273124,71.65825600000001,-110.34181699999999,5.0,9329,0.9621493399339934,0.008201141677545154,0.0004930559225204689,0.020140015284,5.0,34.38818699942203,True,True
11.184,72.01673773916819,-110.39371305667744,-0.16366437947490065,4.876611477099311,71.810038,-110.36757,5.0,9330,0.9622524752475248,0.008137135356044116,-0.00028602776864117274,0.019070307493,5.0,34.45740700044553,True,True
11.235,72.34409886800572,-110.44700529384106,-0.15922538526151844,4.877952309282132,72.11166700000001,-110.417396,5.0,9332,0.9624587458745875,0.007896995935850745,-0.00030906966282850945,0.017327691783,5.0,35.479828000461566,True,True
11.284,72.50781069454477,-110.47322171068906,-0.1579558125095533,4.879804003305929,72.41355,-110.466159,5.0,9334,0.9626650165016502,0.07204390463398552,-0.00022281367955567788,0.017656251138,5.0,34.91618400039442,True,True
11.334,72.83587766898776,-110.52549939787366,-0.15670241444898264,4.877666743727397,72.716151,-110.514733,5.0,9336,0.9628712871287128,0.046750669154082165,-5.40809464641967e-05,0.020369253473,5.0,34.89625699876342,True,True
11.386,72.99989781939837,-110.55120706729645,-0.1543739125337347,4.879267730511094,72.86718,-110.538656,5.0,9337,0.9629744224422442,0.033954853943300486,0.0007853413687808342,0.020659546355,5.0,36.470940000072005,True,True
11.437,73.32772821838924,-110.60172019680168,-0.15174520347363488,4.882314628051699,73.16971600000001,-110.585582,5.0,9339,0.963180693069307,0.0107954718487342,0.00034750547194573045,0.019662981469,5.0,37.09979499944893,True,True
11.485,73.48980953198281,-110.62662179020644,-0.1495629497550573,4.837707327054427,73.32096800000001,-110.608709,5.0,9340,0.9632838283828383,0.007930350004169657,1.2025779167146311e-05,0.020402944982,5.0,35.49836199999845,True,True
11.534,73.81773920010534,-110.67582664370343,-0.1469682178864144,4.88266872403967,73.621654,-110.654417,5.0,9342,0.963490099009901,0.007601527283123167,-0.0004484314488379937,0.019569606068,5.0,34.796631000062916,True,True
11.586,73.98210216389128,-110.70003660311087,-0.14467349794778736,4.885971207053173,73.773165,-110.676736,5.0,9343,0.9635932343234324,0.00728385391108964,0.0019832717617846995,0.020760958032,5.0,36.38638099982927,True,True
11.634,74.311413019314,-110.746840731587,-0.13829834494959442,4.892561069758313,74.076684,-110.72027299999999,5.0,9345,0.963799504950495,0.006280480632720341,0.0008522713963228234,0.017226196983,5.0,34.95091900003899,True,True
11.684,74.47588109543445,-110.7697423360056,-0.13795015716006181,4.8911184257108395,74.380414,-110.76253600000001,5.0,9347,0.9640057755775577,0.07076352723109623,0.0017466865295250322,0.016847297305,5.0,34.626241998921614,True,True
11.735,74.80525073868802,-110.81506823621251,-0.13568803683524797,4.9138810950841005,74.684057,-110.803828,5.0,9349,0.9642120462046204,0.04482574314274254,0.004128377796631444,0.021396732701,5.0,35.909430000174325,True,True
11.783,74.97070995121811,-110.83750634536509,-0.13267941990996554,4.872685484358133,74.83635500000001,-110.82432800000001,5.0,9350,0.9643151815181518,0.032453324901543255,0.003398722908637186,0.019604804277,5.0,33.99993200036988,True,True
11.836,75.29959194237534,-110.8805691392182,-0.12789020053174388,4.879176905908334,75.140232,-110.864006,5.0,9352,0.9645214521452146,0.007016895330987831,0.0020297100590154216,0.016815289382,5.0,36.76619099860545,True,True
11.886,75.46414608666696,-110.90156714985012,-0.12581596296963046,4.878723303223435,75.291954,-110.883427,5.0,9353,0.9646245874587459,0.003797225876281034,0.0010830159282519958,0.016261194187,5.0,36.26993400030187,True,True
11.936,75.79358329094501,-110.94318454270993,-0.12513252941620423,4.912556440864537,75.443641,-110.90268799999998,5.0,9354,0.9647277227722773,0.003690615187509951,-0.000380901796842803,0.015888478907,5.0,36.194943999362295,True,True
11.984,75.95834945601528,-110.96377972434775,-0.12423692940109125,4.880086065776954,75.74720400000001,-110.94118999999999,5.0,9356,0.9649339933993399,0.003804764043475908,-0.0004964034056298416,0.019210032834,5.0,34.93297600107326,True,True
12.033,76.12319422702434,-110.98413759715176,-0.12195617678887646,4.883411906130375,75.899472,-110.960328,5.0,9357,0.9650371287128713,0.003782494450550142,0.00035212013417407206,0.019956917262,5.0,33.060546998967766,True,True
12.086,76.45253351326909,-111.02411683696003,-0.1200574692842984,4.882886948175683,76.355467,-111.015904,5.0,9360,0.9653465346534653,0.06863822844045551,0.0012276131313089245,0.019475885198,5.0,36.67482099990593,True,True
12.136,76.61569903207966,-111.0438326569447,-0.11854015361693902,4.822597316107809,76.507475,-111.03405,5.0,9361,0.9654496699669967,0.05583220121203631,0.000589000216625557,0.020661902865,5.0,37.01653899952362,True,True
12.185,76.94478282508436,-111.08288903796804,-0.11593153501370351,4.88230784874544,76.809632,-111.06999099999999,5.0,9363,0.9656559405940595,0.03034810315662987,0.0011502239733856001,0.020193622717,5.0,35.40661999977601,True,True
12.236,77.10981086444681,-111.10203832226838,-0.11445688420497425,4.887314554553656,76.961894,-111.08743899999999,5.0,9364,0.9657590759075908,0.017705774806141602,0.003158065803298804,0.021270452036,5.0,36.78257299907273,True,True
12.285,77.4404303463597,-111.13894427540762,-0.10808938751526792,4.89430626400707,77.266901,-111.12123100000001,5.0,9366,0.9659653465346535,0.0013072210951667782,0.0024486277449868865,0.018774010272,5.0,36.01057000014407,True,True
12.334,77.6055671266171,-111.1568493933587,-0.10775380512806886,4.892619563657255,77.419578,-111.13771499999999,5.0,9367,0.9660684818481848,0.0009916622904370459,0.0011262746798879064,0.017309428989,5.0,34.131788999729906,True,True
12.385,77.9360765108739,-111.19227490507096,-0.10499879073271307,4.913512457292784,77.724595,-111.170276,5.0,9369,0.9662747524752475,0.0004252000184460204,0.001961152298675106,0.021263244916,5.0,35.9583110002859,True,True
12.433,78.10257065724235,-111.20946091229605,-0.101543785521681,4.889097240654891,77.876819,-111.186402,5.0,9370,0.9663778877887789,0.00022139770494510418,0.0009815047205288252,0.019341940062,5.0,33.3177969987446,True,True
12.484,78.43282716972425,-111.2423206121135,-0.09715108768188728,4.8819925960768495,78.33507900000001,-111.232436,5.0,9373,0.9666872937293729,-0.06772879590232089,0.001672531684269618,0.016343593364,5.0,34.39980999974068,True,True
12.535,78.59806127495972,-111.2582755795703,-0.09537658616707245,4.8821307745651366,78.48733399999999,-111.24721799999999,5.0,9374,0.9667904290429042,-0.05472640089407665,0.0005580956955602012,0.01621918379,5.0,35.54876700036402,True,True
12.585,78.92865744744974,-111.28986532482803,-0.09485653384324451,4.919597888862567,78.791934,-111.27677,5.0,9376,0.966996699669967,-0.02881350251553352,-0.002589448500661895,0.016848509068,5.0,35.84893799961719,True,True
12.635,79.09414811465436,-111.3054758036637,-0.09418512181410099,4.884431435625263,78.94459499999999,-111.29163799999999,5.0,9377,0.9670998349834984,0.016035833578503148,-0.0009602136190536292,0.019459017405,5.0,35.92433800076833,True,True
12.684,79.42500287591291,-111.33604702528473,-0.09059421279849193,4.886899642970523,79.249835,-111.320299,5.0,9379,0.9673061056105611,0.00032666184502908225,-0.0001675902062578949,0.0197502369,5.0,34.154299999499926,True,True
12.735,79.59040230125214,-111.35102419619395,-0.09001842733802996,4.888014299595324,79.402284,-111.334321,5.0,9380,0.9674092409240924,0.0003292874774853831,-0.0004059452873073077,0.019762221738,5.0,35.584212999310694,True,True
12.784,79.75468244933394,-111.36576652695825,-0.08872267728436602,4.8062682500576415,79.55481400000001,-111.348129,5.0,9381,0.9675123762376238,0.0002611233397176003,0.0006340549319339139,0.020861689781,5.0,34.69316799964872,True,True
12.837,80.08469134121987,-111.39516816241823,-0.08597157342166858,4.886994767480301,79.858153,-111.375522,5.0,9383,0.9677186468646864,-9.991456385476093e-05,-0.002303497823472611,0.020513151351,5.0,37.150739999560756,True,True
12.886,80.25039955204286,-111.40936787876959,-0.08423616189489394,4.8920412523623265,80.010811,-111.388676,5.0,9384,0.9678217821782178,-0.00024386723260999866,0.0008146771430288524,0.021740380052,5.0,36.58714700031851,True,True
12.935,80.58233464556463,-111.43638023615414,-0.07863344495956849,4.899317594809326,80.469923,-111.426456,5.0,9387,0.9681311881188119,-0.053751277859907416,0.0018092749907516747,0.019642256119,5.0,35.35667800133524,True,True
12.986,80.748106273945,-111.44941043032955,-0.07803183385849229,4.89787663634024,80.623203,-111.438456,5.0,9388,0.9682343234323433,-0.04092103603037485,0.0009343708038600518,0.018915580564,5.0,36.106689000007464,True,True
13.034,81.07979055375438,-111.47508578161558,-0.07553445211647636,4.894658617369207,80.92925799999999,-111.462103,5.0,9390,0.968440594059406,-0.015090023365022527,0.0020792340054218705,0.022617690547,5.0,34.75754800092545,True,True
13.084,81.24686144460166,-111.48728111934938,-0.07155743723864748,4.917754435187226,81.081964,-111.473621,5.0,9391,0.9685437293729373,-0.002620964281318815,0.00196013008842133,0.021077053481,5.0,34.914672000013525,True,True
13.135,81.57837881931717,-111.51009871536095,-0.06633401671789355,4.886082572839503,81.389042,-111.49540900000001,5.0,9393,0.96875,-0.001891895067130268,-0.0004345585600784574,0.016246516397,5.0,35.41711000070791,True,True
13.186,81.7441624185837,-111.5209440097098,-0.06437745176902411,4.886788206670199,81.541892,-111.50581299999999,5.0,9394,0.9688531353135313,-0.0018457461408717493,-0.0009775538524192662,0.016126556502,5.0,36.62290400097845,True,True
13.236,82.07573790025178,-111.54193609506527,-0.06239966497874468,4.900394446598036,81.847539,-111.526123,5.0,9396,0.969059405940594,-0.001231406001435076,-0.0035566189627327383,0.015943742651,5.0,36.11990399986098,True,True
13.286,82.24187374972196,-111.5523002224035,-0.0620321739686084,4.886880788023403,82.000416,-111.536302,5.0,9397,0.9691625412541254,-0.0006731303507007845,-0.003716899030598242,0.017942414358,5.0,36.19479400003911,True,True
13.335,82.5737081198577,-111.57233899899045,-0.05896830596606849,4.888777790112945,82.459753,-111.56576000000001,5.0,9400,0.9694719471947195,0.05200453823666139,-0.0010405604871119856,0.019734847312,5.0,35.29406000052404,True,True
13.384,82.73957535734837,-111.58210287204253,-0.058582181921411985,4.889894758501295,82.612711,-111.575025,5.0,9401,0.9695750825082509,0.03909525880229429,-0.0009249377321158825,0.01993592213,5.0,34.428261998982634,True,True
13.435,83.06936459075636,-111.60167619020153,-0.05570291498734901,4.887095158149023,82.918053,-111.592932,5.0,9403,0.9697813531353136,0.013081255416724457,-0.0010281308403103928,0.02193839055,5.0,35.46158300014213,True,True
13.485,83.23534891910313,-111.6108679712763,-0.05486839224819462,4.889554727893538,83.069962,-111.602043,5.0,9404,0.9698844884488449,0.0007010329754260633,-0.001451886532442881,0.020791915186,5.0,35.401912000452285,True,True
13.535,83.56778160037955,-111.62866302061789,-0.05040930416190839,4.897606462715638,83.376478,-111.618397,5.0,9406,0.9700907590759076,-0.0002937073074484579,0.0025837650399838097,0.021509454383,5.0,35.22035199966922,True,True
13.588,83.73425410110754,-111.63684234680285,-0.047899145990635085,4.9026563724540875,83.529963,-111.62606299999999,5.0,9407,0.9701938943894389,-0.0007953230404770185,0.0016273589943613942,0.01897213479,5.0,38.166449001437286,True,True
13.635,84.06700879016104,-111.65257664388587,-0.046975657341434364,4.901913032820342,83.683561,-111.633389,5.0,9408,0.9702970297029703,-0.0010970948355982309,0.0008569706060410631,0.017581009149,5.0,35.64857300079893,True,True
13.684,84.23313126438168,-111.6601598591108,-0.04451757240036324,4.899072322629883,83.990526,-111.64733899999999,5.0,9410,0.970503300330033,-0.0019135583554365392,0.0030682291925847593,0.020090104129,5.0,34.91892999954871,True,True
13.736,84.400588933653,-111.66716885593516,-0.04011912680003339,4.987374159273966,84.297184,-111.660679,5.0,9412,0.9707095709570958,-0.06405483937574928,0.0030313806660435816,0.01894562821,5.0,36.76967799947306,True,True
13.784,84.73297707431948,-111.67965838118015,-0.034087719617190176,4.792226467901427,84.605885,-111.67228,5.0,9414,0.9709158415841584,-0.03743570534889775,0.0016608234639878816,0.013018562608,5.0,34.18254300049739,True,True
13.834,84.89625322371576,-111.68522112663784,-0.032132518202016916,4.861538184340974,84.756338,-111.67751299999999,5.0,9415,0.9710189768976898,-0.02345923078574812,0.0007890560409151703,0.012073637513,5.0,34.60614499999792,True,True
13.886,85.22695025375909,-111.69602658995923,-0.03305168387836762,4.865396884875282,85.06104300000001,-111.68718999999999,5.0,9417,0.9712252475247525,-0.00339246502372874,0.0007705030364655308,0.014070164094,5.0,36.3265500000125,True,True
13.935,85.39258062646947,-111.701652547878,-0.033167700414241816,4.862640225347748,85.213443,-111.692049,5.0,9418,0.9713283828382838,-0.0035361743545973667,0.0008503375760877674,0.01690178526,5.0,35.657929998706095,True,True
13.986,85.72302124393151,-111.71258337088427,-0.033115474606119126,4.8619954969566255,85.518337,-111.701931,5.0,9420,0.9715346534653465,-0.0039204936304347154,0.001118809211416938,0.020532645235,5.0,36.12232799969206,True,True
14.035,85.88813568990913,-111.7181160247393,-0.033903768063908025,4.8625348975910585,85.67090300000001,-111.70671200000001,5.0,9421,0.9716377887788779,-0.004258741849690881,0.0020053667783788143,0.022345995089,5.0,35.605813000074704,True,True
14.084,86.21434033537723,-111.72923949725293,-0.03167868334902889,4.7330076691249365,86.126696,-111.72018200000001,5.0,9424,0.971947194719472,-0.07345844604836141,0.0016795053670364268,0.027309605437,5.0,34.854338999139145,True,True
14.135,86.37699515755865,-111.73618794054713,-0.02910895088810014,4.8392295119152156,86.275121,-111.72574499999999,5.0,9425,0.9720503300330033,-0.060881037302565055,-0.007097011787525531,0.025393790894,5.0,35.388356998737436,True,True
14.185,86.7088710057503,-111.74825948455813,-0.025717625048411342,4.838899181721316,86.580777,-111.736802,5.0,9427,0.972256600660066,-0.038043811749084167,-0.0011552952165723163,0.023918884361,5.0,35.854407000442734,True,True
14.236,86.87338557849533,-111.75245712803749,-0.025184361263073076,4.841311805633439,86.732539,-111.740248,5.0,9428,0.9723597359735974,-0.024987153431902345,0.003306557115527742,0.024965028563,5.0,36.62753199932922,True,True
14.284,87.20217244058273,-111.7606000897969,-0.02474937098780112,4.844941286469368,87.036198,-111.746769,5.0,9430,0.9725660066006601,-0.009851566788174884,0.005356792852571068,0.027515615913,5.0,34.857545000704704,True,True
14.336,87.36666563516172,-111.76446495833075,-0.02321076716402568,4.837991694711985,87.188068,-111.74949699999999,5.0,9431,0.9726691419141914,-0.010849242892694583,0.006832525410109813,0.028851978892,5.0,36.57429299892101,True,True
14.385,87.69686752890716,-111.77037348442126,-0.012688017572029463,4.839428080234738,87.491782,-111.75484499999999,5.0,9433,0.9728754125412541,-0.012523479776080978,0.002880049031172671,0.023814979002,5.0,35.83670500120206,True,True
14.435,87.8611997819,-111.77214370745612,-0.009032416502183819,4.833990159500195,87.644701,-111.756751,5.0,9434,0.9729785478547854,-0.013142135227263464,0.001851624143224928,0.019358321144,5.0,35.35922199989727,True,True
14.484,88.02556008776132,-111.77337349990447,-0.00601131568730736,4.834544599987138,87.79648399999999,-111.758147,5.0,9435,0.9730816831683168,-0.013548224189328766,0.0009708127431817815,0.017088949789,5.0,34.577561000332935,True,True
14.534,88.3542275889779,-111.77457395964643,-0.001667892098997851,4.835983403835421,88.251175,-111.76066399999999,5.0,9438,0.9733910891089109,-0.06272826145416147,-0.0012870290076034685,0.014027208194,5.0,34.803242999259965,True,True
14.585,88.51899615884925,-111.77486399594484,-0.0014227723940338206,4.842229495659432,88.402715,-111.76137299999999,5.0,9439,0.9734942244224423,-0.050252307043681575,-0.0033615801083293206,0.014628014705,5.0,35.29656499995326,True,True
14.633,88.84794075419241,-111.77486222896341,0.0012871856603896754,4.8361899462846445,88.706079,-111.762992,5.0,9441,0.973700495049505,-0.02573221816569,-0.004278438424889064,0.016630858683,5.0,34.07494200109795,True,True
14.684,89.0123512182098,-111.77462191754381,0.0016619596144458234,4.838362248966558,88.857823,-111.76353,5.0,9442,0.9738036303630363,-0.015035896896453517,-0.004399964751570895,0.016847611993,5.0,34.97801000048639,True,True
14.734,89.34063768332975,-111.77397687371686,0.0023129939756351965,4.756443339920094,89.160891,-111.76426799999999,5.0,9444,0.974009900990099,-0.010084125197382837,-0.0030365007790615905,0.02004030632,5.0,34.317835999900126,True,True
14.784,89.5040497208803,-111.77402777832948,0.004041508331969548,4.841543288353742,89.312173,-111.764384,5.0,9445,0.9741130363036303,-0.00948509134715421,-0.004582535041904645,0.020692979013,5.0,34.6297889991547,True,True
14.834,89.83361544016182,-111.77229831910827,0.007544758935500245,4.850338799620164,89.613967,-111.764738,5.0,9447,0.974319306930693,-0.008760677372457814,-0.002383783335261569,0.020651802593,5.0,34.30528299941216,True,True
14.885,89.9986629265731,-111.77089687969945,0.009706553998531296,4.8564959007798185,89.76579699999999,-111.764133,5.0,9448,0.9744224422442245,-0.008596552815089864,-0.0023711145632887565,0.019160720152,5.0,35.66754799976479,True,True
14.935,90.32880932653538,-111.76726884303223,0.01156085627032803,4.858397841239433,90.221899,-111.760534,5.0,9451,0.9747318481848185,-0.05865660658157004,-0.001304968225801506,0.017906656922,5.0,35.25883399925078,True,True
14.986,90.49396373254027,-111.7652239303853,0.01210904663005258,4.821991055117207,90.373991,-111.758829,5.0,9452,0.9748349834983498,-0.045963187090024525,0.00012299228171652743,0.019667726326,5.0,36.42109700012952,True,True
15.036,90.8249194312929,-111.76012387419038,0.018844407907950108,4.907371843155661,90.677875,-111.75511399999999,5.0,9454,0.9750412541254125,-0.020536466410429742,-0.0009666170335278501,0.018470534486,5.0,36.30028099905758,True,True
15.085,90.99034067035961,-111.75677882270622,0.021241116388139185,4.851373499870826,90.830848,-111.752572,5.0,9455,0.9751443894389439,-0.0096009755078455,-0.0011534039649805372,0.016049906732,5.0,35.37799700097821,True,True
15.134,91.32024379689346,-111.74917472543093,0.02478445725150251,4.853064216573889,91.134842,-111.74663899999999,5.0,9457,0.9753506600660066,-0.006916046059010845,-0.0022574549513674214,0.014526615383,5.0,35.026841000217246,True,True
15.184,91.48515001591353,-111.74505132601736,0.025599838412747766,4.854937334878647,91.28666899999999,-111.743394,5.0,9458,0.9754537953795379,-0.006508471434529218,-0.003240736796731536,0.014568609239,5.0,34.223751001263736,True,True
15.236,91.8153801280727,-111.73673282768112,0.025362870520176113,4.8565329776409705,91.590404,-111.736911,5.0,9460,0.9756600660066007,-0.005321543392113142,-0.0039163290195727285,0.018147344028,5.0,36.64474499964854,True,True
15.285,91.98067809274445,-111.73237289002954,0.02693454843226217,4.860853042055288,91.742713,-111.73369199999999,5.0,9461,0.9757632013201321,-0.004692813762575771,-0.0034250738335512843,0.019384038216,5.0,35.996763999719406,True,True
15.336,92.31081395334324,-111.72328159288105,0.027754874101229923,4.86135896941305,92.046663,-111.726448,5.0,9463,0.9759694719471947,-0.06625037590372083,-0.0014148952583665775,0.019328944878,5.0,36.73486299885553,True,True
15.385,92.47600225991204,-111.71868274628382,0.028055000563190564,4.864371367339425,92.350379,-111.718423,5.0,9465,0.9761757425742574,-0.03986224832765346,-0.00037208758337925474,0.021708470869,5.0,35.8735540012276,True,True
15.434,92.63946184968218,-111.71420721878356,0.029864918281449864,4.83670341751736,92.502023,-111.71416599999999,5.0,9466,0.9762788778877888,-0.026409844977158096,-0.0015517763170884713,0.022759231418,5.0,34.600254000906716,True,True
15.484,92.97005344638002,-111.7040685395852,0.03290241545875939,4.869530982137362,92.804289,-111.705878,5.0,9468,0.9764851485148515,-0.0034305287268535144,0.00011258407196068632,0.022403341602,5.0,34.348424000199884,True,True
15.536,93.13563927655844,-111.6984495178866,0.03546639669164603,4.873578330269473,92.956352,-111.70091799999999,5.0,9469,0.9765882838283828,-0.00362782335624292,0.0008925479533026248,0.021730137614,5.0,36.24941599991871,True,True
15.585,93.46683136455529,-111.68610940239044,0.03864751681862474,4.877410561005355,93.260888,-111.68991399999999,5.0,9471,0.9767945544554455,-0.004054755031799175,0.00030085432072546325,0.019346894284,5.0,35.43610500128125,True,True
15.635,93.63260215556285,-111.67965509962451,0.039214258165861084,4.878841025860973,93.412987,-111.68404,5.0,9472,0.976897689768977,-0.0042470365635107685,0.0008963047369832111,0.020005530079,5.0,35.42924300018058,True,True
15.684,93.96391885124737,-111.66537048651213,0.04589337749172224,4.914794855606147,93.869578,-111.66516299999999,5.0,9475,0.977207095709571,-0.07205519499572319,0.001998613964234064,0.019679640983,5.0,35.01484899970819,True,True
15.734,94.13038721859105,-111.65760699913898,0.048546287572335846,4.869926640722439,94.022669,-111.65810400000001,5.0,9476,0.9773102310231023,-0.059197819256169674,0.0013102393481503327,0.016871981576,5.0,34.7751609988336,True,True
15.783000000000001,94.46117714469077,-111.64087534392465,0.05240308846886358,4.871680938419935,94.327062,-111.64316399999998,5.0,9478,0.977516501650165,-0.031904395804683475,-0.0002590988292880958,0.015004008677,5.0,33.60991299996385,True,True
15.832999999999998,94.62654605824048,-111.63208749359353,0.05401684424275933,4.871236849442058,94.478998,-111.635433,5.0,9479,0.9776196369636964,-0.018633356953241618,-0.001399718687920437,0.014935782658,5.0,33.68360100103018,True,True
15.885000000000002,94.9575881451465,-111.61413522737003,0.05460757139715595,4.870115487323443,94.782916,-111.619964,5.0,9481,0.977825907590759,-0.003649744919513483,-0.003598500866230925,0.016298540536,5.0,35.776892998910625,True,True
15.933,95.12308276557773,-111.60486328524415,0.05627647454584381,4.884169890957848,94.935262,-111.6122,5.0,9482,0.9779290429042904,-0.003119017753549225,-0.002564021793631799,0.017948954565,5.0,33.99518299920601,True,True
15.984000000000002,95.45363276560974,-111.5860337568217,0.05727412420485407,4.872344344156474,95.239369,-111.595854,5.0,9484,0.9781353135313532,-0.0023885490439564654,-0.002251913234307956,0.018034912149,5.0,34.38538199952745,True,True
16.036,95.61897565628213,-111.57653754387445,0.05760746946802368,4.874771235047339,95.391301,-111.587359,5.0,9485,0.9782384488448845,-0.002190750314808393,-0.0011446799550713926,0.01983965035,5.0,36.04703800010611,True,True
16.085,95.94786408154307,-111.55751143147306,0.060861239694596225,4.872129594493215,95.845647,-111.56165800000001,5.0,9488,0.9785478547854786,-0.06282514079519598,-0.0014689460859971248,0.021081269267,5.0,35.286967000502045,True,True
16.135,96.11334464312682,-111.54737707281407,0.061987645863239835,4.878353414008384,95.997716,-111.552536,5.0,9489,0.9786509900990099,-0.05009958774459933,0.00017265717306402806,0.020620842833,5.0,35.764931000812794,True,True
16.184,96.2789953179976,-111.53693209928713,0.06463269580276329,4.88210063720496,96.149919,-111.54306399999999,5.0,9490,0.9787541254125413,-0.03682779083499205,0.001187515552975249,0.02080517186,5.0,34.49023800021678,True,True
16.233,96.61032323306983,-111.51491865760431,0.06804147213175,4.884296411548733,96.45472600000001,-111.52314799999999,5.0,9492,0.9789603960396039,-0.01038471520194193,0.00011607473784458477,0.01818803029,5.0,33.77953000017442,True,True
16.287,96.94161812331217,-111.49200984978337,0.07084302505927031,4.886759598139311,96.60681899999999,-111.51286,5.0,9493,0.9790635313531353,-0.0022947902171284985,0.00014441225445072092,0.018539485657,5.0,37.827685999218374,True,True
16.337,97.1074126874553,-111.47996390435357,0.07432084450508196,4.889135095287223,96.911204,-111.491708,5.0,9495,0.979269801980198,-0.0024954218155416766,0.0002297728195514992,0.018770066043,5.0,37.24144999978307,True,True
16.384,97.27430253990521,-111.46724412698147,0.07684516225523433,4.9050652681086975,97.0636,-111.48068400000001,5.0,9496,0.9793729372937293,-0.0025621631452880157,-0.0007414232247717756,0.016249381052,5.0,34.83148599843844,True,True
16.434,97.60513390716626,-111.44111236976518,0.08070481234166933,4.879911873599303,97.369251,-111.457402,5.0,9498,0.9795792079207921,-0.002470055025956745,-0.0011418753508638524,0.014248061837,5.0,34.239960999912,True,True
16.483,97.77046065167052,-111.42762986442692,0.08227207388179053,4.87919817731355,97.673239,-111.433375,5.0,9500,0.9797854785478548,-0.0685432021485318,-0.0012646735871575387,0.014753047793,5.0,33.313449001070694,True,True
16.535,98.10132605404101,-111.40033339131656,0.08235939743417865,4.879488317493589,97.977308,-111.40928600000001,5.0,9502,0.9799917491749175,-0.0418253894026209,-0.0031890518765167464,0.01611756311,5.0,35.31894700063276,True,True
16.585,98.26673144195415,-111.38651392456042,0.08341000272383786,4.90137798978346,98.129498,-111.397072,5.0,9503,0.9800948844884488,-0.02836009894968528,-0.0014868811729447096,0.018201552486,5.0,34.97744900050748,True,True
16.636,98.59738140027986,-111.35872304734053,0.0845294675457694,4.882766866618553,98.433592,-111.371991,5.0,9505,0.9803011551155115,-0.0016785355839516556,-0.0006204470754087588,0.019272068881,5.0,36.40583800006425,True,True
16.685,98.76276162888567,-111.3446894795087,0.08481751108588378,4.885463436140184,98.58551,-111.35916200000001,5.0,9506,0.9804042904290429,-0.00056776905580764,-2.0434083862763686e-05,0.02040783191,5.0,35.504322999258875,True,True
16.734,99.09192743668717,-111.31663534853402,0.08778965974033982,4.883163774390645,98.889263,-111.33312600000001,5.0,9508,0.9806105610561056,-0.0005119469349501477,-0.0010830909132053534,0.021860880059,5.0,34.48434700112557,True,True
16.784,99.25749808127892,-111.3019832877484,0.0891227092874851,4.8901680949028075,99.039745,-111.320527,5.0,9509,0.980713696369637,-0.0007247565162476811,-0.0018667052290335384,0.021111192307,5.0,34.48903599928599,True,True
16.832,99.58904509814356,-111.27180497763699,0.09297690496392769,4.899810489810886,99.496222,-111.279058,5.0,9512,0.981023102310231,-0.07344762309378826,0.002755871082229966,0.02058843248,5.0,32.961371000055806,True,True
16.883,99.7547151540461,-111.25634062079527,0.09459008790907625,4.888956695765403,99.64860999999999,-111.26456999999999,5.0,9513,0.9811262376237624,-0.0600026868946246,0.002384123104709257,0.019735906,5.0,33.29817000121693,True,True
16.935,100.08605946314134,-111.22450979880237,0.09795275835787601,4.898915149786834,99.95305,-111.23516699999999,5.0,9515,0.9813325082508251,-0.032894737184187374,0.001961525406139586,0.020267349356,5.0,35.09488800045801,True,True
16.984,100.25188843806976,-111.20797685148277,0.10090181862782131,4.90131196145459,100.104996,-111.22023300000001,5.0,9516,0.9814356435643564,-0.01941348593620761,0.0014506544083232598,0.018695463444,5.0,34.64734199951636,True,True
17.036,100.58437391917646,-111.17347792435828,0.10540630426473643,4.892420347544138,100.257285,-111.204825,5.0,9517,0.9815387788778878,-0.006249563859690959,0.0014267262387082091,0.016847271082,5.0,36.80140700089396,True,True
17.085,100.74979899533386,-111.15583698714279,0.10702994428539003,4.893456001417749,100.562647,-111.17268700000001,5.0,9519,0.9817450495049505,-0.003111571569212999,0.0011586066692492736,0.014822643338,5.0,35.21381999962614,True,True
17.135,100.91520959464441,-111.13795109438304,0.10852635972855501,4.8928588848848475,100.7145,-111.156342,5.0,9520,0.9818481848184818,-0.0033079703662499235,0.0006553508573845512,0.014931114354,5.0,35.277409999252995,True,True
17.182,101.24616955984261,-111.10180206362804,0.10891044792944835,4.8919230758852486,101.017995,-111.12337600000001,5.0,9522,0.9820544554455446,-0.0032838069564347415,-0.0011015634615096914,0.01606596461,5.0,32.86161399955745,True,True
17.236,101.41156575472466,-111.08348999462586,0.1105290688895648,4.916884575180017,101.170002,-111.10696399999999,5.0,9523,0.9821575907590759,-0.00308447497093605,-0.0010938437705676485,0.018086640109,5.0,36.12789900034841,True,True
17.285,101.74212232158524,-111.04655221797609,0.11194087050029862,4.893341741425789,101.62534000000001,-111.05695,5.0,9526,0.98246699669967,-0.049135564827588185,-0.0006560171912610713,0.018089751193,5.0,35.15411900116305,True,True
17.334,101.90740176337721,-111.02796108752239,0.11213639447985257,4.895324802257571,101.777005,-111.039973,5.0,9527,0.9825701320132013,-0.03549770925798444,-0.00025195436234959345,0.019406594261,5.0,34.34987599939632,True,True
17.385,102.23626305990433,-110.99088755730662,0.11497491930156549,4.8791795554056785,102.08020400000001,-111.005673,5.0,9529,0.982776402640264,-0.00841668369934568,-0.0010054918229855936,0.021421198148,5.0,35.39028100021824,True,True
17.435,102.40160625795588,-110.97180093314245,0.11627085228188225,4.897173748437282,102.230755,-110.988998,5.0,9530,0.9828795379537953,-0.0025135629594618563,-0.0018836045076073837,0.020222416298,5.0,35.261560000435566,True,True
17.485,102.73265468310979,-110.93253959776173,0.12034092050581094,4.9059773336035395,102.53446,-110.953333,5.0,9532,0.983085808580858,-0.0029274631198381424,0.0005255409746389716,0.019283153382,5.0,35.17736200046784,True,True
17.534,102.89809426410571,-110.91250299547758,0.12196555646958306,4.890826989507242,102.686501,-110.935027,5.0,9533,0.9831889438943895,-0.003111839052427306,0.00018102478792814125,0.01843588429,5.0,34.06301900031394,True,True
17.584,103.22892585713153,-110.87161789727853,0.12453078728370283,4.90517117802739,102.99027199999999,-110.897916,5.0,9535,0.9833952145214522,-0.0032683861832850905,0.000368821785686535,0.019436708234,5.0,34.65940400019463,True,True
17.635,103.39446343488656,-110.8506331214455,0.12778208907786115,4.907361507738442,103.29381500000001,-110.860193,5.0,9537,0.9836014851485149,-0.0658872456552181,0.0009244149063656337,0.018597972517,5.0,35.65451500071504,True,True
17.684,103.72648050918458,-110.80712136737911,0.13242139904715924,4.897470431119462,103.59849200000001,-110.82086299999999,5.0,9539,0.9838077557755776,-0.03893994529603927,0.00013102417069799088,0.01455868709,5.0,34.57703000094625,True,True
17.734,103.8915371168835,-110.78499443262491,0.13405759247091367,4.898291596206763,103.750442,-110.80075900000001,5.0,9540,0.9839108910891089,-0.024791788171978163,-0.00029208417003934173,0.014396389604,5.0,34.38255699984438,True,True
17.783,104.22150016961682,-110.74005344012944,0.13653109548300463,4.897987897700516,104.053342,-110.760225,5.0,9542,0.9841171617161716,-0.002787695615924444,-0.002138278097497892,0.014038956208,5.0,33.92452099978982,True,True
17.835,104.38664855970899,-110.71733812372759,0.13671200284774865,4.896158434493537,104.204662,-110.739893,5.0,9543,0.9842202970297029,-0.0023963248237223894,-0.0031164777863521564,0.014894846722,5.0,35.62172199963243,True,True
17.886,104.71647074151606,-110.67156821365286,0.13890076495584625,4.897460245821682,104.356348,-110.719558,5.0,9544,0.9843234323432343,-0.0018426046022740018,-0.0031713383590910027,0.01652981861,5.0,36.369059000207926,True,True
17.934,104.88128705111737,-110.64848417782149,0.1393151509452489,4.898382289583088,104.65894300000001,-110.67856699999999,5.0,9546,0.9845297029702971,-0.0008976187959561375,-0.0028877011966641497,0.016948454939,5.0,35.22744600013539,True,True
17.985,105.04616910673805,-110.62533432810226,0.13966512751613233,4.900735337372327,104.810061,-110.657802,5.0,9547,0.9846328382838284,-0.000511345982664107,-0.0024379804405243455,0.017975393449,5.0,35.28930200081959,True,True
18.034,105.37457350936842,-110.57902630328464,0.1421828618095342,4.861945741445167,105.26309099999999,-110.594815,5.0,9550,0.9849422442244224,-0.052472172839235415,-0.00243269934565582,0.01994410157,5.0,34.89274100138573,True,True
18.086,105.53939823632614,-110.5555403514628,0.14338105979594154,4.90375303171397,105.41313899999999,-110.57426399999999,5.0,9551,0.9850453795379538,0.038858417366494126,-0.0029067973495706667,0.018848653216,5.0,36.08366600019508,True,True
18.136,105.86975922908505,-110.50744665543176,0.14632523842955333,4.913555407773282,105.71556100000001,-110.53058300000001,5.0,9553,0.9852516501650165,0.011088742818218436,0.000761696779532528,0.018557930685,5.0,36.63120999954117,True,True
18.184,106.03488623337469,-110.48311267964739,0.14783168262571394,4.894125368057529,105.86696299999998,-110.50821499999999,5.0,9554,0.9853547854785478,0.0003495592613956075,0.000675524750644918,0.018104179951,5.0,34.98584500084689,True,True
18.234,106.36507792389759,-110.43338887856933,0.1516568315721543,4.914643948428518,106.169501,-110.46298600000001,5.0,9556,0.9855610561056105,3.444038106004188e-05,0.0008388033260309236,0.017627390318,5.0,34.596917999806465,True,True
18.287,106.53032557078078,-110.40798445664146,0.15355243369784796,4.91739964102471,106.320477,-110.440095,5.0,9557,0.985664191419142,-0.00010294521407605744,-0.0006577245471750537,0.016051289971,5.0,37.50410099928558,True,True
18.335,106.86185348521249,-110.35600269912071,0.1572936664821987,4.912859967096102,106.623143,-110.39339,5.0,9559,0.9858704620462047,-0.00021988597332032875,0.00039366098843318653,0.014161364207,5.0,36.00502900007996,True,True
18.383,107.02669616550754,-110.32976245426418,0.1584759489927907,4.909607007069292,106.926493,-110.34496200000001,5.0,9561,0.9860767326732673,-0.06557563502580344,0.0024175369845549355,0.014582852561,5.0,33.68769899861945,True,True
18.434,107.35623517371494,-110.27682084463687,0.15997112588808804,4.9088402254054975,107.227985,-110.29615700000001,5.0,9563,0.98628300330033,-0.03716049636295705,0.0010207217031901195,0.015009367449,5.0,34.13956199983659,True,True
18.482,107.52117624723903,-110.25022091327075,0.15970057925095177,4.906035050075612,107.378629,-110.27178899999998,5.0,9564,0.9863861386138614,-0.022952187611110043,4.102967113039924e-05,0.016184071735,5.0,32.688371000404004,True,True
18.536,107.85054490728787,-110.19681902471476,0.16136370953031554,4.9051260454727,107.680272,-110.22306599999999,5.0,9566,0.9865924092409241,-0.0013365228602325921,-9.952107716593162e-05,0.018262380683,5.0,36.526464000417036,True,True
18.585,108.01506232048641,-110.17008514186367,0.16089058948049229,4.904611613095242,107.830822,-110.19866100000002,5.0,9567,0.9866955445544554,-0.0013588092451889422,-0.00012355974783195833,0.018868195026,5.0,35.21730700049375,True,True
18.635,108.34420273238054,-110.1166660301001,0.16133155277457212,4.908015217168473,108.13172,-110.149524,5.0,9569,0.9869018151815182,-0.0016999706516092432,0.001340992480266756,0.022558532232,5.0,35.33407599934435,True,True
18.684,108.50773496592319,-110.08999680910908,0.16291740650753664,4.840689157795709,108.282211,-110.124882,5.0,9570,0.9870049504950495,-0.002035488725306389,0.001980045836241562,0.022808022549,5.0,34.43763999894145,True,True
18.735,108.67171204742323,-110.06313628588981,0.16443598195006662,4.906738488449712,108.581833,-110.07559199999999,5.0,9572,0.9872112211221122,-0.07548521166107859,0.0013040978027789585,0.021808232729,5.0,35.14334899955429,True,True
18.785,109.00112764238854,-110.00796116072904,0.1682352815717125,4.914005262462602,108.88304099999999,-110.024615,5.0,9574,0.9874174917491749,-0.04795767512644335,0.0034118068169712856,0.020589202927,5.0,35.60275699965132,True,True
18.835,109.16574422052571,-109.97999192916558,0.17000401431153248,4.897358083808352,109.033825,-109.998646,5.0,9575,0.9875206270627063,-0.03399837369903526,0.0026434082557678096,0.019400170004,5.0,35.85883599953377,True,True
18.884,109.4948972754797,-109.92300376347004,0.17343574905877862,4.915952235106221,109.335094,-109.94633,5.0,9577,0.987726897689769,-0.007007401549321236,0.0022165142117938075,0.0193488668,5.0,34.99267699953634,True,True
18.935,109.6595801446157,-109.89393200779784,0.17622189122307283,4.918299324316874,109.485476,-109.919995,5.0,9578,0.9878300330033003,-0.004614411482380148,0.0013921911132359632,0.017685942709,5.0,35.2406299989525,True,True
18.985,109.98983333446878,-109.83428672545692,0.1805675646323261,4.939637553141367,109.786955,-109.865953,5.0,9580,0.988036303630363,-0.005198184819648814,0.001125421311165553,0.014624734694,5.0,35.37283799960278,True,True
19.034,110.15415790629618,-109.80417306726501,0.1819753546320866,4.909245350653888,109.93826899999999,-109.838225,5.0,9581,0.9881394389438944,-0.0054747242122586545,0.0011956465155629203,0.014595024381,5.0,34.662670999750844,True,True
19.085,110.48224791846272,-109.74346535833729,0.1837770969257882,4.90635804003461,110.38923,-109.754733,5.0,9584,0.9884488448844885,-0.07347819580446666,-0.00021465397836983868,0.016153238962,5.0,35.45063300043694,True,True
19.134,110.64637571878762,-109.71295807377604,0.1836364438579622,4.9032016501770626,110.539372,-109.727023,5.0,9585,0.9885519801980198,-0.05944334983132893,-0.0009694578268097942,0.01771987408,5.0,34.70888700030628,True,True
19.186,110.97413407446513,-109.65178148661029,0.1848998535881343,4.901026490740927,110.839776,-109.671297,5.0,9587,0.9887582508250825,-0.0314067839407181,-0.000572456789754483,0.020949594511,5.0,36.73544400044193,True,True
19.234,111.13781405103208,-109.62122643622725,0.18420644178767961,4.899694085068916,110.989625,-109.643348,5.0,9588,0.9888613861386139,-0.017637813649457337,-0.00046016544452953667,0.022527174763,5.0,34.91761700024654,True,True
19.284,111.46528380343537,-109.56033968874762,0.1840668286168666,4.902278631951564,111.28926200000001,-109.58747,5.0,9590,0.9890676567656765,-0.005500841638148762,0.0006660629594654743,0.028595378925,5.0,34.534791000623954,True,True
19.336,111.62844458549749,-109.52968568439195,0.18561058421016588,4.875629446217168,111.43912399999999,-109.55951,5.0,9591,0.9891707920792079,-0.005656311008520283,0.001220824204580584,0.029583677344,5.0,36.0719340005744,True,True
19.385,111.95518434405882,-109.4682695836673,0.1896292510108633,4.904563755893718,111.737727,-109.50381499999999,5.0,9593,0.9893770627062707,-0.005818983288988717,-0.0021267477079143227,0.029768240637,5.0,35.634136000226135,True,True
19.434,112.11902895862197,-109.43665584062445,0.19218701324464676,4.908231824453229,111.887612,-109.47521100000002,5.0,9594,0.989480198019802,-0.005964575373105416,-0.0001991038808921708,0.02931032428,5.0,34.268725001311395,True,True
19.484,112.44648753143692,-109.3722582964318,0.19648666678235097,4.910829886596757,112.33745900000001,-109.387653,5.0,9597,0.9897896039603961,-0.057343254453712016,0.00018097322451238185,0.029012647649,5.0,34.69529100038926,True,True
19.534,112.609936354382,-109.33948360372183,0.20007574395911618,4.9104228849699645,112.48738999999999,-109.357964,5.0,9598,0.9898927392739274,-0.04332826842874676,-9.480995903521361e-05,0.02894437507,5.0,34.61975100071868,True,True
19.585,112.93730120433163,-109.27205077417484,0.20660318218737983,4.917365818846761,112.636987,-109.32806000000001,5.0,9599,0.9899958745874587,-0.029363857892724488,-0.00036737790853447194,0.027070925684,5.0,35.36800900110393,True,True
19.635,113.10148551934313,-109.2372768524524,0.20990047354820227,4.947105526975062,112.936663,-109.266028,5.0,9601,0.9902021452145214,-0.006056493501194581,0.002036636682567927,0.025208572274,5.0,35.53765599826875,True,True
19.684,113.26517987071784,-109.20225523362876,0.21227095152624179,4.904742680287169,113.086968,-109.23381,5.0,9602,0.9903052805280528,-0.006463951324021645,0.0024187220391804765,0.024299996575,5.0,35.02900499915995,True,True
19.737,113.5909557725488,-109.1315552231955,0.21471255724151395,4.903749809252274,113.385847,-109.16860700000001,5.0,9604,0.9905115511551155,-0.007544838688737938,0.0025700184091412837,0.025839035623,5.0,37.36476000085531,True,True
19.788,113.75394273633235,-109.09600553796783,0.21460363299072832,4.901166343234551,113.53488600000001,-109.13567900000001,5.0,9605,0.9906146864686468,-0.008078013856778123,0.002807075673084025,0.028582278881,5.0,38.78493400043226,True,True
19.836,114.07946875209127,-109.0246828984101,0.21661905619744787,4.900192118576793,113.981955,-109.036009,5.0,9608,0.990924092409241,-0.06955640377982275,0.00630641299395851,0.034840238054,5.0,36.137617000349564,True,True
19.885,114.24205294541484,-108.98887529000591,0.21687325553885997,4.899276349484573,114.13053300000001,-109.002326,5.0,9609,0.9910272277227723,-0.05574395322369316,0.0068611824089539475,0.036419989322,5.0,35.109275000650086,True,True
19.937,114.567236732141,-108.9169027672185,0.21949305444565836,4.901958769110636,114.427442,-108.93450700000001,5.0,9611,0.991233498349835,-0.029354703480002554,0.008330386527876765,0.041920136539,5.0,38.004926000212436,True,True
19.986,114.72969115567014,-108.88037625303758,0.22185941564936423,4.85284680603886,114.575823,-108.90025800000001,5.0,9612,0.9913366336633663,-0.01872891538515762,0.008536580846036923,0.041895433029,5.0,36.37785600039933,True,True
20.036,115.05339910107645,-108.80676289505163,0.2288808670987193,4.904870275719917,114.87126799999999,-108.8314,5.0,9614,0.991542904290429,-0.017037575309829772,0.0062442610039687985,0.041258796234,5.0,36.64173899960588,True,True
20.084,115.21587115506412,-108.7686605566009,0.23245585942993469,4.908705718777793,115.01948,-108.79591599999999,5.0,9615,0.9916460396039604,-0.018563788949790883,0.008041855020481492,0.040063711344,5.0,34.97306999997818,True,True
20.135,115.54039302752808,-108.69057712911183,0.24011891500250107,4.913688330286009,115.31608200000001,-108.72314899999999,5.0,9617,0.991852310231023,-0.021728329612248392,0.007228053476970864,0.038441477326,5.0,35.150522000549245,True,True
20.185,115.70235194844365,-108.65078504157522,0.2438114265717831,4.912607138431697,115.46403899999999,-108.686252,5.0,9618,0.9919554455445545,-0.022964517682953777,0.006279484701838811,0.03678471017,5.0,36.00166300020646,True,True
20.235,116.02655917024978,-108.56883986096935,0.25161604103979945,4.920917072849953,115.907793,-108.57243000000001,5.0,9621,0.9922648514851485,-0.0574545576166782,0.009581454474710593,0.035255024903,5.0,35.48841399970115,True,True
20.286,116.1887978764739,-108.52663068137926,0.25555856524335807,4.953240851710296,116.055704,-108.533173,5.0,9622,0.9923679867986799,-0.04606024394828917,0.010319967374226469,0.034387916643,5.0,36.18931299934047,True,True
20.337,116.51266812372702,-108.4408217452914,0.26346469541111445,4.9097098140631195,116.35203999999999,-108.452598,5.0,9624,0.9925742574257426,-0.03138230943992894,0.008388477706891884,0.032753755969,5.0,37.05029299999296,True,True
20.389,116.6736900634832,-108.39709042226735,0.267451506415743,4.910673347497681,116.49912900000001,-108.411974,5.0,9625,0.9926773927392739,-0.03141864816638539,0.006711729054480919,0.032249755964,5.0,39.48401100024057,True,True
20.438,116.99549990722032,-108.3075845592652,0.27515423620836676,4.9209589373590585,116.646124,-108.371152,5.0,9626,0.9927805280528053,-0.032384619455335655,0.0038364978371960845,0.031575156791,5.0,38.160607999088825,True,True
20.487,117.1562014269683,-108.2619042245958,0.2789700190015019,4.913784414237291,116.940096,-108.28906,5.0,9628,0.9929867986798679,-0.03288360225266891,-0.0010773030018116359,0.030110831977,5.0,37.57405200121866,True,True
20.536,117.31666095621242,-108.21564764924253,0.28270219027541865,4.914389835573542,117.087001,-108.247577,5.0,9629,0.9930899339933993,-0.032707365064478834,-0.002848081614636122,0.029645057438,5.0,36.54260400071507,True,True
20.584,117.63728858657576,-108.12126609666056,0.28963170445256387,4.9210781248734605,117.526519,-108.121926,5.0,9632,0.9933993399339934,-0.06814997636653986,-0.005450832782033732,0.028428401224,5.0,34.67318000002706,True,True
20.635,117.79753442466325,-108.0732262287499,0.2928994226494759,4.9246001582217795,117.672927,-108.079527,5.0,9633,0.9935024752475248,-0.054883956685326175,-0.0065687823894773345,0.028384108344,5.0,35.34997499991732,True,True
20.685,118.11622138006422,-107.97728409425737,0.29978569956190865,4.926316011812111,117.96427299999999,-107.99436100000001,5.0,9635,0.9937087458745875,-0.03202640550523636,-0.009492284709653909,0.02778468061,5.0,35.85172299972328,True,True
20.735,118.27621346162442,-107.92753722615629,0.30261795806279335,4.927897693941961,118.110399,-107.95094499999999,5.0,9636,0.9938118811881188,-0.026974951268007374,-0.008277134774801187,0.027522840805,5.0,35.8241009998892,True,True
20.785,118.59592121233545,-107.82698016094913,0.30665330743014063,4.9309153643953225,118.402918,-107.861818,5.0,9638,0.9940181518151815,-0.024769631930947597,-0.006628784657770392,0.028118631229,5.0,35.52154600038193,True,True
20.835,118.75551695758719,-107.77613392925589,0.3098724979622817,4.926649357580783,118.54898100000001,-107.81668799999998,5.0,9639,0.9941212871287128,-0.02383075628479947,-0.00530243083216142,0.02997971834,5.0,35.96127700075158,True,True
20.885,119.0744404795041,-107.67250021859748,0.3183620307396563,4.932261939178241,118.84076999999999,-107.724934,5.0,9641,0.9943275577557755,-0.022497073278717108,-0.0059160790564209975,0.026944830643,5.0,35.05759899962868,True,True
20.937,119.2337016125828,-107.61966058164488,0.32251159404440527,4.933910140700958,119.13216100000001,-107.630473,5.0,9643,0.9945338283828383,-0.07139989908507462,0.00024058888073019702,0.026816362545,5.0,37.21426900119695,True,True
20.985,119.55236195297404,-107.51180606739277,0.32965071969474663,4.919456235055719,119.42393899999999,-107.532794,5.0,9645,0.994740099009901,-0.04455134356759048,-6.285226431401725e-05,0.024476074602,5.0,35.208440998758306,True,True
21.036,119.71047384375747,-107.45741553336813,0.33315106985178244,4.915982702183439,119.568591,-107.483608,5.0,9646,0.9948432343234324,-0.03253479632728171,-0.0008733367424906824,0.024421533112,5.0,36.49948300153483,True,True
21.087,120.02587754227903,-107.34734456968644,0.3383265467125821,4.9118160271736935,119.857564,-107.38451,5.0,9648,0.995049504950495,-0.020553011600511168,-0.004144867136812724,0.024547334393,5.0,37.82912799943006,True,True
21.136,120.18345993042338,-107.29170956036373,0.3404019731072005,4.911543653156739,120.001713,-107.334768,5.0,9649,0.9951526402640264,-0.019808173424966595,-0.0050561610027406445,0.025543271049,5.0,36.189513999488554,True,True
21.186,120.49800413116351,-107.18001494242243,0.34181291741146874,4.911963974552522,120.289826,-107.23443700000001,5.0,9651,0.9953589108910891,-0.01825282359867768,-0.004496922315365914,0.029952438086,5.0,36.12448300009419,True,True
21.237,120.6552846355044,-107.12400832553423,0.34239512790866067,4.914041693968971,120.43363899999999,-107.18396899999999,5.0,9652,0.9954620462046204,-0.017671144669154464,-0.003595133289964636,0.033035976057,5.0,38.01697900053114,True,True
21.286,120.96906287916623,-107.01170486219388,0.34562112744551493,4.82930899526715,120.72111799999999,-107.08228899999999,5.0,9654,0.9956683168316832,-0.07793929691651959,-0.00010498504588030144,0.036703768079,5.0,36.851060000117286,True,True
21.335,121.12523888907911,-106.95541735673412,0.34780851919106726,4.918566167861064,121.00724,-106.97953999999999,5.0,9656,0.9958745874587459,-0.049920646180795405,0.0018175101353534728,0.040765424767,5.0,35.76421899924753,True,True
21.386,121.28249746109505,-106.89818323635839,0.35035291026078863,4.9221253299673,121.15068899999999,-106.92735400000001,5.0,9657,0.9959777227722773,-0.03788482726726501,0.0029956399045336646,0.041161243709,5.0,36.83911799998896,True,True
21.436,121.59665196746911,-106.78236285650283,0.3566211820801737,4.925704260994455,121.43780100000001,-106.82122199999999,5.0,9659,0.9961839933993399,-0.019366062921192636,0.004096221151085988,0.042928804247,5.0,36.91026100023009,True,True
21.489,121.91008746163854,-106.66465804779989,0.362030713177518,4.926879119710565,121.581052,-106.76748300000001,5.0,9660,0.9962871287128713,-0.019439703315487326,0.0038020185491718372,0.041993609703,5.0,39.483850998294656,True,True
21.536,122.06671580424117,-106.60508223169923,0.36525801113850836,4.927439700199841,121.867269,-106.65855400000001,5.0,9662,0.996493399339934,-0.021175471810604987,0.005661628173764477,0.044078823314,5.0,36.77037899979041,True,True
21.586,122.22316081209576,-106.54495878162422,0.36853309921360144,4.9283551767941125,122.01018799999999,-106.603118,5.0,9663,0.9965965346534653,-0.022469239142500926,0.00664402276780196,0.043807542656,5.0,36.94132899909164,True,True
21.637,122.53645129507841,-106.42288409712928,0.37439815849975516,4.912488616554702,122.43924299999999,-106.43262299999999,5.0,9666,0.9969059405940595,-0.07818767761400124,0.012851871569880657,0.044816350477,5.0,37.82655400027579,True,True
21.687,122.69176606427162,-106.3616078940173,0.3771266338970104,4.908078482224682,122.580828,-106.37501200000001,5.0,9667,0.9970090759075908,-0.06527656258759515,0.01378443440963828,0.045214469502,5.0,37.638361000063014,True,True
21.737,123.00132915849923,-106.2380673212753,0.38197316622284233,4.900008834735553,122.86341399999999,-106.258338,5.0,9669,0.9972153465346535,-0.04494676839601508,0.015302286621020844,0.047211584473,5.0,37.8861949993734,True,True
21.788,123.15580681789223,-106.17574566584557,0.3840801332052847,4.913625166201209,123.004251,-106.199293,5.0,9670,0.9973184818481848,-0.038884253215352084,0.01687946926449424,0.048140690333,5.0,38.62187899903802,True,True
21.837,123.46401602660164,-106.05016181537383,0.3908604122339928,4.894947875208249,123.285472,-106.079645,5.0,9672,0.9975247524752475,-0.04057402202550182,0.018141186624724526,0.050220611568,5.0,37.88198700021894,True,True
21.885,123.61771130758925,-105.9864782408614,0.39472440165431144,4.896484574600578,123.42574599999999,-106.019205,5.0,9673,0.9976278877887789,-0.043628617985287256,0.017176244806876628,0.049145016659,5.0,35.61698399971647,True,True
21.938,123.92441964271067,-105.8571911967093,0.4041197562272022,4.853084087936444,123.706047,-105.897227,5.0,9675,0.9978341584158416,-0.049081017180043957,0.01421259101569472,0.048321123797,5.0,39.73295600007987,True,True
21.99,124.0758389720784,-105.79201588418086,0.4095513682948285,4.892573477115386,123.84607700000001,-105.83558899999998,5.0,9676,0.9979372937293729,-0.05154419232759513,0.012202013215002694,0.046569177775,5.0,40.42609200041625,True,True
22.04,124.38118301199994,-105.65771368019406,0.4191368212665664,4.909106945956498,124.264133,-105.648432,5.0,9679,0.998246699669967,-0.084654890432692,0.011059411476053604,0.044353413586,5.0,40.35121200104186,True,True
22.095,124.53342838821216,-105.58955200787332,0.42325145282918286,4.909941848958195,124.403828,-105.584919,5.0,9680,0.9983498349834984,-0.07623556221396506,0.009495396821961322,0.030954789451,5.0,45.90610300147091,True,True
22.143,124.83723810188332,-105.45101300908127,0.43310637542035335,4.910746719593921,124.542928,-105.521032,5.0,9681,0.9984529702970297,-0.06917538654087345,0.009150171868689938,-0.18125785422,5.0,43.57931499907863,True,True
22.187,124.98877086759697,-105.38054311606894,0.43776644295236733,4.91649372296906,124.820973,-105.39159599999999,5.0,9683,0.9986592409240924,-0.06160303975810609,0.0049730342230938085,-0.18990737943,5.0,37.63321200131031,True,True
22.24,125.29194920324426,-105.2380012833058,0.4417467943061803,4.963953288230142,124.95990400000001,-105.326355,5.0,9684,0.9987623762376238,-0.06132871288640584,0.0028225633570673203,-0.19306937642,5.0,40.08596600033343,True,True
22.308,125.59504103043189,-105.09437841519669,0.44107458315823556,4.912633016319919,125.237349,-105.194571,5.0,9686,0.9989686468646864,-0.06275837851714043,0.004017609344197037,0.22644406799,5.0,58.15414300013799,True,True
22.357,125.74615093030864,-105.02329253344088,0.4380460861026724,4.915637854004201,125.514548,-105.06135900000001,5.0,9688,0.9991749174917491,-0.06480230490400696,0.009017027559767854,-0.18643596877,5.0,49.32780799936154,True,True
