t,x,y,yaw,speed_measured,x_ref,y_ref,speed_ref,path_index,progress,cte,heading_error,steering_cmd,speed_cmd,compute_time_ms,did_compute,controller_success
0.030000000000000027,33.4,-92.9,-0.7207000000000001,4.620680691740208e-17,32.934173,-93.47543,5.0,9047,0.9330651815181518,0.7403218250829543,0.04777350821222104,-0.14347886806,5.0,30.347054002049845,True,True
0.08100000000000002,33.399997944148716,-92.89999814895754,-0.7206994031847686,0.0026947604784898016,32.934173,-93.47543,5.0,9047,0.9330651815181518,0.7403218250829543,0.04777350821222104,-0.14347886806,5.0,31.885614997008815,True,True
0.13,33.40000706560938,-92.90000598355738,-0.7207004605867382,8.585823249009006e-05,32.934173,-93.47543,5.0,9047,0.9330651815181518,0.7403219932699807,0.04777291139698958,-0.14347946487,5.0,30.487216001347406,True,True
0.181,33.4000094128913,-92.90000802813057,-0.7206998993046299,8.479788815768589e-05,32.934173,-93.47543,5.0,9047,0.9330651815181518,0.7403214048043186,0.047773407516850774,-0.14347896875,5.0,31.483211998420302,True,True
0.22999999999999998,33.39999093499528,-92.89999168612505,-0.7207000874790763,0.0010031764025833436,32.934173,-93.47543,5.0,9047,0.9330651815181518,0.7403212573898039,0.04777368517800529,-0.14347869109,5.0,30.81762499641627,True,True
0.279,33.39999037435206,-92.89999118016742,-0.7207001062845407,0.0009832077862370005,32.934173,-93.47543,5.0,9047,0.9330651815181518,0.7403226855743971,0.047773595691297466,-0.14347876177,5.0,29.225833000964485,True,True
0.32899999999999996,33.399988103166486,-92.89998915655353,-0.7207001134848168,0.0009520773806231476,32.934173,-93.47543,5.0,9047,0.9330651815181518,0.7403228031619568,0.04777362111745109,-0.14347875515,5.0,29.59702799853403,True,True
0.38,33.399986378428196,-92.89998762758898,-0.7207001250823405,0.0009369374105191012,32.934173,-93.47543,5.0,9047,0.9330651815181518,0.7403229014816508,0.047773621697037694,-0.14347875457,5.0,30.445247997704428,True,True
0.43100000000000005,33.39998178671341,-92.89998356512208,-0.7207001356569417,0.0009074705673512576,32.934173,-93.47543,5.0,9047,0.9330651815181518,0.7403231716248865,0.04777363470759566,-0.14347874156,5.0,32.018352998420596,True,True
0.48,33.39997893311526,-92.89998104398077,-0.7207001394738392,0.0008931341643145792,32.934173,-93.47543,5.0,9047,0.9330651815181518,0.7403233432944527,0.04777364386916272,-0.1434787324,5.0,30.338145999849075,True,True
0.531,33.39997214359002,-92.8999750513336,-0.7207001518897672,0.000865232481161711,32.934173,-93.47543,5.0,9047,0.9330651815181518,0.7403237580980849,0.047773654969951895,-0.1434787213,5.0,31.26858900213847,True,True
0.58,33.39996822070684,-92.89997159115877,-0.7207001583111021,0.000851658350004496,32.934173,-93.47543,5.0,9047,0.9330651815181518,0.7403240002153777,0.04777366010198847,-0.14347871617,5.0,30.270749997725943,True,True
0.63,33.39995935033089,-92.89996377085447,-0.7207001700752356,0.0008252418729999979,32.934173,-93.47543,5.0,9047,0.9330651815181518,0.7403245517411109,0.047773672193106353,-0.14347870408,5.0,30.38278000167338,True,True
0.681,33.39995441514861,-92.89995942155241,-0.7207001759382038,0.0008123910823837832,32.934173,-93.47543,5.0,9047,0.9330651815181518,0.7403248603698802,0.04777367828745671,-0.14347869798,5.0,31.837124002777273,True,True
0.73,33.401339516585665,-92.9011737998151,-0.7207178082131008,0.1075331185993282,32.934173,-93.47543,5.0,9047,0.9330651815181518,0.7403255413911334,0.04777369013697985,-0.14347868613,5.0,30.13821199783706,True,True
0.7789999999999999,33.40538714505755,-92.90472855986553,-0.7207789880362412,0.21089331172880083,32.934173,-93.47543,5.0,9047,0.9330651815181518,0.7402374913638227,0.04779131642532164,-0.14346105985,5.0,29.681305997655727,True,True
0.8300000000000001,33.42127657097595,-92.91869302225997,-0.7213692073599649,0.41187592618686597,32.934173,-93.47543,5.0,9047,0.9330651815181518,0.7395452699684798,0.04805188822674378,-0.14320048804,5.0,30.32954099762719,True,True
0.8799999999999999,33.43301310432999,-92.92901957434697,-0.7220195988048741,0.5049001159596943,32.934173,-93.47543,5.0,9047,0.9330651815181518,0.7389442148433236,0.048442715572186046,-0.1428096607,5.0,30.947998999181436,True,True
0.929,33.44684986388639,-92.94116663181856,-0.722814844505718,0.5732187354204099,32.934173,-93.47543,5.0,9047,0.9330651815181518,0.7372840172778335,0.04988835271793901,-0.14136402355,5.0,29.341179000766715,True,True
0.9770000000000001,33.47991928697276,-92.9702491983144,-0.7257803025997833,0.7495958920467026,33.052184000000004,-93.569346,5.0,9048,0.9331683168316832,0.7389257606731623,0.05477672223012764,-0.13630014866,5.0,27.621137000096496,True,True
1.029,33.50018949932097,-92.98840617875791,-0.7276695797493935,0.848511831977802,33.052184000000004,-93.569346,5.0,9048,0.9331683168316832,0.7336211579055019,0.05843254863791225,-0.13264432225,5.0,29.715450000367127,True,True
1.08,33.54658572377631,-93.0298489916016,-0.7323347666205904,1.0066280684787996,33.052184000000004,-93.569346,5.0,9048,0.9331683168316832,0.731849815282831,0.06074721254149962,-0.13032965834,5.0,30.228690997319063,True,True
1.129,33.573095920193865,-93.05375636804106,-0.7351781355905885,1.0946364629399978,33.052184000000004,-93.569346,5.0,9048,0.9331683168316832,0.7296848174595575,0.06309773550910913,-0.12513576641,5.0,29.346388000703882,True,True
1.179,33.63177381654378,-93.10721628776848,-0.7412861018351601,1.2493986412563578,33.169982,-93.661958,5.0,9049,0.9332714521452146,0.7248529540499735,0.07291355508474551,-0.11944042377,5.0,29.912089001300046,True,True
1.2309999999999999,33.66410222969303,-93.13657615611345,-0.7442121947907839,1.3235972496321653,33.169982,-93.661958,5.0,9049,0.9332714521452146,0.721481747142285,0.0758115782615496,-0.1165424006,5.0,31.095555001229513,True,True
1.279,33.73334436711858,-93.20077103563905,-0.751039452660341,1.4562390139628993,33.288132,-93.754545,5.0,9050,0.9333745874587459,0.7157704909743329,0.08265760864476857,-0.10926471658,5.0,29.984073000377975,True,True
1.329,33.77070877275447,-93.23581489424109,-0.7538214448477887,1.54435542340335,33.288132,-93.754545,5.0,9050,0.9333745874587459,0.7104961411294803,0.08621097877841599,-0.10571134645,5.0,29.172492999350652,True,True
1.381,33.85048016164995,-93.31131096599881,-0.7615647047035032,1.6872705095821168,33.406313,-93.847211,5.0,9051,0.9334777227722773,0.7020724638812658,0.0937163387783162,-0.098982735121,5.0,31.06931599904783,True,True
1.429,33.89278417677002,-93.35179479482137,-0.7652111794203657,1.7573266992735017,33.406313,-93.847211,5.0,9051,0.9334777227722773,0.6957495226650445,0.09751797195580192,-0.095181101944,5.0,29.163505998440087,True,True
1.4809999999999999,33.982005100531744,-93.43809448365865,-0.7721634247086316,1.8931732993683712,33.524688,-93.939676,5.0,9052,0.9335808580858086,0.6836633505742554,0.10641502636392186,-0.087852673219,5.0,31.501314999331953,True,True
1.528,34.02883198947592,-93.4838545650381,-0.7756126799022478,1.958964911595913,33.524688,-93.939676,5.0,9052,0.9335808580858086,0.6767146912667991,0.10984777761624143,-0.084419921966,5.0,28.846772998804227,True,True
1.5779999999999998,34.126671133902924,-93.58049905140416,-0.7828559163176962,2.086063659884302,33.643235,-94.031968,5.0,9053,0.9336839933993399,0.661496656209725,0.11841795597817928,-0.07664148965,5.0,28.34870000151568,True,True
1.629,34.177594384420246,-93.63135026227941,-0.7865053103388753,2.147569640979841,33.761978000000006,-94.12414100000001,5.0,9054,0.9337871287128713,0.6546355094165168,0.12432765714574368,-0.071373184202,5.0,29.76569400198059,True,True
1.678,34.28322439766635,-93.73799768789029,-0.7938312387862796,2.2668531243142267,33.880936,-94.215889,5.0,9055,0.9338902640264026,0.636207246752597,0.1354194977403429,-0.061168236625,5.0,28.35362900077598,True,True
1.728,34.337844348017775,-93.7937528309989,-0.7975372389245705,2.324590692441788,33.880936,-94.215889,5.0,9055,0.9338902640264026,0.6239768823513044,0.1390918809670052,-0.057495853398,5.0,28.006699001707602,True,True
1.7759999999999998,34.393611362037284,-93.85110394953041,-0.801262312494029,2.381209458550029,34.000335,-94.30713,5.0,9056,0.933993399339934,0.6010121772556142,0.15038792073585627,-0.047139813335,5.0,26.528379999945173,True,True
1.827,34.507964503674344,-93.97014153931126,-0.8098916948354014,2.475062191402508,34.120124,-94.398051,5.0,9057,0.9340965346534653,0.5893009746737576,0.15683094958909738,-0.040704447612,5.0,27.65040200029034,True,True
1.8769999999999998,34.56638958346481,-94.03170939208275,-0.8127170381915032,2.5214171969816617,34.24047,-94.489072,5.0,9058,0.9341996699669967,0.5616085202405146,0.16540574931999386,-0.030949153142,5.0,27.425470001617214,True,True
1.9289999999999998,34.68606006685567,-94.1590267325882,-0.8196434287125481,2.6337972851425655,34.24047,-94.489072,5.0,9058,0.9341996699669967,0.5469926112550568,0.1686432034699652,-0.027711698992,5.0,28.743358998326585,True,True
1.9780000000000002,34.7469076145647,-94.22426214436906,-0.8217883857259816,2.6428611924537826,34.360640000000004,-94.579874,5.0,9059,0.934302805280528,0.5319570774616953,0.1723371323046612,-0.019495308436,5.0,28.207414998178137,True,True
2.027,34.87020235232303,-94.35789904334727,-0.8296566173422121,2.6518458618610232,34.479834999999994,-94.670023,5.0,9060,0.9344059405940595,0.5007668870147174,0.17870401137438163,-0.013303661439,5.0,27.462338999612257,True,True
2.077,34.93249376168781,-94.42591839688596,-0.8309175583589206,2.749496598406122,34.599365999999996,-94.760281,5.0,9061,0.9345090759075908,0.4850397599984211,0.18324009415622955,-0.0077973255483,5.0,27.559160997043364,True,True
2.128,35.06068851601111,-94.56501818570443,-0.8221688448339111,2.8188770371832317,34.718590999999996,-94.85018000000001,5.0,9062,0.9346122112211221,0.45042950710582347,0.18085106043014765,-0.009180365226,5.0,28.24196000074153,True,True
2.177,35.126358934718965,-94.63566509192039,-0.8212464160757957,2.8561651781675224,34.8383,-94.939963,5.0,9063,0.9347153465346535,0.4359360799713287,0.18028126288885282,-0.0088976375654,5.0,27.101292998850113,True,True
2.229,35.26076719595015,-94.77959116990614,-0.8177327369468106,2.9374875921774297,34.958356,-95.0294,5.0,9064,0.9348184818481848,0.39861313840853413,0.18069556922951913,-0.0083279801047,5.0,29.26946400111774,True,True
2.279,35.32959507278362,-94.85292788165869,-0.8168266260509439,2.9797429088800396,35.0787,-95.118564,5.0,9065,0.9349216171617162,0.3847740159924998,0.1812478577935246,-0.0082318174045,5.0,29.79649199915002,True,True
2.327,35.470280381574874,-95.0026241281831,-0.8160821186930906,3.063455987430661,35.199332,-95.207504,5.0,9066,0.9350247524752475,0.3443358460055707,0.18218849690079786,-0.0070613400813,5.0,27.673905999108683,True,True
2.378,35.54209827752263,-95.07901241764448,-0.8163979693637091,3.1050275693914027,35.320334,-95.296312,5.0,9067,0.9351278877887789,0.32975215450355533,0.18423793477015193,-0.0031548909269,5.0,28.65358999770251,True,True
2.428,35.68794543174296,-95.23464528106183,-0.815982471960892,3.182808211524822,35.441594,-95.384826,5.0,9068,0.9352310231023102,0.2866058467466325,0.18695970361424363,0.0019283125746,5.0,28.73387100044056,True,True
2.48,35.76296178949426,-95.31430563967834,-0.8166078217006464,3.2199693271111345,35.563344,-95.473387,5.0,9069,0.9353341584158416,0.26930117926579655,0.18796803930971784,0.0041095784537,5.0,30.283945001428947,True,True
2.529,35.913061562350435,-95.47428057503727,-0.8190354515826729,3.264996794973218,35.684101,-95.560905,5.0,9070,0.9354372937293729,0.22515340934061015,0.1919871953013259,0.0074494275936,5.0,30.040468998777214,True,True
2.581,35.9893510686171,-95.55592529660663,-0.8196058316153781,3.3027674105785683,35.805278,-95.64807900000001,5.0,9071,0.9355404290429042,0.20450718528325398,0.19740847942272755,0.0093986290847,5.0,31.545887999527622,True,True
2.63,36.14431776324532,-95.72167714924144,-0.8194257616194933,3.375611627873778,35.927166,-95.735029,5.0,9072,0.9356435643564357,0.15944454005932357,0.2008550842905219,0.0096674627264,5.0,31.009553997137118,True,True
2.6790000000000003,36.22303048640013,-95.8059039988787,-0.8193698998576796,3.4100237442874883,36.049278,-95.821738,5.0,9073,0.935746699669967,0.13657282194974665,0.2029007175074824,0.010467605092,5.0,29.573804000392556,True,True
2.729,36.30255713828896,-95.89102350091109,-0.8193231324097789,3.4489129076819776,36.294256,-95.994434,5.0,9075,0.9359529702970297,0.10374314540590028,0.2095256330290889,0.012987019922,5.0,29.8671540003852,True,True
2.779,36.464296389208045,-96.0640612914597,-0.8188721115458951,3.518203465940333,36.294256,-95.994434,5.0,9075,0.9359529702970297,0.06485394108906166,0.20935298423177562,0.012814371125,5.0,29.248706003272673,True,True
2.828,36.54638131293242,-96.15180120256422,-0.8184547161762413,3.551340889744769,36.417396000000004,-96.079971,5.0,9076,0.9360561056105611,0.0397164385256306,0.21356823173601214,0.015439407806,5.0,28.792060998966917,True,True
2.879,36.71311112995195,-96.32966232080055,-0.8171599296668709,3.6002139071090546,36.664683000000004,-96.250034,5.0,9078,0.9362623762376238,-0.036721060530008315,0.2174090593011737,0.018775674545,5.0,29.464409002684988,True,True
2.93,36.797205758972915,-96.4192636593604,-0.8166138490830479,3.632899068882666,36.789054,-96.33504599999999,5.0,9079,0.9363655115511551,-0.07613345856361642,0.21696261740826017,0.019666907866,5.0,30.688994000229286,True,True
2.979,36.966258479381516,-96.60047924273833,-0.8143931557943623,3.658365885588678,36.912752000000005,-96.41981899999999,5.0,9080,0.9364686468646864,-0.09143437889184172,0.21562829594523514,0.01926506253,5.0,29.517969996959437,True,True
3.029,37.05211607252411,-96.69164974625542,-0.8132388482169666,3.7002860428915127,37.036164,-96.50421,5.0,9081,0.9365717821782178,-0.11897289149362057,0.21487450950576115,0.019271354086,5.0,29.290983999089804,True,True
3.084,37.226645562396826,-96.87551846045596,-0.8103903390315194,3.75502022882306,37.282787,-96.672537,5.0,9083,0.9367780528052805,-0.18154700717583985,0.21468677086570764,0.07939766171,5.0,34.33368900005007,True,True
3.1310000000000002,37.31499120475225,-96.96834608926451,-0.8104111398662271,3.7795186137380528,37.282787,-96.672537,5.0,9083,0.9367780528052805,-0.1995501902593307,0.21349373678335537,0.0210139471,5.0,31.507776999205817,True,True
3.18,37.49368089800204,-97.15538079163616,-0.8068998579032453,3.826512276753018,37.530642,-96.839927,5.0,9085,0.9369843234323433,-0.25471640816205543,0.21699024431725444,0.1019816468,5.0,30.793138001172338,True,True
3.233,37.58405036118874,-97.24947476965153,-0.8043710126604804,3.8496590844049923,37.654959000000005,-96.92327,5.0,9086,0.9370874587458746,-0.2826411961799461,0.21722622022091054,0.14382749871,5.0,33.48870699846884,True,True
3.282,37.76731415677302,-97.43850067552575,-0.7969206459023479,3.8963589697830443,37.904269,-97.089495,5.0,9088,0.9372937293729373,-0.3422962943315025,0.21377256555944424,0.30441529272,5.0,32.12654600065434,True,True
3.334,37.86093348174271,-97.53391362980096,-0.7928871624174095,3.926684766360321,38.029492,-97.172812,5.0,9089,0.9373968646864687,-0.37326625052605367,0.21123835443298633,0.3087425098,5.0,34.30707000006805,True,True
3.402,38.04867891367625,-97.72195714625265,-0.7783963409615701,3.935850805002235,38.154688,-97.25560300000001,5.0,9090,0.9375,-0.4214108090560417,0.2051942351815823,0.32622565993,5.0,52.812202000495745,True,True
3.436,38.14411365351943,-97.81565821286152,-0.7713007434360502,3.9183506396784575,38.279334000000006,-97.337129,5.0,9091,0.9376031353135313,-0.4482871384846084,0.1984594592688893,0.32653420216,5.0,33.60079699996277,True,True
3.483,38.33933998375509,-98.00131880030017,-0.7494525918547343,3.9845460893309026,38.529576,-97.500711,5.0,9093,0.937809405940594,-0.4997333143678178,0.1843758282077177,0.3267709648,5.0,33.62621400083299,True,True
3.531,38.43938375342102,-98.09325266442654,-0.7371289933661418,4.005989334772143,38.655107,-97.58251700000001,5.0,9094,0.9379125412541254,-0.5245033426803577,0.17236920302916126,0.32321650568,5.0,31.15062799770385,True,True
3.592,38.64412910074086,-98.27411658879427,-0.7084096805521658,4.034736384737768,38.906801,-97.745525,5.0,9096,0.9381188118811881,-0.5712637009557038,0.15338515750689163,0.3775907379,5.0,42.66054700201494,True,True
3.6310000000000002,38.749126717322135,-98.36272596384674,-0.6924164643831158,4.048773460375135,38.906801,-97.745525,5.0,9096,0.9381188118811881,-0.5869169686023423,0.13817475598147722,0.32037385474,5.0,31.395827001688303,True,True
3.682,38.85591033390143,-98.44981303166179,-0.6748517534937256,4.062287521599822,39.033291999999996,-97.826183,5.0,9097,0.9382219471947195,-0.6053141124541428,0.12619216336491945,0.31232145587,5.0,32.94475800066721,True,True
3.742,39.07508287267438,-98.6190342741833,-0.6371443860403806,4.055654053584826,39.287158000000005,-97.986475,5.0,9099,0.9384282178217822,-0.6362557008668026,0.09645486156403305,0.31584921759,5.0,42.121155998756876,True,True
3.785,39.18667882531678,-98.70114393040959,-0.61767585310992,4.075765518262208,39.414963,-98.066249,5.0,9100,0.9385313531353136,-0.6488856870382005,0.07779426525668143,0.29838865241,5.0,35.45971900166478,True,True
3.8360000000000003,39.41655504207506,-98.85759305169547,-0.5752365793418103,4.105286148520539,39.668546,-98.225139,5.0,9102,0.9387376237623762,-0.666357079366296,0.03810777593289805,0.26094514892,5.0,36.34705099830171,True,True
3.8840000000000003,39.534610392551215,-98.93233070981016,-0.5537794265999376,4.113508022670164,39.795010999999995,-98.303997,5.0,9103,0.9388407590759076,-0.6705948855618443,0.018129153708581036,0.24275777864,5.0,34.166646997618955,True,True
3.934,39.77658725654016,-99.07465226938065,-0.5098593014908472,4.145021319038557,40.049136,-98.461721,5.0,9105,0.9390470297029703,-0.6711563953101254,-0.02166394085310852,0.20230072428,5.0,34.05436700268183,True,True
3.982,39.90055970429791,-99.14229204948244,-0.48837628310806674,4.1658464481034745,40.176519,-98.540239,5.0,9106,0.9391501650165016,-0.6674900313240199,-0.04166569071768533,0.18112934419,5.0,32.41322199755814,True,True
4.03,40.154728134914905,-99.27083193172595,-0.44815017175224864,4.2389684927385565,40.304111,-98.618583,5.0,9107,0.939253300330033,-0.6472979465888045,-0.08212821939404469,0.1391960252,5.0,30.6692859994655,True,True
4.078,40.284713871651405,-99.3318061484866,-0.429108857377218,4.219978821402313,40.431926000000004,-98.696774,5.0,9108,0.9393564356435643,-0.6344513091529369,-0.10004507211644675,0.1203706533,5.0,28.212553999765078,True,True
4.127,40.54886089201246,-99.44666001911614,-0.3928104768142695,4.291274953424606,40.688594,-98.853029,5.0,9110,0.9395627062706271,-0.6008916785024669,-0.13440810346605403,0.08862682699,5.0,27.91924499979359,True,True
4.178,40.68203483199802,-99.50191687778894,-0.377777090741662,4.232163517071971,40.816981,-98.930548,5.0,9111,0.9396658415841584,-0.5805017110622792,-0.14910783412556006,0.073342058978,5.0,28.245916997548193,True,True
4.227,40.816967199294204,-99.55449097384187,-0.36244262625759066,4.275213268301961,41.072705,-99.083823,5.0,9113,0.9398721122112211,-0.5352172495315979,-0.17636610170656075,0.044310103172,5.0,27.667103000567295,True,True
4.2780000000000005,41.09160880338301,-99.65452573825839,-0.3379648096626874,4.319879895767253,41.20117,-99.160536,5.0,9114,0.9399752475247525,-0.5087121548579572,-0.18927139760915113,0.031904365617,5.0,28.48119800182758,True,True
4.329,41.23080260714483,-99.70272406823477,-0.3297450045965701,4.3398105036503125,41.458358000000004,-99.313988,5.0,9116,0.9401815181518152,-0.45043022068566824,-0.20747402409720728,0.017217811207,5.0,29.568453999672784,True,True
4.379,41.51160854739447,-99.79698037722962,-0.31838744761970617,4.364875066894364,41.5872,-99.39061600000001,5.0,9117,0.9402846534653465,-0.4196097426337082,-0.21080847147452442,0.013598922884,5.0,29.549929000495467,True,True
4.429,41.65284198364084,-99.84312830365448,-0.31327266980047663,4.377194540933714,41.845752000000005,-99.542514,5.0,9119,0.9404909240924092,-0.3571879532870102,-0.215635258274808,0.0060355529106,5.0,29.54342700104462,True,True
4.478,41.93666609353385,-99.93445034071907,-0.31019843678686154,4.41503096460265,41.975415000000005,-99.618166,5.0,9120,0.9405940594059405,-0.3256460329754011,-0.21804486217196972,0.0027321238587,5.0,28.546721001475817,True,True
4.5280000000000005,42.07943763110042,-99.98004279452465,-0.30972370204511834,4.425889957421104,42.10545,-99.693832,5.0,9121,0.940697194719472,-0.2939135807892681,-0.2173735965381245,0.0020507096852,5.0,28.47510600258829,True,True
4.578,42.36438590578237,-100.0709908383215,-0.30643469758916697,4.405131711433226,42.363875,-99.844012,5.0,9123,0.9409034653465347,-0.23036958890295117,-0.21532092598169372,0.0049674892273,5.0,28.846342000178993,True,True
4.629,42.507606603873974,-100.11618729679041,-0.3048578984506458,4.422743798997301,42.493435,-99.918782,5.0,9124,0.941006600660066,-0.19955249730728694,-0.2155320060400232,0.0049622322218,5.0,29.513640998629853,True,True
4.679,42.79523552881967,-100.20653840025693,-0.30382241735755106,4.4442840293029615,42.753454,-100.067539,5.0,9126,0.9412128712871287,-0.13873977969556087,-0.21369473836924824,0.00649719619,5.0,29.620500998134958,True,True
4.73,42.93948945872825,-100.25180568120174,-0.3038431382939573,4.453992403405495,42.883720000000004,-100.141666,5.0,9127,0.9413160066006601,-0.10971750067860324,-0.2128542097716668,0.0060083654354,5.0,30.86131599775399,True,True
4.779,43.22927252405394,-100.34292058056802,-0.3050044657417041,4.480939058512156,43.144923,-100.28992,5.0,9129,0.9415222772277227,-0.061185300552799304,-0.21256515931992714,0.0053386219745,5.0,29.926274000899866,True,True
4.831,43.37495824023594,-100.38881966281812,-0.30473685098667397,4.482051873329174,43.275632,-100.364369,5.0,9130,0.9416254125412541,-0.05108067840312506,-0.21121112376535844,0.0068644574341,5.0,32.08703199925367,True,True
4.881,43.66554994920982,-100.47982567821953,-0.3026895088643678,4.495107169881336,43.537657,-100.512043,5.0,9132,0.9418316831683168,0.07946972825002623,-0.20759194704700912,0.011912484453,5.0,31.86318199732341,True,True
4.93,43.811446567496446,-100.52470402611296,-0.30161610549359946,4.490717004622119,43.667452000000004,-100.58465600000001,5.0,9133,0.9419348184818482,0.10484757585088954,-0.20621108783950826,0.012270356389,5.0,30.385474001377588,True,True
4.982,44.103996199695125,-100.61457390032838,-0.2958736982233218,4.510108258013932,43.928764,-100.72990300000001,5.0,9135,0.9421410891089109,0.16272989052024997,-0.20899507422307462,-0.015997232064,5.0,32.83168599955388,True,True
5.032,44.250954189296216,-100.6592113970711,-0.293314941346086,4.521490953104402,44.059613,-100.802686,5.0,9136,0.9422442244224423,0.1932770820817628,-0.21218047446500865,-0.074778179866,5.0,32.328242999938084,True,True
5.088,44.546164773572,-100.74778606811779,-0.29010495194610847,4.5397714200057555,44.321381,-100.94864399999999,5.0,9138,0.942450495049505,0.2568929862960376,-0.21681929405545386,-0.25079920497,5.0,38.694186998327496,True,True
5.136,44.69418044279412,-100.79204835311961,-0.2903000933263801,4.549112839284753,44.452502,-101.021361,5.0,9139,0.9425536303630363,0.2891642414053902,-0.21396830892613528,-0.25942763079,5.0,36.782385999686085,True,True
5.184,44.99055291628246,-100.88212126916119,-0.29738318377047074,4.549546795725659,44.715714,-101.165444,5.0,9141,0.942759900990099,0.35243879552069457,-0.20719169166536044,-0.27312358415,5.0,34.47247999793035,True,True
5.233,45.139177486980806,-100.92797548731137,-0.30334383381809366,4.562818839228044,44.847282,-101.237289,5.0,9142,0.9428630363036303,0.3829760729883903,-0.20231286836318585,-0.27673899804,5.0,33.81406600237824,True,True
5.282,45.432640927623545,-101.02202914608547,-0.3224071369741159,4.510191267863124,45.109942,-101.380144,5.0,9144,0.943069306930693,0.4423492026666571,-0.18498893594325638,-0.2801756531,5.0,32.61292599927401,True,True
5.332,45.57903850862331,-101.07148336607433,-0.3319024923465195,4.549726484242548,45.241615,-101.451164,5.0,9145,0.9431724422442245,0.4697314422823775,-0.17118503952656106,-0.27694746269,5.0,32.30009999970207,True,True
5.382,45.72472872302886,-101.12278231081875,-0.34525720491683304,4.540089949569512,45.373496,-101.521939,5.0,9146,0.9432755775577558,0.49513432620506276,-0.15969649853094925,-0.27508812708,5.0,32.788544998766156,True,True
5.438,46.013779663967135,-101.2315770189552,-0.3752049112705366,4.5372760371652925,45.637833,-101.66285699999999,5.0,9148,0.9434818481848185,0.5391318776784071,-0.12855955415287568,-0.32284091127,5.0,38.53915699801291,True,True
5.487,46.298626737546286,-101.34950345276253,-0.4110690767496888,4.532236871439472,45.77035,-101.733108,5.0,9149,0.9435849834983498,0.5574866153074045,-0.11099667621763754,-0.30708059699,5.0,37.31309999784571,True,True
5.532,46.439507011163016,-101.41251431746011,-0.4303704737318511,4.5340826366474625,46.036341,-101.872986,5.0,9151,0.9437912541254125,0.5855149745159577,-0.0708691298334827,-0.26563810194,5.0,32.388785999501124,True,True
5.582,46.57863475422125,-101.47811661331066,-0.45106101875489013,4.541862624106702,46.169297,-101.942297,5.0,9152,0.9438943894389439,0.5947126540203072,-0.04883130061175445,-0.24315548338,5.0,32.349722998333164,True,True
5.631,46.851926647960966,-101.61654979237181,-0.4941593075797917,4.516226558053398,46.434874,-102.079657,5.0,9154,0.9441006600660066,0.6036923947957534,-0.0037134982203070876,-0.19784375012,5.0,31.999458002246683,True,True
5.679,46.986465044174615,-101.69090458346585,-0.515235590280175,4.524438744425991,46.567659,-102.147855,5.0,9155,0.9442037953795379,0.602471115133802,0.020447358250564207,-0.17546477415,5.0,29.98955300063244,True,True
5.729,47.25099936461175,-101.84801529293904,-0.5559326679033885,4.532600818264429,46.83442,-102.284375,5.0,9157,0.9444100660066007,0.5894696881440992,0.06310644654345943,-0.13289690608,5.0,29.372496999712894,True,True
5.778,47.381404884050895,-101.93076367472537,-0.5740272072002202,4.546892339307362,46.968021,-102.35268,5.0,9158,0.9445132013201321,0.5780876965727574,0.08488386845264717,-0.10987325444,5.0,28.631238001253223,True,True
5.828,47.63813943172608,-102.10333277350361,-0.6099694887725977,4.546810408444586,47.236148,-102.487959,5.0,9160,0.9447194719471947,0.5449061132360712,0.127554304475185,-0.069167580582,5.0,28.307962998951552,True,True
5.877,47.764409971884774,-102.19323389894805,-0.6287222900706562,4.57321020398721,47.370698,-102.555145,5.0,9161,0.9448226072607261,0.5236747037295735,0.147145741236133,-0.049401797497,5.0,27.239160997851286,True,True
5.928,48.011255829010175,-102.37849891967265,-0.6611707006613345,4.560342675661811,47.639963,-102.68865699999999,5.0,9163,0.9450288778877888,0.4718403823268653,0.18556293393505907,-0.0099021394858,5.0,28.760520999639994,True,True
5.976,48.133289392783574,-102.47463060109928,-0.6740847910215843,4.582583980197149,47.774366,-102.755628,5.0,9164,0.9451320132013201,0.44313809723436665,0.19954098300381728,0.0084603083438,5.0,26.922617998934584,True,True
6.029,48.25472229121721,-102.57244542486148,-0.6818901437025255,4.587640204867989,48.042998,-102.888524,5.0,9166,0.9453382838283828,0.3769604675291968,0.22552373159387962,0.032558932931,5.0,29.682006999792065,True,True
6.077,48.49589100246814,-102.77088639279752,-0.6957823054967017,4.596553699779148,48.177879,-102.954495,5.0,9167,0.9454414191419142,0.3411915947130395,0.23492897998660123,0.041320132865,5.0,27.575821997743333,True,True
6.135,48.73494907113068,-102.97338036695017,-0.7079960069971967,4.614334166222553,48.448370000000004,-103.085614,5.0,9169,0.945647689768977,0.2653593769761533,0.2539672966969979,0.060372035844,5.0,35.37426799812238,True,True
6.18,48.85409670522906,-103.07569046050294,-0.7117278350163107,4.620781682095171,48.583954,-103.151015,5.0,9170,0.9457508250825083,0.22546287116312563,0.2596777079396291,0.06600863679,5.0,30.628900000010617,True,True
6.231,48.97336184308883,-103.17885491236011,-0.7144550777975324,4.655443134982125,48.719885,-103.216208,5.0,9171,0.9458539603960396,0.18461876152723783,0.2655177003464515,0.075639664077,5.0,31.203616003040224,True,True
6.281,49.21029529788142,-103.38369284820743,-0.7100128796170789,4.6030362181624564,48.992791,-103.34577900000001,5.0,9173,0.9460602310231023,0.10044270171669181,0.2742348794508902,0.082061131842,5.0,31.21669100073632,True,True
6.329,49.329257564010796,-103.48547470855488,-0.7053736635218982,4.610816293983744,49.129142,-103.410092,5.0,9174,0.9461633663366337,0.05839172421889876,0.27012117908502287,0.078094797915,5.0,29.259293998620706,True,True
6.38,49.56809822391871,-103.68774440991001,-0.6982662178542112,4.6127643002401495,49.400439,-103.537076,5.0,9176,0.9463696369636964,-0.024758669829383004,0.26812212839718397,0.075114538904,5.0,30.421801999182208,True,True
6.429,49.6886638839366,-103.78821959876844,-0.6914580989668322,4.619573847302508,49.537052,-103.60047,5.0,9177,0.9464727722772277,-0.06614726432483603,0.2641786912098749,0.069576653042,5.0,30.032452999876114,True,True
6.48,49.93237927685303,-103.9873060095912,-0.6775488945172512,4.632179997091124,49.810911,-103.726913,5.0,9179,0.9466790429042904,-0.14699919434026273,0.2556633970160571,0.059472052382,5.0,30.767929998546606,True,True
6.529,50.05555221331171,-104.08558821611507,-0.6687821507325122,4.641501998325525,49.948301,-103.789485,5.0,9180,0.9467821782178217,-0.18680455050955447,0.2514955701931907,0.053813996376,5.0,29.274512999108993,True,True
6.58,50.30436359941339,-104.27958747840933,-0.6562731363047535,4.60882945344488,50.223967,-103.913834,5.0,9182,0.9469884488448845,-0.2638481012044713,0.24042080703190383,0.10236778701,5.0,30.381545999262016,True,True
6.632,50.42912987452854,-104.37557463978433,-0.64985717552207,4.655132761430685,50.361453999999995,-103.975593,5.0,9183,0.9470915841584159,-0.3009300533576846,0.23572016210513125,0.14103142895,5.0,32.79912400103058,True,True
6.684,50.68273501427851,-104.56664964300826,-0.6405085820322914,4.6577259379209295,50.775146,-104.159911,5.0,9186,0.9474009900990099,-0.3809271390249772,0.22716132609789108,0.31961541403,5.0,34.43619100289652,True,True
6.731,50.81009474628242,-104.66090002863382,-0.6335106042859467,4.663583826313721,50.913026,-104.221023,5.0,9187,0.9475041254125413,-0.41532121841020453,0.22438084415582793,0.32684313527,5.0,32.049450997874374,True,True
6.78,51.06756057244347,-104.84661769315132,-0.6151060396850108,4.670209526785661,51.189405,-104.34255999999999,5.0,9189,0.9477103960396039,-0.4822536281331908,0.21247101955486158,0.33629274368,5.0,30.93680699748802,True,True
6.843,51.19776930222855,-104.93750785498574,-0.6030065795045534,4.675142064732363,51.327839000000004,-104.403134,5.0,9190,0.9478135313531353,-0.514220425442668,0.20341894512738756,0.42911526461,5.0,43.81121099868324,True,True
6.885,51.462691494988455,-105.11481157761595,-0.5748961495851084,4.669325071207399,51.605824,-104.52401,5.0,9192,0.948019801980198,-0.5740227942978173,0.1814971871884321,0.40892173708,5.0,35.11653500027023,True,True
6.934,51.596349437045106,-105.19992728278523,-0.5580640575827023,4.662098650319277,51.744960999999996,-104.583889,5.0,9193,0.9481229372937293,-0.6012943180189123,0.16971986902552016,0.39709417733,5.0,34.14406400042935,True,True
6.985,51.86709473479845,-105.362425040452,-0.5193268037300774,4.626085808641624,52.023782000000004,-104.702816,5.0,9195,0.9483292079207921,-0.649341413419814,0.13835114002204874,0.36761872823,5.0,35.31063899936271,True,True
7.035,52.003679976160605,-105.4390855569902,-0.49825552816693885,4.616463901893977,52.161839,-104.761444,5.0,9196,0.9484323432343235,-0.6693671584802832,0.11920144470625083,0.34778883271,5.0,35.67748600107734,True,True
7.086,52.28297873546038,-105.5834186344912,-0.45361406901056156,4.6213067701506905,52.301076,-104.820095,5.0,9197,0.9485354785478548,-0.6867268049512258,0.10078678402035557,0.32772156939,5.0,36.46179499992286,True,True
7.138,52.4250453606483,-105.65062158007204,-0.4300365481961825,4.620952340289682,52.58061899999999,-104.93678100000001,5.0,9199,0.9487417491749175,-0.7118496733268648,0.060692037724110914,0.28565045235,5.0,38.83593200225732,True,True
7.186,52.713596814597416,-105.77426507838942,-0.3785397448054225,4.615539870345068,52.720797999999995,-104.994607,5.0,9200,0.9488448844884488,-0.7196004120000133,0.040105570975273785,0.26429179629,5.0,36.88775300179259,True,True
7.233,52.859089299881305,-105.8313003898739,-0.3529567887720376,4.626891211899207,53.001959,-105.109274,5.0,9202,0.9490511551155115,-0.724821277493754,-0.005869987747054495,0.21652811622,5.0,33.54863799904706,True,True
7.283,53.00740239525661,-105.88381230391158,-0.32771301594506763,4.631487034693219,53.142872,-105.16603899999998,5.0,9203,0.9491542904290429,-0.7232602144067058,-0.0292032821988788,0.19269705158,5.0,33.40622200266807,True,True
7.33,53.30977823583139,-105.97898038379375,-0.27982980708340116,4.655615377963849,53.424622,-105.278893,5.0,9205,0.9493605610561056,-0.7069508551767252,-0.07732821863106176,0.14666651459,5.0,30.89474799708114,True,True
7.38,53.46257109693889,-106.02104573394405,-0.2579476853917461,4.667528798476524,53.565132,-105.33490900000001,5.0,9206,0.949463696369637,-0.6928440976857798,-0.09910967995867104,0.12636947169,5.0,30.96233399992343,True,True
7.43,53.772242386307425,-106.09599043350637,-0.21859467554498996,4.701995274562023,53.846776,-105.446554,5.0,9208,0.9496699669966997,-0.6550487107241418,-0.1378986563172786,0.086850852368,5.0,30.636284001957392,True,True
7.48,53.92868478584763,-106.12938217591274,-0.20140270905731472,4.714178579334403,53.987977,-105.50198600000002,5.0,9209,0.949773102310231,-0.631786915351034,-0.15458397167796223,0.070046031876,5.0,30.99655799815082,True,True
7.527,54.24479343227597,-106.18898048094171,-0.1721843833701079,4.736105506139828,54.2709,-105.61219399999999,5.0,9211,0.9499793729372937,-0.5778150663449251,-0.18394361948863702,0.041897339328,5.0,27.47584399912739,True,True
7.578,54.40376701064225,-106.21559756112853,-0.160376903202332,4.749071503470588,54.41270600000001,-105.66699399999999,5.0,9212,0.9500825082508251,-0.5474787056504401,-0.19565585284386477,0.030823667596,5.0,28.249582999706035,True,True
7.627,54.56333769903901,-106.24055869706842,-0.15042523358658613,4.756305015297835,54.697224,-105.775851,5.0,9214,0.9502887788778878,-0.48200979792798126,-0.21247461204553186,0.014175432524,5.0,27.12437599984696,True,True
7.677,54.883101555454026,-106.28607085357943,-0.1332005543718826,4.7580241740052776,54.839721999999995,-105.82979499999999,5.0,9215,0.9503919141914191,-0.44729165338485194,-0.21967407575490672,0.0065739448858,5.0,27.39103400017484,True,True
7.728,55.04339467874468,-106.30699065461374,-0.12702925876478927,4.7410588443227315,55.122814,-105.936311,5.0,9217,0.9505981848184818,-0.3751108478539003,-0.23095889514341783,-0.0047345198068,5.0,28.53200300160097,True,True
7.779,55.36532520160019,-106.34714974524944,-0.11995900157473173,4.777976304072204,55.265268999999996,-105.989301,5.0,9218,0.9507013201320133,-0.338353038162936,-0.2320668439098026,-0.0080720402783,5.0,29.38721399914357,True,True
7.83,55.52680668988174,-106.36640131086665,-0.11735153081573961,4.7874935310599005,55.551054,-106.09468999999999,5.0,9220,0.9509075907590759,-0.26359412340966587,-0.23344869519773015,-0.010311977568,5.0,30.33679299915093,True,True
7.878,55.85055072781532,-106.40411829943838,-0.11493287867217686,4.759515281878928,55.694325,-106.146892,5.0,9221,0.9510107260726073,-0.22617867619546408,-0.23246086087533158,-0.010222646697,5.0,28.780157001165207,True,True
7.929,56.012041799894554,-106.42243341136093,-0.1142812826491496,4.794697097918846,55.981609999999996,-106.250358,5.0,9223,0.95121699669967,-0.2020365375593147,-0.22913906301622156,-0.0085350938528,5.0,29.298818000825122,True,True
7.981999999999999,56.336719150796085,-106.45998462699589,-0.11655513491828888,4.796138788982646,56.2688,-106.352747,5.0,9225,0.9514232673267327,-0.12944392717360945,-0.2262138401825231,-0.0050311257753,5.0,32.35942099854583,True,True
8.03,56.49849738838303,-106.47845026626464,-0.1174493657019973,4.784996480746312,56.41298199999999,-106.403924,5.0,9226,0.951526402640264,-0.09465102254001174,-0.2241498617792943,-0.00065332160921,5.0,30.638026000815444,True,True
8.081,56.82190447637233,-106.51739040624628,-0.12283750639408877,4.79437637617357,56.700078000000005,-106.50523799999999,5.0,9228,0.9517326732673267,-0.0406333169942144,-0.21687579569488458,0.0073073328426,5.0,31.948921001458075,True,True
8.13,56.98364781549086,-106.53754896137885,-0.12444722427351444,4.798675390074527,56.843804000000006,-106.55543999999999,5.0,9229,0.951835808580858,0.04390171659447463,-0.21249246658157928,0.01077938463,5.0,30.688009999721544,True,True
8.18,57.30765923138293,-106.57841477948126,-0.12562033536632122,4.809586888142205,57.131562,-106.65535,5.0,9231,0.9520420792079208,0.0984304543515308,-0.20780003408449632,0.01859444229,5.0,30.200437002349645,True,True
8.23,57.47003395348193,-106.59914298382525,-0.12616186702246904,4.849644717277166,57.275714,-106.70506,5.0,9232,0.9521452145214522,0.13061205797455624,-0.20599066428701995,0.012387129496,5.0,30.983592998381937,True,True
8.28,57.79495592131228,-106.6404176638475,-0.1253381556037145,4.814265391056259,57.564903,-106.80394,5.0,9234,0.9523514851485149,0.19603290355748124,-0.20007088930884098,-0.061904456127,5.0,30.615203999332152,True,True
8.335,57.95733321416397,-106.66080500981863,-0.12475178363565619,4.817588108797838,57.709817,-106.85285400000001,5.0,9235,0.9524546204620462,0.22848791484979022,-0.19942105554176237,-0.092214844738,5.0,35.59846799907973,True,True
8.391,58.28143912598814,-106.70032304571569,-0.12418296186714431,4.812335642706808,57.998993999999996,-106.94944199999999,5.0,9237,0.9526608910891089,0.2935464130827509,-0.19770930986825297,-0.24871081576,5.0,41.399292000278365,True,True
8.44,58.443873559178655,-106.72069784596259,-0.1255018777376215,4.817099112631061,58.14273000000001,-106.997437,5.0,9238,0.9527640264026402,0.32553965664346024,-0.19533130135748422,-0.25680120577,5.0,40.29587599870865,True,True
8.491,58.769049434181206,-106.7625313615722,-0.13178711339491123,4.825259302579296,58.433351,-107.09244199999999,5.0,9240,0.9529702970297029,0.3873377410583323,-0.18678585950986992,-0.27069931975,5.0,41.268057000706904,True,True
8.549,59.09423770437123,-106.80796323444095,-0.1459662696730857,4.8295251795997265,58.579071,-107.139627,5.0,9241,0.9530734323432343,0.41712624493608536,-0.18017487440054714,-0.27500144251,5.0,49.48910600069212,True,True
8.587,59.25609941066811,-106.83254732739275,-0.15546675985060862,4.799360050046996,59.01763199999999,-107.27949199999999,5.0,9244,0.9533828382838284,0.47771101169205704,-0.16000202027519794,-0.36058971742,5.0,37.27324400097132,True,True
8.634,59.418167702843405,-106.85804683187004,-0.16671599222588074,4.846881338013933,59.163478000000005,-107.325433,5.0,9245,0.9534859735973598,0.5015127236428387,-0.14903531822733784,-0.35030709501,5.0,34.5172220004315,True,True
8.686,59.74084853300753,-106.91597464271932,-0.19190998155815683,4.767076388197836,59.456759,-107.41722,5.0,9247,0.9536922442244224,0.5451201686315014,-0.12278375201320957,-0.32315127634,5.0,36.55534999779775,True,True
8.735,59.90031375772469,-106.94817735647545,-0.20983086771147058,4.783607571851801,59.60260400000001,-107.46244899999999,5.0,9248,0.9537953795379538,0.5636894305127533,-0.10779640143362856,-0.30863479187,5.0,35.29770499881124,True,True
8.781,60.059026351945285,-106.98370198964172,-0.2301351643059796,4.786378329500748,59.74874200000001,-107.507447,5.0,9249,0.9538985148514851,0.5794450206083581,-0.08816697144373986,-0.2895369405,5.0,31.744488998810994,True,True
8.832,60.374048201194285,-107.06455310810054,-0.2730505458567632,4.783264885080461,60.041142,-107.597017,5.0,9251,0.9541047854785478,0.6008647077496418,-0.04644944834975906,-0.24547005683,5.0,32.23757199884858,True,True
8.883,60.53016110589496,-107.1101342391656,-0.295725107379294,4.785850898637041,60.187445,-107.641879,5.0,9252,0.9542079207920792,0.6066569163142823,-0.024065930997232865,-0.22059804842,5.0,33.12516499863705,True,True
8.93,60.83944888333381,-107.2121558954553,-0.3415149051990762,4.791506653464417,60.480851,-107.73146299999999,5.0,9254,0.954414191419142,0.6068080716629131,0.024212766995776125,-0.16971995715,5.0,30.91567600131384,True,True
8.979,60.99297115717692,-107.26844109710215,-0.3636608120832027,4.796497419807889,60.627455000000005,-107.775778,5.0,9255,0.9545173267326733,0.6007822434594907,0.048841965453227054,-0.14472493435,5.0,29.363188001298113,True,True
9.028,61.29478697955558,-107.3895801324245,-0.40574431598865834,4.788978121221665,60.92109,-107.86375600000001,5.0,9257,0.954723597359736,0.5779316235319849,0.09498596127526593,-0.09804432763,5.0,28.492126999481115,True,True
9.078,61.4440689411168,-107.45553438340583,-0.42642640524242376,4.811648947986584,61.066787,-107.907146,5.0,9258,0.9548267326732673,0.5610574471547547,0.11668514532054486,-0.074211722658,5.0,28.5994980004034,True,True
9.126,61.74036805998012,-107.59643469842896,-0.46007201856873403,4.835981502199454,61.50733,-108.036546,5.0,9261,0.9551361386138614,0.5189462161243674,0.1622419710303613,-0.032040946297,5.0,26.772886998514878,True,True
9.177,61.887422986207426,-107.67060219023581,-0.4743147405837946,4.848566693465779,61.654764,-108.079021,5.0,9262,0.9552392739273927,0.4901199787287676,0.18081884621526534,-0.01385988307,5.0,27.803648001281545,True,True
9.229,62.179607128361866,-107.82481854611298,-0.49600492060809637,4.867488793413518,61.950255000000006,-108.16296799999999,5.0,9264,0.9554455445544554,0.4244155602583489,0.21147689825199256,0.014485001571,5.0,29.75376000176766,True,True
9.279,62.3249094884394,-107.90424156498952,-0.5041796723545651,4.87539147797916,62.097654000000006,-108.204472,5.0,9265,0.9555486798679867,0.3883980693781012,0.2224858439679429,0.024258468135,5.0,29.549237002356676,True,True
9.33,62.6131361029057,-108.06464159159393,-0.5162265897607065,4.867906720333851,62.39325,-108.286445,5.0,9267,0.9557549504950495,0.3124325140926346,0.2409522170808529,0.044141181354,5.0,30.138190999423387,True,True
9.383,62.75734836353751,-108.14681788079663,-0.5188784171668696,4.867365421023505,62.541385,-108.327932,5.0,9268,0.9558580858085809,0.27289202979717814,0.24570454274627673,0.050497837837,5.0,33.09561000060057,True,True
9.431000000000001,63.044779079857776,-108.31134803268911,-0.5201378128664695,4.873189757584502,62.836454,-108.408542,5.0,9270,0.9560643564356436,0.1901449900334226,0.2554877786943619,0.056370726354,5.0,31.476095999096287,True,True
9.478,63.18863868575776,-108.39359997293015,-0.5185069163426025,4.874634189622056,62.984143,-108.448397,5.0,9271,0.9561674917491749,0.1480926130076928,0.25702098813252716,0.057883954301,5.0,28.8460199990368,True,True
9.529,63.33273081343326,-108.47555905894798,-0.5158171774289397,4.876444035853363,63.279804000000006,-108.527868,5.0,9273,0.9563737623762376,0.06423632207410107,0.25351023519538707,0.058860537027,5.0,29.669491999811726,True,True
9.581,63.62286007061238,-108.63864348558866,-0.5079906409640197,4.867437728445887,63.42815,-108.56766499999999,5.0,9274,0.956476897689769,0.022812804057558134,0.25147271388591497,0.057763620092,5.0,31.209336000756593,True,True
9.63,63.76749384067534,-108.71877171620483,-0.5031427397389625,4.868930160125865,63.576264,-108.60692399999999,5.0,9275,0.9565800330033003,-0.018824526945268233,0.24985233469532053,0.056231496007,5.0,31.005754997750046,True,True
9.679,64.057399800959,-108.87622350240815,-0.4907540945775004,4.850451132513055,63.872831000000005,-108.68463999999999,5.0,9277,0.956786303630363,-0.0996651863963904,0.24422906120079357,0.051252985188,5.0,29.69673299958231,True,True
9.73,64.20299681892519,-108.95360662281809,-0.4844697698190548,4.830762301131472,64.021132,-108.723141,5.0,9278,0.9568894389438944,-0.1390328847987848,0.2365841610773609,0.043760441129,5.0,30.41663100157166,True,True
9.782,64.4962798893325,-109.1062623748426,-0.47468037816974007,4.869177069331996,64.464488,-108.837055,5.0,9281,0.9571988448844885,-0.22489955378008963,0.2329365582061036,0.2794626885,5.0,32.83887900033733,True,True
9.833,64.64381572764678,-109.1816205572309,-0.4699306894605668,4.875726011848989,64.613258,-108.87443400000001,5.0,9282,0.9573019801980198,-0.2596695472278108,0.22980840286755022,0.28698611228,5.0,33.37419200033764,True,True
9.882,64.94051706886098,-109.33013161173878,-0.4569316701014558,4.883520718832234,64.911397,-108.948127,5.0,9284,0.9575082508250825,-0.3305538763639303,0.2245176650006666,0.30262690197,5.0,32.27936000257614,True,True
9.931,65.08866327910123,-109.40240681097039,-0.4483517393414678,4.8249548029449025,65.060694,-108.984449,5.0,9285,0.9576113861386139,-0.3659767244464267,0.2186921140775322,0.30835430881,5.0,31.271403000573628,True,True
9.982,65.3891496527942,-109.54303678603102,-0.4259854844095581,4.872860664573569,65.358824,-109.056634,5.0,9287,0.9578176567656765,-0.43408658919287496,0.20048973843141304,0.31528999875,5.0,32.34658699875581,True,True
10.032,65.54056011347343,-109.61072834913254,-0.41205495669476805,4.903533682478649,65.508262,-109.092735,5.0,9288,0.9579207920792079,-0.46578906144262444,0.19041693027023232,0.31667383004,5.0,32.49730800234829,True,True
10.082,65.84572358182614,-109.73848854195197,-0.3800532055379025,4.856792185084755,65.80604,-109.16335,5.0,9290,0.9581270627062707,-0.5248959609413694,0.16718016199570673,0.31364872407,5.0,32.3281320015667,True,True
10.142,65.99957776622021,-109.79834016109419,-0.3621738751625998,4.85260870120208,65.955057,-109.197981,5.0,9291,0.958230198019802,-0.5512605213717877,0.1528219107221549,0.37234528515,5.0,42.98698600177886,True,True
10.195,66.31013497424641,-109.90921012396458,-0.3219689288902468,4.836130305914439,66.253249,-109.26638999999999,5.0,9293,0.9584364686468647,-0.5960850925106538,0.11778622775313607,0.33988223681,5.0,45.71414399833884,True,True
10.238,66.46630748053983,-109.95952898087455,-0.3001633376598771,4.820415323290729,66.402488,-109.300505,5.0,9294,0.9585396039603961,-0.6140056369913232,0.09753115623665165,0.32114334385,5.0,38.136631999805104,True,True
10.294,66.7805300466207,-110.04852030074674,-0.2512695188170862,4.803753293268957,66.70160899999999,-109.368261,5.0,9296,0.9587458745874587,-0.6395723560975695,0.05584997858586682,0.28049026329,5.0,44.797656999435276,True,True
10.334,66.93894909356366,-110.08710632269693,-0.22604241791131116,4.794395683224127,66.851256,-109.40157099999999,5.0,9297,0.9588490099009901,-0.646964221697027,0.032974775399992495,0.25709719667,5.0,34.42025999902398,True,True
10.381,67.09647388607584,-110.12210368884749,-0.19878104447908954,4.735266290240919,67.297758,-109.500147,5.0,9300,0.9591584158415841,-0.6537166185132269,-0.01698405371352374,0.20724968559,5.0,31.2761409986706,True,True
10.429,67.41644098828905,-110.18095186078143,-0.1456922525526837,4.783979985500525,67.447322,-109.532448,5.0,9301,0.9592615511551155,-0.6515842855611612,-0.040577815073852275,0.18190376359,5.0,29.774197999358876,True,True
10.482,67.577671956447,-110.20245329849207,-0.11878250643854144,4.782885281339515,67.597082,-109.564622,5.0,9302,0.9593646864686468,-0.6422567028866387,-0.06457284272526964,0.15830823096,5.0,32.334614003048046,True,True
10.53,67.90254079049636,-110.23315852927921,-0.06959551220666975,4.832015915245632,67.897178,-109.627775,5.0,9304,0.9595709570957096,-0.6124552992370633,-0.11303186313999047,0.10760042163,5.0,30.538138998963404,True,True
10.579,68.06679477503259,-110.24297947084997,-0.05037561019059977,4.841354068240792,68.047483,-109.658879,5.0,9305,0.959674092409241,-0.5922881240114033,-0.13401632018052245,0.085670127318,5.0,29.383405999396928,True,True
10.627,68.3962135143532,-110.25424076128033,-0.012912038653497684,4.896864385989511,68.347764,-109.72062199999999,5.0,9307,0.9598803630363036,-0.5417214096999959,-0.1708032903867056,0.048888815433,5.0,27.71929899972747,True,True
10.678,68.56161049318595,-110.25525006985856,0.002647524344065018,4.859296977372499,68.497596,-109.75123799999999,5.0,9308,0.959983498349835,-0.5131175277176159,-0.18805883047484473,0.033113602645,5.0,28.134347001468996,True,True
10.73,68.8928577777681,-110.25015489030301,0.026426619856140324,4.875561338475992,68.798549,-109.811968,5.0,9310,0.9601897689768977,-0.4471414234901076,-0.21254764430690987,0.0076970271647,5.0,30.19831200072076,True,True
10.778,69.05867481285159,-110.24500823540501,0.035323002358458484,4.882657074316674,68.94856300000001,-109.841723,5.0,9311,0.960292904290429,-0.41150355939248134,-0.2214478772081181,-0.001877629916,5.0,28.92402599900379,True,True
10.83,69.39056675612811,-110.23101458190374,0.04806146511476253,4.904849917826259,69.248704,-109.90062900000001,5.0,9313,0.9604991749174917,-0.33626083278153457,-0.23590320431516076,-0.015901001875,5.0,30.668252999021206,True,True
10.882,69.55701307448123,-110.22267139607322,0.0528141813924194,4.891747097982659,69.398865,-109.93003300000001,5.0,9314,0.960602310231023,-0.2969738445198234,-0.24135830953970805,-0.01815641899,5.0,32.8987100001541,True,True
10.93,69.88928104271533,-110.20404314008834,0.058349001047053525,4.8998450640264135,69.69989100000001,-109.988469,5.0,9316,0.9608085808580858,-0.21679869097916904,-0.2449958018873346,-0.020966949963,5.0,30.828181999822846,True,True
10.981,70.05576140995719,-110.19405607961798,0.059613126347138584,4.933358387068034,69.850494,-110.017156,5.0,9317,0.9609117161716172,-0.17643268656873398,-0.24586216032345698,-0.02177086157,5.0,31.63169799881871,True,True
11.032,70.38713180819926,-110.17469824349705,0.05740889041302275,4.852109586749067,70.30065400000001,-110.10164499999999,5.0,9320,0.9612211221122112,-0.11468074491791441,-0.2436106602946424,-0.01928135745,5.0,32.359129003452836,True,True
11.082,70.5528928278181,-110.1652622330734,0.0568409245142223,4.891486277978973,70.450413,-110.12963899999998,5.0,9321,0.9613242574257426,-0.07768426262924724,-0.2402110933399193,-0.016116466655,5.0,32.42110499923001,True,True
11.132,70.88512844496987,-110.14704893951807,0.05277873816603211,4.894979475308439,70.751914,-110.184358,5.0,9323,0.9615305280528053,0.04347530224665053,-0.23169557915272998,-0.0090454830939,5.0,32.81328099910752,True,True
11.188,71.05151617934152,-110.13842241449167,0.050738607741737426,4.9007532301626,70.902971,-110.21115900000001,5.0,9324,0.9616336633663366,0.0665466499908207,-0.22742734272847942,-0.0050152360403,5.0,38.65958000096725,True,True
11.23,71.21750256197838,-110.13024541001097,0.04786111098306693,4.885575588193887,71.205404,-110.26396499999998,5.0,9326,0.9618399339933993,0.13426579590042453,-0.21947122373525918,-0.016740958719,5.0,30.916045998310437,True,True
11.285,71.55026368546898,-110.11517185833836,0.042395381681212846,4.900443227584486,71.356205,-110.29003700000001,5.0,9327,0.9619430693069307,0.16988088784401773,-0.21529205885251068,-0.070488534912,5.0,35.010905998206,True,True
11.334,71.88272853488661,-110.10131044177143,0.04053215341612072,4.884364648867674,71.50738100000001,-110.316194,5.0,9328,0.9620462046204621,0.20536437147497522,-0.2121731043038082,-0.081351095615,5.0,34.53228999933344,True,True
11.39,72.04873203158122,-110.0945740399606,0.039700587274529124,4.887603643684621,71.810038,-110.36757,5.0,9330,0.9622524752475248,0.2745780928503997,-0.2069873884421467,-0.25230526851,5.0,40.46298799949,True,True
11.439,72.38090105019141,-110.0820298012173,0.03477923284027268,4.887745864194382,71.96078,-110.39264399999999,5.0,9331,0.9623556105610561,0.30837621254251324,-0.2034118597853567,-0.26067526445,5.0,39.606944999832194,True,True
11.484,72.54698411890676,-110.07673291654616,0.02899240765415955,4.8872673424342,72.262614,-110.441873,5.0,9333,0.9625618811881188,0.3740646355571404,-0.19492542787333766,-0.27433282809,5.0,35.512806000042474,True,True
11.543,72.8795710592575,-110.06973233304299,0.01367630506476249,4.88780326521735,72.41355,-110.466159,5.0,9334,0.9626650165016502,0.4056659405698701,-0.18844060659523398,-0.27808122698,5.0,43.54967000108445,True,True
11.586,73.04522689681596,-110.06822752261331,0.003992337828602336,4.87072574322393,72.86718,-110.538656,5.0,9337,0.9629744224422442,0.4690873519739498,-0.16959337814496456,-0.36314447817,5.0,37.105470000824425,True,True
11.637,73.21070890445492,-110.06856889408681,-0.008406362238455081,4.8722798202783,73.01853100000001,-110.562265,5.0,9338,0.9630775577557755,0.4947582237511629,-0.15787489678357858,-0.35169070703,5.0,37.9749579988129,True,True
11.684,73.5403282835994,-110.07524881824162,-0.03681130812939107,4.781439735618624,73.32096800000001,-110.608709,5.0,9340,0.9632838283828383,0.5407318352737545,-0.13077486353607481,-0.32364074549,5.0,34.45103800186189,True,True
11.735,73.70398556127803,-110.0819677903773,-0.05326201582419201,4.82927493007134,73.47061500000001,-110.631592,5.0,9341,0.9633869636963697,0.5606939252384003,-0.11404617180306165,-0.3069765358,5.0,35.18753699972876,True,True
11.785,74.03020326755937,-110.10520541533025,-0.08945099219470512,4.796129387028941,73.773165,-110.676736,5.0,9343,0.9635932343234324,0.5920762502170208,-0.07432209694636338,-0.26861467546,5.0,35.652468002808746,True,True
11.831,74.19223288293202,-110.12134721150798,-0.10966601206838607,4.778909194506624,73.92483299999999,-110.69868400000001,5.0,9344,0.9636963696369637,0.6024016143100639,-0.05301797322121082,-0.24809189637,5.0,31.43668199845706,True,True
11.88,74.5135283498287,-110.16380968977272,-0.15441766307847454,4.753543337292146,74.22868299999999,-110.74151200000001,5.0,9346,0.9639026402640264,0.6121276030247937,-0.0068984439297423705,-0.20427595997,5.0,30.243946999689797,True,True
11.929,74.67249328962609,-110.1902510172769,-0.1790438205217757,4.733783676169773,74.380414,-110.76253600000001,5.0,9347,0.9640057755775577,0.6112161115363779,0.017866004658405377,-0.18118186171,5.0,29.502748999220785,True,True
11.978,74.83104624212635,-110.22040447249454,-0.20577190715493202,4.773382143094526,74.684057,-110.803828,5.0,9349,0.9642120462046204,0.5978175141198001,0.07142357346892014,-0.12755241235,5.0,28.674408000370022,True,True
12.029,75.14612726229385,-110.292435339029,-0.24735701841912583,4.777341730255571,74.83635500000001,-110.82432800000001,5.0,9350,0.9643151815181518,0.5851108862651067,0.09599592537885826,-0.10316502023,5.0,29.56763099791715,True,True
12.078,75.30332503238328,-110.33368947545446,-0.265292805506569,4.784156848883694,75.291954,-110.883427,5.0,9353,0.9646245874587459,0.5498551138899354,0.13848562090307714,-0.0636151738,5.0,28.547018999233842,True,True
12.128,75.61647921550237,-110.42439539373686,-0.2974071080015959,4.804330035858991,75.443641,-110.90268799999998,5.0,9354,0.9647277227722773,0.5252068418322654,0.15585506677117023,-0.045779404942,5.0,28.55604599972139,True,True
12.178,75.77244691369467,-110.4734349402315,-0.3114681425235663,4.812897660837619,75.595388,-110.921924,5.0,9355,0.9648308580858086,0.4979754546375908,0.1712470934573349,-0.02741493107,5.0,28.20455799883348,True,True
12.228,76.08395176478862,-110.57814312277237,-0.3352976268793789,4.852250123163612,75.899472,-110.960328,5.0,9357,0.9650371287128713,0.43658897715598827,0.2005068950197071,0.0046112901949,5.0,28.468150998378405,True,True
12.278,76.23866344705917,-110.63284260882497,-0.3436481737059268,4.828976651956675,76.05139,-110.979068,5.0,9358,0.9651402640264026,0.40224498220131333,0.21328687758087028,0.017468722969,5.0,28.894278999359813,True,True
12.329,76.54677748607013,-110.74471204879536,-0.3531273513229097,4.8364766152787535,76.355467,-111.015904,5.0,9360,0.9653465346534653,0.32939904141236664,0.23066109077139174,0.034188851045,5.0,29.8462130012922,True,True
12.379,76.70107097909252,-110.80174334245663,-0.3551261850275612,4.814081238119877,76.507475,-111.03405,5.0,9361,0.9654496699669967,0.2919627796836673,0.233658882255237,0.037754963579,5.0,29.624417002196424,True,True
12.431000000000001,77.00884647026021,-110.9163000252251,-0.3569800746982803,4.843898974166641,76.809632,-111.06999099999999,5.0,9363,0.9656559405940595,0.21505246573452852,0.24239204561211158,0.047147018932,5.0,31.261552998330444,True,True
12.481,77.16326384516496,-110.97380642277298,-0.3560224309595592,4.848656529266616,76.961894,-111.08743899999999,5.0,9364,0.9657590759075908,0.17529933288400865,0.24420660548787598,0.048623529477,5.0,31.78595499775838,True,True
12.529,77.47284302248536,-111.08823065079658,-0.3509063444843738,4.857585169857906,77.266901,-111.12123100000001,5.0,9366,0.9659653465346535,0.09502224378846744,0.2458510118680306,0.048207903313,5.0,29.253011001856066,True,True
12.578,77.62803730894301,-111.14474170719545,-0.3464234334457233,4.83006971692747,77.419578,-111.13771499999999,5.0,9367,0.9660684818481848,0.05486003074927849,0.24394323164899356,0.044750488728,5.0,28.260061000764836,True,True
12.632,77.93791738340995,-111.25479704167329,-0.33818077997951473,4.863928047986818,77.724595,-111.170276,5.0,9369,0.9662747524752475,-0.023074848130620183,0.23706634213592848,0.037742961939,5.0,32.516213999770116,True,True
12.679,78.09366449613289,-111.3091859478233,-0.3341354821264162,4.851640229786472,77.876819,-111.186402,5.0,9370,0.9663778877887789,-0.06178420099228228,0.23416349396733027,0.035119161916,5.0,29.615260002174182,True,True
12.735,78.40612136718269,-111.41648207207102,-0.326411332574182,4.849270066850747,78.33507900000001,-111.232436,5.0,9373,0.9666872937293729,-0.1560478297898994,0.2329300430409349,0.24092151288,5.0,35.98668400081806,True,True
12.785,78.56239580974447,-111.46907041042262,-0.32290209140744214,4.849904017730521,78.48733399999999,-111.24721799999999,5.0,9374,0.9667904290429042,-0.18773869559359396,0.2298183405878551,0.26087322904,5.0,35.33418199731386,True,True
12.833,78.87560800761817,-111.57274041456287,-0.3164417479426582,4.85310763207226,78.791934,-111.27677,5.0,9376,0.966996699669967,-0.2550608441276395,0.22259239273355647,0.27890836687,5.0,33.05086500040488,True,True
12.883,79.03350442857906,-111.62412177214854,-0.312003076655268,4.850452099993808,78.94459499999999,-111.29163799999999,5.0,9377,0.9670998349834984,-0.28944390232128125,0.22062500048036027,0.28791282417,5.0,33.34648800228024,True,True
12.932,79.34706925604154,-111.72294892688758,-0.29720552423005053,4.831189542501276,79.249835,-111.320299,5.0,9379,0.9673061056105611,-0.35886952223603014,0.21333700105443665,0.30196567419,5.0,32.97280900005717,True,True
12.981,79.50413767517469,-111.77027996256919,-0.2877988372268572,4.82314824518294,79.402284,-111.334321,5.0,9380,0.9674092409240924,-0.39253067842824224,0.2062053661442511,0.30617487752,5.0,31.055967996508116,True,True
13.032,79.66057273667452,-111.8153932178329,-0.2743212584647719,4.7898860514574615,79.55481400000001,-111.348129,5.0,9381,0.9675123762376238,-0.42518175536574415,0.19841446482076153,0.30919583685,5.0,32.57608499916387,True,True
13.081,79.97438997196198,-111.8992331272273,-0.24595808823747245,4.784145818961571,79.858153,-111.375522,5.0,9383,0.9677186468646864,-0.48458876366451953,0.17054500740446832,0.30580942952,5.0,31.598483998095617,True,True
13.132,80.132218016819,-111.93745806792575,-0.22936998625777938,4.772914556059329,80.010811,-111.388676,5.0,9384,0.9678217821782178,-0.511810316734037,0.16080119195883258,0.30406208841,5.0,32.81665599934058,True,True
13.189,80.44925422958568,-112.00562699189884,-0.19313736445641536,4.758378352722715,80.316731,-111.414189,5.0,9386,0.9680280528052805,-0.5590909320647325,0.13116640414595704,0.35427183165,5.0,39.816477001295425,True,True
13.244,80.76639394022943,-112.06176253709654,-0.150455618923365,4.72912074403011,80.469923,-111.426456,5.0,9387,0.9681311881188119,-0.579017414636346,0.11412044321302606,0.33622521401,5.0,44.51299400170683,True,True
13.285,80.92554018012642,-112.0839506749282,-0.12512634349277285,4.721770597198692,80.776053,-111.45029,5.0,9389,0.9683374587458746,-0.6104054710108329,0.07334492772792078,0.29377856515,5.0,35.580783001933014,True,True
13.336,81.08506780139327,-112.1019232800953,-0.09882431031678637,4.730337697572878,80.92925799999999,-111.462103,5.0,9390,0.968440594059406,-0.620365942493313,0.04900642376985376,0.26954597404,5.0,36.65828099838109,True,True
13.385,81.40672138097375,-112.12576949601666,-0.049520997000705405,4.730399023155193,81.23609300000001,-111.484719,5.0,9392,0.9686468646864687,-0.6289452511481124,0.002793255758104074,0.22177052022,5.0,35.72858999905293,True,True
13.432,81.56746873481013,-112.13191634395541,-0.026115382573635992,4.738042054297142,81.389042,-111.49540900000001,5.0,9393,0.96875,-0.6277046956408533,-0.01934985760253838,0.19906726354,5.0,32.36609300074633,True,True
13.481,81.88979955916105,-112.13307833423849,0.019177114493969645,4.780051335470694,81.694723,-111.516016,5.0,9395,0.9689562706270627,-0.6147115926709494,-0.06315142082923542,0.15375579969,5.0,31.481294998229714,True,True
13.531,82.05163815639017,-112.12830060047662,0.04091252938894377,4.7514326681530505,82.000416,-111.536302,5.0,9397,0.9691625412541254,-0.6069415046699317,-0.08529367850331271,0.13695846335,5.0,31.864993001363473,True,True
13.578,82.37505075675065,-112.10868048196782,0.07916185733964444,4.801327780357971,82.306567,-111.55623600000001,5.0,9399,0.9693688118811881,-0.5715165548778736,-0.12405683444880067,0.099790426285,5.0,28.746272000717,True,True
13.631,82.53685295609714,-112.0944930647916,0.09657489182599313,4.780577305743275,82.459753,-111.56576000000001,5.0,9400,0.9694719471947195,-0.5494880524193714,-0.14045805328673655,0.083235477515,5.0,31.376308001199504,True,True
13.68,82.85991710204163,-112.05872950037042,0.12470831827765826,4.775458917335663,82.765715,-111.584107,5.0,9402,0.9696782178217822,-0.49798138948575393,-0.17040600659593652,0.053704695402,5.0,30.38303699941025,True,True
13.728,83.0211790057359,-112.03738351176041,0.1380878347646283,4.77314618958145,82.918053,-111.592932,5.0,9403,0.9697813531353136,-0.46941143358758436,-0.1835922686810454,0.041257371417,5.0,28.496844999608584,True,True
13.78,83.18259700085109,-112.01424813229886,0.15111398716017388,4.806512886712043,83.22315400000001,-111.61038899999998,5.0,9405,0.9699876237623762,-0.405890464190977,-0.2044179195542144,0.020763145853,5.0,30.30533200217178,True,True
13.83,83.50591303247054,-111.9617857650465,0.16995325871469333,4.8260793919161316,83.376478,-111.618397,5.0,9406,0.9700907590759076,-0.371811506618903,-0.21210570408387053,0.013167089679,5.0,30.127108002488967,True,True
13.881,83.66741415588639,-111.9336433341474,0.1762360054553102,4.829905127556195,83.529963,-111.62606299999999,5.0,9407,0.9701938943894389,-0.33658308916022966,-0.21873520388224055,0.0061875879484,5.0,31.591310998919653,True,True
13.929,83.99100816933473,-111.87459611853384,0.1839655693471848,4.841457002170546,83.837035,-111.640519,5.0,9409,0.9704001650165016,-0.26403844433748525,-0.22567240508408482,-0.0025801301315,5.0,29.60771600191947,True,True
13.978,84.15295228010513,-111.84426570690037,0.18552777056698125,4.84673878465198,83.990526,-111.64733899999999,5.0,9410,0.970503300330033,-0.22702209264357243,-0.22787299749603473,-0.0067274054101,5.0,28.62321200154838,True,True
14.03,84.47739503718205,-111.78398328293713,0.18866640692313014,4.8121622548753935,84.297184,-111.660679,5.0,9412,0.9707095709570958,-0.15330730816651544,-0.22892469703987794,-0.0097969427292,5.0,30.59334100180422,True,True
14.079,84.63720077356334,-111.75318446708478,0.190096949362839,4.8008360360961735,84.452398,-111.666807,5.0,9413,0.9708127062706271,-0.11621108875275252,-0.22622878414888836,-0.010337004512,5.0,29.553153999586357,True,True
14.13,84.9589521873377,-111.69161869533221,0.18823275615037252,4.82487930863304,84.756338,-111.67751299999999,5.0,9415,0.9710189768976898,-0.04347188621421635,-0.22165195839341445,-0.0077809430511,5.0,30.685613997775363,True,True
14.178,85.12007811959086,-111.66077332626689,0.18953665684846316,4.829463607847713,84.908548,-111.68236200000001,5.0,9416,0.9711221122112211,-0.00765705941748376,-0.21998067146155753,-0.011195291691,5.0,28.810673000407405,True,True
14.231,85.44288564249085,-111.59877742840145,0.18927126439074363,4.835590962521704,85.213443,-111.692049,5.0,9418,0.9713283828382838,0.06446636701744603,-0.2219147676323341,-0.016432797877,5.0,31.874651001999155,True,True
14.28,85.60436862001498,-111.56784193363235,0.18874201710976354,4.840899640721784,85.366049,-111.697015,5.0,9419,0.9714315181518152,0.10066549470576146,-0.2216711865445431,-0.0073630827631,5.0,30.359364001924405,True,True
14.336,85.92823268142054,-111.50603310525891,0.18764066021211262,4.857533735178932,85.823252,-111.71141999999999,5.0,9422,0.9717409240924092,0.1836080430785325,-0.21885495170617375,-0.23251027388,5.0,36.5752949983289,True,True
14.386,86.0876304189375,-111.4759121352286,0.18580940211674865,4.762034768343017,85.975646,-111.71603799999998,5.0,9423,0.9718440594059405,0.21529068394597906,-0.2165078186854017,-0.24164170076,5.0,36.694508999062236,True,True
14.434,86.40973982833485,-111.41331788335894,0.18048948282642988,4.841805067752965,86.275121,-111.72574499999999,5.0,9425,0.9720503300330033,0.2837755949851459,-0.2220728670896004,-0.25717716854,5.0,34.713718996499665,True,True
14.484,86.57158833475388,-111.38400114266608,0.1759859770344046,4.831767128535255,86.427146,-111.73183799999998,5.0,9426,0.9721534653465347,0.318995359710855,-0.2166483696122543,-0.26405136287,5.0,34.4725169998128,True,True
14.535,86.89586559275648,-111.32886474266047,0.1596058188461368,4.839070049368762,86.732539,-111.740248,5.0,9428,0.9723597359735974,0.38443925648035904,-0.19101899244393516,-0.27179118702,5.0,35.847843002557056,True,True
14.586,87.05835931929319,-111.30365040691395,0.14829742333949475,4.8165516843044065,86.88446,-111.743609,5.0,9429,0.9724628712871287,0.4148918243117975,-0.18107726497116738,-0.2725911734,5.0,36.61171400017338,True,True
14.632,87.38415665186493,-111.25970422921918,0.11843257163672333,4.833893080846446,87.188068,-111.74949699999999,5.0,9431,0.9726691419141914,0.46958529939169263,-0.15157819638994674,-0.26598721226,5.0,32.51707500021439,True,True
14.685,87.54723805741597,-111.24137552970797,0.10297016187261879,4.809693586140743,87.339902,-111.75221100000002,5.0,9432,0.9727722772277227,0.493200099616992,-0.1360394233449833,-0.25973207689,5.0,35.39479500250309,True,True
14.736,87.87383403297643,-111.21172860311799,0.07153772944649954,4.818069934760831,87.491782,-111.75484499999999,5.0,9433,0.9728754125412541,0.5141207471203723,-0.117864122457088,-0.25249477526,5.0,36.71685099834576,True,True
14.802,88.20084896785255,-111.19406378919373,0.0358460745076307,4.808443082690287,87.79648399999999,-111.758147,5.0,9435,0.9730816831683168,0.5469409334140615,-0.07959933320550139,-0.28341233195,5.0,52.083452999795554,True,True
14.835,88.20084896785255,-111.19406378919373,0.0358460745076307,4.808443082690287,88.251175,-111.76066399999999,5.0,9438,0.9733910891089109,0.5688308258150233,-0.04036035897302792,-0.24645856976,5.0,33.660765999229625,True,True
14.882,88.52755466589994,-111.18889280520085,-0.004858685570193246,4.796555571731806,88.402715,-111.76137299999999,5.0,9439,0.9734942244224423,0.5728234681555017,-0.021163840768673392,-0.22287558143,5.0,32.63756000160356,True,True
14.93,88.69082984459999,-111.19144669063354,-0.02712657850574549,4.795348029205919,88.55458399999999,-111.76218999999999,5.0,9440,0.9735973597359736,0.5739340192621917,-0.0004780868538718508,-0.1994071803,5.0,30.668062001495855,True,True
14.981,89.01698001135243,-111.20716714210936,-0.0700435832927742,4.7936705678082365,88.857823,-111.76353,5.0,9442,0.9738036303630363,0.56610332412873,0.045691896563223366,-0.15197963303,5.0,31.533130997559056,True,True
15.028,89.17952315937897,-111.22022784213532,-0.0905603834261248,4.805356462605934,89.009344,-111.76393600000002,5.0,9443,0.9739067656765676,0.5567842503056589,0.06760849103201538,-0.12927908243,5.0,28.536809000797803,True,True
15.077,89.50298410196805,-111.25469789664506,-0.1303726712562475,4.791288798505883,89.312173,-111.764384,5.0,9445,0.9741130363036303,0.5288185405162913,0.10706107539502074,-0.087884443181,5.0,27.32966899930034,True,True
15.129,89.66460131945414,-111.27759880206253,-0.15021559782857571,4.8121963156778,89.462273,-111.76495200000001,5.0,9446,0.9742161716171617,0.5101961630989759,0.12919968624782507,-0.06460740073,5.0,29.127585999958683,True,True
15.178,89.98828896852373,-111.33192759028158,-0.181376735931342,4.837201576374872,89.76579699999999,-111.764133,5.0,9448,0.9744224422442245,0.4602468057423254,0.17176567774392382,-0.023333121763,5.0,28.32094600307755,True,True
15.227,90.15008264280358,-111.36270262823976,-0.19473965125518286,4.84871752173665,89.917812,-111.763166,5.0,9449,0.9745255775577558,0.4306394834158938,0.18870176922419146,-0.0072491165112,5.0,27.837309000460664,True,True
15.278,90.4723108287456,-111.42932227063208,-0.21440900224169868,4.784301532842666,90.373991,-111.758829,5.0,9452,0.9748349834983498,0.3686162839736667,0.21694609975678425,0.01687087963,5.0,28.92296299978625,True,True
15.331,90.63332249189205,-111.4632896262721,-0.22195736727374596,4.878706789388307,90.525809,-111.756983,5.0,9453,0.9749381188118812,0.331999409483634,0.22663345283835312,0.026907288689,5.0,31.471176000195555,True,True
15.381,90.95597915198715,-111.53768872918599,-0.23032770804379765,4.862424732626451,90.830848,-111.752572,5.0,9455,0.9751443894389439,0.25488464009048023,0.24464877879454816,0.043037917786,5.0,31.820210002479143,True,True
15.427,91.11730934335745,-111.57586225446492,-0.23275141756949422,4.860437782804871,90.98297,-111.74971599999999,5.0,9456,0.9752475247524752,0.21373832002073895,0.24984206314797852,0.047304761979,5.0,27.76147699842113,True,True
15.479,91.27816094863027,-111.6140564312356,-0.23315061255516012,4.863951842078465,91.28666899999999,-111.743394,5.0,9458,0.9754537953795379,0.12961710393306627,0.25469433300993094,0.050214326562,5.0,29.585783999209525,True,True
15.529,91.60013894800592,-111.69028751685482,-0.23099829287096935,4.8669806924063455,91.438503,-111.740096,5.0,9459,0.9755569306930693,0.0878158111048933,0.2541265493249094,0.05075870468,5.0,29.22091100117541,True,True
15.583,91.76186222613552,-111.72802465471375,-0.22802383429180687,4.922498751609895,91.590404,-111.736911,5.0,9460,0.9756600660066007,0.04640737493030687,0.2520464315357205,0.052798102592,5.0,33.15004000251065,True,True
15.63,92.08457567094376,-111.8019073685245,-0.22179905760570412,4.862966271430193,91.89457900000001,-111.73023700000002,5.0,9462,0.9758663366336634,-0.03575102984234249,0.24886900081300745,0.051719079706,5.0,30.20923199801473,True,True
15.681000000000001,92.24585425422812,-111.83809228114612,-0.2189814193019396,4.864286056627779,92.046663,-111.726448,5.0,9463,0.9759694719471947,-0.07642420879296473,0.24731871077959955,0.050285310993,5.0,31.266442998457933,True,True
15.729,92.56799013179047,-111.90788960871818,-0.2067693400615605,4.857826239633985,92.350379,-111.718423,5.0,9465,0.9761757425742574,-0.15640601502196758,0.24167867420626,0.045693247808,5.0,29.438238001603168,True,True
15.780000000000001,92.72928891480947,-111.94147960194023,-0.2018543243939264,4.829146201745871,92.502023,-111.71416599999999,5.0,9466,0.9762788778877888,-0.19530765820639084,0.23327256430766274,0.048190748964,5.0,30.054561997530982,True,True
15.831,93.05330048350751,-112.00624983843,-0.19296096297026877,4.86657285988199,92.956352,-111.70091799999999,5.0,9469,0.9765882838283828,-0.28093117953106644,0.23167642183660186,0.2913694514,5.0,31.808186999114696,True,True
15.882000000000001,93.2158639233902,-112.03766045733067,-0.18857714089922106,4.873148285220374,93.108538,-111.69559199999999,5.0,9470,0.9766914191419142,-0.31553046731854517,0.22907890848689672,0.29921573485,5.0,32.5078179994307,True,True
15.93,93.54041600345742,-112.09793878220961,-0.17757374382198468,4.8483444934899484,93.412987,-111.68404,5.0,9472,0.976897689768977,-0.3858674942868506,0.2230720919621021,0.31488941132,5.0,30.815327001619153,True,True
15.981000000000002,93.70361017613031,-112.12658335230445,-0.16908750328442967,4.875930834576548,93.56532800000001,-111.677869,5.0,9473,0.9770008250825083,-0.42080782965311614,0.21841061418107843,0.32129498002,5.0,31.725651999295224,True,True
16.032,94.03178204192939,-112.17908072806965,-0.14819935435280088,4.876390237096647,93.869578,-111.66516299999999,5.0,9475,0.977207095709571,-0.4885580986697449,0.20327668892374806,0.3285148222,5.0,32.481107002240606,True,True
16.082,94.19570508040722,-112.20250581037818,-0.13559575549651254,4.880134714988462,94.022669,-111.65810400000001,5.0,9476,0.9773102310231023,-0.5210564256617086,0.19540297119267347,0.33038941946,5.0,32.29713200198603,True,True
16.138,94.52440559365967,-112.2425896101039,-0.10525041894591686,4.858290975880607,94.327062,-111.64316399999998,5.0,9478,0.977516501650165,-0.5816957803532995,0.17163727927258066,0.38774843727,5.0,38.59442700195359,True,True
16.185,94.68877274127836,-112.25851209063207,-0.08814140120821783,4.854771119581999,94.478998,-111.635433,5.0,9479,0.9776196369636964,-0.6086843578917798,0.1562537887268598,0.37124847992,5.0,35.97129400077392,True,True
16.232,95.01772170549825,-112.2816565053256,-0.05050414199909954,4.827951638438325,94.782916,-111.619964,5.0,9481,0.977825907590759,-0.6544440103209491,0.12060723031403509,0.34034987113,5.0,32.79513499728637,True,True
16.284,95.18132827026312,-112.28816059847514,-0.028672494089809906,4.815170146505786,94.935262,-111.6122,5.0,9482,0.9779290429042904,-0.6728927591547678,0.102547691602624,0.32311881365,5.0,34.70455200294964,True,True
16.334,95.50792910711068,-112.29021150707283,0.01700767998456821,4.796044325889972,95.239369,-111.595854,5.0,9484,0.9781353135313532,-0.6999920488566027,0.061408371854083654,0.28272380467,5.0,34.89832500054035,True,True
16.383,95.67069213225147,-112.28549682095601,0.04130217268423156,4.789419189178138,95.543257,-111.578779,5.0,9486,0.9783415841584159,-0.7123091127705224,0.03995893071355683,0.26181123695,5.0,33.0336309998529,True,True
16.435,95.99349522247621,-112.26728946407347,0.09392037575038764,4.7898538456148305,95.695115,-111.57003300000001,5.0,9487,0.9784447194719472,-0.7158805455982346,0.015256378049653296,0.23921013543,5.0,35.89735500281677,True,True
16.48,96.1551406598506,-112.25017254460505,0.11854827610967505,4.773796285552524,95.997716,-111.552536,5.0,9489,0.9786509900990099,-0.7147659262779159,-0.032886478882727666,0.19154416814,5.0,30.916657000489067,True,True
16.531,96.31602887822136,-112.22893085984848,0.1447256204102819,4.770160818205165,96.149919,-111.54306399999999,5.0,9490,0.9787541254125413,-0.7071278240778579,-0.05537311469345996,0.16864642407,5.0,32.055330000730464,True,True
16.58,96.63727133070267,-112.17451595588169,0.19043544579268992,4.8153108028313225,96.45472600000001,-111.52314799999999,5.0,9492,0.9789603960396039,-0.6810730755515942,-0.10296344797886903,0.11899893064,5.0,30.270475999714108,True,True
16.63,96.7977165031705,-112.1418883094556,0.21100386611581665,4.81513480309699,96.60681899999999,-111.51286,5.0,9493,0.9790635313531353,-0.6623563605786024,-0.12224956140648935,0.098061099335,5.0,30.439302001468604,True,True
16.678,97.11683518062927,-112.0669416848788,0.2497637210287494,4.843339014113667,96.911204,-111.491708,5.0,9495,0.979269801980198,-0.6162399014629287,-0.16155079567975328,0.057688432942,5.0,28.521951000584522,True,True
16.728,97.27666999276342,-112.02503417068613,0.26498051063989647,4.8415526089305825,97.0636,-111.48068400000001,5.0,9496,0.9793729372937293,-0.5885979512088871,-0.17618429974843908,0.041967314605,5.0,28.134155003499473,True,True
16.781,97.59375673323125,-111.93425027650228,0.29119751815157263,4.848552120787127,97.369251,-111.457402,5.0,9498,0.9795792079207921,-0.5268344845767828,-0.20114579079420114,0.015047562971,5.0,31.193434999295278,True,True
16.828,97.75144405731749,-111.88600185978983,0.30249780156996187,4.851327484988867,97.52127800000001,-111.44545900000001,5.0,9499,0.9796823432343235,-0.49299853423367457,-0.21232219151726905,0.0037473791413,5.0,28.978457001358038,True,True
16.878,98.0658164281254,-111.78465372338012,0.3206681057589516,4.8591739802057266,97.82520600000001,-111.421264,5.0,9501,0.9798886138613861,-0.4201339067288873,-0.23309196142518784,-0.016786531563,5.0,29.02182799880393,True,True
16.928,98.22243086461789,-111.73202531190299,0.32695300787883386,4.863551007401769,97.977308,-111.40928600000001,5.0,9502,0.9799917491749175,-0.38124516038963696,-0.24133239328106448,-0.021725989637,5.0,29.180625999288168,True,True
16.979,98.53544033014218,-111.62412849018048,0.33492275404598876,4.890360525920837,98.281666,-111.38461799999999,5.0,9504,0.9801980198019802,-0.3009081537338038,-0.24991246347820173,-0.028978612354,5.0,29.35104399875854,True,True
17.03,98.69178009312611,-111.56968982401683,0.3355622711461347,4.8702432428356,98.58551,-111.35916200000001,5.0,9506,0.9804042904290429,-0.2696557300674845,-0.2504137205840822,-0.02920126255,5.0,30.4785959997389,True,True
17.08,99.00378501817599,-111.4615778649946,0.3301962315361554,4.8673371409978845,98.889263,-111.33312600000001,5.0,9508,0.9806105610561056,-0.1871986429807476,-0.24919907181470702,-0.025247180307,5.0,30.919561999326106,True,True
17.132,99.1596857324983,-111.40823151450932,0.3283925486994134,4.864356591818513,99.039745,-111.320527,5.0,9509,0.980713696369637,-0.14556258725547191,-0.24427327702484902,-0.01842817643,5.0,32.51786599867046,True,True
17.182,99.47330428407183,-111.30224474356591,0.32254741347061794,4.872711870337231,99.343938,-111.293228,5.0,9511,0.9809199669966997,-0.0676708005679841,-0.23407490575793766,-0.0098189811094,5.0,32.927723001193954,True,True
17.232,99.63030335706932,-111.25005416909251,0.3180773956934555,4.864404018224364,99.496222,-111.279058,5.0,9512,0.981023102310231,-0.032601330962942425,-0.22876154719146458,-0.0054226080885,5.0,32.32091600148124,True,True
17.282,99.78779393991545,-111.19826572911438,0.3151918038926338,4.877314816645122,99.64860999999999,-111.26456999999999,5.0,9513,0.9811262376237624,0.023363272936933466,-0.22271636762481828,-0.00044084899128,5.0,32.15540599921951,True,True
17.33,100.10369489989111,-111.09589454721052,0.3113530270851318,4.885000017758049,99.95305,-111.23516699999999,5.0,9515,0.9813325082508251,0.0885321410610602,-0.21604791127787726,0.0039097496448,5.0,30.321551999804797,True,True
17.38,100.2615161406691,-111.04514361852338,0.31143709063468694,4.92085213250668,100.104996,-111.22023300000001,5.0,9516,0.9814356435643564,0.12383786782788107,-0.21194961431893278,-0.00020315722039,5.0,30.411079998884816,True,True
17.43,100.57776728537421,-110.94308582571456,0.31197126214967136,4.873089381484722,100.410331,-111.188879,5.0,9518,0.9816419141914191,0.19261684097478304,-0.20730242996752324,-0.040554015915,5.0,30.85788599855732,True,True
17.481,100.73548516457133,-110.89223167205493,0.3118325205921994,4.874510191321628,100.562647,-111.17268700000001,5.0,9519,0.9817450495049505,0.22666441805805335,-0.2054063512156854,-0.057911064938,5.0,31.40777700173203,True,True
17.532,101.05087967772005,-110.79086214354474,0.3097504105769459,4.873886077693803,100.86624499999999,-111.139867,5.0,9521,0.9819513201320133,0.2937426991963128,-0.20316641566715887,-0.11746923555,5.0,32.307050001691096,True,True
17.6,101.36694787786377,-110.6902665060248,0.3061043136203933,4.8745782041788805,101.017995,-111.12337600000001,5.0,9522,0.9820544554455446,0.32706253991697487,-0.20185096456214868,-0.27067503527,5.0,50.72274299891433,True,True
17.631,101.52501581488323,-110.64058411247649,0.302524344190345,4.877420913524371,101.473674,-111.073803,5.0,9525,0.9823638613861386,0.3981089139381677,-0.19604436934208147,-0.27479923533,5.0,30.188603002898162,True,True
17.679,101.68363915052154,-110.59130356962993,0.29813066794160664,4.901739219027951,101.62534000000001,-111.05695,5.0,9526,0.98246699669967,0.4282820267213959,-0.19145501062537207,-0.28028244225,5.0,29.905632996815257,True,True
17.74,102.00030328811015,-110.4967480788436,0.2807892274061704,4.838179697249627,101.928713,-111.022925,5.0,9528,0.9826732673267327,0.48749206264014866,-0.17883503466395512,-0.37728093659,5.0,40.07332699984545,True,True
17.784,102.15809341982325,-110.45188641818893,0.2676150692266195,4.833858601326349,102.08020400000001,-111.005673,5.0,9529,0.982776402640264,0.5151589066827454,-0.1689326484513365,-0.36477353546,5.0,34.583344000566285,True,True
17.835,102.47704814386755,-110.368500919629,0.24173487229153057,4.841768705979457,102.382548,-110.97133400000001,5.0,9531,0.9829826732673267,0.5659822506897666,-0.1393608404872606,-0.33507981031,5.0,35.29535800043959,True,True
17.884,102.63708786275946,-110.33038622442652,0.22526300406901043,4.833728655451591,102.53446,-110.953333,5.0,9532,0.983085808580858,0.5875015089389316,-0.12284877676979455,-0.31904506765,5.0,34.43568799775676,True,True
17.935,102.95781783551243,-110.26289250133657,0.18709752825564346,4.803862020043227,102.838616,-110.91649699999999,5.0,9534,0.9832920792079208,0.621794454759881,-0.08575522282921577,-0.28330711068,5.0,35.55524500188767,True,True
17.983,103.11841158615628,-110.23429122880931,0.1643821106419746,4.792358012721906,102.99027199999999,-110.897916,5.0,9535,0.9833952145214522,0.6341881601469043,-0.06442709429762639,-0.2631224208,5.0,33.97587600193219,True,True
18.031,103.27876094753944,-110.20893096075511,0.1419403368200354,4.786539630774775,103.29381500000001,-110.860193,5.0,9537,0.9836014851485149,0.6479203285175617,-0.016485134629967035,-0.21673457302,5.0,31.957305000105407,True,True
18.08,103.60350968440869,-110.16876531684949,0.1022199816100011,4.792431190795708,103.59849200000001,-110.82086299999999,5.0,9539,0.9838077557755776,0.6530531512738157,0.008400433625031845,-0.1947800842,5.0,31.00270800132421,True,True
18.132,103.76543454548982,-110.1540133939424,0.07981175954878,4.778924102653239,103.750442,-110.80075900000001,5.0,9540,0.9839108910891089,0.648849074058978,0.029909333267118754,-0.17422174181,5.0,32.57370000210358,True,True
18.179,104.09045146084081,-110.1351400660646,0.03734352008165758,4.792855152253686,104.053342,-110.760225,5.0,9542,0.9841171617161716,0.6299963963462093,0.0756023244747297,-0.12943988785,5.0,29.25225900253281,True,True
18.229,104.25332182153839,-110.13066441420989,0.017422802199246384,4.798974758938626,104.204662,-110.739893,5.0,9543,0.9842202970297029,0.6154430585834147,0.096071097614995,-0.10750696586,5.0,29.44137300073635,True,True
18.279,104.58097900000143,-110.1307360653527,-0.017605918461643652,4.809612197206618,104.507587,-110.699198,5.0,9545,0.9844265676567657,0.5769976901117128,0.13569169981028217,-0.062813652418,5.0,29.823598997609224,True,True
18.326999999999998,104.74460063807345,-110.13482631783383,-0.03231331335157874,4.823095824299299,104.65894300000001,-110.67856699999999,5.0,9546,0.9845297029702971,0.5533508093897485,0.15361898222082582,-0.044832828597,5.0,27.820387000247138,True,True
18.38,105.0722892898208,-110.14895302355659,-0.05480277580751914,4.793937646842156,104.96116799999999,-110.63693899999998,5.0,9548,0.9847359735973598,0.4983586741318094,0.18176524525986038,-0.015137941434,5.0,30.739514997549122,True,True
18.427,105.23613714088742,-110.1585826279943,-0.0640364591089682,4.838064583027391,105.112303,-110.615999,5.0,9549,0.9848391089108911,0.4680708476370043,0.19342694866051202,-0.0036376274068,5.0,27.657541999360546,True,True
18.477,105.56359297127484,-110.18251484262723,-0.08329624287603747,4.839450751456987,105.41313899999999,-110.57426399999999,5.0,9551,0.9850453795379538,0.40211990666540576,0.21270110232163963,0.020039352242,5.0,27.51934299885761,True,True
18.53,105.7276526260293,-110.19679382338614,-0.09023026116294612,4.8474094198888595,105.56430300000001,-110.55259,5.0,9552,0.9851485148514851,0.36632157216817773,0.2267414522251774,0.032164837885,5.0,30.70727500016801,True,True
18.579,106.05635853189608,-110.22823302118194,-0.09903403752784469,4.8592760121977525,105.86696299999998,-110.50821499999999,5.0,9554,0.9853547854785478,0.2892086733146354,0.24280859346072914,0.046854419287,5.0,29.716398003074573,True,True
18.633,106.21937042461616,-110.24464093242365,-0.09967823191680805,4.797924871168955,106.018231,-110.485767,5.0,9555,0.9854579207920792,0.24898440543580228,0.24743355828049873,0.050156253845,5.0,33.45473000081256,True,True
18.681,106.54735836437368,-110.27726885965502,-0.09430282560739398,4.854135295650487,106.4718,-110.41698899999999,5.0,9558,0.9857673267326733,0.17915696365978326,0.25112614342010353,0.049251010845,5.0,31.293893000110984,True,True
18.731,106.71222165377412,-110.29237365960755,-0.089570431878126,4.848988276433833,106.623143,-110.39339,5.0,9559,0.9858704620462047,0.13866300960252864,0.2503566502275314,0.046103465151,5.0,31.190559999231482,True,True
18.78,107.04130923297781,-110.32077923605833,-0.08214484406301896,4.86266207472708,106.926493,-110.34496200000001,5.0,9561,0.9860767326732673,0.06290917735524561,0.24548079045766524,0.038467833888,5.0,30.824803998257266,True,True
18.831,107.20557552737364,-110.33401311802324,-0.0783543823976861,4.845268690635743,107.0773,-110.320591,5.0,9562,0.9861798679867987,0.0359912592674779,0.2426309433092757,0.036016932435,5.0,31.64683300201432,True,True
18.881,107.36980556554637,-110.3466184125251,-0.07495577923166903,4.843722569092525,107.378629,-110.27178899999998,5.0,9564,0.9863861386138614,-0.0753478199711976,0.2349679347908875,0.029737773303,5.0,32.07706000102917,True,True
18.931,107.69907477655433,-110.3703053734939,-0.06898966802936062,4.832321624886862,107.52958000000001,-110.247482,5.0,9565,0.9864892739273927,-0.11133161845409884,0.23204315302188716,0.042571152145,5.0,31.142820000241045,True,True
18.98,107.86291451749209,-110.38150125135958,-0.0671647579590227,4.831734223860336,107.680272,-110.22306599999999,5.0,9566,0.9865924092409241,-0.1484350952875807,0.2296584309233589,0.074981584156,5.0,30.73068799858447,True,True
19.031,108.19039255432536,-110.40334624758628,-0.06578776821913493,4.8274446658061505,107.981264,-110.174109,5.0,9568,0.9867986798679867,-0.2228261649162546,0.22849479279855167,0.1419687381,5.0,31.527259001450147,True,True
19.09,108.51701026024593,-110.42326827283203,-0.054803178059939894,4.816837534814791,108.13172,-110.149524,5.0,9569,0.9869018151815182,-0.2599674432142544,0.22792552535530897,0.23880336261,5.0,40.53075299816555,True,True
19.133,108.68050469214239,-110.43164839498843,-0.04664371873085947,4.7688846289385785,108.432377,-110.09998200000001,5.0,9571,0.9871080858085809,-0.33269672019955693,0.2178500969227919,0.30337683384,5.0,33.80549699795665,True,True
19.183,108.84363108874817,-110.43881430755145,-0.04010808017859317,4.8195345885797565,108.581833,-110.07559199999999,5.0,9572,0.9872112211221122,-0.36749150285194626,0.2108652230411754,0.30799141124,5.0,33.79380499973195,True,True
19.232,109.17131518279326,-110.44857630970243,-0.018907782027358447,4.823933623732675,108.88304099999999,-110.024615,5.0,9574,0.9874174917491749,-0.4349450949465286,0.1994596730519702,0.3159289075,5.0,32.23001600053976,True,True
19.281,109.33414217325186,-110.45103604377967,-0.006668234664903909,4.7999596784281655,109.033825,-109.998646,5.0,9575,0.9875206270627063,-0.4667765711206727,0.18978647185483855,0.31735083369,5.0,31.64281600038521,True,True
19.331,109.66088885704816,-110.44823649941533,0.02582223789620932,4.798078108908778,109.335094,-109.94633,5.0,9577,0.987726897689769,-0.5251278029459537,0.16438189958106708,0.31420437663,5.0,31.4456269989023,True,True
19.385,109.82383472065594,-110.44255676812294,0.04457304734810256,4.790029862179218,109.636179,-109.893149,5.0,9579,0.9879331683168316,-0.555637209915347,0.15155021436191918,0.36767835259,5.0,35.36553900266881,True,True
19.436,110.14930397475581,-110.4215384773688,0.08320509301829508,4.777880430309567,109.93826899999999,-109.838225,5.0,9581,0.9881394389438944,-0.5972948336286072,0.11742045517393684,0.32946462184,5.0,36.39087900228333,True,True
19.483,110.31132638538875,-110.40653123388934,0.1036156404735251,4.762403645450567,110.088998,-109.81043999999999,5.0,9582,0.9882425742574258,-0.6140669015943863,0.09961651173624819,0.31058593516,5.0,33.260596999753034,True,True
19.533,110.63133751516283,-110.36616841156284,0.1483993752405845,4.725091364905863,110.38923,-109.754733,5.0,9584,0.9884488448844885,-0.6386791275961081,0.0573611232819915,0.26816475021,5.0,33.75915000287932,True,True
19.584,110.78963860667709,-110.34066432102216,0.17156000970281174,4.71990339445873,110.539372,-109.727023,5.0,9585,0.9885519801980198,-0.6457278940087624,0.034408263858393795,0.24666940797,5.0,34.39718500158051,True,True
19.632,111.10261078046545,-110.27879466099365,0.21906010317142327,4.689720827267957,110.839776,-109.671297,5.0,9587,0.9887582508250825,-0.6491383985021488,-0.011130953950881484,0.20562102214,5.0,32.99317500204779,True,True
19.682,111.25763187318954,-110.24243233071773,0.2420116817289994,4.681238259875252,110.989625,-109.643348,5.0,9588,0.9888613861386139,-0.6454132362722095,-0.03462041502781865,0.18358949445,5.0,32.56960200087633,True,True
19.73,111.41150265967597,-110.20256843172776,0.265051287958371,4.679435437504801,111.28926200000001,-109.58747,5.0,9590,0.9890676567656765,-0.6270843489197455,-0.08069977002209594,0.1407800791,5.0,30.956720998801757,True,True
19.78,111.7168697483838,-110.11276396901278,0.30691625121374966,4.655795450931982,111.43912399999999,-109.55951,5.0,9591,0.9891707920792079,-0.6125998344932788,-0.10119561381103281,0.12266460966,5.0,30.776132000028156,True,True
19.831,111.86712326191298,-110.06417073323601,0.32631049025923176,4.64593529601461,111.58866299999998,-109.531351,5.0,9592,0.9892739273927392,-0.5950289574610587,-0.12251658267112919,0.10663745616,5.0,31.349256001703907,True,True
19.879,112.16512298314498,-109.95675204390604,0.36940416006755455,4.6416401667827545,111.887612,-109.47521100000002,5.0,9594,0.989480198019802,-0.5517362621812295,-0.1585334806427281,0.073795078054,5.0,29.150747999665327,True,True
19.928,112.31320546701775,-109.89810573839969,0.3851494767848635,4.696119230476842,112.03759299999999,-109.446322,5.0,9595,0.9895833333333334,-0.5253989401079651,-0.17803061396569975,0.054828510003,5.0,28.616827999940142,True,True
19.981,112.60828856603254,-109.77452951782062,0.4066900681688921,4.668853512487034,112.33745900000001,-109.387653,5.0,9597,0.9897896039603961,-0.4649072652218213,-0.2015218077264449,0.030710719849,5.0,31.445004999113735,True,True
20.028,112.75398743196169,-109.71044170561035,0.42185852336205504,4.675963293686923,112.48738999999999,-109.357964,5.0,9598,0.9898927392739274,-0.43218260615027815,-0.21029821134557647,0.021140288151,5.0,28.488456999184564,True,True
20.077,113.04316387711481,-109.57541111054263,0.4495874815850337,4.7076420502422,112.786837,-109.297354,5.0,9600,0.9900990099009901,-0.3622832298214061,-0.23391848677999327,-0.0064868216924,5.0,27.5733640010003,True,True
20.128,113.1874655920305,-109.50507350929222,0.4598614466179632,4.704247251384769,112.936663,-109.266028,5.0,9601,0.9902021452145214,-0.3248330305059887,-0.24094766271508616,-0.016667732739,5.0,28.08323899807874,True,True
20.182,113.47338860958315,-109.36045798451441,0.47518160627785394,4.7077844121368,113.236749,-109.20133899999999,5.0,9603,0.9904084158415841,-0.24664649542831804,-0.2535786506694575,-0.032958663879,5.0,32.27256600075634,True,True
20.229,113.61548316733565,-109.2869070520824,0.48019130380156333,4.707519768909725,113.385847,-109.16860700000001,5.0,9604,0.9905115511551155,-0.20621896488245656,-0.25840780809321284,-0.037712460747,5.0,29.55705899876193,True,True
20.28,113.89888491864531,-109.13765246599759,0.4895079932115372,4.707590820203174,113.684137,-109.10268,5.0,9606,0.9907178217821783,-0.12318812943760853,-0.26624504629762935,-0.043317825067,5.0,30.155820000800304,True,True
20.333,114.0399241350482,-109.06208195734634,0.49376598866742216,4.709765869664766,113.83301999999999,-109.06951399999998,5.0,9607,0.9908209570957096,-0.08093301147977007,-0.2692742073949077,-0.043145760853,5.0,33.390950000466546,True,True
20.38,114.32201684849414,-108.90969992469786,0.4951933200675342,4.709142860224244,114.13053300000001,-109.002326,5.0,9609,0.9910272277227723,0.004737606103180007,-0.2721719189935863,-0.042861086791,5.0,30.287007000879385,True,True
20.43,114.46287614351421,-108.8338161806028,0.4932402944628419,4.7074842230592395,114.279016,-108.96849399999999,5.0,9610,0.9911303630363036,0.047712737490081834,-0.27062911946445345,-0.039355410124,5.0,30.498752999847056,True,True
20.481,114.74443962942901,-108.68394203304523,0.4844376487248852,4.692927644882345,114.575823,-108.90025800000001,5.0,9612,0.9913366336633663,0.1317905055105063,-0.26313460233770325,-0.029300092682,5.0,31.59311299896217,True,True
20.531,114.88522213142176,-108.61008648084896,0.4768723362552052,4.6841745275196045,114.724112,-108.86566,5.0,9613,0.9914397689768977,0.17237546560846273,-0.2554598523634448,-0.017709030945,5.0,31.591048998961924,True,True
20.581,115.02713997563538,-108.53696884715029,0.47404012205886664,4.700859435341715,115.01948,-108.79591599999999,5.0,9615,0.9916460396039604,0.24978343726346763,-0.23711739993966585,-0.069471560768,5.0,31.191600999591174,True,True
20.634,115.31196394476801,-108.391996017935,0.4667835959900212,4.7062339759265495,115.167759,-108.75981000000002,5.0,9616,0.9917491749174917,0.2865948689091092,-0.23079435999366904,-0.10340160567,5.0,34.299962000659434,True,True
20.681,115.45522213218693,-108.32029416152872,0.4610638729949552,4.714326732695159,115.31608200000001,-108.72314899999999,5.0,9617,0.991852310231023,0.3223090946660049,-0.22343203542041756,-0.13321049262,5.0,31.429315997229423,True,True
20.734,115.74300022097512,-108.17888404865481,0.4500383016761246,4.702412177081503,115.759859,-108.61101599999999,5.0,9620,0.9921617161716172,0.3959239361943025,-0.20380035533871643,-0.27008224039,5.0,34.29768899877672,True,True
20.797,116.03369866428606,-108.0409826231871,0.4358599182972521,4.741577435750923,115.907793,-108.57243000000001,5.0,9621,0.9922648514851485,0.42665568769083984,-0.1927491941353443,-0.38335587453,5.0,47.13798800003133,True,True
20.836,116.18002016005236,-107.97348802108392,0.42680217403880816,4.735278780861641,116.20385900000001,-108.49305600000001,5.0,9623,0.9924711221122112,0.48303713922772545,-0.17037412932318707,-0.36613073876,5.0,36.731747997691855,True,True
20.886,116.32637898252761,-107.90786475241568,0.4156465450320825,4.7128947641709145,116.35203999999999,-108.452598,5.0,9624,0.9925742574257426,0.5090552005751086,-0.15880517590247933,-0.35537013317,5.0,36.41767899898696,True,True
20.935,116.62122895078288,-107.78231609858032,0.38874548813573084,4.713199942101576,116.646124,-108.371152,5.0,9626,0.9927805280528053,0.5545933828813546,-0.13106550676311235,-0.3273977366,5.0,35.37388399854535,True,True
20.986,116.77003933051179,-107.72272319858486,0.3730823100284705,4.712335206122039,116.793299,-108.330152,5.0,9627,0.9928836633663366,0.5742231941692106,-0.11643138853373447,-0.31149664806,5.0,36.08203000112553,True,True
21.034,117.06992878110427,-107.61108078908035,0.3379146019824879,4.7222565147502955,117.087001,-108.247577,5.0,9629,0.9930899339933993,0.6055251229857331,-0.08003149505384988,-0.26984089035,5.0,34.70154499882483,True,True
21.082,117.2210405902015,-107.55950007616926,0.3189446491729963,4.687071069355142,117.233574,-108.2059,5.0,9630,0.9931930693069307,0.6168886232693014,-0.060159881663964576,-0.24886912354,5.0,32.14494599887985,True,True
21.135,117.52512947549403,-107.46595332546873,0.2775928765096117,4.682090109364254,117.526519,-108.121926,5.0,9632,0.9933993399339934,0.6294901924060958,-0.017433947668095584,-0.20308165621,5.0,35.507653999957256,True,True
21.18,117.67796412656831,-107.42377071876368,0.2567708418400113,4.634400583553933,117.672927,-108.079527,5.0,9633,0.9935024752475248,0.6304005855399007,0.005470045553475078,-0.17820055087,5.0,30.99541299889097,True,True
21.229,117.98554100707024,-107.34926542753652,0.21217036896077318,4.673460273402372,117.96427299999999,-107.99436100000001,5.0,9635,0.9937087458745875,0.6227061417356502,0.052367922255879495,-0.12515731868,5.0,29.493449997971766,True,True
21.28,118.14133812086015,-107.31741651090877,0.190562363017424,4.677407374379374,118.110399,-107.95094499999999,5.0,9636,0.9938118811881188,0.612033476611398,0.07933819582633461,-0.098565406534,5.0,30.596715998399304,True,True
21.326,118.29794839767075,-107.28896306263348,0.16869266267380162,4.684437644244116,118.402918,-107.861818,5.0,9638,0.9940181518151815,0.5783125070142087,0.12979232600477442,-0.049354789961,5.0,26.751655001135077,True,True
21.376,118.61281039933179,-107.24037180533774,0.12841878482189956,4.7003617672615805,118.54898100000001,-107.81668799999998,5.0,9639,0.9941212871287128,0.5555314162555984,0.1538073200256278,-0.026619005392,5.0,27.317715001117904,True,True
21.426,118.77226337128967,-107.22072874492969,0.11574265354579392,4.734621874363166,118.986519,-107.678028,5.0,9642,0.994430693069307,0.5050030525867355,0.19774077667117096,0.0099193134312,5.0,26.709194997238228,True,True
21.478,119.09339808175001,-107.18672347712753,0.09491386749304895,4.766548856027851,119.13216100000001,-107.630473,5.0,9643,0.9945338283828383,0.47183173557498437,0.21330587725986216,0.021986249736,5.0,28.06347200021264,True,True
21.528,119.25398111145527,-107.17227034606816,0.08467152860371434,4.739152307586537,119.277776,-107.58196000000001,5.0,9644,0.9946369636963697,0.4361274191684462,0.22813060517334138,0.033864406389,5.0,28.479029999289196,True,True
21.58,119.57599329566615,-107.14792690411662,0.06787306092131302,4.743450326035968,119.568591,-107.483608,5.0,9646,0.9948432343234324,0.3586798064625472,0.2532868207204846,0.057360070392,5.0,30.187730000761803,True,True
21.628,119.73682277964456,-107.1375789663561,0.06081562628914187,4.741509008169532,119.71305900000002,-107.43415800000001,5.0,9647,0.9949463696369637,0.31735665670527086,0.2624910004981915,0.067454056268,5.0,28.669766998064006,True,True
21.681,120.05956327544075,-107.11981539679446,0.05027326173980259,4.741094407065831,120.001713,-107.334768,5.0,9649,0.9951526402640264,0.23102776815931075,0.2784969144748728,0.086591177621,5.0,31.811200999072753,True,True
21.728,120.22049127113979,-107.1119028849723,0.04835130513862581,4.741336716564358,120.145923,-107.28468500000001,5.0,9650,0.9952557755775577,0.18611820998253387,0.28482821547651493,0.094362472406,5.0,28.769453998393146,True,True
21.783,120.54233938655744,-107.09658698635629,0.04818451853533755,4.740278441468287,120.43363899999999,-107.18396899999999,5.0,9652,0.9954620462046204,0.09531973986146479,0.29101508450645985,0.10378099077,5.0,33.5038919984072,True,True
21.83,120.70323372372395,-107.08861376042422,0.051048265527307915,4.740901646077333,120.577405,-107.13328600000001,5.0,9653,0.9955651815181518,0.050758396827767505,0.29177861618823187,0.10603132944,5.0,30.902058999345172,True,True
21.88,121.0238713410245,-107.06992215790626,0.06595788062586246,4.733273747629067,120.86478500000001,-107.03088799999999,5.0,9655,0.9957714521452146,-0.04897779267943518,0.2879517989565512,0.10564769519,5.0,30.982718999439385,True,True
21.931,121.18386954610635,-107.05900748828113,0.07400850805178602,4.714131266952001,121.00724,-106.97953999999999,5.0,9656,0.9958745874587459,-0.0918995972356165,0.28148075695500596,0.11730440796,5.0,31.431168998096837,True,True
21.994,121.50494507517726,-107.03276515509647,0.09027035733895307,4.74423898772842,121.29428700000001,-106.874498,5.0,9658,0.9960808580858086,-0.1792142141167139,0.2729907053356313,0.30334074238,5.0,44.0721550003218,True,True
22.036,121.66491978322611,-107.01770649966448,0.09919039933228309,4.706817271591544,121.43780100000001,-106.82122199999999,5.0,9659,0.9961839933993399,-0.22194331100436768,0.26690385670299,0.29791223557,5.0,36.41793899805634,True,True
22.081,121.98586331954563,-106.98246981670415,0.12128226800601911,4.756333236947198,121.724373,-106.71321699999999,5.0,9661,0.9963902640264026,-0.30498758596804665,0.254230123318258,0.33784271829,5.0,31.19150000202353,True,True
22.131,122.1463741027208,-106.96185570889017,0.13455638602021144,4.760527053019529,121.867269,-106.65855400000001,5.0,9662,0.996493399339934,-0.34494357355892996,0.24641007334526321,0.34196236165,5.0,31.47255700241658,True,True
22.181,122.4671922300157,-106.91354911682322,0.16471955152249115,4.774704950292533,122.153002,-106.547103,5.0,9664,0.9966996699669967,-0.4209644320456032,0.22711126069515375,0.34577753575,5.0,31.264807999832556,True,True
22.23,122.62655612340542,-106.88571064819259,0.18103701489693433,4.763632114367621,122.29565900000001,-106.490378,5.0,9665,0.996802805280528,-0.45661356629247385,0.21573743290912217,0.345564653,5.0,30.369169999175938,True,True
22.283,122.94316388418598,-106.82192541001051,0.2198834266146263,4.756057903609558,122.580828,-106.37501200000001,5.0,9667,0.9970090759075908,-0.5220487978892137,0.1888794162567633,0.34089563209,5.0,33.242672001506435,True,True
22.345,123.09974859645642,-106.78519289067724,0.24151685627165076,4.73317334304233,122.72215800000001,-106.31693,5.0,9668,0.9971122112211221,-0.5511355506581727,0.17167652640705455,0.40587785307,5.0,46.02840900042793,True,True
22.389,123.40847186313714,-106.70165672579263,0.2885191767967568,4.695543706078745,122.86341399999999,-106.258338,5.0,9669,0.9972153465346535,-0.5772581664951418,0.15357099402201113,0.38742777782,5.0,39.27999000006821,True,True
22.433,123.56065112654018,-106.6544191260456,0.3137451881071139,4.684474586371459,123.14486000000001,-106.139725,5.0,9671,0.9974216171617162,-0.6203152343459178,0.11374016715142865,0.34615572061,5.0,33.721007999702124,True,True
22.485,123.71116174214856,-106.6034117949467,0.3402122319634616,4.672305646633529,123.285472,-106.079645,5.0,9672,0.9975247524752475,-0.6367494191803229,0.09156846258755902,0.32432654022,5.0,35.39011400062009,True,True
22.533,124.00689490214415,-106.48942662709331,0.3964226132915025,4.662219381397421,123.565933,-105.958402,5.0,9674,0.9977310231023102,-0.6583917409539937,0.04255099799746098,0.2772257627,5.0,33.55276200090884,True,True
22.579,124.15217521887988,-106.42647732119072,0.4245306371594214,4.606581793069047,123.706047,-105.897227,5.0,9675,0.9978341584158416,-0.6632177510007392,0.01673661209410149,0.25109630659,5.0,29.235657002573134,True,True
22.629,124.43697379601326,-106.28996058857032,0.4825176465444256,4.664906755925369,123.98494099999999,-105.773909,5.0,9677,0.9980404290429042,-0.662576513263182,-0.033518111992660415,-0.0095818838473,5.0,29.33679600027972,True,True
22.684,124.5769475540436,-106.21439423320953,0.5094103641365885,4.695108225136548,124.12438600000002,-105.711469,5.0,9678,0.9981435643564357,-0.6558564146790548,-0.060138610415951366,-0.06521198013,5.0,34.223398000904126,True,True
22.729,124.85174882381294,-106.05142205752028,0.5610044641973677,4.714805389144392,124.403828,-105.584919,5.0,9680,0.9983498349834984,-0.6296557529077133,-0.10674763575084656,-0.2778375719,5.0,29.319262997887563,True,True
22.777,124.98685336091054,-105.96498047949704,0.5839231438704036,4.727038041240721,124.542928,-105.521032,5.0,9681,0.9984529702970297,-0.6110923909319379,-0.1286028394994947,-0.31901086559,5.0,27.664063996780897,True,True
22.827,125.25265342993362,-105.7816666691081,0.62265936550569,4.765442870129314,124.820973,-105.39159599999999,5.0,9683,0.9986592409240924,-0.5646474143280468,-0.16647874174469734,-0.3613591554,5.0,27.140452999447007,True,True
22.878,125.38382435361174,-105.68590232112172,0.6393590661189422,4.814157415914735,124.95990400000001,-105.326355,5.0,9684,0.9987623762376238,-0.5367887825834328,-0.18207035919625536,-0.37796229897,5.0,28.08936000292306,True,True
22.928,125.64244985141866,-105.48766958966942,0.6671001470174024,4.826265296839629,125.376718,-105.127799,5.0,9687,0.9990717821782178,-0.47996388247560656,-0.20594683116047685,-0.40122132943,5.0,28.910827997606248,True,True
