t,x,y,yaw,speed_measured,x_ref,y_ref,speed_ref,path_index,progress,cte,heading_error,steering_cmd,speed_cmd,compute_time_ms,did_compute,controller_success
0.03500000000000003,33.39997686584575,-92.89997829424661,-0.7207003031611185,0.008358185934013135,32.934173,-93.47543,5.0,9047,0.9330651815181518,0.7403218250829543,0.04777350821222104,-0.14347886806,5.0,35.3196680007386,True,True
0.08600000000000002,33.400006216843806,-92.90000523727505,-0.7207003671664786,8.51488511211571e-05,32.934173,-93.47543,5.0,9047,0.9330651815181518,0.7403244033169273,0.04777381137333947,-0.1434785649,5.0,36.263301999497344,True,True
0.134,33.40001085580565,-92.90000929574208,-0.7207001367587073,8.3272069873241e-05,32.934173,-93.47543,5.0,9047,0.9330651815181518,0.7403214603586241,0.047773470273746454,-0.143478906,5.0,35.00983000049018,True,True
0.186,33.39999049275277,-92.89999130231968,-0.7207001220928996,0.0010389064076436472,32.934173,-93.47543,5.0,9047,0.9330651815181518,0.7403213114525509,0.04777364497092851,-0.1434787313,5.0,36.480277000009664,True,True
0.23500000000000004,33.39998913877764,-92.89999008462631,-0.7207001229065215,0.0009698094635391581,32.934173,-93.47543,5.0,9047,0.9330651815181518,0.740322753750927,0.047773593017113924,-0.14347878325,5.0,35.899922999306,True,True
0.282,33.39998786385611,-92.89998894886484,-0.7207001065553864,0.0009543505013080556,32.934173,-93.47543,5.0,9047,0.9330651815181518,0.7403228201774372,0.04777363111874244,-0.14347874515,5.0,32.84616500059201,True,True
0.335,33.39998414554472,-92.89998565399031,-0.7207001239094366,0.0009242609236260768,32.934173,-93.47543,5.0,9047,0.9330651815181518,0.7403230335123746,0.047773635216830534,-0.14347874105,5.0,35.83525200156146,True,True
0.38500000000000006,33.399981716820065,-92.89998350633316,-0.7207001352662206,0.0009096211915442182,32.934173,-93.47543,5.0,9047,0.9330651815181518,0.7403231776841058,0.04777363212165753,-0.14347874415,5.0,35.62712299935811,True,True
0.435,33.399975754490846,-92.89997824013771,-0.7207001457670502,0.0008811287708291417,32.934173,-93.47543,5.0,9047,0.9330651815181518,0.7403235380065378,0.04777364625496139,-0.14347873002,5.0,35.28237899990927,True,True
0.48400000000000004,33.39997223401768,-92.89997513336377,-0.720700150712243,0.0008672669370127175,32.934173,-93.47543,5.0,9047,0.9330651815181518,0.7403237536135463,0.047773653979271025,-0.14347872229,5.0,34.21492399866111,True,True
0.532,33.39996414668811,-92.89996800082271,-0.7207001628319739,0.0008402899120313696,32.934173,-93.47543,5.0,9047,0.9330651815181518,0.7403242536869111,0.04777366538982175,-0.14347871088,5.0,32.08994200031157,True,True
0.583,33.39995959241442,-92.89996398607862,-0.7207001689056268,0.0008271661233656895,32.934173,-93.47543,5.0,9047,0.9330651815181518,0.7403245372830948,0.04777367104419472,-0.14347870523,5.0,33.66571700098575,True,True
0.633,33.403933008970135,-92.90345144906723,-0.7207504175935833,0.18071828132473805,32.934173,-93.47543,5.0,9047,0.9330651815181518,0.7402811803890061,0.04778416923904727,-0.14346820703,5.0,33.58329299953766,True,True
0.6819999999999999,33.409832207412975,-92.90863344182743,-0.7209022228474119,0.28271984872755157,32.934173,-93.47543,5.0,9047,0.9330651815181518,0.7400702910045228,0.04782392580580419,-0.14342845047,5.0,32.275348999974085,True,True
0.7349999999999999,33.42931678734699,-92.9257669510966,-0.721798882385262,0.4809897207455444,32.934173,-93.47543,5.0,9047,0.9330651815181518,0.7391379420723735,0.048303929409241775,-0.14294844686,5.0,35.4630059991905,True,True
0.7829999999999999,33.442601052776574,-92.93746491347403,-0.722552323009645,0.5549386390322405,32.934173,-93.47543,5.0,9047,0.9330651815181518,0.7384157954551477,0.04887239059748305,-0.14237998567,5.0,33.4156000008079,True,True
0.8320000000000001,33.45755436246664,-92.95051941254837,-0.7235887477139794,0.620122042058028,32.934173,-93.47543,5.0,9047,0.9330651815181518,0.7375347268920951,0.04962583122186626,-0.14162654505,5.0,32.90405400002783,True,True
0.8819999999999999,33.49399635427333,-92.98282873547556,-0.7270792102839194,0.8211851148371303,33.052184000000004,-93.569346,5.0,9048,0.9331683168316832,0.7369306138211756,0.05599525187804222,-0.13508161901,5.0,32.73373599949991,True,True
0.9319999999999999,33.515632248904055,-93.00236252816099,-0.7293485662138876,0.8920025283316464,33.052184000000004,-93.569346,5.0,9048,0.9331683168316832,0.7343028380537278,0.05784217917243817,-0.13323469171,5.0,33.12578799886978,True,True
0.982,33.565080590595706,-93.04651580305396,-0.7344117743260749,1.0689282406121925,33.052184000000004,-93.569346,5.0,9048,0.9331683168316832,0.7303382747496747,0.06233064111252018,-0.12874622977,5.0,32.770023000921356,True,True
1.033,33.59292561609645,-93.07170003908479,-0.7374508452380716,1.139338485977371,33.169982,-93.661958,5.0,9049,0.9332714521452146,0.731349433631063,0.06893725075246415,-0.11162731643,5.0,33.06494500066037,True,True
1.082,33.654377977144556,-93.12780527991372,-0.7434508463309906,1.3042484953440474,33.169982,-93.661958,5.0,9049,0.9332714521452146,0.7223967715828963,0.07511136376655037,-0.11724261509,5.0,32.180792000872316,True,True
1.133,33.68776752520426,-93.15845397675248,-0.7463150077858036,1.3796065678875356,33.169982,-93.661958,5.0,9049,0.9332714521452146,0.7192184247095954,0.07797632275737998,-0.1143776561,5.0,33.21142799904919,True,True
1.184,33.759603675868085,-93.22538070524062,-0.7526112559379201,1.525942726058001,33.288132,-93.754545,5.0,9050,0.9333745874587459,0.7117881192321577,0.08501962878490632,-0.084252549086,5.0,33.760825001081685,True,True
1.236,33.79822005512692,-93.26168085045626,-0.756283723916146,1.5954974073852322,33.288132,-93.754545,5.0,9050,0.9333745874587459,0.7073329144894778,0.08778278205599532,-0.09976338793,5.0,36.613306001527235,True,True
1.2819999999999998,33.8803713720965,-93.33978484335125,-0.7636888184696766,1.7381710773830434,33.406313,-93.847211,5.0,9051,0.9334777227722773,0.6974202746375766,0.09605056026324688,-0.056914973698,5.0,32.62911999991047,True,True
1.332,33.92383088276727,-93.38154209074101,-0.7671308570992225,1.8073744256459694,33.406313,-93.847211,5.0,9051,0.9334777227722773,0.6917104247954746,0.09964208572197553,-0.075143328629,5.0,32.377650000853464,True,True
1.382,34.01528987323465,-93.47032113855268,-0.7738428301102019,1.941498105542538,33.524688,-93.939676,5.0,9052,0.9335808580858086,0.6788960494652685,0.10818920288188494,-0.036913367197,5.0,33.002346999637666,True,True
1.434,34.06319023675219,-93.51729206538657,-0.7774331365809257,2.005884777973244,33.643235,-94.031968,5.0,9053,0.9336839933993399,0.6737002491251498,0.11304624231330873,-0.0027868589044,5.0,34.7499230010726,True,True
1.484,34.1630992784057,-93.61634716393277,-0.7845564621853397,2.13249569548067,33.761978000000006,-94.12414100000001,5.0,9054,0.9337871287128713,0.6590863576986367,0.1225564769585823,0.0068734031928,5.0,34.2366540007788,True,True
1.531,34.215078178330664,-93.66839667700648,-0.7873354908682614,2.1953368019373953,33.761978000000006,-94.12414100000001,5.0,9054,0.9337871287128713,0.6470676394604779,0.12602820301338724,-7.9611366987e-05,5.0,31.730540000353358,True,True
1.583,34.32310251475009,-93.77723088796657,-0.7905430741266403,2.3143007826689597,33.880936,-94.215889,5.0,9055,0.9338902640264026,0.6276587607642865,0.13447744192645672,0.0087304425716,5.0,33.871261000967934,True,True
1.631,34.37911553995488,-93.83387020914122,-0.7912587452613826,2.37190111161064,34.000335,-94.30713,5.0,9056,0.933993399339934,0.620461068490015,0.13966868236846786,0.015016934963,5.0,31.510650000200258,True,True
1.683,34.43654199850345,-93.89191925137395,-0.7914563927922277,2.447811707988892,34.000335,-94.30713,5.0,9056,0.933993399339934,0.6059756479615649,0.14038435350320988,0.0071589185113,5.0,33.42655999949784,True,True
1.7329999999999999,34.554209938774456,-94.0113890486118,-0.7928878308855933,2.5148800742883894,34.120124,-94.398051,5.0,9057,0.9340965346534653,0.5824735086217641,0.14455644475767526,0.014431680127,5.0,33.523181000418845,True,True
1.784,34.61477320915171,-94.07283128975601,-0.7924230954076241,2.563496518636721,34.24047,-94.489072,5.0,9058,0.9341996699669967,0.5715013134098024,0.145576542014084,0.020641148695,5.0,34.579273999042925,True,True
1.832,34.73915283131852,-94.19877514408503,-0.7907419588933626,2.637946114105683,34.360640000000004,-94.579874,5.0,9059,0.934302805280528,0.5451938430724945,0.144476853803293,0.024659665831,5.0,32.53969199977291,True,True
1.8840000000000001,34.8026448002439,-94.26297361116018,-0.7913281337889733,2.6773646534523676,34.360640000000004,-94.579874,5.0,9059,0.934302805280528,0.5322812582117808,0.14343566248547557,0.017180591068,5.0,34.831856999517186,True,True
1.9320000000000002,34.931589378343084,-94.39347971915943,-0.7923036442702874,2.7306092016377517,34.599365999999996,-94.760281,5.0,9061,0.9345090759075908,0.5082417620092993,0.1447678339780203,0.036967177337,5.0,33.16450000056648,True,True
1.9829999999999999,34.997640880395025,-94.46029765679667,-0.7909672171888935,2.782931051607607,34.599365999999996,-94.760281,5.0,9061,0.9345090759075908,0.4928910012675774,0.1458871210843049,0.032707369039,5.0,33.33933700014313,True,True
2.0330000000000004,35.13276281259502,-94.59711033207077,-0.7900543168398348,2.8646967980043856,34.8383,-94.939963,5.0,9063,0.9347153465346535,0.46991302551495223,0.15079631584852304,0.051061705314,5.0,33.45076600089669,True,True
2.083,35.202013497885964,-94.66662465952292,-0.7844326200572851,2.9046666344719902,34.8383,-94.939963,5.0,9063,0.9347153465346535,0.45086093320020815,0.14816673489477683,0.042986145056,5.0,34.08873800071888,True,True
2.1340000000000003,35.344268243038115,-94.80787570027356,-0.779246023363284,2.9902085098789373,35.0787,-95.118564,5.0,9065,0.9349216171617162,0.42814019881205817,0.14549240243880757,0.050533106707,5.0,34.214622999570565,True,True
2.184,35.41719393703589,-94.87964836757841,-0.7754708679034299,3.030833543956069,35.0787,-95.118564,5.0,9065,0.9349216171617162,0.4076646782166503,0.14276114420999786,0.044007299529,5.0,34.19601800123928,True,True
2.234,35.56687467279313,-95.02545033173408,-0.7692785985107533,3.114463419185893,35.320334,-95.296312,5.0,9067,0.9351278877887789,0.3843330621725371,0.14040575197646943,0.052807664465,5.0,35.032470999794896,True,True
2.287,35.643558877728886,-95.09945495909747,-0.7661075525186495,3.155677636939012,35.320334,-95.296312,5.0,9067,0.9351278877887789,0.3641334321170322,0.13743441458781458,0.04721150818,5.0,37.16295300000638,True,True
2.334,35.80003855092597,-95.24956385210783,-0.7591466490497596,3.2471813311822237,35.563344,-95.473387,5.0,9069,0.9353341584158416,0.3384386131475959,0.13449052586935917,0.056116582604,5.0,34.93962799984729,True,True
2.388,35.87983750454919,-95.32507525294098,-0.7560388928515743,3.2122716073494404,35.563344,-95.473387,5.0,9069,0.9353341584158416,0.32013149654265505,0.1311322163985853,0.051124690083,5.0,38.40071599915973,True,True
2.438,36.04191200826813,-95.47693954938971,-0.7504268176223229,3.309981781079321,35.805278,-95.64807900000001,5.0,9071,0.9355404290429042,0.2920390521960007,0.132032687915435,0.061142599278,5.0,38.485504999698605,True,True
2.487,36.124791033862714,-95.55389688793667,-0.7471518572894177,3.3466693714468683,35.927166,-95.735029,5.0,9072,0.9356435643564357,0.28244789064496134,0.13188016293788163,0.062888556133,5.0,37.191776998952264,True,True
2.536,36.2940144381725,-95.709434416934,-0.7399469237501919,3.4173140934236264,35.927166,-95.735029,5.0,9072,0.9356435643564357,0.2621044103607861,0.12860520260497665,0.059233140514,5.0,36.06758599926252,True,True
2.587,36.38044274006885,-95.78805460185755,-0.7362327054185311,3.4564665114088564,36.171611999999996,-95.908262,5.0,9074,0.9358498349834984,0.23348397088116832,0.12590991591345535,0.06616706363,5.0,37.179934999585385,True,True
2.638,36.5568928084149,-95.94674661965753,-0.7286224833445417,3.5245933137911334,36.294256,-95.994434,5.0,9075,0.9359529702970297,0.22365287867884498,0.12643520603784086,0.067394510157,5.0,38.21376699852408,True,True
2.688,36.646857318145045,-96.02670513737482,-0.7244942509519411,3.5574113964536593,36.417396000000004,-96.079971,5.0,9076,0.9360561056105611,0.18885895953278423,0.12331860353465851,0.068738068124,5.0,38.31588799948804,True,True
2.738,36.737986885057246,-96.10701381906593,-0.720187019855455,3.58952467664285,36.540925,-96.16511700000001,5.0,9077,0.9361592409240924,0.1740626941198164,0.12206086768408664,0.069699394037,5.0,38.569442000152776,True,True
2.7870000000000004,36.92338810260433,-96.26826488821801,-0.7114610584687807,3.639033275090389,36.789054,-96.33504599999999,5.0,9079,0.9363655115511551,0.15306873056915904,0.1156424642003655,0.073354804953,5.0,37.29473999919719,True,True
2.8360000000000003,37.01772665625725,-96.34930324786826,-0.7069156576753779,3.6573496470987905,36.789054,-96.33504599999999,5.0,9079,0.9363655115511551,0.1310265771439971,0.11126374621017021,0.071014324241,5.0,36.97482099960325,True,True
2.8880000000000003,37.20765319474119,-96.51004800437066,-0.6956173741752683,3.6945091673354797,37.036164,-96.50421,5.0,9081,0.9365717821782178,0.10447208678759591,0.10321537955097826,0.074437758917,5.0,38.36429799957841,True,True
2.938,37.304749966565474,-96.59054767482456,-0.6891741433963087,3.723016074127861,37.159335999999996,-96.588342,5.0,9082,0.9366749174917491,0.09200272310788014,0.09671436699786895,0.071181195987,5.0,38.9033860010386,True,True
2.988,37.50254478704672,-96.75145599394853,-0.6762981114567744,3.7746787774970683,37.406579,-96.756366,5.0,9084,0.9368811881188119,0.0854239108534242,0.08892204087296918,0.068391947689,5.0,38.862679999510874,True,True
3.035,37.60329334395115,-96.83173479621031,-0.6692519568567786,3.80020460085699,37.530642,-96.839927,5.0,9085,0.9369843234323433,0.09282549373691695,0.08463269716541033,0.066019732165,5.0,35.97603500020341,True,True
3.084,37.80824313206647,-96.99188872475096,-0.6573001867394042,3.850616984703728,37.654959000000005,-96.92327,5.0,9086,0.9370874587458746,0.03738932947632762,0.07365912105058525,0.061815577446,5.0,34.984842999620014,True,True
3.136,37.91244394014923,-97.07180491740091,-0.6513025446919734,3.8758775654869746,37.779496,-97.006431,5.0,9087,0.937190594059406,0.028035554614462166,0.06924667517803051,0.06046716025,5.0,36.70120000060706,True,True
3.1900000000000004,38.12423493838878,-97.23154714129585,-0.6406883926972444,3.9134009032311043,38.029492,-97.172812,5.0,9089,0.9373968646864687,0.024153912758999422,0.06039997009062947,0.058193066147,5.0,40.24344000026758,True,True
3.237,38.231305696744954,-97.31023192396093,-0.6341125186923431,3.915229540842045,38.154688,-97.25560300000001,5.0,9090,0.9375,0.0388081602178093,0.058930606686789844,0.057483544828,5.0,37.61859499900311,True,True
3.2880000000000003,38.44704376166707,-97.4676202239515,-0.6272530269392551,3.9588929025513533,38.404046,-97.418952,5.0,9092,0.9377062706270627,-0.07220002200062585,0.049950819532808666,0.053384630025,5.0,38.927752000745386,True,True
3.3390000000000004,38.55639787176498,-97.54662796600378,-0.6241153312842234,3.9768389356302025,38.404046,-97.418952,5.0,9092,0.9377062706270627,-0.01731466410380146,0.04828449465878126,0.057791519131,5.0,39.09875099998317,True,True
3.388,38.77744420112163,-97.70468116637443,-0.6172998674204654,4.015822321253848,38.529576,-97.500711,5.0,9093,0.937809405940594,-0.023825103430638275,0.046689823323875945,0.058933747967,5.0,38.376189999326016,True,True
3.436,38.88920832271827,-97.78363733017169,-0.6116956899068593,4.029631327489026,38.780808,-97.664265,5.0,9095,0.9380156765676567,-0.035787934840368865,0.04258297419678225,0.059761606724,5.0,36.312614000053145,True,True
3.486,39.0018722093066,-97.86216703513045,-0.6050916730431695,4.051450528593637,38.906801,-97.745525,5.0,9096,0.9381188118811881,-0.041593790816777124,0.04146076533617071,0.056226835485,5.0,36.17180100081896,True,True
3.536,39.23024214216513,-98.01882357498918,-0.5972412731914217,4.093804039482505,39.160109999999996,-97.906542,5.0,9098,0.9383250825082509,-0.055997730814657996,0.037880172042299876,0.049546347914,5.0,36.364912000863114,True,True
3.593,39.46153748814266,-98.17545277111809,-0.5905994887218038,4.105803217858638,39.287158000000005,-97.986475,5.0,9099,0.9384282178217822,-0.06546636676118893,0.03744683294985496,0.047401678741,5.0,43.16549099894473,True,True
3.636,39.577819049979794,-98.25347613685243,-0.5889740245150109,4.13074461588428,39.541806,-98.145896,5.0,9101,0.9386344884488449,-0.08553734105476689,0.030864902672527172,0.047838546383,5.0,36.57909200046561,True,True
3.686,39.69421050046167,-98.33078990916654,-0.5844014907452041,4.123847341630757,39.668546,-98.225139,5.0,9102,0.9387376237623762,-0.09504931764595685,0.03080686018788903,0.050486909137,5.0,36.60743500040553,True,True
3.7359999999999998,39.930352936893904,-98.48494877600099,-0.5741047086712728,4.1643461774099215,39.795010999999995,-98.303997,5.0,9103,0.9388407590759076,-0.0793762780030571,0.02104883717961581,0.046514859976,5.0,36.415526001292164,True,True
3.785,40.04961785138328,-98.56175171647142,-0.5702106599465877,4.179615635588784,39.921956,-98.382995,5.0,9104,0.9389438943894389,-0.08226952295186094,0.01863585424950065,0.045697944689,5.0,35.73490399867296,True,True
3.835,40.29043813017712,-98.71484727151653,-0.562863156615479,4.2145105570674986,40.176519,-98.540239,5.0,9106,0.9391501650165016,-0.08723684885434457,0.01481697644542379,0.042933373002,5.0,35.663141001350596,True,True
3.886,40.411993749843,-98.79135742168164,-0.5615592702740433,4.231279615998708,40.304111,-98.618583,5.0,9107,0.939253300330033,-0.08925230646704738,0.013023562165313862,0.042540501627,5.0,36.95000500010792,True,True
3.9370000000000003,40.6568234398265,-98.94446908493576,-0.5547975464619733,4.248532371705074,40.560003,-98.774837,5.0,9109,0.9394595709570958,-0.09307010838257211,0.012063977737576614,0.043938951187,5.0,37.59476000050199,True,True
3.9859999999999998,40.78021779040209,-99.02045884136392,-0.5501096884251414,4.267509677249647,40.688594,-98.853029,5.0,9110,0.9395627062706271,-0.09469956059090538,0.010028244884633164,0.042269042201,5.0,36.40145000099437,True,True
4.034,41.02662458656429,-99.17015938439908,-0.5424116726903025,4.270552736812757,40.944743,-99.00724100000001,5.0,9112,0.9397689768976898,-0.09713444793067877,0.004553136054902485,0.035124987902,5.0,34.36027499992633,True,True
4.086,41.15121234429629,-99.24514016209253,-0.5411392143487127,4.282524252060692,41.072705,-99.083823,5.0,9113,0.9398721122112211,-0.0977510914750743,0.0036029447261514136,0.036062064866,5.0,36.90008200101147,True,True
4.134,41.40170679629054,-99.39527337907546,-0.5386552742374071,4.3079215930194135,41.329714,-99.237243,5.0,9115,0.9400783828382838,-0.09867636300361352,0.0019662743663171334,0.03805664367,5.0,34.78636100044241,True,True
4.187,41.52770523107024,-99.47036233418012,-0.5352866663693774,4.317647121715095,41.458358000000004,-99.313988,5.0,9116,0.9401815181518152,-0.0990791185526678,0.001436245543629866,0.039300704572,5.0,37.68645199852472,True,True
4.238,41.78159174636935,-99.61924949124116,-0.5259677530565761,4.343532770971894,41.5872,-99.39061600000001,5.0,9117,0.9402846534653465,-0.09949424779941832,0.0006662835868946893,0.037684703038,5.0,38.167250000697095,True,True
4.285,41.9095842095294,-99.69335217243429,-0.5235694013284544,4.357785773472012,41.845752000000005,-99.542514,5.0,9119,0.9404909240924092,-0.1000243658413933,-0.0029401750187085796,0.030071087379,5.0,35.664352000821964,True,True
4.339,42.16637092658656,-99.84154215821054,-0.5201347188578693,4.365363914020687,41.975415000000005,-99.618166,5.0,9120,0.9405940594059405,-0.09993324521550902,-0.004009310236408492,0.030122820281,5.0,39.08041700015019,True,True
4.388,42.295021687901425,-99.91493932895251,-0.5179577809282024,4.3471704317851545,42.234633,-99.769202,5.0,9122,0.9408003300330033,-0.09946260179900679,-0.006298495696457795,0.030103977151,5.0,38.78876099952322,True,True
4.4350000000000005,42.42425231403274,-99.98830255126241,-0.5136090238347674,4.380170153808767,42.363875,-99.844012,5.0,9123,0.9409034653465347,-0.09885071865839407,-0.006106270676155212,0.029993639945,5.0,35.72492500097724,True,True
4.488,42.68480912384275,-100.13425149187687,-0.5077359817473958,4.40277992070286,42.623352000000004,-99.993257,5.0,9125,0.9411097359735974,-0.097026217092058,-0.009082506270050139,0.024211020279,5.0,38.43787599907955,True,True
4.535,42.81589260734724,-100.20694030229109,-0.5049417618081448,4.414659861015124,42.753454,-100.067539,5.0,9126,0.9412128712871287,-0.09572186581479604,-0.010330343562556354,0.023457753286,5.0,35.700510001333896,True,True
4.588,43.079763145974,-100.3524136683641,-0.5045730582584934,4.440100937947302,43.014255,-100.215715,5.0,9128,0.9414191419141914,-0.09227535495880552,-0.012621043964150314,0.02176148906,5.0,38.19763700084877,True,True
4.636,43.21205666359503,-100.4255511049128,-0.5037927615156325,4.483659904123162,43.144923,-100.28992,5.0,9129,0.9415222772277227,-0.0902843572402854,-0.012539444340770256,0.025603071704,5.0,36.334996000732644,True,True
4.688,43.477993178363896,-100.57110752337236,-0.49803141111153526,4.4655890093949395,43.406531,-100.438395,5.0,9131,0.9417285478547854,-0.08613360379494962,-0.011810103121746351,0.025049491581,5.0,38.94718700030353,True,True
4.737,43.610376021503264,-100.64281199914504,-0.49410209829800045,4.386369426505079,43.537657,-100.512043,5.0,9132,0.9418316831683168,-0.08395468738211607,-0.012880564495101332,0.022908083312,5.0,37.356554999860236,True,True
4.785,43.87671393617018,-100.78589782681797,-0.4899324841866204,4.463528962281353,43.797895000000004,-100.657234,5.0,9134,0.9420379537953796,-0.07930850003507893,-0.015842075907686937,0.018018858374,5.0,36.039322998476564,True,True
4.835,44.01078758645829,-100.85727493902793,-0.48850759909588315,4.47094312740136,43.928764,-100.72990300000001,5.0,9135,0.9421410891089109,-0.07645017838476721,-0.017321077974830956,0.018588194482,5.0,35.88809099892387,True,True
4.885,44.28014645362893,-100.99966507010802,-0.48194980946170624,4.486532888145711,44.190449,-100.87561099999999,5.0,9137,0.9423473597359736,-0.06966688854524805,-0.022083514619714695,0.017559140718,5.0,35.56549799941422,True,True
4.936,44.41566600116506,-101.07020188619337,-0.4777680930536238,4.498143355009741,44.321381,-100.94864399999999,5.0,9138,0.942450495049505,-0.06560059000799581,-0.02562970908524953,0.014044805995,5.0,36.13763700013806,True,True
4.986,44.68811267705715,-101.21060635854559,-0.47343261444386653,4.515238757685911,44.584039000000004,-101.09352700000001,5.0,9140,0.9426567656765676,-0.057038715563854946,-0.025066229772185533,0.0093034868793,5.0,36.37431000061042,True,True
5.037,44.82498865979701,-101.27995510351796,-0.47261195138122386,4.53666157895424,44.715714,-101.165444,5.0,9141,0.942759900990099,-0.05292893025176768,-0.02642604827041417,0.0089957191949,5.0,37.700507999034016,True,True
5.085,45.09836103071888,-101.41930760337937,-0.4705828988751603,4.518011385703492,44.847282,-101.237289,5.0,9142,0.9428630363036303,-0.04813140104109269,-0.027084100752432505,0.010057895887,5.0,35.906494998926064,True,True
5.134,45.23546945388815,-101.48890744421237,-0.4695015638434623,4.52633193210845,45.109942,-101.380144,5.0,9144,0.943069306930693,-0.039967076553588526,-0.025077959398543737,0.010197930676,5.0,34.11404500002391,True,True
5.183,45.372858999651655,-101.55856542349551,-0.46896479359275245,4.5345159907574795,45.241615,-101.451164,5.0,9145,0.9431724422442245,-0.036163044892186254,-0.024090612657214905,0.010788355986,5.0,33.80622000076983,True,True
5.236,45.6484521043662,-101.69802411117881,-0.46788940029130544,4.550467160677008,45.505568,-101.592496,5.0,9147,0.9433787128712872,-0.029246952590569416,-0.021436513829999893,0.01193950127,5.0,37.030375000540516,True,True
5.284,45.78658987696155,-101.76794749505238,-0.4688182784362776,4.5607180025813,45.637833,-101.66285699999999,5.0,9148,0.9434818481848185,-0.026097259859323263,-0.020287141889577587,0.013071565816,5.0,35.03380400070455,True,True
5.337000000000001,46.06408408518296,-101.90862967629894,-0.4678963118824036,4.572717054108463,45.903078,-101.803044,5.0,9150,0.9436881188118812,-0.02091879457398901,-0.014928915880331406,0.017584762456,5.0,37.14394800044829,True,True
5.385000000000001,46.20322022343586,-101.97863105757084,-0.46646671193373035,4.614337604233517,46.036341,-101.872986,5.0,9151,0.9437912541254125,-0.018782065655055247,-0.014041894700767887,0.017203059443,5.0,36.42564500114531,True,True
5.436,46.48026931334488,-102.11794415232762,-0.4624711827992148,4.567492465432275,46.302738,-102.01140500000001,5.0,9153,0.9439975247524752,-0.014799303817901942,-0.01220192073291182,0.016445099819,5.0,36.638993999076774,True,True
5.486,46.619766487585814,-102.18744156250662,-0.46163180282224886,4.588418199230556,46.434874,-102.079657,5.0,9154,0.9441006600660066,-0.013318365180682534,-0.013151083889644255,0.01476348385,5.0,36.84640200117428,True,True
5.5360000000000005,46.89971624643888,-102.32644999762539,-0.4599520131041793,4.605569614569754,46.700998,-102.216084,5.0,9156,0.9443069306930693,-0.009666302170951175,-0.012164175266095256,0.015985695794,5.0,36.78133999892452,True,True
5.586,47.04024202681019,-102.39587726364407,-0.4568685577435001,4.611325181882545,46.968021,-102.35268,5.0,9158,0.9445132013201321,-0.07316797375640594,-0.01109678634656186,0.017234050641,5.0,36.28544300045178,True,True
5.635000000000001,47.32267885025982,-102.533626070724,-0.45131201797401976,4.627781904573396,47.236148,-102.487959,5.0,9160,0.9447194719471947,-0.059564555032571326,-0.011083144309345982,0.011920830412,5.0,35.19965400118963,True,True
5.6850000000000005,47.464480364452825,-102.60212949088171,-0.44840950667624374,4.632642264735111,47.370698,-102.555145,5.0,9161,0.9448226072607261,-0.05262036733960565,-0.011511729562445172,0.012031988355,5.0,35.10863399969821,True,True
5.735,47.74882256159444,-102.73836748438947,-0.4482593428206073,4.629466409830948,47.639963,-102.68865699999999,5.0,9163,0.9450288778877888,0.038439547471848065,-0.012463576346924299,0.011029529316,5.0,35.76819600129966,True,True
5.785,47.8902665781967,-102.80602275549401,-0.446191666824922,4.629055513749226,47.774366,-102.755628,5.0,9164,0.9451320132013201,0.03082843889528261,-0.013370374836909615,0.013905925205,5.0,35.32393599925854,True,True
5.841,48.17484004355891,-102.94157076098463,-0.4435353321873519,4.641321932294526,48.042998,-102.888524,5.0,9166,0.9453382838283828,0.01810446051241214,-0.011912286863938082,0.012611034344,5.0,41.19965700010653,True,True
5.884,48.317506843334385,-103.00926909280882,-0.4425981998900185,4.647637356451765,48.177879,-102.954495,5.0,9167,0.9454414191419142,0.013276716852333618,-0.010068235907702672,0.013460886945,5.0,34.99065299911308,True,True
5.934,48.46043344730001,-103.0769298908802,-0.44162776311521346,4.65345127868052,48.313035,-103.020169,5.0,9168,0.9455445544554455,0.011781568638491993,-0.008770621798545708,0.014184678288,5.0,34.107873998436844,True,True
5.985,48.746813173433246,-103.21246767248046,-0.4419609516122486,4.6921905772015,48.583954,-103.151015,5.0,9170,0.9457508250825083,0.014241543093599169,-0.006805869644959106,0.016552986023,5.0,35.830722999889986,True,True
6.034,48.890604795287196,-103.28049712778902,-0.44129711137846483,4.667487605079845,48.719885,-103.216208,5.0,9171,0.9458539603960396,0.01497261124980684,-0.004249183057610573,0.018878553569,5.0,34.86271499969007,True,True
6.0840000000000005,49.17826656722056,-103.41548200291672,-0.4378168158416279,4.619917346959848,48.992791,-103.34577900000001,5.0,9173,0.9460602310231023,0.01563763100838721,-0.0016551876114769826,0.019409829181,5.0,34.26647000014782,True,True
6.136,49.32088228474615,-103.4823927018891,-0.43514235491922043,4.658422678111981,49.129142,-103.410092,5.0,9174,0.9461633663366337,0.01600287993510525,-0.00207488469042838,0.019095468253,5.0,36.46827500051586,True,True
6.184,49.60945083530115,-103.6161702274886,-0.43295433990527393,4.6839271441730395,49.400439,-103.537076,5.0,9176,0.9463696369636964,0.016074125032697256,-0.0014855526096271277,0.018419163013,5.0,34.30492200095614,True,True
6.237,49.754170330166325,-103.68298131693315,-0.4316933836377557,4.691938989268072,49.537052,-103.60047,5.0,9177,0.9464727722772277,0.016178077789832785,-0.001133186739062264,0.019096707772,5.0,37.711468001361936,True,True
6.284,50.04478271610884,-103.81569762760023,-0.42453023770152104,4.703776966860532,49.948301,-103.789485,5.0,9180,0.9467821782178217,0.0632222906579081,0.002069990085433293,0.018660321912,5.0,34.37351999855309,True,True
6.335,50.1907308493126,-103.8815468570796,-0.42279228068522445,4.711857564269081,50.08602,-103.851772,5.0,9181,0.9468853135313532,0.05478935961258285,0.000773781063753809,0.016291229491,5.0,35.20422200017492,True,True
6.384,50.483121800941184,-104.01243719943308,-0.4212447304092527,4.7419392258074735,50.361453999999995,-103.975593,5.0,9183,0.9470915841584159,0.03767656993414812,0.0004899991253375369,0.016752173912,5.0,34.15807700002915,True,True
6.437,50.629181308899135,-104.07768167621578,-0.4209716981911146,4.6876813282740075,50.499922,-104.037251,5.0,9184,0.9471947194719472,0.029966170709493888,0.0021908603688109984,0.019198318125,5.0,37.144407999221585,True,True
6.485,50.921565957625255,-104.20781528905171,-0.416429128372767,4.713449903532902,50.775146,-104.159911,5.0,9186,0.9474009900990099,0.01704601214759326,0.0005292566002315091,0.020895380807,5.0,35.66620600031456,True,True
6.534,51.06830632142938,-104.27252073754414,-0.41425764490598316,4.720117180277578,50.913026,-104.221023,5.0,9187,0.9475041254125413,0.015529941163006857,0.0003013904963036218,0.020016764436,5.0,34.65881299962348,True,True
6.585,51.36258999145284,-104.40144579701365,-0.41165273134240576,4.732940293815331,51.189405,-104.34255999999999,5.0,9189,0.9477103960396039,0.015455998703352883,-0.0005162773444769009,0.019885221751,5.0,35.07865800020227,True,True
6.635000000000001,51.51011595834991,-104.46577684087607,-0.41006336000130755,4.739642256977416,51.327839000000004,-104.403134,5.0,9190,0.9478135313531353,0.015428718350833535,-3.436321521732566e-05,0.021191751462,5.0,35.939156001404626,True,True
6.6850000000000005,51.80635846716359,-104.5939512201675,-0.4061806380205418,4.765836170878599,51.605824,-104.52401,5.0,9192,0.948019801980198,0.015128868306961347,0.0004260738954853238,0.022094463454,5.0,35.81768900039606,True,True
6.735,51.954929577589894,-104.65755701827169,-0.4039432775782796,4.7461838917642165,51.744960999999996,-104.583889,5.0,9193,0.9481229372937293,0.014880302076015029,0.001004357460953731,0.021605972595,5.0,35.19181900082913,True,True
6.784,52.10290805999938,-104.7204417632503,-0.4012638263351385,4.718081198018874,51.884506,-104.643539,5.0,9194,0.9482260726072608,0.014680507507066756,0.00077293286746416,0.021130546591,5.0,34.72267300094245,True,True
6.8340000000000005,52.399159774982245,-104.84581561001951,-0.3971614863967667,4.753041317744036,52.301076,-104.820095,5.0,9197,0.9485354785478548,0.06276230581168972,0.0014144408874052772,0.021026579219,5.0,34.89497500049765,True,True
6.886,52.54834879633883,-104.90825968947513,-0.395473524315826,4.7606856383940555,52.440711,-104.878518,5.0,9198,0.9486386138613861,0.052876749246828086,0.001731201086943468,0.02131857506,5.0,36.661997000919655,True,True
6.934,52.84785895108539,-105.03229135896824,-0.389134349642942,4.771445629345241,52.720797999999995,-104.994607,5.0,9200,0.9488448844884488,0.03323609660654115,0.002387754231341521,0.020512573796,5.0,34.34307300085493,True,True
6.986,52.998192138247724,-105.09374031601739,-0.38673528050490436,4.777880100171152,52.86124,-105.052109,5.0,9201,0.9489480198019802,0.023912159378003776,0.0018928671500093586,0.019118535787,5.0,37.02241000064532,True,True
7.0360000000000005,53.29905447349735,-105.21560168312654,-0.38391364500545955,4.779327205941253,53.142872,-105.16603899999998,5.0,9203,0.9491542904290429,0.012576887590930173,0.002185547942453514,0.018429985857,5.0,36.49119799956679,True,True
7.086,53.450218014828124,-105.27648456162284,-0.3836979604724892,4.7651817505666925,53.283274,-105.22233999999999,5.0,9204,0.9492574257425742,0.01211811334254102,0.002936163745361764,0.020664087931,5.0,36.54489799919247,True,True
7.135,53.75116269077963,-105.3973194930123,-0.3805458223104618,4.774065743738393,53.565132,-105.33490900000001,5.0,9206,0.949463696369637,0.011230215983582837,0.0035356508929043073,0.024100852072,5.0,35.28819900020608,True,True
7.184,53.90200206010051,-105.45749889339105,-0.3787289634580802,4.77881773286239,53.705829,-105.39086499999999,5.0,9207,0.9495668316831684,0.010655554772304296,0.0031426954064972534,0.023912806484,5.0,34.76113499891653,True,True
7.236,54.20439629991378,-105.5772714836008,-0.3754787443139955,4.7875368326501295,53.987977,-105.50198600000002,5.0,9209,0.949773102310231,0.00926091706428759,0.0038414016034451492,0.024628421973,5.0,36.16590999990876,True,True
7.285,54.35586648072722,-105.63689485142204,-0.3738756985769736,4.792731625244082,54.2709,-105.61219399999999,5.0,9211,0.9499793729372937,0.07511540638783189,0.005779496881054502,0.025649575542,5.0,35.409635998803424,True,True
7.336,54.659984255865716,-105.75556269699796,-0.3690626055220118,4.793903538254892,54.555096999999996,-105.721718,5.0,9213,0.9501856435643564,0.053346689062364144,0.0063509880740317826,0.02612557813,5.0,36.18565700162435,True,True
7.386,54.812376728577846,-105.81416117342154,-0.36604780592660086,4.7940533424794065,54.697224,-105.775851,5.0,9214,0.9502887788778878,0.04240770899128744,0.0061627598898938984,0.024982059969,5.0,36.91797500141547,True,True
7.437,55.11543613282127,-105.92973806776237,-0.36051376697540805,4.75852625483051,54.982011,-105.88333200000001,5.0,9216,0.9504950495049505,0.020557829595240325,0.0038748605074303555,0.023393375071,5.0,37.8977060008765,True,True
7.486,55.267795434265665,-105.98720133979494,-0.3582975162924146,4.796063210218141,55.122814,-105.936311,5.0,9217,0.9505981848184818,0.009881111390294331,0.0025256130672008936,0.022056304325,5.0,37.030364999736776,True,True
7.534,55.57372221770319,-106.1012014744616,-0.3550354456682487,4.8069862622543775,55.408026,-106.042125,5.0,9219,0.9508044554455446,0.0023170439743402157,0.0033432473659251727,0.022600721177,5.0,34.68152499954158,True,True
7.585,55.72713570077961,-106.15786585221012,-0.3517091075121004,4.809786127597019,55.551054,-106.09468999999999,5.0,9220,0.9509075907590759,0.0016422670816106592,0.004235219654778799,0.023280696003,5.0,36.05726699970546,True,True
7.635000000000001,56.03499047599087,-106.269618546846,-0.34528064574082307,4.8206765193892505,55.694325,-106.146892,5.0,9221,0.9510107260726073,0.0008332361390568159,0.0035804305970872363,0.021746167417,5.0,36.000901000079466,True,True
7.684,56.18886951360965,-106.32489559247715,-0.34457137186048836,4.8195433893583655,55.981609999999996,-106.250358,5.0,9223,0.95121699669967,-0.0001512069815965955,0.0012087040524249026,0.018899523722,5.0,34.997516000657924,True,True
7.735,56.3435434004968,-106.38019869527072,-0.3441990036480868,4.8422812144017,56.125011,-106.30166799999999,5.0,9224,0.9513201320132013,-0.0005114504080215045,0.002099873081058856,0.021016444511,5.0,35.16244399907009,True,True
7.7860000000000005,56.65205682313511,-106.4903144304536,-0.3408481514760689,4.812463893631299,56.55653,-106.454756,5.0,9227,0.9516295379537953,-0.06164567758030974,0.0035562654274299277,0.024779624231,5.0,36.188101999869104,True,True
7.835,56.806385312597094,-106.54488005795314,-0.3389140871367844,4.81632939448809,56.700078000000005,-106.50523799999999,5.0,9228,0.9517326732673267,-0.0502866419190571,0.0037451328531385997,0.024608704345,5.0,35.6933269995352,True,True
7.887,57.11548742041801,-106.65343710916363,-0.3362210467195817,4.823926529282442,56.987609,-106.60543999999999,5.0,9230,0.9519389438943895,-0.027468290449018613,0.00323148131767681,0.025224209211,5.0,37.27625499959686,True,True
7.934,57.270353309707495,-106.70741012548929,-0.3339167823324488,4.828784673381575,57.131562,-106.65535,5.0,9231,0.9520420792079208,-0.016187997408251446,0.0033135639552424045,0.025986907237,5.0,34.2728920004447,True,True
7.985,57.58124160530637,-106.81459034935298,-0.3290595041443372,4.832178062127018,57.420364,-106.754792,5.0,9233,0.9522483498349835,-0.004446506584675284,0.002203255472641885,0.025067589823,5.0,35.4603709984076,True,True
8.036,57.73704875541598,-106.86750006925988,-0.3260371590413004,4.831596396893482,57.564903,-106.80394,5.0,9234,0.9523514851485149,-0.004865740299388482,0.002411537377519757,0.024044960766,5.0,36.394235999978264,True,True
8.084,58.04747298117414,-106.97160997326608,-0.32047084574512535,4.76960119078848,57.854475,-106.90143300000001,5.0,9236,0.9525577557755776,-0.005473526447071835,0.0009000914469279309,0.021338038466,5.0,34.139192001021,True,True
8.135,58.20280920002889,-107.02337001558014,-0.3177466552448658,4.834232426370679,57.998993999999996,-106.94944199999999,5.0,9237,0.9526608910891089,-0.00567244514066189,-0.0010267862582624687,0.020426609051,5.0,35.82773800007999,True,True
8.186,58.515626677549584,-107.12563405363704,-0.313872720658037,4.845096399653649,58.433351,-107.09244199999999,5.0,9240,0.9529702970297029,-0.0763904780989764,0.0017533129266293912,0.019609850872,5.0,36.40084900143847,True,True
8.235999999999999,58.67248481086836,-107.17630067046082,-0.31031808518949366,4.8485628219969295,58.579071,-107.139627,5.0,9241,0.9530734323432343,-0.06496910495850304,0.0019107328625787012,0.019648452848,5.0,36.48266100026376,True,True
8.285,58.987073583653164,-107.27630032607728,-0.3049171416974471,4.857143829938808,58.871254,-107.23312299999999,5.0,9243,0.9532797029702971,-0.04214719054514624,-0.00011542031104516681,0.016271853123,5.0,35.5020790011622,True,True
8.335999999999999,59.144273820960066,-107.32571573974023,-0.3038066640355346,4.8566663801509335,59.01763199999999,-107.27949199999999,5.0,9244,0.9533828382838284,-0.03072464144713542,-0.001051148250836409,0.015697115371,5.0,36.91460899972299,True,True
8.383999999999999,59.46010200328536,-107.4245298849917,-0.30260086451325424,4.857676830973992,59.309996,-107.371375,5.0,9246,0.9535891089108911,-0.008854846993305795,0.0007153514941675709,0.019156021545,5.0,34.05942300014431,True,True
8.434,59.61721099774013,-107.47344156564007,-0.3005798078525282,4.844361444117083,59.456759,-107.41722,5.0,9247,0.9536922442244224,-0.005991659612963683,0.0008559388576170335,0.0196997985,5.0,34.490908999941894,True,True
8.485,59.932299835196524,-107.57011372982704,-0.295150815081897,4.849977405040745,59.60260400000001,-107.46244899999999,5.0,9248,0.9537953795379538,-0.006207263313181885,0.0008734248607424888,0.019437034029,5.0,35.493684001266956,True,True
8.535,60.0900904938867,-107.61805274717658,-0.29438664282589333,4.854635276185469,59.894897,-107.552225,5.0,9250,0.9540016501650165,-0.006150932068602598,-0.0021003650289457276,0.016848257473,5.0,35.989239000628004,True,True
8.585999999999999,60.24802692246532,-107.66592492456496,-0.29342393612644224,4.858334721839362,60.041142,-107.597017,5.0,9251,0.9541047854785478,-0.005761515231386661,-0.0029853567523652202,0.018353138331,5.0,36.93541800021194,True,True
8.635,60.564866983939595,-107.76115438324163,-0.28952003925165043,4.860823006576621,60.480851,-107.73146299999999,5.0,9254,0.954414191419142,-0.07646379449981587,-0.0032228664126714435,0.019668996648,5.0,35.08257499925094,True,True
8.686,60.72352990153963,-107.8082156472907,-0.2874037057922535,4.860558924584177,60.627455000000005,-107.775778,5.0,9255,0.9545173267326733,-0.06427371096703391,-0.003152900494198807,0.019222442829,5.0,36.428981000426575,True,True
8.734,61.03989565232798,-107.9010316010363,-0.28341690547871556,4.776376185795687,60.92109,-107.86375600000001,5.0,9257,0.954723597359736,-0.04007182037066918,-0.004628462010782375,0.018017101739,5.0,34.70281599948066,True,True
8.785,61.19740708747225,-107.94722696645105,-0.28111682859432857,4.865900037238398,61.066787,-107.907146,5.0,9258,0.9548267326732673,-0.027577716626015155,-0.005642265189397921,0.017920128148,5.0,35.73319099996297,True,True
8.835999999999999,61.5154200433143,-108.03862001203744,-0.27864725646000366,4.870946061040428,61.36009,-107.99369899999999,5.0,9260,0.95503300330033,-0.003829163538872048,-0.004302453777615511,0.017786507551,5.0,36.19619599885482,True,True
8.883999999999999,61.67479791031038,-108.08406818332715,-0.2760603109754212,4.874175397111283,61.50733,-108.036546,5.0,9261,0.9551361386138614,0.00024665699295528396,-0.0031923423202928625,0.018451691779,5.0,34.97634700033814,True,True
8.933,61.994328655932705,-108.1736536059011,-0.27124045925677576,4.881909054556683,61.802424,-108.121163,5.0,9263,0.9553424092409241,0.0011291464714911555,-0.003784721311268946,0.01561819297,5.0,33.88133099906554,True,True
8.985999999999999,62.15393413183536,-108.21802802020416,-0.2711730648877739,4.880285970834971,61.950255000000006,-108.16296799999999,5.0,9264,0.9554455445544554,0.0016599231692359783,-0.0037917438361998457,0.015822431671,5.0,36.47831400121504,True,True
9.033,62.47418556111127,-108.30691011024082,-0.26965121861770625,4.899323168284471,62.245495999999996,-108.245798,5.0,9266,0.9556518151815182,0.0020161628733538564,0.0008830446585030849,0.020575081524,5.0,33.92140500000096,True,True
9.084,62.63365691074117,-108.35084318456336,-0.26782344730139584,4.854287443696837,62.541385,-108.327932,5.0,9268,0.9558580858085809,0.07041082612785618,-0.0008708283967235886,0.020948104429,5.0,34.664593998968485,True,True
9.135,62.95289515470395,-108.43686598576166,-0.2593439703865443,4.86535530279716,62.836454,-108.408542,5.0,9270,0.9560643564356436,0.04567087786028164,-0.0016909663274136122,0.016687043723,5.0,35.90153500044835,True,True
9.184,63.112768280006435,-108.47909733161197,-0.2568889821442097,4.865426949233367,62.984143,-108.448397,5.0,9271,0.9561674917491749,0.03330753856127451,-0.003772854347397825,0.014710605165,5.0,34.432279999236926,True,True
9.234,63.43322443785771,-108.56330246476792,-0.2562189331617392,4.893967898795882,63.279804000000006,-108.527868,5.0,9273,0.9563737623762376,0.009779895350935378,-0.006223438030768413,0.015052307776,5.0,34.049253999910434,True,True
9.283999999999999,63.59345924068547,-108.60520712742684,-0.2549635137176869,4.866839859289014,63.42815,-108.56766499999999,5.0,9274,0.956476897689769,0.00551704772619685,-0.0043834585855870856,0.017733662252,5.0,34.883071999502135,True,True
9.334,63.75376461643039,-108.64684414279273,-0.2533647086192614,4.8664434825420235,63.576264,-108.60692399999999,5.0,9275,0.9565800330033003,0.006034037793227769,-0.00317479255101194,0.018347788389,5.0,34.540803000709275,True,True
9.383999999999999,64.07369431131146,-108.7290380564134,-0.250469124260296,4.78904907502835,63.872831000000005,-108.68463999999999,5.0,9277,0.956786303630363,0.00688741753275365,-0.002769937843937864,0.018813623158,5.0,34.971036000570166,True,True
9.434999999999999,64.23235608416505,-108.77013875187328,-0.2477376200004037,4.863356513152773,64.021132,-108.723141,5.0,9278,0.9568894389438944,0.007517446134120561,-0.0037008092398433945,0.019023542512,5.0,36.20655600025202,True,True
9.482999999999999,64.5531999454865,-108.85086143112507,-0.24516866866248244,4.869340332110813,64.464488,-108.837055,5.0,9281,0.9571988448844885,0.07651444516297466,-0.0010941068469239035,0.019194440383,5.0,33.972690000155126,True,True
9.536999999999999,64.71393088099074,-108.89087485038918,-0.24193495842288565,4.870778647320245,64.613258,-108.87443400000001,5.0,9282,0.9573019801980198,0.06451849281648527,0.0002966933602928101,0.019714268786,5.0,37.13081299974874,True,True
9.584999999999999,65.03616044444328,-108.96920852456134,-0.2361032295108467,4.878917745638158,64.911397,-108.948127,5.0,9284,0.9575082508250825,0.04063411049735909,-0.001964136725530974,0.014855458534,5.0,35.20950299935066,True,True
9.635,65.19706804075024,-109.00791415853628,-0.23638162583240843,4.876608990686654,65.060694,-108.984449,5.0,9285,0.9576113861386139,0.02888195699482316,-0.002136326513076714,0.015103248869,5.0,35.34342300008575,True,True
9.687,65.51989395948105,-109.08552540093,-0.23381575341449135,4.908503082829431,65.358824,-109.056634,5.0,9287,0.9578176567656765,0.009901551449717317,-0.000987419252344246,0.019780948063,5.0,37.436955000885064,True,True
9.735,65.68094636327746,-109.12373647266087,-0.23211687781532092,4.852341196242642,65.508262,-109.092735,5.0,9288,0.9579207920792079,0.00971113283697934,-0.0017528007248341915,0.018813459699,5.0,35.95051699994656,True,True
9.785,66.00291504017856,-109.19871605425898,-0.2257762732442381,4.865523883509799,65.80604,-109.16335,5.0,9290,0.9581270627062707,0.009908069086571923,-0.0014694167361084531,0.016465239845,5.0,35.34531599871116,True,True
9.835999999999999,66.16421465928094,-109.23556442096945,-0.22339614760400434,4.86639908011984,65.955057,-109.197981,5.0,9291,0.958230198019802,0.010013289602120435,-0.0014550215715094517,0.015300242792,5.0,36.22034100044402,True,True
9.883999999999999,66.4873941705641,-109.3088232728608,-0.22197521834999542,4.893834444417986,66.253249,-109.26638999999999,5.0,9293,0.9584364686468647,0.010516447560271529,-0.0028219543938599045,0.014758793143,5.0,34.67576500042924,True,True
9.934999999999999,66.64901505756467,-109.34523466770648,-0.22082369467467827,4.869053081554563,66.552311,-109.33466100000001,5.0,9295,0.9586427392739274,0.06986975660276723,-0.0007826833429609437,0.017913891533,5.0,35.22196500125574,True,True
9.984,66.97228550770107,-109.4172665902344,-0.21792392555445683,4.869549018976501,66.851256,-109.40157099999999,5.0,9297,0.9588490099009901,0.04525501683450102,0.0008803580456255844,0.018414004673,5.0,34.164729999247356,True,True
10.032,67.13371574754089,-109.45279370601364,-0.21706988189818563,4.816369408525897,67.00071700000001,-109.43461200000002,5.0,9298,0.9589521452145214,0.03330484941087936,0.0014139443648719663,0.01871913574,5.0,32.86692500114441,True,True
10.084,67.45513226141452,-109.5237195518334,-0.21387786550457966,4.8677837824609185,67.297758,-109.500147,5.0,9300,0.9591584158415841,0.012464068640285066,-0.001027338854430404,0.018931920013,5.0,34.92731499864021,True,True
10.136,67.61692587295416,-109.55884038989431,-0.2135650055978687,4.870933830023637,67.447322,-109.532448,5.0,9301,0.9592615511551155,0.010174234602418945,0.0017174611503825155,0.019805522718,5.0,36.518719000014244,True,True
10.184999999999999,67.94107301398957,-109.62870263584587,-0.20906755026135665,4.877532197255976,67.597082,-109.564622,5.0,9302,0.9593646864686468,0.009771408871012787,0.003299910319915611,0.021345263615,5.0,35.339045000000624,True,True
10.232999999999999,68.10351165271648,-109.6628570064835,-0.20574009195784956,4.882017743087533,67.897178,-109.627775,5.0,9304,0.9595709570957096,0.00798674536618744,0.004076892351790207,0.019943622938,5.0,34.07347999927879,True,True
10.286,68.26564347349964,-109.69672875860348,-0.20577609913682904,4.879701076015483,68.047483,-109.658879,5.0,9305,0.959674092409241,0.007408653802999261,0.0021282595706573204,0.017727534165,5.0,36.251479999918956,True,True
10.334999999999999,68.59069585757901,-109.76435680997261,-0.20317203978621495,4.921923628986992,68.497596,-109.75123799999999,5.0,9308,0.959983498349835,0.07246500631500864,0.005032969151804956,0.023265431003,5.0,35.438540999166435,True,True
10.385,68.75320264442404,-109.79764201699014,-0.20091061451842074,4.862937307433478,68.648651,-109.78191899999999,5.0,9309,0.9600866336633663,0.06055765064461612,0.004053703861133684,0.021409826786,5.0,35.117591000016546,True,True
10.434999999999999,69.07776226298449,-109.86283949261342,-0.19573142959768688,4.869698208386641,68.94856300000001,-109.841723,5.0,9311,0.960292904290429,0.035012505572263625,0.0031986213187189527,0.019551241624,5.0,35.28802899927541,True,True
10.485999999999999,69.24023831316832,-109.8948522155296,-0.19341411459567878,4.87149026888337,69.098617,-109.871241,5.0,9312,0.9603960396039604,0.022483446852137906,0.0019335462143725834,0.018617834516,5.0,37.00931599996693,True,True
10.533999999999999,69.56571177335456,-109.95831997787722,-0.19145907105670554,4.897804578734821,69.398865,-109.93003300000001,5.0,9314,0.960602310231023,0.004145972583825657,-0.0015551965735904894,0.017974853224,5.0,34.46114399957878,True,True
10.584999999999999,69.72848443085198,-109.98979383858267,-0.19013460373744795,4.872362724790979,69.549418,-109.95949099999999,5.0,9315,0.9607054455445545,0.0042311220395941105,-0.0002789689824753694,0.019977054474,5.0,36.0275310013094,True,True
10.633999999999999,70.05407277290774,-110.0519034459887,-0.18709291980402024,4.874058793580021,69.850494,-110.017156,5.0,9317,0.9609117161716172,0.0038348758131857437,0.0008967716079602006,0.02051725328,5.0,34.976036000443855,True,True
10.684,70.21680778145797,-110.0826585224433,-0.18655794014691884,4.874506529630839,70.000873,-110.045578,5.0,9318,0.9610148514851485,0.0035811261177588396,0.0010745492072441465,0.020914600819,5.0,34.62810499877378,True,True
10.734,70.54019251044785,-110.14360723518605,-0.18342803914119102,4.869657299772852,70.450413,-110.12963899999998,5.0,9321,0.9613242574257426,0.0747477640561555,0.0016888418055387433,0.022648734745,5.0,34.79317399978754,True,True
10.786,70.70303485942063,-110.17381943126533,-0.18323237402513098,4.8725542740941625,70.601077,-110.157183,5.0,9322,0.9614273927392739,0.06237966382010828,0.003893575026914675,0.023278192541,5.0,36.2969140005589,True,True
10.834999999999999,71.02932556672572,-110.23364109638896,-0.17754489719092129,4.880069851219337,70.902971,-110.21115900000001,5.0,9324,0.9616336633663366,0.037576296726695414,0.006877983330506154,0.025433944232,5.0,35.566960999858566,True,True
10.886,71.19279810294726,-110.26266798780787,-0.17423195641715136,4.882990210182354,71.054142,-110.23768500000001,5.0,9325,0.9617367986798679,-0.02514375701585442,0.004683526428651774,0.022317534557,5.0,36.187430001518806,True,True
10.934999999999999,71.51956503906162,-110.32016412281527,-0.17416871670549408,4.882580603032716,71.356205,-110.29003700000001,5.0,9327,0.9619430693069307,-0.0013889787170226029,0.002517766231275864,0.022164912516,5.0,35.82072499921196,True,True
10.985999999999999,71.68293918206336,-110.3484080880816,-0.17077104049501032,4.932985119415167,71.50738100000001,-110.316194,5.0,9328,0.9620462046204621,-0.001874081617407944,0.004390994082898558,0.02499194538,5.0,36.143217999779154,True,True
11.035,72.0100888127558,-110.4038250048479,-0.16427388527639067,4.868409683496761,71.65825600000001,-110.34181699999999,5.0,9329,0.9621493399339934,-0.0023692078099241706,0.002623954014100871,0.022658762427,5.0,35.39334600100119,True,True
11.085999999999999,72.17344672058698,-110.43063771164434,-0.1611845900009187,4.86948017633961,71.96078,-110.39264399999999,5.0,9331,0.9623556105610561,-0.003051440071815403,0.0005626127655631308,0.01931216826,5.0,36.45488999973168,True,True
11.135,72.33692733671462,-110.45697009075708,-0.15830601500321345,4.871027500634837,72.11166700000001,-110.417396,5.0,9332,0.9624587458745875,-0.003182177947606,-0.000491418112639419,0.018016415721,5.0,35.35408300012932,True,True
11.184999999999999,72.66434258776665,-110.50877869752206,-0.15545543387838895,4.899074147368005,72.56457900000001,-110.49043300000001,5.0,9335,0.9627681518151815,-0.06458080563181195,-0.0030488647173956274,0.016803308206,5.0,36.024876000738004,True,True
11.234,72.82814762126158,-110.53434497695741,-0.1540850879945676,4.871241254348378,72.716151,-110.514733,5.0,9336,0.9628712871287128,-0.05214945154207061,-0.002577367488119542,0.018570529246,5.0,34.56303399980243,True,True
11.283999999999999,73.15578062722192,-110.5845915481672,-0.15050590796612867,4.8753891218957195,73.01853100000001,-110.562265,5.0,9338,0.9630775577557755,-0.026606655994130687,-0.0018011486274200905,0.018712667109,5.0,34.12407399991935,True,True
11.337,73.31959807213558,-110.60936696736931,-0.14973242565683487,4.876546321014297,73.16971600000001,-110.585582,5.0,9339,0.963180693069307,-0.01397052645026378,-0.0018696022954807212,0.018939748101,5.0,37.11049500088848,True,True
11.385,73.64527935887433,-110.65850130281177,-0.14558343126856282,4.8731183770244835,73.47061500000001,-110.631592,5.0,9341,0.9633869636963697,-0.0006704504256136343,-0.0032572364202665405,0.019606724125,5.0,35.59252800005197,True,True
11.434,73.80928188502047,-110.68254143894485,-0.14506306324692653,4.878139281308961,73.621654,-110.654417,5.0,9342,0.963490099009901,-0.0005976151686536956,-0.0025354743162950832,0.019260506857,5.0,34.78734300006181,True,True
11.484,74.13792091977378,-110.72977588114928,-0.139081962928118,4.885451834416747,73.92483299999999,-110.69868400000001,5.0,9344,0.9636963696369637,-0.0007998804959161232,0.0003079167405437566,0.019969319625,5.0,34.88721000030637,True,True
11.536,74.3025672743947,-110.75265884983997,-0.13734318819310515,4.888715030116369,74.076684,-110.72027299999999,5.0,9345,0.963799504950495,-0.000937070108202636,-0.0009466999407425902,0.017321662938,5.0,36.266307999540004,True,True
11.584999999999999,74.6315391800251,-110.79815217775877,-0.13749829761671264,4.887949625735091,74.532358,-110.783239,5.0,9348,0.9641089108910891,-0.06592737013523962,0.0023574539924644533,0.019905136773,5.0,35.22830700057966,True,True
11.635,74.79596786565163,-110.82042814474205,-0.13474800944104334,4.916087229672976,74.684057,-110.803828,5.0,9349,0.9642120462046204,-0.05282363460639112,0.003149963930700661,0.021880033707,5.0,35.80041699933645,True,True
11.684999999999999,75.12568119808878,-110.86426947872533,-0.12960746233612924,4.8761536667020975,74.988574,-110.844349,5.0,9351,0.9644183168316832,-0.02728182784468266,0.0019679250103354917,0.018623236977,5.0,35.36420100135729,True,True
11.735999999999999,75.2901213554383,-110.88553538953306,-0.12767215701415055,4.877340165313464,75.140232,-110.864006,5.0,9352,0.9645214521452146,-0.014553187186938002,0.0015040840112696685,0.018021200986,5.0,36.82221599956392,True,True
11.785,75.61910669504759,-110.9273271863847,-0.12538302212654523,4.880275937677377,75.443641,-110.90268799999998,5.0,9354,0.9647277227722773,-0.002424128852194504,-0.00026866779213907677,0.01744719884,5.0,35.85336499963887,True,True
11.832999999999998,75.7838948650212,-110.94827342703637,-0.12559110142239618,4.915178777469038,75.595388,-110.921924,5.0,9355,0.9648308580858086,-0.002374157131783279,-0.0007769924177156717,0.018930634339,5.0,33.92525199888041,True,True
11.883,75.94870786586084,-110.9689548396347,-0.12449144980093804,4.879169312132339,75.74720400000001,-110.94118999999999,5.0,9356,0.9649339933993399,-0.0024525923881750923,-3.783139943758229e-05,0.021247437029,5.0,33.340960000714404,True,True
11.936,76.27822543707468,-111.00952391052387,-0.1208275845894685,4.88226735520379,76.05139,-110.979068,5.0,9358,0.9651402640264026,-0.0027169365939467764,0.000334823524016592,0.020990743183,5.0,36.764618000233895,True,True
11.984,76.44295138092286,-111.02948948485714,-0.12034882602079389,4.883321933796328,76.20349300000001,-110.997607,5.0,9359,0.965243399339934,-0.002898522763709022,0.00027462983087911397,0.020897054308,5.0,34.51664799831633,True,True
12.033,76.77024454414071,-111.06921583704936,-0.11643802459075323,4.8866292064063215,76.657616,-111.052174,5.0,9362,0.965552805280528,-0.05154346994855277,0.0003894091997094229,0.022456592662,5.0,34.031991999654565,True,True
12.082999999999998,76.93510565185227,-111.08846664202174,-0.11617103674540709,4.881482199760629,76.809632,-111.06999099999999,5.0,9363,0.9656559405940595,-0.03939508289960931,0.0010554957589112846,0.021378760958,5.0,34.04331299861951,True,True
12.133,77.26527682390747,-111.12638453236082,-0.11065589045608647,4.8898195883849835,77.11431,-111.104497,5.0,9365,0.9658622112211221,-0.014542522425033386,0.0041759496785647165,0.022947651079,5.0,33.37036499942769,True,True
12.187,77.43066730602509,-111.14449904291182,-0.10787835660180085,4.893336985329467,77.266901,-111.12123100000001,5.0,9366,0.9659653465346535,-0.005403410383586698,0.0022664967850958284,0.01984376109,5.0,37.08062900113873,True,True
12.237,77.7612637147877,-111.18021811240529,-0.10751729096463741,4.892954265980329,77.57195,-111.153985,5.0,9368,0.9661716171617162,-0.00580591645052747,0.0009881732904100105,0.019587655787,5.0,37.78365300058795,True,True
12.286,77.9262680676699,-111.19774103521672,-0.10455048221515499,4.889194006584968,77.724595,-111.170276,5.0,9369,0.9662747524752475,-0.006023868906018544,0.0015844134598999027,0.021946863165,5.0,37.02037699986249,True,True
12.334999999999999,78.25778240264758,-111.23120545787098,-0.09784352608175294,4.8805373080551115,78.030235,-111.202183,5.0,9371,0.9664810231023102,-0.00628339528983173,-0.00045536201332652126,0.017199789169,5.0,35.65688799972122,True,True
12.383999999999999,78.42295564024188,-111.24724694547048,-0.09579527667094011,4.88126185691242,78.182783,-111.217468,5.0,9372,0.9665841584158416,-0.0063358180628399485,-0.0010735089002142928,0.015891809133,5.0,34.35192899996764,True,True
12.433,78.75337284379789,-111.27846222682122,-0.09282695063290033,4.88287157351768,78.639606,-111.26194299999999,5.0,9375,0.9668935643564357,-0.051428091060673815,-0.002830846765176087,0.015444606533,5.0,34.328956999161164,True,True
12.482999999999999,78.91874636373133,-111.29399961891048,-0.0932021058096083,4.919449544687862,78.791934,-111.27677,5.0,9376,0.966996699669967,-0.03859826938164121,-0.004231291124333847,0.016395967802,5.0,33.127931999842986,True,True
12.535,79.24980648296551,-111.32456280890382,-0.09070004470851531,4.8973366475171565,79.097081,-111.30609799999999,5.0,9378,0.9672029702970297,-0.01317134918509423,-0.0007917839619375755,0.020422902695,5.0,36.05545299978985,True,True
12.582999999999998,79.41510405391149,-111.33952135459243,-0.08924819290189533,4.884645568307355,79.249835,-111.320299,5.0,9379,0.9673061056105611,-0.004248498535847283,-0.001510592462599103,0.019412952245,5.0,33.98217799986014,True,True
12.633999999999999,79.74482409834253,-111.36877929746628,-0.08752308550709893,4.798574588860235,79.55481400000001,-111.348129,5.0,9381,0.9675123762376238,-0.003859568539611249,-0.0006294806922091389,0.02070681222,5.0,34.15645399945788,True,True
12.687,79.90902489713339,-111.38375421570066,-0.08497919076765315,4.885554830225197,79.707127,-111.36164199999999,5.0,9382,0.9676155115511551,-0.0036573434072660702,-0.0025375369349283083,0.020924932344,5.0,37.4803670001711,True,True
12.735999999999999,80.24012337991888,-111.41170642755174,-0.08305833886497106,4.889489625679192,79.858153,-111.375522,5.0,9383,0.9677186468646864,-0.0038345554191923934,-0.003806937283258982,0.019725592285,5.0,36.41718899962143,True,True
12.786,80.40590234614491,-111.4253006868074,-0.07977356210886248,4.891902853515042,80.316731,-111.414189,5.0,9386,0.9680280528052805,-0.07664783506697402,0.0020808510319625384,0.021576139566,5.0,36.73991300092894,True,True
12.834999999999999,80.57187185487014,-111.4383285582634,-0.07705149873015596,4.8969817251437355,80.469923,-111.426456,5.0,9387,0.9681311881188119,-0.06403107736564438,0.0007566408654731127,0.019275636637,5.0,35.717070999453426,True,True
12.883,80.90364756456951,-111.46380353240211,-0.07651013162320723,4.8965260063238425,80.776053,-111.45029,5.0,9389,0.9683374587458746,-0.03844018092919189,-0.0007860383485791544,0.018881352502,5.0,33.83308999946166,True,True
12.936,81.06933338181607,-111.4762540709789,-0.07412820473252771,4.894257265082592,80.92925799999999,-111.462103,5.0,9390,0.968440594059406,-0.02566683099623704,0.00039021190028787345,0.021227746792,5.0,36.847543000476435,True,True
12.985,81.40224179854937,-111.4996678977113,-0.0673633390083576,4.8847847520928855,81.23609300000001,-111.484719,5.0,9392,0.9686468646864687,-0.003481371469725083,-0.0004982347527868747,0.017417160757,5.0,35.805415998765966,True,True
13.035,81.56796849209367,-111.5106845620612,-0.06537543380797153,4.885315654015576,81.389042,-111.49540900000001,5.0,9393,0.96875,-0.0033526729338428556,-0.0015075155948864882,0.016034247828,5.0,36.0523170002125,True,True
13.084999999999999,81.8994452747418,-111.53185434360928,-0.062369496416979475,4.886112598950628,81.694723,-111.516016,5.0,9395,0.9689562706270627,-0.0027758237563948467,-0.0028255666143559566,0.015507737321,5.0,35.477203000482405,True,True
13.133,82.06522150950337,-111.54226874566942,-0.06271719049371614,4.888851140808037,81.847539,-111.526123,5.0,9396,0.969059405940594,-0.002270244514178184,-0.0038940435786880556,0.016434101185,5.0,33.48947799895541,True,True
13.183,82.397216417736,-111.56284528253833,-0.06059402225160053,4.909325920056815,82.306567,-111.55623600000001,5.0,9399,0.9693688118811881,-0.0753421568481258,-0.0004679988550795322,0.021531880161,5.0,33.487464001154876,True,True
13.232999999999999,82.5630932674372,-111.57283293185459,-0.05894925429420028,4.889519544445881,82.459753,-111.56576000000001,5.0,9400,0.9694719471947195,-0.06260447028083305,-0.0007021736954917479,0.020388133917,5.0,33.8416659997165,True,True
13.286,82.89460340989105,-111.59190297337584,-0.056939447960406786,4.8401706393741994,82.765715,-111.584107,5.0,9402,0.9696782178217822,-0.036782941862512304,-0.0005332389328924769,0.020743345682,5.0,36.192348999975366,True,True
13.334999999999999,83.05877669181572,-111.60185638184484,-0.05443397684427815,4.884810508735249,82.918053,-111.592932,5.0,9403,0.9697813531353136,-0.02347215737999289,-0.0019445024429805002,0.020772742242,5.0,35.89411100074358,True,True
13.385,83.39103809202129,-111.61963370649462,-0.051395217507197416,4.895650097080901,83.22315400000001,-111.61038899999998,5.0,9405,0.9699876237623762,-0.00037544820524231177,4.961428493732711e-05,0.01963809263,5.0,35.27703899999324,True,True
13.434,83.55739952802857,-111.62796709062361,-0.04831195098633267,4.900857748525908,83.376478,-111.618397,5.0,9406,0.9700907590759076,-0.0005088502151067277,0.0003524336666007599,0.018813725584,5.0,34.13351199924364,True,True
13.484,83.89024076899892,-111.64351740967265,-0.04529542118534111,4.899756871869451,83.683561,-111.633389,5.0,9408,0.9702970297029703,-0.0005810472146396226,-0.0007189956674142906,0.015637371259,5.0,34.870699999373755,True,True
13.533999999999999,84.0568128047777,-111.65103700646925,-0.04537352035423501,4.903131005078034,83.837035,-111.640519,5.0,9409,0.9704001650165016,-0.0006337152303951415,-0.00011825305355550597,0.016393496536,5.0,34.789487999660196,True,True
13.584999999999999,84.39030107636992,-111.66506946872629,-0.03911227744687293,4.982675569059937,83.990526,-111.64733899999999,5.0,9410,0.970503300330033,-0.0008178502828820629,0.0014660922053852943,0.018412969094,5.0,35.48330400008126,True,True
13.635,84.55839716999563,-111.67170726474605,-0.035838714543197654,4.899757150296127,84.452398,-111.666807,5.0,9413,0.9708127062706271,-0.062121227766739055,0.001549900221114786,0.014164146977,5.0,35.37422999943374,True,True
13.683,84.72312083038881,-111.67737341617926,-0.033126384124391756,4.7987309889483045,84.605885,-111.67228,5.0,9414,0.9709158415841584,-0.047491283665481054,0.0006292142259356481,0.012485574354,5.0,33.581439000045066,True,True
13.732999999999999,85.05145974901546,-111.68802299690468,-0.03182763654370314,4.864843106316735,84.908548,-111.68236200000001,5.0,9416,0.9711221122112211,-0.022406544323800928,-0.0006363791847618927,0.010373360393,5.0,33.92624499974772,True,True
13.783999999999999,85.21676039870385,-111.69336287471135,-0.03274616187671674,4.863993427505484,85.06104300000001,-111.68718999999999,5.0,9417,0.9712252475247525,-0.00961938580555245,6.672701809806725e-05,0.013662659517,5.0,34.18936599882727,True,True
13.834999999999999,85.54751335724664,-111.70450125462185,-0.03350791990705707,4.858579575623985,85.366049,-111.697015,5.0,9419,0.9714315181518152,-0.0014293008054148842,0.000829110525977228,0.019248926026,5.0,35.51067500120553,True,True
13.885,85.712752190386,-111.71011292136285,-0.034271269282081525,4.859385735085163,85.518337,-111.701931,5.0,9420,0.9715346534653465,-0.0016551351156743213,0.0017099722441411558,0.021078794274,5.0,35.386442999879364,True,True
13.936,86.04284282649945,-111.72177798225316,-0.035780825783394705,4.861787009020176,85.823252,-111.71141999999999,5.0,9422,0.9717409240924092,-0.0027977310874543644,0.004856599864310862,0.027117640099,5.0,36.581084999852465,True,True
13.985999999999999,86.20426576756988,-111.72740799011726,-0.03328349658799328,4.732347898044504,85.975646,-111.71603799999998,5.0,9423,0.9718440594059405,-0.003894997038400793,0.006913667310105787,0.028472639364,5.0,36.34810000039579,True,True
14.036,86.53310382211664,-111.74228571326242,-0.02721652294239428,4.909871966491234,86.427146,-111.73183799999998,5.0,9426,0.9721534653465347,-0.06032311265929929,-0.005956170906023406,0.025628208089,5.0,36.55853400050546,True,True
14.084999999999999,86.6982617933693,-111.7468795021608,-0.026832418574472043,4.837842634082786,86.580777,-111.736802,5.0,9427,0.972256600660066,-0.04798752963679586,-0.0003148056692543477,0.024335342168,5.0,35.710328000277514,True,True
14.132,87.02714399706474,-111.75535928524812,-0.024195324375612396,4.8032736391291335,86.88446,-111.743609,5.0,9429,0.9724628712871287,-0.02300098237621675,0.003968645953280614,0.025921362575,5.0,33.54223700080183,True,True
14.184,87.19146496822812,-111.75925144104461,-0.023838465807061473,4.84210324248412,87.036198,-111.746769,5.0,9430,0.9725660066006601,-0.012480703898246395,0.004804326781196799,0.02590617571,5.0,34.73804099849076,True,True
14.234,87.52068865170091,-111.7661663849146,-0.01642408097140351,4.843705665319182,87.339902,-111.75221100000002,5.0,9432,0.9727722772277227,-0.01044726696330073,0.0042412452264497524,0.026791825419,5.0,34.613769999850774,True,True
14.286999999999999,87.6864653573596,-111.76843971662798,-0.011776053495188293,4.849601326832238,87.491782,-111.75484499999999,5.0,9433,0.9728754125412541,-0.010960237757640039,0.0015301203869344526,0.021557496425,5.0,37.195805000010296,True,True
14.334,88.0154052024112,-111.77123855015545,-0.00566940169357422,4.838091801222074,87.79648399999999,-111.758147,5.0,9435,0.9730816831683168,-0.011562029944985796,0.0003482500457789861,0.015344696584,5.0,34.668921998672886,True,True
14.383,88.17989744592921,-111.77197076437143,-0.003111829884800466,4.837716905435851,87.94810799999999,-111.759197,5.0,9436,0.9731848184818482,-0.011682633873573932,-0.0004585909928711551,0.01452869043,5.0,33.180931000970304,True,True
14.433,88.34433699811703,-111.77238730543405,-0.0016393261300114376,4.83965423575967,88.251175,-111.76066399999999,5.0,9438,0.9733910891089109,-0.07216877880957659,-0.0014024545805968458,0.014115744912,5.0,33.11674100041273,True,True
14.485999999999999,88.67366944994289,-111.77282629969312,-0.000569109887876461,4.840631891656208,88.55458399999999,-111.76218999999999,5.0,9440,0.9735973597359736,-0.04658656976815876,-0.003782018477630711,0.016033746805,5.0,36.22662300040247,True,True
14.533999999999999,88.83842744841547,-111.77274580299718,0.001004034872456345,4.839936202985806,88.706079,-111.762992,5.0,9441,0.973700495049505,-0.033868752344285546,-0.003849818013798245,0.016885337657,5.0,34.69999099979759,True,True
14.585999999999999,89.16757390966355,-111.7723321005976,0.0012935779482849941,4.845379769661933,89.009344,-111.76393600000002,5.0,9443,0.9739067656765676,-0.010715272830090175,-0.0038636964839593446,0.01784260845,5.0,36.248164000426186,True,True
14.635,89.33170711969535,-111.77195649550795,0.002070713366436038,4.763093695228096,89.160891,-111.76426799999999,5.0,9444,0.974009900990099,-0.008058973907516625,-0.002772959622975968,0.019785320776,5.0,35.68816700135358,True,True
14.686,89.65993393479472,-111.77134252322391,0.004890657311780512,4.850629997973714,89.462273,-111.76495200000001,5.0,9446,0.9742161716171617,-0.0071697121804412765,-0.004993377469598936,0.020109104052,5.0,36.37901799993415,True,True
14.737,89.8249867688738,-111.77042564539136,0.006973031405055644,4.855092733786762,89.613967,-111.764738,5.0,9447,0.974319306930693,-0.0067876346901574736,-0.0021923599371240776,0.020339728152,5.0,37.560345999736455,True,True
14.786,90.15555847310011,-111.76743874388357,0.011142927067108016,4.8645525380073025,89.917812,-111.763166,5.0,9449,0.9745255775577558,-0.00655697475545329,-0.0019457710969055242,0.018176721312,5.0,36.70231200158014,True,True
14.834,90.32068502987728,-111.76558316673677,0.01155166166408497,4.8636252787544,90.221899,-111.760534,5.0,9451,0.9747318481848185,-0.06669888303001167,-0.001026082551955021,0.017909640946,5.0,34.665887000301154,True,True
14.886,90.65118234380235,-111.76134574159656,0.01514177688025385,4.863951051511702,90.525809,-111.756983,5.0,9453,0.9749381188118812,-0.040265539604812044,0.00016604950075871372,0.020462600281,5.0,36.10737999952107,True,True
14.933,90.81732458300691,-111.7585253051807,0.018533192645513105,4.915643258749226,90.677875,-111.75511399999999,5.0,9454,0.9750412541254125,-0.02741044505681142,-0.0006823386272549747,0.018269896725,5.0,33.34724199885386,True,True
14.982,91.14809200797256,-111.75162883690942,0.02262997993973289,4.857895426324538,90.98297,-111.74971599999999,5.0,9456,0.9752475247524752,-0.005508554537556961,-0.0013527212216959406,0.014687934482,5.0,32.77320900087943,True,True
15.033,91.31318537014165,-111.74778578595665,0.0241563902489153,4.857675281557102,91.134842,-111.74663899999999,5.0,9457,0.9753506600660066,-0.005271825501144828,-0.001816322142925042,0.014722803018,5.0,33.08534200004942,True,True
15.081999999999999,91.64354181050403,-111.7399614158042,0.02334847993088806,4.892672545127087,91.438503,-111.740096,5.0,9459,0.9755569306930693,-0.004542504625809092,-0.0030496017885353055,0.016306667566,5.0,32.91380199880223,True,True
15.133999999999999,91.8088659267831,-111.73600595642772,0.02358057840109374,4.861277535457544,91.590404,-111.736911,5.0,9460,0.9756600660066007,-0.004172533958175412,-0.002300341266136652,0.019650360641,5.0,34.224240998810274,True,True
15.184999999999999,92.13944368264097,-111.72764697271677,0.026454114698212284,4.863434633729127,92.046663,-111.726448,5.0,9463,0.9759694719471947,-0.07262082527222731,0.00016573358059757126,0.020990560133,5.0,35.802481001155684,True,True
15.234,92.30469379747187,-111.72322940677901,0.02695510235548206,4.865985500584954,92.198514,-111.722479,5.0,9464,0.9760726072607261,-0.059295955468292354,-3.755052347020893e-05,0.021104828155,5.0,34.36498399969423,True,True
15.283999999999999,92.4700418138791,-111.71872125875952,0.027668657883942474,4.868969545966338,92.350379,-111.718423,5.0,9465,0.9761757425742574,-0.04593734076066989,0.0004276841623687133,0.021985203517,5.0,34.37389099963184,True,True
15.334999999999999,92.79888743450486,-111.70942270202303,0.031306992542316676,4.868705531118154,92.65234699999999,-111.71041799999999,5.0,9467,0.9763820132013201,-0.019119193434967718,-0.0024089537553164675,0.021981385992,5.0,35.78700199977902,True,True
15.386,92.96448353386849,-111.70413594303686,0.033406495618451604,4.873292704942265,92.804289,-111.705878,5.0,9468,0.9764851485148515,-0.006460791145853091,-6.767258242179608e-05,0.021737746783,5.0,36.51771700060635,True,True
15.433,93.29609654481258,-111.69224052111029,0.038059105962530135,4.882737496416686,93.108538,-111.69559199999999,5.0,9470,0.9766914191419142,-0.003615649203685208,-5.275217602074278e-05,0.019209493452,5.0,33.31092400003399,True,True
15.485,93.46177541831196,-111.6858516437036,0.03893460644342518,4.882159423150835,93.260888,-111.68991399999999,5.0,9471,0.9767945544554455,-0.003683514533180687,-0.00013334233627038117,0.018743673793,5.0,35.803812999802176,True,True
15.533999999999999,93.79327422114159,-111.67258625253565,0.04231319588256153,4.881363025653054,93.56532800000001,-111.677869,5.0,9473,0.9770008250825083,-0.004034409080035284,0.0013213657602917372,0.020793331494,5.0,34.25165199951152,True,True
15.584999999999999,93.95937498625216,-111.66509376616739,0.045992546240304494,4.921860240614766,93.71727299999999,-111.67160700000001,5.0,9474,0.9771039603960396,-0.004191102335637542,-0.0005757394234713331,0.019059207792,5.0,35.1562420000846,True,True
15.635,94.2915528679727,-111.64910009079107,0.05050457477953943,4.875121611341643,94.175069,-111.650732,5.0,9477,0.9774133663366337,-0.04948826316488023,0.0004825389426135196,0.015310080834,5.0,35.95614799996838,True,True
15.684,94.45710048483045,-111.64057899342139,0.05229331112045402,4.87586079682514,94.327062,-111.64316399999998,5.0,9478,0.977516501650165,-0.03600188371755311,-0.00020961183620604729,0.015164431796,5.0,34.24263600027189,True,True
15.732,94.78805318241555,-111.62307502082918,0.052993258914584444,4.877502277561402,94.630935,-111.627652,5.0,9480,0.9777227722772277,-0.009374056264445606,-0.0025573903089664007,0.015342151522,5.0,32.728947000578046,True,True
15.783999999999999,94.95389331015694,-111.61431512065316,0.05276903323747306,4.874321290397005,94.782916,-111.619964,5.0,9481,0.977825907590759,-0.0033684552712911478,-0.0022624926187808647,0.018002985103,5.0,34.33202300038829,True,True
15.835,95.28494025802188,-111.59631498689784,0.05539457908919272,4.8758181097498285,95.087328,-111.60410700000001,5.0,9483,0.9780321782178217,-0.002992026181552862,-0.0006345850150846211,0.019996822544,5.0,35.60284699960903,True,True
15.887999999999998,95.45036704969905,-111.58711045572369,0.05570060384785576,4.876468380875554,95.239369,-111.595854,5.0,9484,0.9781353135313532,-0.0030043279467160014,-0.0003532312869594101,0.020307626601,5.0,38.784894000855274,True,True
15.934999999999999,95.78006850809895,-111.56854250503419,0.05792946463779705,4.811281373450805,95.543257,-111.578779,5.0,9486,0.9783415841584159,-0.0032534838673333706,0.0008721696911959675,0.023004874374,5.0,35.67758700046397,True,True
15.983999999999998,95.94499316145411,-111.55934269402242,0.05997375864697195,4.878867408822481,95.845647,-111.56165800000001,5.0,9488,0.9785478547854786,-0.06593887328110577,-0.00017175965758253753,0.022247488905,5.0,34.51435399983893,True,True
16.035999999999998,96.2763256615355,-111.53885939649457,0.06491751472727639,4.884180644753745,96.149919,-111.54306399999999,5.0,9490,0.9787541254125413,-0.039804510677945444,0.0014959462503303378,0.021163344179,5.0,36.40854399964155,True,True
16.085,96.44216048659376,-111.52790737919929,0.06725199580338123,4.889897327518671,96.302256,-111.533271,5.0,9491,0.9788572607260726,-0.026525697507593548,0.00032944505798582213,0.018783215231,5.0,35.539029000574374,True,True
16.134999999999998,96.77376302791538,-111.50518249677893,0.0691324793022025,4.890750448199372,96.45472600000001,-111.52314799999999,5.0,9492,0.9789603960396039,-0.013436659463022246,-0.00033472542345691636,0.017758882815,5.0,35.511046000465285,True,True
16.184,96.93939171987262,-111.49353418199473,0.07152623874812424,4.889860219522492,96.75924300000001,-111.502352,5.0,9494,0.9791666666666666,-0.0038381379709446174,0.0002469273885141732,0.01914946381,5.0,35.447105999992345,True,True
16.236,97.10527070516909,-111.48135616590613,0.0751780707398343,4.891847370017439,96.911204,-111.491708,5.0,9495,0.979269801980198,-0.0038551478521609748,-0.00045344086930221295,0.018021781147,5.0,36.315147999630426,True,True
16.285,97.43784290864596,-111.45544415465841,0.07962925788591757,4.882053503718885,97.216756,-111.46918500000001,5.0,9497,0.9794760726072608,-0.003592234203539031,-0.001687559814666617,0.013826362044,5.0,35.69707299902802,True,True
16.334,97.60330723668874,-111.4420985218387,0.08128377554160808,4.88271394750242,97.369251,-111.457402,5.0,9498,0.9795792079207921,-0.003420089034399337,-0.0018740679499078539,0.01380079249,5.0,34.37709599893424,True,True
16.384,97.93406870060373,-111.41501295283128,0.08173556290747201,4.883502770679276,97.82520600000001,-111.421264,5.0,9501,0.9798886138613861,-0.05700578422031558,-0.0032189053785098842,0.014818791435,5.0,35.022522999497596,True,True
16.433,98.0997259588023,-111.40146972579731,0.08122778476318483,4.882012193016221,97.977308,-111.40928600000001,5.0,9502,0.9799917491749175,-0.043616911869264266,-0.0023998504295850154,0.017529304729,5.0,33.693970000967965,True,True
16.483999999999998,98.43068508430785,-111.3740425415248,0.08382377277851939,4.884053643656998,98.281666,-111.38461799999999,5.0,9504,0.9801980198019802,-0.016713946300575298,-0.0004227825844065336,0.019793760214,5.0,34.4907790004072,True,True
16.535,98.59607233880979,-111.3601230910473,0.08409732682795056,4.884796502831786,98.433592,-111.371991,5.0,9505,0.9803011551155115,-0.0035579462431689934,-0.0002391355660997796,0.019935375874,5.0,35.14161599923682,True,True
16.584,98.92647881555773,-111.33192700144272,0.08582238624458008,4.828774334183797,98.737473,-111.346249,5.0,9507,0.9805074257425742,-0.0019774475344838597,0.0010586167785535672,0.022516287285,5.0,34.41636000025028,True,True
16.636,99.09067009106023,-111.31826379236013,0.08785813853854106,4.887440575997567,98.889263,-111.33312600000001,5.0,9508,0.9806105610561056,-0.0019101862410417787,-0.0009313547466289762,0.022033942038,5.0,36.88797900031204,True,True
16.685,99.42193049860587,-111.28861655827308,0.09133986259171441,4.894648651540897,99.191788,-111.30706799999999,5.0,9510,0.9808168316831684,-0.002353050020844096,0.00024506920181766034,0.021202330753,5.0,35.61549100049888,True,True
16.733999999999998,99.58775574365853,-111.27329731163957,0.09346695563138467,4.898454824941854,99.496222,-111.279058,5.0,9512,0.981023102310231,-0.07490389319423583,0.002446003687438747,0.020283985498,5.0,34.022984000330325,True,True
16.784,99.91929279740704,-111.24174200308096,0.0959530510720345,4.900898461382137,99.80069300000001,-111.24993500000001,5.0,9514,0.9812293729372937,-0.047913840720846826,0.0010175283675302182,0.018824450109,5.0,34.480469999834895,True,True
16.835,100.08483119022861,-111.22560363434856,0.09839851024550317,4.899927901522702,99.95305,-111.23516699999999,5.0,9515,0.9813325082508251,-0.034391559900901425,0.0013454024034857959,0.019742571053,5.0,35.2874280015385,True,True
16.886,100.41733186986602,-111.1917755248404,0.10423142913790442,4.949078702786205,100.257285,-111.204825,5.0,9517,0.9815387788778878,-0.0077964887227759605,0.0007713696710340834,0.016188690125,5.0,36.16049900119833,True,True
16.934,100.58327535292237,-111.1742170920258,0.10617765376765298,4.8926221135747605,100.410331,-111.188879,5.0,9518,0.9816419141914191,-0.0036203554778748434,0.0006281217091950175,0.014875921864,5.0,34.244239001054666,True,True
16.986,100.91409399466264,-111.13840780430999,0.10939183447545234,4.893201880192706,100.562647,-111.17268700000001,5.0,9519,0.9817450495049505,-0.0037289269158126306,0.00038725716633258855,0.014600163215,5.0,36.7783950005105,True,True
17.035999999999998,101.07939240686024,-111.12022601502694,0.1101240829142619,4.893826891447973,100.86624499999999,-111.139867,5.0,9521,0.9819513201320133,-0.0037187636501925425,-0.0011947980125928126,0.014117474854,5.0,36.12413199880393,True,True
17.084,101.2449213971795,-111.10190396479645,0.11016904562223244,4.89238653673623,101.017995,-111.12337600000001,5.0,9522,0.9820544554455446,-0.0034589116916517023,-0.002224636899464727,0.015237800209,5.0,34.96957400056999,True,True
17.134999999999998,101.57566308581814,-111.06491308997455,0.11224891611680864,4.893330345262799,101.473674,-111.073803,5.0,9525,0.9823638613861386,-0.06408363710449319,-0.0013641948097902201,0.017319325034,5.0,35.49494599974423,True,True
17.186,101.7409238814738,-111.04630298092398,0.11210451371841554,4.894094678267915,101.62534000000001,-111.05695,5.0,9526,0.98246699669967,-0.05031109822470591,-0.0011795825518357006,0.017889383753,5.0,36.135623000518535,True,True
17.233999999999998,102.0714260185396,-111.00888793487525,0.11296239386674967,4.838705317578567,101.928713,-111.022925,5.0,9528,0.9826732673267327,-0.02297934733063764,0.0003852574455005531,0.021032463192,5.0,34.95027799908712,True,True
17.284,102.2350903324569,-110.99059046924545,0.11477382623987137,4.877831667897017,102.08020400000001,-111.005673,5.0,9529,0.982776402640264,-0.009348195803009485,-0.0011058149119156369,0.021362863994,5.0,34.77076299895998,True,True
17.334,102.56601326632165,-110.9522262792374,0.11734332286087189,4.9024966543993465,102.382548,-110.97133400000001,5.0,9531,0.9829826732673267,-0.0023313380119562477,0.001075427829522635,0.021004374186,5.0,34.79875500124763,True,True
17.384,102.73165655892046,-110.93259054751178,0.1191875910253864,4.907676217396665,102.53446,-110.953333,5.0,9532,0.983085808580858,-0.0026730419412902087,0.0015427726608643333,0.020528149285,5.0,34.97242999947048,True,True
17.435,103.06293183378851,-110.89249164313878,0.12143903374335167,4.909472577519993,102.838616,-110.91649699999999,5.0,9534,0.9832920792079208,-0.0033800675296011403,0.000752912347989465,0.01953482137,5.0,35.1390010000614,True,True
17.485,103.22842296643078,-110.87214574011874,0.12382438152358323,4.909569285702934,102.99027199999999,-110.897916,5.0,9535,0.9833952145214522,-0.00356232194663085,0.0012314002146656122,0.020414567926,5.0,35.34812199904991,True,True
17.535,103.56024509479684,-110.82976170521144,0.12944490671634717,4.936945109079054,103.445782,-110.840781,5.0,9538,0.9837046204620462,-0.052726527147089766,0.001529105374519002,0.017371939919,5.0,35.48235199923511,True,True
17.584,103.72637343956913,-110.80808604834489,0.1311705664122514,4.9019865914409415,103.59849200000001,-110.82086299999999,5.0,9539,0.9838077557755776,-0.03926846969338518,0.0011732713724037502,0.016036273942,5.0,35.17789299985452,True,True
17.634999999999998,104.05674062521902,-110.7640388293677,0.13391533316414883,4.900276756065195,103.90196,-110.78053100000001,5.0,9541,0.9840140264026402,-0.011788427114857265,0.0003745762303744016,0.015827121971,5.0,35.6057030003285,True,True
17.683,104.22179377349723,-110.74183388107993,0.1338807043745559,4.9000183906964905,104.053342,-110.760225,5.0,9542,0.9841171617161716,-0.004232448243354737,-0.00046242186715117484,0.016268427153,5.0,33.70462999919255,True,True
17.735,104.5521474526862,-110.69723949073843,0.1346531661696252,4.916866799426119,104.356348,-110.719558,5.0,9544,0.9843234323432343,-0.004130977055879309,2.4894362599336972e-05,0.020453341553,5.0,35.42085699882591,True,True
17.785,104.71706485750775,-110.67488154265465,0.13558665095842823,4.896001067505934,104.507587,-110.699198,5.0,9545,0.9844265676567657,-0.00407771972997911,-7.892132929399054e-06,0.020446324653,5.0,35.30881799997587,True,True
17.835,105.04673067665972,-110.62982315914302,0.13622842560328688,4.896796690304009,104.65894300000001,-110.67856699999999,5.0,9546,0.9845297029702971,-0.004260980974939839,0.0004264128007536172,0.020811912567,5.0,35.64152000035392,True,True
17.881999999999998,105.21161394721312,-110.60713767310833,0.13734492450430114,4.898705388540299,105.112303,-110.615999,5.0,9549,0.9848391089108911,-0.06701370728629444,0.002395747249705593,0.023322639899,5.0,32.85867900012818,True,True
17.935,105.37492999864786,-110.5845344805226,0.1398043684083869,4.853359030231545,105.26309099999999,-110.594815,5.0,9550,0.9849422442244224,-0.052931420122233765,0.0005052847074420441,0.02312605915,5.0,35.20108699922275,True,True
17.983999999999998,105.70450188562081,-110.53773109201623,0.14422164946904523,4.901508322191878,105.56430300000001,-110.55259,5.0,9552,0.9851485148514851,-0.026273665233729128,0.001680547873302185,0.020764927448,5.0,34.72932499971648,True,True
18.032999999999998,105.86952680697453,-110.51360566639646,0.14651426557274222,4.907123392982808,105.71556100000001,-110.53058300000001,5.0,9553,0.9852516501650165,-0.01316811415216613,0.0013577825786472708,0.01925175165,5.0,34.19427500011807,True,True
18.084,106.19943993654785,-110.46443221592526,0.14910337240624233,4.907918357622868,106.018231,-110.485767,5.0,9555,0.9854579207920792,-0.005837299744367187,1.2234774919406277e-05,0.017317368301,5.0,34.777245000441326,True,True
18.134,106.3641464698664,-110.43950402589749,0.15156253432542302,4.907147676128503,106.169501,-110.46298600000001,5.0,9556,0.9855610561056105,-0.005917925144268428,0.0008707011751587501,0.018254574662,5.0,34.538909001639695,True,True
18.184,106.69428412173443,-110.38794336075946,0.15728150551379222,4.955498140717554,106.4718,-110.41698899999999,5.0,9558,0.9857673267326733,-0.005930982135420544,-0.0015641137448714204,0.014491792073,5.0,34.766585000397754,True,True
18.235,106.85996933129088,-110.36160332662398,0.15908358811095472,4.903690361244156,106.623143,-110.39339,5.0,9559,0.9858704620462047,-0.005773230398213945,-0.001227680893654881,0.013177626606,5.0,35.89984300015203,True,True
18.285,107.18889322277344,-110.30836884103535,0.16178008854011286,4.899613522062285,107.0773,-110.320591,5.0,9562,0.9861798679867987,-0.054798858815625816,1.0121345519475966e-05,0.013057468546,5.0,35.0388330007263,True,True
18.336,107.35318056498015,-110.2815315111984,0.1624613853285439,4.897642134037263,107.227985,-110.29615700000001,5.0,9563,0.98628300330033,-0.04095480567898381,-0.0012183619838421755,0.01341476436,5.0,37.01594899939664,True,True
18.383,107.6819932689779,-110.22752186785142,0.1633792393214943,4.916230352555889,107.52958000000001,-110.247482,5.0,9565,0.9864892739273927,-0.013790580338111938,-0.0022297166739542185,0.015872031095,5.0,33.26744200057874,True,True
18.434,107.84613652405963,-110.20048788002929,0.16374861777358718,4.89293768165691,107.680272,-110.22306599999999,5.0,9566,0.9865924092409241,-0.00467388275714165,-0.0027104764274961113,0.016088724657,5.0,34.19793200009735,True,True
18.485,108.17422601359671,-110.14641934714967,0.16290990997054347,4.893694197105958,107.981264,-110.174109,5.0,9568,0.9867986798679867,-0.0039785294553290555,-0.0014452182209372388,0.019075790606,5.0,35.28587600158062,True,True
18.535,108.33835928350419,-110.11944600082148,0.16304050475477105,4.895782996357956,108.13172,-110.149524,5.0,9569,0.9869018151815182,-0.0038047826046952366,-0.0007721528343695994,0.020764748582,5.0,35.84505000071658,True,True
18.585,108.66510074142299,-110.06555803344517,0.16623513243067484,4.8952862851100685,108.432377,-110.09998200000001,5.0,9571,0.9871080858085809,-0.003754458533498541,-0.0016533394457951545,0.021140699292,5.0,35.256148999906145,True,True
18.631999999999998,108.82934931379297,-110.03792241177445,0.16782415141929702,4.899264428128633,108.732376,-110.05026799999999,5.0,9573,0.9873143564356436,-0.06899090910662597,0.001418080370623187,0.020297685551,5.0,32.955631000731955,True,True
18.686999999999998,109.15786621527828,-109.98186253768,0.17143993122881568,4.880189501217456,108.88304099999999,-110.024615,5.0,9574,0.9874174917491749,-0.05531622163423244,0.001776965938452335,0.01951534868,5.0,37.22227400066913,True,True
18.732,109.32212937493725,-109.95323841350611,0.17250949873521743,4.9056873854322545,109.184348,-109.97262099999999,5.0,9576,0.9876237623762376,-0.02804801135087547,0.0004976070635267504,0.017868688861,5.0,32.44639900003676,True,True
18.785,109.4861653230038,-109.92443984245399,0.17485483040983135,4.905594748586524,109.335094,-109.94633,5.0,9577,0.987726897689769,-0.014690394146825977,0.0005060956593130328,0.01803812137,5.0,35.40346499903535,True,True
18.833,109.81486471254354,-109.8655626532744,0.17959730878850083,4.912640214314771,109.636179,-109.893149,5.0,9579,0.9879331683168316,-0.004569662396708134,1.7578085330871573e-05,0.015144095065,5.0,33.570077999684145,True,True
18.884999999999998,109.97999808662833,-109.83539682822547,0.18128490361558808,4.935121173290472,109.786955,-109.865953,5.0,9580,0.988036303630363,-0.004646681247905917,0.00025153013737444496,0.014367100284,5.0,35.18513699964387,True,True
18.934,110.30787023641838,-109.77490570981804,0.18355694078767146,4.898818606490145,110.088998,-109.81043999999999,5.0,9582,0.9882425742574258,-0.004904059097135083,0.000330912369770342,0.014599068499,5.0,34.90399199836247,True,True
18.983,110.47155432668164,-109.74453594755127,0.18371788393655114,4.898476359560003,110.239157,-109.782595,5.0,9583,0.9883457095709571,-0.004982612473159023,-9.680091406005786e-05,0.015477976458,5.0,33.76802900129405,True,True
19.035,110.79918960669659,-109.68363684707224,0.18392374913054596,4.915297766213257,110.68960600000001,-109.699202,5.0,9586,0.9886551155115512,-0.05617213791727571,0.00026573640860538816,0.021006090014,5.0,35.81794900128443,True,True
19.083,110.96274492426325,-109.65324253460294,0.1842582169177385,4.893374661134023,110.839776,-109.671297,5.0,9587,0.9887582508250825,-0.04242083388083857,0.00013733111644320672,0.021704687618,5.0,34.04412400050205,True,True
19.134999999999998,111.2896924771538,-109.59253321891873,0.18342511825733188,4.893342511958926,111.13943300000001,-109.615393,5.0,9589,0.9889645214521452,-0.015180140643827703,0.0008423699946185081,0.026520062332,5.0,35.20350100006908,True,True
19.184,111.4532085887921,-109.56214399883363,0.18411963074648574,4.895075392720096,111.28926200000001,-109.58747,5.0,9590,0.9890676567656765,-0.005081485648802213,0.0009263996789430351,0.02817199458,5.0,34.90721700109134,True,True
19.237,111.77875162460732,-109.50134028930378,0.18815822050102016,4.892515643570725,111.58866299999998,-109.531351,5.0,9592,0.9892739273927392,-0.005152219135331397,-0.0012188585887487058,0.0298572359,5.0,37.29923799983226,True,True
19.284,111.94228153185792,-109.47006825303505,0.1902352342727237,4.897435319610837,111.737727,-109.50381499999999,5.0,9593,0.9893770627062707,-0.0052594957335868565,-0.0025289475314069776,0.028534526558,5.0,34.78572099993471,True,True
19.334,112.26938996805221,-109.40637233365545,0.19543482554628228,4.878288868399041,112.03759299999999,-109.446322,5.0,9595,0.9895833333333334,-0.0052777609674633475,-0.0015171402500291364,0.027709299733,5.0,34.159500000896514,True,True
19.387999999999998,112.43289317671811,-109.37381009736994,0.19725771026176386,4.904900293957281,112.33745900000001,-109.387653,5.0,9597,0.9897896039603961,-0.07059608036438629,-0.0007082099678643594,0.027462912207,5.0,38.47143799976038,True,True
19.434,112.75960631849038,-109.30747149794814,0.2037675183363621,4.907533925682713,112.636987,-109.32806000000001,5.0,9599,0.9899958745874587,-0.04282985859052734,-0.0009818511237966732,0.026628162819,5.0,34.84428999945521,True,True
19.483999999999998,112.92308926480834,-109.27344378665816,0.20701917494507516,4.911784081982445,112.786837,-109.297354,5.0,9600,0.9900990099009901,-0.029049505679256297,0.0003466788028934076,0.025595171581,5.0,34.389109001494944,True,True
19.535,113.250600797105,-109.20360852966026,0.21252883203560116,4.89972983693766,112.936663,-109.266028,5.0,9601,0.9902021452145214,-0.015467390821095354,0.001620643924872489,0.024572343322,5.0,35.835532000419335,True,True
19.584,113.41337680506875,-109.16834387024785,0.21439406174210662,4.898459373179642,113.236749,-109.20133899999999,5.0,9603,0.9904084158415841,-0.00518694122492686,0.0022643277951965857,0.024228333392,5.0,34.5006879997527,True,True
19.636,113.57603858271081,-109.1329056844097,0.21494497195087245,4.898546487563845,113.385847,-109.16860700000001,5.0,9604,0.9905115511551155,-0.005682152659441799,0.002379736442534419,0.025252579538,5.0,36.21317799843382,True,True
19.686999999999998,113.90150272403413,-109.06174823396186,0.21567414690036796,4.918018783769834,113.684137,-109.10268,5.0,9606,0.9907178217821783,-0.006712481722720874,0.003736751041830466,0.031932700868,5.0,37.34149699994305,True,True
19.735,114.06405266778329,-109.02615052084842,0.2163974106452899,4.894580018343972,113.83301999999999,-109.06951399999998,5.0,9607,0.9908209570957096,-0.007454082346357159,0.004559638916261655,0.033401682347,5.0,35.95084799962933,True,True
19.788,114.38889664094654,-108.95467999396057,0.21721054023842173,4.894532140626417,114.279016,-108.96849399999999,5.0,9610,0.9911303630363036,-0.05694149497278278,0.008102122226741226,0.039790387636,5.0,38.51017100168974,True,True
19.837,114.55131559274571,-108.91870236674856,0.21885410921518503,4.896284975244266,114.427442,-108.93450700000001,5.0,9611,0.991233498349835,-0.043505107629940164,0.008763096143798332,0.041138588651,5.0,37.18916199977684,True,True
19.884999999999998,114.87469542548753,-108.84629490494642,0.22468050538056955,4.867180304993572,114.724112,-108.86566,5.0,9613,0.9914397689768977,-0.01970148784563165,0.008014866301059964,0.0431679399,5.0,35.85863599982986,True,True
19.934,115.03689529965156,-108.80913297952429,0.22792914990763485,4.898285705426613,114.87126799999999,-108.8314,5.0,9614,0.991542904290429,-0.015284156464635134,0.007198051691873264,0.04111952139,5.0,34.79012900061207,True,True
19.988,115.36134589429008,-108.73285344217035,0.23515317563265764,4.875095418636355,115.167759,-108.75981000000002,5.0,9616,0.9917491749174917,-0.018636371588146777,0.009106187625416595,0.039868011104,5.0,38.51577199930034,True,True
20.034,115.52335096310101,-108.69364699821602,0.23891003307605757,4.905996970337773,115.31608200000001,-108.72314899999999,5.0,9617,0.991852310231023,-0.020368404256043953,0.00819838493694558,0.038562772766,5.0,34.66212899911625,True,True
20.086,115.8471323222012,-108.61353536586543,0.24691971258487955,4.909908392576654,115.611972,-108.64873,5.0,9619,0.9920585808580858,-0.023185953338407273,0.006031070928176785,0.036323974495,5.0,36.16757300005702,True,True
20.133,116.00908839402415,-108.57239013246313,0.25082679432143584,4.915633860463771,115.907793,-108.57243000000001,5.0,9621,0.9922648514851485,-0.07327597787774003,0.010369394955900724,0.035356482008,5.0,33.79852599937294,True,True
20.186,116.33380532050072,-108.48784813103651,0.258206433640624,4.915568327550426,116.20385900000001,-108.49305600000001,5.0,9623,0.9924711221122112,-0.04966558662325242,0.010814562276148187,0.033784129726,5.0,36.79218999968725,True,True
20.235,116.49504188337285,-108.4449962683569,0.261297932860525,4.908049800617885,116.35203999999999,-108.452598,5.0,9624,0.9925742574257426,-0.03968721802461101,0.00979056449570459,0.03376777435,5.0,35.33480599980976,True,True
20.288,116.81749000240771,-108.35809017428478,0.26531118589965286,4.910260034424396,116.646124,-108.371152,5.0,9626,0.9927805280528053,-0.03214633650153973,0.0075886874768111845,0.035374346379,5.0,38.563210000575054,True,True
20.337,116.97841170919114,-108.3141295888906,0.26846919631448424,4.910307300892348,116.793299,-108.330152,5.0,9627,0.9928836633663366,-0.033424963513608415,0.00700291370234396,0.037503571324,5.0,37.29022099832946,True,True
20.391,117.30023206215681,-108.22462197599087,0.2740704320869736,4.91352080750223,116.940096,-108.28906,5.0,9628,0.9929867986798679,-0.03453855425424211,0.005607736892070836,0.037470431244,5.0,41.512763000355335,True,True
20.436999999999998,117.46096425127897,-108.17922515950207,0.2764433422743566,4.916204609840813,117.233574,-108.2059,5.0,9630,0.9931930693069307,-0.03632452837946198,0.0036842882315495373,0.038713949472,5.0,37.728520001110155,True,True
20.488,117.78234165095596,-108.08708081745065,0.28229085362414214,4.922327474552769,117.38006899999999,-108.16401599999999,5.0,9631,0.9932962046204621,-0.03696234693202431,0.0027253475018689244,0.039544807114,5.0,38.77522600123484,True,True
20.535999999999998,117.94182822235288,-108.04062458866467,0.28573300317622646,4.85439257482094,117.819313,-108.03676000000002,5.0,9634,0.9936056105610561,-0.062442496098704024,0.002104431032578624,0.039871333013,5.0,36.32524699969508,True,True
20.586,118.10186349721359,-107.99394704643714,0.2891986955035037,4.922664979094093,117.96427299999999,-107.99436100000001,5.0,9635,0.9937087458745875,-0.05142069310852262,0.0009553471364709409,0.039352161094,5.0,36.46434699840029,True,True
20.634,118.42270709862457,-107.89751141277148,0.2955375290306381,4.904134730201909,118.25666799999999,-107.906626,5.0,9637,0.9939150165016502,-0.03975214514665964,0.0034233514109045515,0.03913536935,5.0,34.64987600091263,True,True
20.685,118.58284359570192,-107.84832142165371,0.2998578414846765,4.9303193462435715,118.402918,-107.861818,5.0,9638,0.9940181518151815,-0.03994455000916141,0.0029474596479377446,0.039002626316,5.0,35.74019400002726,True,True
20.736,118.90268926339158,-107.7484107839415,0.30568851650369067,4.931641315370957,118.69503200000001,-107.771024,5.0,9640,0.9942244224422442,-0.04065226023923995,0.000981708338755105,0.036660145913,5.0,36.4182819994312,True,True
20.785999999999998,119.06258560790005,-107.69772457761667,0.30840856344287876,4.932251084710912,118.84076999999999,-107.724934,5.0,9641,0.9943275577557755,-0.041317132042141144,0.0031433193771044365,0.038362135772,5.0,36.12108600100328,True,True
20.836,119.38303582946553,-107.5947494054536,0.31424571610563656,4.962878510108691,119.277776,-107.58196000000001,5.0,9644,0.9946369636963697,-0.08513575700937327,0.01206178263567459,0.039717481251,5.0,36.47301400087599,True,True
20.887999999999998,119.54216403448746,-107.5428220263569,0.3166467305958876,4.913142086513677,119.42393899999999,-107.532794,5.0,9645,0.994740099009901,-0.07423975770900418,0.011873386011360232,0.039711598759,5.0,38.38988600000448,True,True
20.936999999999998,119.85951618671415,-107.43816754311943,0.3210994805779038,4.913148245363731,119.71305900000002,-107.43415800000001,5.0,9647,0.9949463696369637,-0.057780761732164544,0.011599663177483066,0.042856795977,5.0,37.99741299917514,True,True
20.988,120.01765995625425,-107.38532536139347,0.32394841946346764,4.9053525860507055,119.857564,-107.38451,5.0,9648,0.995049504950495,-0.05369304393103607,0.010508298738826305,0.043967279433,5.0,39.08512500129291,True,True
21.038999999999998,120.33337637733182,-107.27817663916602,0.331171156482747,4.903450265970343,120.145923,-107.28468500000001,5.0,9650,0.9952557755775577,-0.054504903095712584,0.007825975393059181,0.045174545358,5.0,39.52134099927207,True,True
21.087,120.49080497250452,-107.22367556526721,0.3353756431863883,4.902916088423704,120.289826,-107.23443700000001,5.0,9651,0.9953589108910891,-0.05569291998203212,0.00555134585327588,0.044355958896,5.0,37.44782600006147,True,True
21.139,120.80513385213409,-107.1126504515376,0.3440804837930137,4.906966640058261,120.577405,-107.13328600000001,5.0,9653,0.9955651815181518,-0.05682207416288164,0.0005261229290960401,0.043024656255,5.0,39.36540899849206,True,True
21.186999999999998,120.96157027871888,-107.05618360680891,0.34911298198219964,4.80603410725967,120.72111799999999,-107.08228899999999,5.0,9654,0.9956683168316832,-0.056889085877322276,-0.0017903409302335582,0.041596907691,5.0,37.82692400091037,True,True
21.233999999999998,121.11687157721603,-106.99949246046873,0.35403286027030745,4.913715595047376,121.00724,-106.97953999999999,5.0,9656,0.9958745874587459,-0.08921864102628137,-0.0016743444013314068,0.039650347307,5.0,34.58423400115862,True,True
21.285999999999998,121.42985169145756,-106.88225922774119,0.36274454488998703,4.916994575867244,121.29428700000001,-106.874498,5.0,9658,0.9960808580858086,-0.06992109646026455,-0.004333996150172048,0.036950181537,5.0,36.475638999036164,True,True
21.335,121.58600508093062,-106.82277225670614,0.3657707515896575,4.917609427573781,121.43780100000001,-106.82122199999999,5.0,9659,0.9961839933993399,-0.06155269837004414,-0.005570330848044147,0.036385748426,5.0,35.61389800051984,True,True
21.384999999999998,121.89780600114376,-106.70184552159925,0.3752075143048241,4.918415390583339,121.724373,-106.71321699999999,5.0,9661,0.9963902640264026,-0.05251649037127561,-0.005978790346885088,0.036930157291,5.0,35.446786001557484,True,True
21.436999999999998,122.05337723485675,-106.64019720930071,0.3796279796745244,4.923082599111747,121.867269,-106.65855400000001,5.0,9662,0.996493399339934,-0.051404752918135475,-0.007515172953541871,0.034593956574,5.0,37.92511800020293,True,True
21.487,122.36460340067555,-106.51467037179253,0.3874523307078301,4.987212800538813,122.153002,-106.547103,5.0,9664,0.9966996699669967,-0.04917906254573919,-0.007417727772389693,0.032909285439,5.0,37.50418100025854,True,True
21.538,122.5199603783598,-106.45092994661879,0.3911592248288849,4.910965281810062,122.29565900000001,-106.490378,5.0,9665,0.996802805280528,-0.04826615178968672,-0.006995346276216896,0.032688580768,5.0,38.42681500100298,True,True
21.584,122.82794667814831,-106.32264404644711,0.3981806916639591,4.912211853822137,122.72215800000001,-106.31693,5.0,9668,0.9971122112211221,-0.08492651854680222,-0.0030184320993149605,0.031939441779,5.0,34.9016969994409,True,True
21.636,122.9814879412133,-106.25765998969891,0.40249606480152555,4.899880393683671,122.86341399999999,-106.258338,5.0,9669,0.9972153465346535,-0.07343839955356736,-0.0030928413702970836,0.031780909666,5.0,36.334033000457566,True,True
21.684,123.28749235730473,-106.12589204208267,0.41024843487877577,4.899849038382576,123.14486000000001,-106.139725,5.0,9671,0.9974216171617162,-0.05338553878484736,-0.004544422836593842,0.028515248242,5.0,34.18306400089932,True,True
21.733,123.44006249266833,-106.05929833411366,0.4127178323349963,4.89879465913131,123.285472,-106.079645,5.0,9672,0.9975247524752475,-0.04629115190870645,-0.0049347841841029805,0.028447376618,5.0,33.70885799995449,True,True
21.785999999999998,123.74484341740593,-105.92505239467067,0.4169252098128426,4.902061884980608,123.565933,-105.958402,5.0,9674,0.9977310231023102,-0.04173830657277528,-0.004475903735729148,0.029894708438,5.0,36.537994999889634,True,True
21.835,123.89713570940879,-105.85742475844403,0.41899277513350563,4.904893515251991,123.706047,-105.897227,5.0,9675,0.9978341584158416,-0.041097423006219984,-0.0037659844272388554,0.031445302571,5.0,35.7926819997374,True,True
21.886,124.19967892610171,-105.72174160527891,0.4234449100515407,4.904895179731224,123.98494099999999,-105.773909,5.0,9677,0.9980404290429042,-0.04043405740515774,-0.0012539299927269987,0.034612086966,5.0,36.93796200059296,True,True
21.938,124.35173489824011,-105.65293698607752,0.4260086083067029,4.910598749869577,124.12438600000002,-105.711469,5.0,9678,0.9981435643564357,-0.04032317852949831,-0.0010658739230668957,0.035309807036,5.0,39.4639330006612,True,True
22.0,124.65542602718378,-105.51397588003806,0.4324304301235348,4.914865976952222,124.542928,-105.521032,5.0,9681,0.9984529702970297,-0.07403497381089139,0.003334596937359713,0.022366081084,5.0,50.5016520000936,True,True
22.048,124.80687444119322,-105.44375127282377,0.4353554522716957,4.892917566574301,124.682195,-105.45644399999999,5.0,9682,0.9985561056105611,-0.06345466985455109,0.003256163338563489,-0.18990060478,5.0,48.22046799927193,True,True
22.088,125.10988260781002,-105.3025539725596,0.43834695559961606,4.91770582539503,124.820973,-105.39159599999999,5.0,9683,0.9986592409240924,-0.05402723242728027,0.002723957371751684,-0.19215645628,5.0,38.76697099985904,True,True
22.159,125.41370485579878,-105.15971931330498,0.440219831306604,4.916887212107247,125.09869499999999,-105.26065,5.0,9685,0.9988655115511551,-0.04337171295656112,0.005094396397053114,0.22727428372,5.0,59.38407199937501,True,True
22.209,125.56463072619515,-105.08859487395658,0.43995439601468767,4.9075653607835,125.376718,-105.127799,5.0,9687,0.9990717821782178,-0.04481460501178051,0.007758840105468678,-0.18751565817,5.0,50.375105000057374,True,True
