t,x,y,yaw,speed_measured,x_ref,y_ref,speed_ref,path_index,progress,cte,heading_error,steering_cmd,speed_cmd,compute_time_ms,did_compute,controller_success
0.0,33.4,-92.9,-0.7207000000000001,4.850876019097093e-18,32.934173,-93.47543,5.0,9047,0.9330651815181518,0.7403218250829543,0.04777350821222104,-0.20943951023931956,5.0,0.08865600102581084,True,True
0.04999999999999999,33.39999052406908,-92.89999117264338,-0.7206997307104918,0.005006617998296512,32.934173,-93.47543,5.0,9047,0.9330651815181518,0.7403228314693181,0.04777323892271301,-0.4188790204786391,5.0,0.0816530009615235,True,True
0.10000000000000003,33.4000092079584,-92.90000784784773,-0.72069992260699,8.491330500815102e-05,32.934173,-93.47543,5.0,9047,0.9330651815181518,0.7403214182566096,0.047773430819210816,-0.49114308086814795,5.0,0.10157000360777602,True,True
0.15000000000000002,33.40001151722293,-92.90000987564333,-0.7207001608369924,8.361501536148012e-05,32.934173,-93.47543,5.0,9047,0.9330651815181518,0.7403212695679015,0.04777366904921365,-0.4911428563576187,5.0,0.09757299994817004,True,True
0.2,33.39999043777938,-92.89999123690599,-0.7207000958431422,0.0009846170545270933,32.934173,-93.47543,5.0,9047,0.9330651815181518,0.7403227274537422,0.04777360405536335,-0.4907386497528773,5.0,0.07927800470497459,True,True
0.25000000000000006,33.39998953553861,-92.89999043169885,-0.7207001178811419,0.0009688679848220584,32.934173,-93.47543,5.0,9047,0.9330651815181518,0.7403227956703051,0.047773626093362775,-0.4907458257245786,5.0,0.09978599700843915,True,True
0.3,33.399986546091114,-92.89998777617089,-0.7207001261269341,0.0009382622331199059,32.934173,-93.47543,5.0,9047,0.9330651815181518,0.7403230119842007,0.04777363433915527,-0.49076000084289195,5.0,0.07824600470485166,True,True
0.35000000000000003,33.39998447210174,-92.8999859395035,-0.7207001251656899,0.0009233711759756883,32.934173,-93.47543,5.0,9047,0.9330651815181518,0.7403231576286902,0.04777363337791085,-0.4907669839765548,5.0,0.10273200314259157,True,True
0.39999999999999997,33.399979199601084,-92.89998127933745,-0.7207001387597292,0.0008943886777673968,32.934173,-93.47543,5.0,9047,0.9330651815181518,0.7403235208332846,0.04777364697195008,-0.4907806899808126,5.0,0.10153999755857512,True,True
0.45,33.399976014758906,-92.89997846743157,-0.7207001463139197,0.0008802881485725356,32.934173,-93.47543,5.0,9047,0.9330651815181518,0.7403237378342593,0.047773654526140685,-0.49078743122081947,5.0,0.17158000264316797,True,True
0.5,33.39996837184883,-92.89997214585081,-0.7206986743991005,0.0008527153974398401,32.934173,-93.47543,5.0,9047,0.9330651815181518,0.7403239249741451,0.04777218261132177,-0.4908038638235105,5.0,0.09990599937736988,True,True
0.55,33.39996432265521,-92.8999681691082,-0.7207006877304551,0.0008391683175732044,32.934173,-93.47543,5.0,9047,0.9330651815181518,0.740324515181227,0.04777419594267629,-0.4908062099457733,5.0,0.08316500316141173,True,True
0.6000000000000001,33.40022696196377,-92.90019089927529,-0.7207263213156193,0.04885085769929781,32.934173,-93.47543,5.0,9047,0.9330651815181518,0.7403137833717335,0.047799829527840565,-0.46976755856037256,5.0,0.0990049957181327,True,True
0.6499999999999999,33.40286924514548,-92.90251278358916,-0.7208268003688795,0.15951093408247752,32.934173,-93.47543,5.0,9047,0.9330651815181518,0.7401423529009844,0.047900308581100504,-0.42595562398303827,5.0,0.10481500066816807,True,True
0.7,33.40829718110611,-92.90728236050502,-0.7210490867587112,0.2666166046922833,32.934173,-93.47543,5.0,9047,0.9330651815181518,0.739790328330089,0.0481225949709323,-0.38872008167805266,5.0,0.0983339996309951,True,True
0.75,33.42711189703793,-92.92384133019358,-0.7222497866014027,0.4696426231533155,32.934173,-93.47543,5.0,9047,0.9330651815181518,0.7385495304279174,0.04932329481362352,-0.3283411742831719,5.0,0.09410599886905402,True,True
0.8,33.44016934764937,-92.93534857232643,-0.7226928216783072,0.546584906756959,32.934173,-93.47543,5.0,9047,0.9330651815181518,0.7376764551193649,0.049766329890528205,-0.30865130511984235,5.0,0.09908499487210065,True,True
0.8499999999999999,33.47152553733746,-92.96286399982336,-0.7251613351287978,0.7032885158656687,33.052184000000004,-93.569346,5.0,9048,0.9331683168316832,0.7373382815742056,0.05592430401731674,-0.27001475886318216,5.0,0.0814420054666698,True,True
0.8999999999999999,33.49078300654391,-92.98001404374627,-0.7269979246668881,0.8107468648754219,33.052184000000004,-93.569346,5.0,9048,0.9331683168316832,0.7346300042900148,0.057760893555407034,-0.2479021968698643,5.0,0.09851499635260552,True,True
0.95,33.535374668084806,-93.01999098556286,-0.7345253953573027,0.9699233885452265,33.052184000000004,-93.569346,5.0,9048,0.9331683168316832,0.7305055026910757,0.06528836424582174,-0.2056144330492351,5.0,0.09827400208450854,True,True
1.0,33.560926849448975,-93.04311564435271,-0.7377174825204169,1.0562938999489104,33.052184000000004,-93.569346,5.0,9048,0.9331683168316832,0.7281190279292705,0.06848045140893566,-0.18688565789891687,5.0,0.08103199797915295,True,True
1.05,33.61747252996069,-93.09505202448388,-0.7470313445303922,1.209713021373451,33.169982,-93.661958,5.0,9049,0.9332714521452146,0.7222351785639195,0.08155682095678163,-0.14924975780335062,5.0,0.09814400254981592,True,True
1.0999999999999999,33.64867877303728,-93.12392676270423,-0.7494824070864734,1.2950954501187941,33.169982,-93.661958,5.0,9049,0.9332714521452146,0.7187559151623553,0.08400788351286259,-0.13360439679047728,5.0,0.10433499846840277,True,True
1.15,33.71584394095445,-93.1864057107694,-0.7574050864834948,1.4012251066729666,33.288132,-93.754545,5.0,9050,0.9333745874587459,0.7111397586989924,0.09257661260156969,-0.10623298056546773,5.0,0.09985700307879597,True,True
1.2,33.75146188658496,-93.22032134192453,-0.75980231647575,1.4918417062693843,33.288132,-93.754545,5.0,9050,0.9333745874587459,0.7062905156533504,0.09497384259382535,-0.09099052928693713,5.0,0.09424600284546614,True,True
1.25,33.8273279737099,-93.29259441317409,-0.7636654045573773,1.5919234276185086,33.406313,-93.847211,5.0,9051,0.9334777227722773,0.6963139855484572,0.09961867180967632,-0.07067888284857274,5.0,0.07628299499629065,True,True
1.3,33.866967116138035,-93.33069359163721,-0.767608484021516,1.6434769340454678,33.406313,-93.847211,5.0,9051,0.9334777227722773,0.6906236138326295,0.10356175127381473,-0.05683765920604453,5.0,0.1004879959509708,True,True
1.3499999999999999,33.949522437210604,-93.41108910525708,-0.7768971339862099,1.7481912398523498,33.524688,-93.939676,5.0,9052,0.9335808580858086,0.6780693270247478,0.11458148689381975,-0.027441572991061314,5.0,0.09861400030786172,True,True
1.4,33.99245898172858,-93.4535152679169,-0.7819697435369347,1.8030399021547723,33.524688,-93.939676,5.0,9052,0.9335808580858086,0.6709685888798649,0.1196540964445445,-0.012530380767742988,5.0,0.09957599831977859,True,True
1.45,34.081649877261746,-93.54302791275555,-0.792365174925244,1.9144062609636812,33.643235,-94.031968,5.0,9053,0.9336839933993399,0.6550623270845534,0.1315685871283505,0.018528242726008115,5.0,0.08148200140567496,True,True
1.5,34.12790215057522,-93.59017008474288,-0.7973710235513868,1.9717195813104773,33.761978000000006,-94.12414100000001,5.0,9054,0.9337871287128713,0.6473217301425352,0.13884276437943432,0.032515954857556595,5.0,0.08442700345767662,True,True
1.55,34.17530784350112,-93.63893325941089,-0.8013678857945494,2.0293993607657628,33.761978000000006,-94.12414100000001,5.0,9054,0.9337871287128713,0.6366389799360975,0.14283962662259686,0.04667011258784022,5.0,0.09828399925027043,True,True
1.5999999999999999,34.27356225096039,-93.74103573366011,-0.8075233959436066,2.1386423812655697,33.880936,-94.215889,5.0,9055,0.9338902640264026,0.6156962912444816,0.15278403812433217,0.0698736822206549,5.0,0.10062799992738292,True,True
1.65,34.32438948192304,-93.79428966813177,-0.8097531954694096,2.1926554301969916,34.000335,-94.30713,5.0,9056,0.933993399339934,0.6066436460106795,0.15887880371123675,0.07985477011202646,5.0,0.09937599679687992,True,True
1.7,34.42967661700009,-93.9050039073211,-0.8112801102655147,2.3183357449493123,34.120124,-94.398051,5.0,9057,0.9340965346534653,0.5821668646451079,0.16289111807443746,0.09618217691497345,5.0,0.10208099411102012,True,True
1.7499999999999998,34.48383227203022,-93.96223505575523,-0.8122849865078143,2.3270279866618915,34.120124,-94.398051,5.0,9057,0.9340965346534653,0.5669921079677712,0.16389599431673707,0.10298593680703802,5.0,0.10020699846791103,True,True
1.8,34.59554788826109,-94.07947858111423,-0.8062305637630777,2.4337738695176485,34.24047,-94.489072,5.0,9058,0.9341996699669967,0.5408552328511793,0.1589192748915682,0.10798405144326316,5.0,0.09542800398776308,True,True
1.8499999999999999,34.65348002210213,-94.13966557299386,-0.8017157360557451,2.4956432461498244,34.360640000000004,-94.579874,5.0,9059,0.934302805280528,0.5287142307069053,0.15440943964785792,0.10726179609271849,5.0,0.0993249996099621,True,True
1.9000000000000001,34.773179034642204,-94.26194762855773,-0.792037287233693,2.5627132411427445,34.479834999999994,-94.670023,5.0,9060,0.9344059405940595,0.5025696284475548,0.1448934507981221,0.1063487607880873,5.0,0.10070799908135086,True,True
1.95,34.834990473250166,-94.32432630878488,-0.7878635940274201,2.6088923861752815,34.599365999999996,-94.760281,5.0,9061,0.9345090759075908,0.49555563278697506,0.14144707084143793,0.10812228593552572,5.0,0.1015900052152574,True,True
1.9999999999999998,34.961338325221945,-94.45024328286839,-0.7779114752332066,2.666933702656075,34.718590999999996,-94.85018000000001,5.0,9062,0.9346122112211221,0.46784147059920933,0.13312188495288346,0.10453467299311511,5.0,0.09747200238052756,True,True
2.0500000000000003,35.02669483763184,-94.5141333060092,-0.7691805083132964,2.7062701049661024,34.718590999999996,-94.85018000000001,5.0,9062,0.9346122112211221,0.45369995752073067,0.1243909180329732,0.09864541841249679,5.0,0.09782300185179338,True,True
2.1,35.162563742839936,-94.64334071226743,-0.7527373708255672,2.8020305667033605,34.958356,-95.0294,5.0,9064,0.9348184818481848,0.4367408566648596,0.11377475523603708,0.08774158342661008,5.0,0.09741199755808339,True,True
2.1500000000000004,35.23283267936002,-94.70868800012074,-0.7453483007844692,2.8445782073918444,34.958356,-95.0294,5.0,9064,0.9348184818481848,0.4210897433757746,0.10638568519493896,0.0853621226979471,5.0,0.09842399595072493,True,True
2.2,35.37827704498203,-94.84111321716945,-0.7328368231112438,2.9398445051240563,35.199332,-95.207504,5.0,9066,0.9350247524752475,0.40775425793828757,0.09861014201723872,0.0785385249161042,5.0,0.0991749984677881,True,True
2.25,35.45328912213142,-94.90824561594358,-0.7271488637134823,2.983501105389618,35.199332,-95.207504,5.0,9066,0.9350247524752475,0.3915153815112934,0.09292218261947749,0.07583798123478432,5.0,0.09959599992725998,True,True
2.3000000000000003,35.607796385841894,-95.04435641587085,-0.7176396535445745,3.071974309436217,35.441594,-95.384826,5.0,9068,0.9352310231023102,0.37887038783285154,0.0879276545350276,0.07010598780217252,5.0,0.09819400293054059,True,True
2.35,35.68716620981351,-95.11331906863592,-0.7131280447831713,3.114382662049173,35.441594,-95.384826,5.0,9068,0.9352310231023102,0.36401932409447557,0.0834160457736246,0.06692476391335904,5.0,0.10217099770670757,True,True
2.4000000000000004,35.76730119948196,-95.18301508295136,-0.7081866715189429,3.172659571801586,35.563344,-95.473387,5.0,9069,0.9353341584158416,0.35484417626759834,0.08017223886776836,0.06254559612264048,5.0,0.10774100519483909,True,True
2.45,35.93075686306599,-95.3228663156632,-0.7006756232513232,3.1922376679340942,35.684101,-95.560905,5.0,9070,0.9354372937293729,0.337274338933407,0.07529411755420945,0.0600932963369708,5.0,0.08399700163863599,True,True
2.5,36.014444466631666,-95.39316680075548,-0.6968053652310283,3.2331526257787546,35.805278,-95.64807900000001,5.0,9071,0.9355404290429042,0.3289925467854254,0.07517839307108254,0.059113305478910305,5.0,0.10263099829899147,True,True
2.5500000000000003,36.1856295117033,-95.53510374198954,-0.6892289940420302,3.3086619665799555,36.049278,-95.821738,5.0,9073,0.935746699669967,0.31741287404416374,0.07270394993001972,0.05759194612277458,5.0,0.09944599878508598,True,True
2.6,36.27306912699183,-95.60679965546589,-0.6856181779743649,3.343342935476884,36.049278,-95.821738,5.0,9073,0.935746699669967,0.3047089337936953,0.06909313386235416,0.05760954018649177,5.0,0.09968599624698982,True,True
2.6500000000000004,36.451392625230575,-95.75157783557634,-0.6785820558800787,3.413077070952907,36.294256,-95.994434,5.0,9075,0.9359529702970297,0.28925946067056346,0.0687845564993883,0.054267420908140615,5.0,0.09561800106894225,True,True
2.7,36.54228615184103,-95.82461012815611,-0.6751466521761136,3.4469313941739728,36.417396000000004,-96.079971,5.0,9076,0.9360561056105611,0.28426523687525956,0.06984277236623049,0.05456387713937515,5.0,0.0799490007921122,True,True
2.75,36.72749053460556,-95.9718762873414,-0.6684630152256211,3.513251527157876,36.540925,-96.16511700000001,5.0,9077,0.9361592409240924,0.26489259908462026,0.0660296319577669,0.052554109540716876,5.0,0.13354999828152359,True,True
2.8000000000000003,36.821869596872496,-96.04607260771446,-0.6650978021341004,3.5739873602552077,36.664683000000004,-96.250034,5.0,9078,0.9362623762376238,0.2570848408320797,0.06461803896859042,0.053425621776038226,5.0,0.09395500092068687,True,True
2.85,37.01328958044077,-96.19562818312096,-0.6605848452771174,3.5970382502091613,36.912752000000005,-96.41981899999999,5.0,9080,0.9364686468646864,0.24570170421421617,0.06029007926789465,0.05451361140439602,5.0,0.09967599908122793,True,True
2.9000000000000004,37.109581367165035,-96.2704561246528,-0.6582285825413927,3.570038709963359,37.036164,-96.50421,5.0,9081,0.9365717821782178,0.2450122120247929,0.05870993625279164,0.054226622391185364,5.0,0.09776299702934921,True,True
2.95,37.30425148203151,-96.42050860947826,-0.6549941573009387,3.6292955449613444,37.159335999999996,-96.588342,5.0,9082,0.9366749174917491,0.22030808514633315,0.05609115012353927,0.05569365198409304,5.0,0.1643069990677759,True,True
3.0,37.402898496112854,-96.49566191276627,-0.6482224795038164,3.6609378408636246,37.282787,-96.672537,5.0,9083,0.9367780528052805,0.21380245702653455,0.05132587725565241,0.04920081075261233,5.0,0.15816500672372058,True,True
3.0500000000000003,37.60360907808636,-96.64596104958713,-0.6373358949937947,3.7132206406353854,37.530642,-96.839927,5.0,9085,0.9369843234323433,0.2072365421542014,0.04567048070243063,0.04491165758806984,5.0,0.09946600039256737,True,True
3.1,37.7056370665868,-96.72112979231122,-0.63181609948403,3.738620781304487,37.654959000000005,-96.92327,5.0,9086,0.9370874587458746,0.20839608920860575,0.04214246180169523,0.04330628814266342,5.0,0.09906500054057688,True,True
3.1500000000000004,37.912795885942,-96.87152249111745,-0.6240087872883914,3.7910730903181085,37.779496,-97.006431,5.0,9087,0.937190594059406,0.18616846562090572,0.03595527572701762,0.04268175861282088,5.0,0.08246400102507323,True,True
3.2,38.01787552436231,-96.94685637302479,-0.6199370268896649,3.8163412626420423,37.904269,-97.089495,5.0,9088,0.9372937293729373,0.18168593625066368,0.03271853770463018,0.0385345197165563,5.0,0.10098799975821748,True,True
3.25,38.123981387315276,-97.02231041937048,-0.6164381947332664,3.8531290734420804,38.029492,-97.172812,5.0,9089,0.9373968646864687,0.17770472725056372,0.030755903263905093,0.033566713488360544,5.0,0.10194100468652323,True,True
3.3000000000000003,38.33821155444032,-97.17290757041901,-0.6082406001344128,3.8635104551520865,38.279334000000006,-97.337129,5.0,9091,0.9376031353135313,0.17445699857127123,0.028303718441732073,0.02945061498365364,5.0,0.0981740013230592,True,True
3.35,38.445944267592346,-97.2475496825819,-0.6055230656641301,3.8846110205954827,38.404046,-97.418952,5.0,9092,0.9377062706270627,0.1764489139766369,0.02655453338365632,0.02821428607733526,5.0,0.09525800123810768,True,True
3.4000000000000004,38.664663444227514,-97.39829758929272,-0.6012044797365643,3.9268824378573584,38.529576,-97.500711,5.0,9093,0.937809405940594,0.15955662570967752,0.023778971776216906,0.028914211833749873,5.0,0.09582900383975357,True,True
3.45,38.77519003179724,-97.47391316821063,-0.5980771784206814,3.9476864430413974,38.655107,-97.58251700000001,5.0,9094,0.9379125412541254,0.15651186485101504,0.020993789595108225,0.027838982705851546,5.0,0.09664100070949644,True,True
3.5,38.99887348332079,-97.62486323194413,-0.5898381360372769,3.98943413796366,38.906801,-97.745525,5.0,9096,0.9381188118811881,0.15124095800631232,0.019603211466588277,0.021446868460633747,5.0,0.10035699961008504,True,True
3.5500000000000003,39.11194050164716,-97.7003909611281,-0.5879331381181785,4.01052181652388,39.033291999999996,-97.826183,5.0,9097,0.9382219471947195,0.1483550600919822,0.021708837099982503,0.020300262665075102,5.0,0.12825899466406554,True,True
3.6,39.34027664989594,-97.8518818291878,-0.583428246566236,4.050766801323766,39.287158000000005,-97.986475,5.0,9099,0.9384282178217822,0.1446959315117317,0.023633806324669493,0.018596706414489093,5.0,0.09548800153424963,True,True
3.6500000000000004,39.455876208240795,-97.92797191096707,-0.5813045554903088,4.075727469097832,39.414963,-98.066249,5.0,9100,0.9385313531353136,0.1442027876289992,0.021954434706609405,0.022069500763007625,5.0,0.0789279947639443,True,True
3.7,39.68697437891292,-98.08016563927363,-0.5820918116656417,4.082834185472178,39.668546,-98.225139,5.0,9102,0.9387376237623762,0.1461399345478706,0.023924647338519733,0.028591749944655694,5.0,0.09932600369211286,True,True
3.75,39.80265677091726,-98.15610152869841,-0.5823089163488003,4.078710293300028,39.795010999999995,-98.303997,5.0,9103,0.9388407590759076,0.14809297162403098,0.025201490715571317,0.030671670568363008,5.0,0.07883700163802132,True,True
3.8,40.0362778494775,-98.30857695356273,-0.5759061270628074,4.12091586482598,39.921956,-98.382995,5.0,9104,0.9389438943894389,0.12344742747940093,0.020437272641035342,0.02534216410768862,5.0,0.09788300667423755,True,True
3.8500000000000005,40.15409675066735,-98.38492876955098,-0.5741047901324927,4.13717907280086,40.049136,-98.461721,5.0,9105,0.9390470297029703,0.12044629966049356,0.020770907272548822,0.02662141609613647,5.0,0.09545800276100636,True,True
3.9000000000000004,40.39159596888451,-98.53785556022753,-0.5699995831269643,4.17060207880874,40.304111,-98.618583,5.0,9107,0.939253300330033,0.11451745425172322,0.020159988676799134,0.028854427345219757,5.0,0.07650299812667072,True,True
3.95,40.51125014214561,-98.61443202053381,-0.5679450243213654,4.188415314612145,40.431926000000004,-98.696774,5.0,9108,0.9393564356435643,0.11159537091570365,0.019749780452670063,0.028149918612644376,5.0,0.07906799874035642,True,True
4.0,40.75290280269127,-98.76795679862745,-0.5634502423037833,4.214535668762849,40.688594,-98.853029,5.0,9110,0.9395627062706271,0.10606666656783813,0.018680940726443218,0.02424625901407694,5.0,0.08917699597077444,True,True
4.05,40.87441682612968,-98.84429860770935,-0.5603280357794583,4.23498275263031,40.816981,-98.930548,5.0,9111,0.9396658415841584,0.10350973477158702,0.01840972483962844,0.022891519888911326,5.0,0.09820300329010934,True,True
4.1000000000000005,40.99566719851408,-98.91971476920749,-0.5560268895286387,4.167393187798828,40.944743,-99.00724100000001,5.0,9112,0.9397689768976898,0.10126260450455697,0.016065844914802785,0.01930620683512816,5.0,0.08528899343218654,True,True
4.15,41.24030390926687,-99.07122843182731,-0.5546641476695424,4.2523029205931655,41.20117,-99.160536,5.0,9114,0.9399752475247525,0.09750540799066856,0.016494680128451122,0.021577198346117533,5.0,0.09798300015972927,True,True
4.2,41.36341009351249,-99.14748685006485,-0.5545243707470854,4.265637909058028,41.329714,-99.237243,5.0,9115,0.9400783828382838,0.09587279681528284,0.016569510655024988,0.022715839025942597,5.0,0.10171999747399241,True,True
4.25,41.61100848161158,-99.3004978947798,-0.5503806172513066,4.290335339647051,41.5872,-99.39061600000001,5.0,9117,0.9402846534653465,0.09321006750952454,0.015760234468823686,0.017128645310339252,5.0,0.09588900138624012,True,True
4.3,41.73565673645078,-99.37665362558592,-0.5458774919835335,4.3042072109946625,41.716312,-99.46673299999999,5.0,9118,0.9403877887788779,0.09213312391958146,0.01470361062330916,0.019928922482697856,5.0,0.10181999823544174,True,True
4.3500000000000005,41.98680847079923,-99.52883213141692,-0.5426078129243571,4.3334321539908895,41.975415000000005,-99.618166,5.0,9120,0.9405940594059405,0.09005748859962912,0.015029101359494312,0.021180203409366556,5.0,0.10031699639512226,True,True
4.4,42.11355164185922,-99.6050634140411,-0.540514320101984,4.363455911831009,42.10545,-99.693832,5.0,9121,0.940697194719472,0.08913752550950783,0.012942286776997936,0.02159313507744449,5.0,0.07988900324562564,True,True
4.45,42.366068635800396,-99.75728395710681,-0.5418075672934172,4.300015892974472,42.363875,-99.844012,5.0,9123,0.9409034653465347,0.08675578056884374,0.01774351568905974,0.02872012630997189,5.0,0.09849399793893099,True,True
4.5,42.492544104475876,-99.83302201128222,-0.5390839272860463,4.353434136528577,42.493435,-99.918782,5.0,9124,0.941006600660066,0.08576461601212167,0.017117223656855973,0.02611629011182827,5.0,0.08433800394413993,True,True
4.55,42.74775670923829,-99.98462550088635,-0.5337677984368633,4.376611525343224,42.753454,-100.067539,5.0,9126,0.9412128712871287,0.08310900948327887,0.015701473126910948,0.019231680310669498,5.0,0.09564900392433628,True,True
4.6000000000000005,42.876112339394474,-100.06029499803527,-0.5316388886466576,4.387785525157932,42.883720000000004,-100.141666,5.0,9127,0.9413160066006601,0.08172586163897186,0.014962261517439845,0.018177601596231968,5.0,0.08974799857242033,True,True
4.65,43.13442892925999,-100.21146997759944,-0.5283918797507636,4.413002362511265,43.144923,-100.28992,5.0,9129,0.9415222772277227,0.07914879364427888,0.011279377151499848,0.022111084558190476,5.0,0.09703099931357428,True,True
4.7,43.2642011697473,-100.28719077796771,-0.5289807680319571,4.425353901822591,43.275632,-100.364369,5.0,9130,0.9416254125412541,0.07802013737703307,0.012765178524894782,0.024674811800513376,5.0,0.08889700256986544,True,True
4.75,43.52494221895154,-100.43914894553778,-0.5259598771098225,4.4568093826528905,43.537657,-100.512043,5.0,9132,0.9418316831683168,0.07399465408427972,0.015047901503185912,0.024018316465749083,5.0,0.09914600377669558,True,True
4.8,43.65492202950942,-100.5142816400761,-0.5223006334028287,4.424243796132874,43.667452000000004,-100.58465600000001,5.0,9133,0.9419348184818482,0.07148112125025713,0.013400036698952622,0.022406867208932982,5.0,0.09354400390293449,True,True
4.8500000000000005,43.915932520060004,-100.66403164641851,-0.519092884026805,4.446138075627867,43.928764,-100.72990300000001,5.0,9135,0.9421410891089109,0.06710947846697589,0.011839321865353192,0.02379837723230544,5.0,0.07928800187073648,True,True
4.9,44.04734509013737,-100.7390786436321,-0.5186790309977656,4.455447071825135,44.059613,-100.802686,5.0,9136,0.9422442244224423,0.06477960633185532,0.010624858309435048,0.02588420506926357,5.0,0.08206300117308274,True,True
4.95,44.17906777791753,-100.81423649304752,-0.5182287544009841,4.4662229657502195,44.190449,-100.87561099999999,5.0,9137,0.9423473597359736,0.06242084843824174,0.009580522856873053,0.027732575544198116,5.0,0.09947600483428687,True,True
5.0,44.44382232122212,-100.9642894270053,-0.5107253080289221,4.482139496466363,44.452502,-101.021361,5.0,9139,0.9425536303630363,0.057727820570126265,0.006652047156678442,0.023568207049368455,5.0,0.08418799552600831,True,True
5.05,44.57703027509388,-101.03867179183986,-0.5074746717532557,4.49266878940059,44.584039000000004,-101.09352700000001,5.0,9140,0.9426567656765676,0.05530114001630453,0.006627617407196418,0.022238130573186226,5.0,0.10995499906130135,True,True
5.1000000000000005,44.84475805128672,-101.18713461663609,-0.5044165533186885,4.479129202707955,44.847282,-101.237289,5.0,9142,0.9428630363036303,0.050217850289733496,0.004720501185031978,0.01518905574415406,5.0,0.10152900358662009,True,True
5.15,44.97845350766563,-101.26137682934333,-0.5041221808503863,4.505050227300875,44.978806,-101.30906800000001,5.0,9143,0.9429661716171617,0.04769247329977817,0.005991295683678732,0.017653091058331356,5.0,0.09751300240168348,True,True
5.2,45.24682854842667,-101.40856585594588,-0.49929759591503603,4.514812260871884,45.241615,-101.451164,5.0,9145,0.9431724422442245,0.04291599892875834,0.005705419414359092,0.014897071704570981,5.0,0.07960899529280141,True,True
5.25,45.38177783980281,-101.48200271004316,-0.49744543485819015,4.522336252144198,45.373496,-101.521939,5.0,9146,0.9432755775577558,0.04078597952772814,0.0058464439807215385,0.01552563671705044,5.0,0.10042800568044186,True,True
5.3,45.65274391747311,-101.62850566277724,-0.49391661419251714,4.53874988056152,45.637833,-101.66285699999999,5.0,9148,0.9434818481848185,0.03744796161182365,0.00574007201163429,0.020448433840195377,5.0,0.08263499330496415,True,True
5.3500000000000005,45.78890358608206,-101.70171027057746,-0.4929860165213529,4.549650494768254,45.77035,-101.733108,5.0,9149,0.9435849834983498,0.036426523582636455,0.006784429033178441,0.021613432734762253,5.0,0.08264400094049051,True,True
5.4,46.06217200023304,-101.84833823585343,-0.4913958650730877,4.572580513193965,46.036341,-101.872986,5.0,9151,0.9437912541254125,0.033796975177060325,0.009457658489916199,0.0379910964874078,5.0,0.08113100193440914,True,True
5.45,46.19889819623465,-101.92127399811535,-0.48918748892680003,4.581027021711307,46.169297,-101.942297,5.0,9152,0.9438943894389439,0.03228099812396268,0.009985714583194305,0.03346743412135169,5.0,0.08092200005194172,True,True
5.5,46.471918854374195,-102.06577764798239,-0.48215257913575027,4.514957714467682,46.434874,-102.079657,5.0,9154,0.9441006600660066,0.029270638487027944,0.006530312446891173,0.021529401816857405,5.0,0.11599699791986495,True,True
5.55,46.609038227430254,-102.13753282507653,-0.48059124058629943,4.562899192611448,46.567659,-102.147855,5.0,9155,0.9442037953795379,0.028038262063180906,0.0068792912570723175,0.03037249213491205,5.0,0.0948369997786358,True,True
5.6000000000000005,46.88471533002106,-102.28093590390544,-0.4787015484753401,4.577747204668897,46.83442,-102.284375,5.0,9157,0.9444100660066007,0.025957392138013426,0.005855550450382996,0.030645488258315447,5.0,0.09182099893223494,True,True
5.65,47.02304199164164,-102.35255444684697,-0.4758954406410682,4.582497879368093,46.968021,-102.35268,5.0,9158,0.9445132013201321,0.025004810325006118,0.004846641190326739,0.028703395235444438,5.0,0.09698099893284962,True,True
5.7,47.3011823741305,-102.49408884844314,-0.46535767257614385,4.597357287940321,47.236148,-102.487959,5.0,9160,0.9447194719471947,0.023569309577003136,0.0012712257057625465,0.021106860628738927,5.0,0.09993700223276392,True,True
5.75,47.441149612474334,-102.56414029791263,-0.46230550377768215,4.606708241986044,47.370698,-102.555145,5.0,9161,0.9448226072607261,0.023386283074443164,-0.0005182437587825106,0.01998813206917359,5.0,0.09844399755820632,True,True
5.8,47.58094673395999,-102.63377790025851,-0.4596903096977092,4.594427742518366,47.505236,-102.622226,5.0,9162,0.9449257425742574,0.02312149186534544,-0.0006226986476414176,0.01828625456000791,5.0,0.09241299994755536,True,True
5.8500000000000005,47.86209668069052,-102.77184244412297,-0.45720133376851213,4.599102656704785,47.908434,-102.822216,5.0,9165,0.9452351485148515,0.06844444676147915,-0.0022085066410837406,0.02049610186050621,5.0,0.08033100311877206,True,True
5.9,48.00267725963935,-102.84066755766928,-0.4540305636752363,4.606803715945724,48.042998,-102.888524,5.0,9166,0.9453382838283828,0.06257796078320997,-0.002335848433409282,0.018321802701856765,5.0,0.09581900667399168,True,True
5.95,48.284840672048276,-102.97768612323256,-0.45020307756164823,4.618793838638412,48.313035,-103.020169,5.0,9168,0.9455445544554455,0.05098739988552644,-0.0011657441269159463,0.019160961404657124,5.0,0.09846400644164532,True,True
6.0,48.42635475999156,-103.04595059054257,-0.44846969732968156,4.624077441709053,48.448370000000004,-103.085614,5.0,9169,0.945647689768977,0.045363607026087424,-0.001462078700832592,0.02085593958658376,5.0,0.10421500337542966,True,True
6.05,48.71006352699312,-103.18244174769599,-0.4482554378953098,4.640490118150505,48.719885,-103.216208,5.0,9171,0.9458539603960396,0.03516562421858337,0.002045303225450823,0.025559484950229732,5.0,0.09695199696579948,True,True
6.1000000000000005,48.85277579565739,-103.251003605397,-0.4468242016073083,4.642816589181683,48.856297,-103.281301,5.0,9172,0.945957095709571,0.030501327835884585,0.003553319529109533,0.041100484645861385,5.0,0.11631700181169435,True,True
6.15,49.138204661458076,-103.38683229249031,-0.4419521669962036,4.6496858778601755,49.129142,-103.410092,5.0,9174,0.9461633663366337,0.02496288897824557,0.0020604664641474812,0.013012498971881246,5.0,0.09819299884838983,True,True
6.2,49.279893591209024,-103.4537781954155,-0.4383009561519098,4.591749175336005,49.264376,-103.4736,5.0,9175,0.946266501650165,0.02452366086429591,0.0005280511743004368,0.012444373692514284,5.0,0.09665099787525833,True,True
6.25,49.5658970878784,-103.58737577232237,-0.4345846621956201,4.653992312676221,49.537052,-103.60047,5.0,9177,0.9464727722772277,0.024003669649816872,0.0004971355512837228,0.014404734440495486,5.0,0.1002870048978366,True,True
6.3,49.709569019026105,-103.6539417900088,-0.43312966700300304,4.660901036481823,49.673856,-103.663826,5.0,9178,0.946575907590759,0.02391149006153317,0.0005818070354344229,0.015562095497971148,5.0,0.08295500447275117,True,True
6.3500000000000005,49.99810170773401,-103.78630579564411,-0.42554474966039185,4.673298450069528,49.948301,-103.789485,5.0,9180,0.9467821782178217,0.023419011141628625,-0.0005085746636686039,0.014000579176468441,5.0,0.09247299749404192,True,True
6.4,50.14303968889328,-103.85183688957056,-0.4233388252931382,4.680650843405561,50.08602,-103.851772,5.0,9181,0.9468853135313532,0.023335254024633354,-0.00041763134462913243,0.015589078375813586,5.0,0.0993249996099621,True,True
6.45,50.43334471815056,-103.9820259313608,-0.41999564144983453,4.685778609729336,50.361453999999995,-103.975593,5.0,9183,0.9470915841584159,0.02336713750793095,-0.0005573327497878644,0.016325653015789133,5.0,0.09744199633132666,True,True
6.5,50.579441686190805,-104.04716151405049,-0.4209005764917037,4.644269482830485,50.637508000000004,-104.098558,5.0,9185,0.9472978547854786,0.07754544195081116,0.0016505219186013775,0.01987318498001241,5.0,0.09697100176708773,True,True
6.55,50.86966294457853,-104.17616920537003,-0.41652713810986225,4.683143727207686,50.913026,-104.221023,5.0,9187,0.9475041254125413,0.06238763874513501,0.00039940023339868347,0.02003547352233551,5.0,0.09679099457571283,True,True
6.6000000000000005,51.01544180219711,-104.24046598399855,-0.4143206648531734,4.688912336034423,51.051152,-104.281888,5.0,9188,0.9476072607260726,0.05469005061933937,2.5276951183705876e-05,0.020263937173561713,5.0,0.10127899440703914,True,True
6.65,51.16153835688277,-104.30453107883415,-0.41224713315757266,4.694840537273891,51.189405,-104.34255999999999,5.0,9189,0.9477103960396039,0.04714603529100969,-0.000756024351591833,0.021182966899482673,5.0,0.10150000161956996,True,True
6.7,51.45456683847719,-104.43208156323996,-0.40907812854420966,4.707006253806833,51.466529,-104.463563,5.0,9191,0.9479166666666666,0.03367750241294159,-0.001088410067911827,0.023927936425039834,5.0,0.10076799662783742,True,True
6.75,51.60157186099433,-104.49594954292249,-0.40859638226466216,4.752844451121012,51.605824,-104.52401,5.0,9192,0.948019801980198,0.02838080227059445,0.000680365393577187,0.026323914308912462,5.0,0.1122190005844459,True,True
6.8,51.89636265533135,-104.62272183271502,-0.4039091960486064,4.713340248873299,51.884506,-104.643539,5.0,9194,0.9482260726072608,0.02379772561378102,0.0007388513377906136,0.013699279686484737,5.0,0.09871400106931105,True,True
6.8500000000000005,52.04377921865019,-104.68553014803683,-0.40177064112386424,4.717093823520318,52.023782000000004,-104.702816,5.0,9195,0.9483292079207921,0.023727125652003994,-0.00021750781724971802,0.014655472921102055,5.0,0.1005770027404651,True,True
6.9,52.337321205169445,-104.80964043922326,-0.3957927977541007,4.714043894306627,52.301076,-104.820095,5.0,9197,0.9485354785478548,0.02363419884449258,-0.0016759463924826967,0.01560591764854364,5.0,0.09796299855224788,True,True
6.95,52.48534921674091,-104.87133417515933,-0.393920732329447,4.719957310260988,52.440711,-104.878518,5.0,9198,0.9486386138613861,0.023792275015648696,-0.0015095529803761387,0.016976319625847298,5.0,0.08106099994620308,True,True
7.0,52.78253396739849,-104.993794806501,-0.3867730743918594,4.731128488559261,52.720797999999995,-104.994607,5.0,9200,0.9488448844884488,0.024143781991152625,-0.003157902829049597,0.01611573349909745,5.0,0.10889300028793514,True,True
7.05,52.93169193885626,-105.05439311592094,-0.3844316818658913,4.736385438483278,52.86124,-105.052109,5.0,9201,0.9489480198019802,0.024399491060919033,-0.0028098006270416143,0.017082516228142372,5.0,0.10694999946281314,True,True
7.1000000000000005,53.230611422311746,-105.17450069473841,-0.3791738717462868,4.72315228953489,53.283274,-105.22233999999999,5.0,9204,0.9492574257425742,0.07114735565487634,-0.0018036095138111996,0.016041905352623342,5.0,0.08186299965018407,True,True
7.15,53.38076844825475,-105.2341258262818,-0.38010300469117086,4.774104072878056,53.424622,-105.278893,5.0,9205,0.9493605610561056,0.0626676459059123,0.00012953567719753423,0.018785594693680113,5.0,0.09856399992713705,True,True
7.2,53.680179461679714,-105.35332396171296,-0.37818465100266724,4.738221906977322,53.705829,-105.39086499999999,5.0,9207,0.9495668316831684,0.04546678316872936,0.0007815240987030236,0.02209394369160204,5.0,0.08963700383901596,True,True
7.25,53.8300505325846,-105.41268855197409,-0.37615601503154394,4.743994528675925,53.846776,-105.446554,5.0,9208,0.9496699669966997,0.03777048888034,0.0009717528858219637,0.022068577004667318,5.0,0.10026699601439759,True,True
7.3,54.13059606259638,-105.53078171803419,-0.3725743951984375,4.754719528319491,54.12935600000001,-105.55719099999999,5.0,9210,0.9498762376237624,0.02643837985187296,0.0011232563743472923,0.023952625889027166,5.0,0.09892500384012237,True,True
7.3500000000000005,54.281218799126925,-105.58954035527871,-0.3706581955884447,4.760827287575326,54.2709,-105.61219399999999,5.0,9211,0.9499793729372937,0.024850266701363016,0.0009589481555036805,0.013692383825260238,5.0,0.0984940052148886,True,True
7.4,54.58389047152571,-105.70650706083451,-0.36606432587126086,4.764270283918414,54.555096999999996,-105.721718,5.0,9213,0.9501856435643564,0.024463375045815215,0.000646079842523406,0.015390699421581933,5.0,0.0988950050668791,True,True
7.45,54.735513656877785,-105.76425365065268,-0.36375830933685976,4.79737288016579,54.697224,-105.775851,5.0,9214,0.9502887788778878,0.02440227704854493,0.000858463704742185,0.015238918820562433,5.0,0.0876440026331693,True,True
7.5,54.88716278546773,-105.82189119174564,-0.36174551563159385,4.771695219854768,54.839721999999995,-105.82979499999999,5.0,9215,0.9503919141914191,0.024103938959810653,0.0008650635417608576,0.0163769304458976,5.0,0.08208300278056413,True,True
7.55,55.18905872577882,-105.93585956426841,-0.35763652808107405,4.770888099550694,55.122814,-105.936311,5.0,9217,0.9505981848184818,0.023518559150452277,-0.0003516258271329953,0.019365585447800256,5.0,0.09644000238040462,True,True
7.6000000000000005,55.34115443907284,-105.99254881771925,-0.35615096218539966,4.776725631421355,55.265268999999996,-105.989301,5.0,9218,0.9507013201320133,0.02328865874177437,0.0008906720956272096,0.020787629485120022,5.0,0.09835299715632573,True,True
7.65,55.646160945339844,-106.10553388455155,-0.3527528762709657,4.788468852678548,55.694325,-106.146892,5.0,9221,0.9510107260726073,0.06348440654801331,0.004624199355952374,0.0212570418970766,5.0,0.08241400064434856,True,True
7.7,55.79913974388578,-106.16161542820124,-0.349469034908632,4.7932157369904855,55.837875,-106.19878,5.0,9222,0.9511138613861386,0.053680773683122705,0.0037797236066254847,0.019715131173224088,5.0,0.09727099677547812,True,True
7.750000000000001,56.10580116987715,-106.27271472978737,-0.3443396404842126,4.750638675355335,56.125011,-106.30166799999999,5.0,9224,0.9513201320132013,0.0347463585049455,0.0018681417047829996,0.018936011908365382,5.0,0.08131199865601957,True,True
7.8,56.25918027707137,-106.32769021939272,-0.3445214035827982,4.80059853488712,56.2688,-106.352747,5.0,9225,0.9514232673267327,0.02683992033565887,0.00331811477184063,0.022175399072755293,5.0,0.08920700201997533,True,True
7.8500000000000005,56.56686767721192,-106.43764777325174,-0.34239014988058947,4.791734711073209,56.55653,-106.454756,5.0,9227,0.9516295379537953,0.01956889412206464,0.003140898696348593,0.03943346920379851,5.0,0.09730199963087216,True,True
7.8999999999999995,56.72046347367713,-106.49220752776803,-0.3402989483893592,4.79640811479882,56.700078000000005,-106.50523799999999,5.0,9228,0.9517326732673267,0.01902381152785347,0.0031959297664290176,0.03742065403718256,5.0,0.09991700062528253,True,True
7.95,57.02841333849772,-106.60051672915162,-0.33561095904750143,4.803864681086691,56.987609,-106.60543999999999,5.0,9230,0.9519389438943895,0.018018310432444482,0.0014314362310536843,0.033721949071619954,5.0,0.10111899609910324,True,True
8.0,57.18270925713842,-106.65409654987947,-0.33233540444518384,4.80924958201042,57.131562,-106.65535,5.0,9231,0.9520420792079208,0.017859224682703283,-0.0005720783191551781,0.030705377024599287,5.0,0.09529799717711285,True,True
8.049999999999999,57.49283351881907,-106.76010842337453,-0.32554167950334123,4.815410495200293,57.420364,-106.754792,5.0,9233,0.9522483498349835,0.0182967586191113,-0.00391840513971653,0.0186725670935724,5.0,0.0993859939626418,True,True
8.1,57.64797499620528,-106.81214773183903,-0.3220180127165457,4.8184312853988835,57.709817,-106.85285400000001,5.0,9235,0.9524546204620462,0.07403670509240477,-0.0027411984289313907,0.017722966955499117,5.0,0.0983440040727146,True,True
8.149999999999999,57.95933804951549,-106.9149321299104,-0.31614800388278835,4.8234239458218475,57.998993999999996,-106.94944199999999,5.0,9237,0.9526608910891089,0.05256924521457769,-0.005349628120599803,0.014868102705146572,5.0,0.09556899749441072,True,True
8.2,58.11337427618141,-106.96546063248194,-0.3130760312441304,4.796789835159666,58.14273000000001,-106.997437,5.0,9238,0.9527640264026402,0.04340790942402534,-0.006438231980498088,0.01308766801237588,5.0,0.08425699343206361,True,True
8.25,58.425560304262454,-107.06615173641578,-0.31000742860145863,4.830138001897427,58.433351,-107.09244199999999,5.0,9240,0.9529702970297029,0.027420300862728637,-0.00413050157831929,0.010562942019288141,5.0,0.08463799895253032,True,True
8.299999999999999,58.582093664430346,-107.1161946308683,-0.3086394796441878,4.836984156099044,58.579071,-107.139627,5.0,9241,0.9530734323432343,0.023626519493624227,-0.0033225081512706645,0.009386365786531233,5.0,0.08506800077157095,True,True
8.35,58.738935447999005,-107.16608008090911,-0.3066034467874943,4.841274072991534,58.725048,-107.18651200000001,5.0,9242,0.9531765676567657,0.023684797185720596,-0.003091549955077877,0.007849965761701438,5.0,0.09113000123761594,True,True
8.399999999999999,59.05328470292892,-107.26513026344995,-0.3037572592962916,4.81323872545332,59.01763199999999,-107.27949199999999,5.0,9244,0.9533828382838284,0.024409846551117675,-0.0022110306519920186,0.0023297337841155646,5.0,0.08383699605474249,True,True
8.45,59.21025375210504,-107.31437573314584,-0.30473527185527965,4.847654162906651,59.163478000000005,-107.325433,5.0,9245,0.9534859735973598,0.024545836118044,0.00023319377733299618,0.006587557567748455,5.0,0.15210399578791112,True,True
8.5,59.525495242907006,-107.41321556225297,-0.3040877395926489,4.828491315170343,59.456759,-107.41722,5.0,9247,0.9536922442244224,0.024184460622644947,0.002342813937012078,0.01329978452291092,5.0,0.0970819965004921,True,True
8.549999999999999,59.68211254843328,-107.46231136967054,-0.3021984294833091,4.836601054023138,59.60260400000001,-107.46244899999999,5.0,9248,0.9537953795379538,0.02352929375486909,0.0024920464915236806,0.015792813207460947,5.0,0.09269300062442198,True,True
8.6,59.996430167760984,-107.55988523515572,-0.3000544951158833,4.84176507315574,60.041142,-107.597017,5.0,9251,0.9541047854785478,0.0581198408688509,0.002682495537624785,0.019858022401115723,5.0,0.0868520000949502,True,True
8.649999999999999,60.153679100303926,-107.6086002673936,-0.3004292878066736,4.845954604151399,60.187445,-107.641879,5.0,9252,0.9542079207920792,0.047408965672895126,0.0033128109526776583,0.02343923455277417,5.0,0.08080099360086024,True,True
8.7,60.46894028383061,-107.70633666379541,-0.29886947707947664,4.852737699545725,60.480851,-107.73146299999999,5.0,9254,0.954414191419142,0.027806436857916266,0.0041095186332817946,0.026159475056258433,5.0,0.09618000331101939,True,True
8.75,60.626522782053144,-107.75469909630574,-0.2968058323504719,4.851289327879096,60.627455000000005,-107.775778,5.0,9255,0.9545173267326733,0.021099507369897023,0.004132892604622906,0.02723239682260379,5.0,0.10832300176844001,True,True
8.799999999999999,60.942418996808904,-107.8505202216402,-0.2920143889151159,4.8568982798579325,60.92109,-107.86375600000001,5.0,9257,0.954723597359736,0.0187729530569497,0.002086090940831564,0.03760026638081808,5.0,0.08511899795848876,True,True
8.85,61.0990314272387,-107.89755203701849,-0.2891787641897259,4.808972898432987,61.066787,-107.907146,5.0,9258,0.9548267326732673,0.018376362234439173,0.00011959352161250436,0.03523214485855541,5.0,0.12729800073429942,True,True
8.899999999999999,61.41537323207737,-107.99088562705812,-0.2833526553341434,4.858818822748043,61.36009,-107.99369899999999,5.0,9260,0.95503300330033,0.01814806282564452,-0.0008564287006644911,0.027119485248222424,5.0,0.09958599548554048,True,True
8.95,61.57418128835577,-108.03691153594066,-0.28027513839997714,4.864412907818354,61.50733,-108.036546,5.0,9261,0.9551361386138614,0.01815555929897761,-0.0015644603803193213,0.01372625542133819,5.0,0.10001699411077425,True,True
9.0,61.892743423141724,-108.12723576113027,-0.27245831531829007,4.872455239847773,61.950255000000006,-108.16296799999999,5.0,9264,0.9554455445544554,0.06770800814799749,-0.0025738877746857014,0.012792101545594736,5.0,0.0960890029091388,True,True
9.049999999999999,62.05236258157789,-108.1717111197611,-0.2697328994286716,4.834244659869929,62.097654000000006,-108.204472,5.0,9265,0.9555486798679867,0.05589801299433295,-0.003786177211481778,0.011506898197343652,5.0,0.09461700392421335,True,True
9.1,62.371748017847125,-108.2594542072529,-0.2689783731279026,4.868077964265534,62.39325,-108.286445,5.0,9267,0.9557549504950495,0.034508522565005965,-0.001788407653001478,0.013418321242723538,5.0,0.07903699588496238,True,True
9.149999999999999,62.53193852196285,-108.30388670114958,-0.2674937943495246,4.860321800579811,62.541385,-108.327932,5.0,9268,0.9558580858085809,0.025834324920782203,-0.003028252664905029,0.013331419901919163,5.0,0.09258300269721076,True,True
9.2,62.69127223991366,-108.34742816949407,-0.2654876479574808,4.862819055180098,62.6888,-108.368407,5.0,9269,0.9559612211221122,0.021123998191336858,-0.0011953579107810697,0.013910987537632431,5.0,0.10272199870087206,True,True
9.25,63.01056487979968,-108.43352405361631,-0.26137725818603813,4.8644536649739845,62.984143,-108.448397,5.0,9271,0.9561674917491749,0.0212231783593501,-0.0017395665479043032,0.0077536229204606955,5.0,0.07824599742889404,True,True
9.299999999999999,63.17032266594138,-108.47625991242515,-0.26104878724775277,4.867521206290397,63.131933999999994,-108.488133,5.0,9272,0.9562706270627063,0.02142855261032448,-0.001535802286880994,0.011948801210853647,5.0,0.10029700206359848,True,True
9.35,63.49056826195656,-108.56217679214961,-0.26154624169047425,4.8718740177478,63.42815,-108.56766499999999,5.0,9274,0.956476897689769,0.02129731277050551,0.0009438499431482228,0.028957306204156583,5.0,0.09801299893297255,True,True
9.399999999999999,63.650478275297544,-108.6048960436753,-0.26014464611420307,4.869063022416726,63.576264,-108.60692399999999,5.0,9275,0.9565800330033003,0.020837749654098212,0.0020063398455039128,0.025933726322979536,5.0,0.09937600407283753,True,True
9.45,63.97074864358056,-108.68962444098985,-0.2571302769823183,4.871626500605372,64.021132,-108.723141,5.0,9278,0.9568894389438944,0.06051315833740994,0.0029603434821785513,0.02511868663189336,5.0,0.0808810000307858,True,True
9.5,64.12953177367261,-108.73131491369631,-0.25527179747025364,4.804407086017579,64.16766700000001,-108.76123500000001,5.0,9279,0.9569925742574258,0.04847171393156013,0.0024574491445119584,0.02630976159322508,5.0,0.0922820036066696,True,True
9.549999999999999,64.44934563145358,-108.81447085761579,-0.251661557195808,4.870348996695131,64.464488,-108.837055,5.0,9281,0.9571988448844885,0.027190711877887377,0.004144427033356379,0.027611974416347572,5.0,0.08272400009445846,True,True
9.6,64.6098574544743,-108.85563104995592,-0.2498638447014151,4.875275210339508,64.613258,-108.87443400000001,5.0,9282,0.9573019801980198,0.019107973211017724,0.004991869399225468,0.026709488934201636,5.0,0.0994160000118427,True,True
9.649999999999999,64.93162541339527,-108.93640306188698,-0.2413726216682238,4.882268496944086,64.911397,-108.948127,5.0,9284,0.9575082508250825,0.016173483752720794,0.0015208274323987858,0.03342081430224155,5.0,0.10163999832002446,True,True
9.7,65.0927485669324,-108.97598002699081,-0.23907541696507265,4.841001714909113,65.060694,-108.984449,5.0,9285,0.9576113861386139,0.015782382538157464,0.0008358609411489581,0.030940450589103115,5.0,0.11224899935768917,True,True
9.75,65.41511436430945,-109.05378475929807,-0.23600787207442667,4.892204376518116,65.358824,-109.056634,5.0,9287,0.9578176567656765,0.015987867359396304,-0.0011511608283516495,0.024536732095502257,5.0,0.10745100007625297,True,True
9.799999999999999,65.57726890986437,-109.09291329174924,-0.2325407634646071,4.880349312110116,65.508262,-109.092735,5.0,9288,0.9579207920792079,0.015833580500788924,-0.003027790674718478,0.013709702815697252,5.0,0.097953001386486,True,True
9.85,65.89928417173049,-109.16792213581229,-0.22420384634212095,4.868738618002588,65.955057,-109.197981,5.0,9291,0.958230198019802,0.06335727021767475,-0.0030274484736265705,0.012371321226297999,5.0,0.09944599878508598,True,True
9.899999999999999,66.06076787229395,-109.20450553758089,-0.22147390900345226,4.870725338085212,66.10409200000001,-109.232267,5.0,9292,0.9583333333333334,0.05145560063917517,-0.004036513282663634,0.012078178879823334,5.0,0.08439800149062648,True,True
9.95,66.38401985401178,-109.27666566023692,-0.2182360967929241,4.874694318482635,66.402488,-109.300505,5.0,9294,0.9585396039603961,0.03015603648661664,-0.0062016758606708855,0.012523481353996897,5.0,0.0927929941099137,True,True
10.0,66.54621685176129,-109.31276222263297,-0.21828198904782942,4.874278997864385,66.552311,-109.33466100000001,5.0,9295,0.9586427392739274,0.02273092811406353,-0.004475912645126812,0.013858198873854059,5.0,0.09744200360728428,True,True
10.049999999999999,66.70795976425936,-109.34855859286752,-0.21682327419555686,4.873400435713522,66.70160899999999,-109.368261,5.0,9296,0.9587458745874587,0.020611583509072218,-0.003368158176003,0.013209048349515189,5.0,0.09563899948261678,True,True
10.1,67.0318725405548,-109.41947279479258,-0.2146856746935706,4.876030523422385,67.00071700000001,-109.43461200000002,5.0,9298,0.9589521452145214,0.021449791307918298,-0.001824306496014394,0.007624516266316538,5.0,0.09905499609885737,True,True
10.149999999999999,67.19270378233388,-109.45447953486372,-0.2137547834240731,4.7999584674362055,67.149777,-109.46723300000001,5.0,9299,0.9590552805280528,0.021769286466703373,-0.003392647199429444,0.010386681832054042,5.0,0.10035699961008504,True,True
10.2,67.51574897273879,-109.5246484846158,-0.21128842145767804,4.875660635066165,67.447322,-109.532448,5.0,9301,0.9592615511551155,0.021998228528833787,-0.0008719828965193521,0.01390007696892,5.0,0.11221000022487715,True,True
10.25,67.67794842026916,-109.5594085265064,-0.21057668253259754,4.881324474363861,67.74701800000001,-109.59640900000001,5.0,9303,0.9594678217821783,0.07835586693380008,0.0031605644399768096,0.015456475486785713,5.0,0.08557000546716154,True,True
10.299999999999999,68.00300475844251,-109.62820090435915,-0.20625937531177946,4.888981909692654,68.047483,-109.658879,5.0,9305,0.959674092409241,0.05403202313624043,0.002647542924587576,0.016200779293680804,5.0,0.07364799967035651,True,True
10.35,68.16556686240418,-109.6622416069125,-0.2051170057913527,4.850242751048702,68.197469,-109.689777,5.0,9306,0.9597772277227723,0.042141953628968144,0.0023259759291569537,0.016959424009398007,5.0,0.08091099880402908,True,True
10.399999999999999,68.49055240315614,-109.72965141323603,-0.2048300794488328,4.8677002178141375,68.497596,-109.75123799999999,5.0,9308,0.959983498349835,0.022706672689250185,0.0038592103204901917,0.020275508935159912,5.0,0.0855189937283285,True,True
10.45,68.65409034325346,-109.76353763719024,-0.20250525456991061,4.895428258485794,68.648651,-109.78191899999999,5.0,9309,0.9600866336633663,0.019091919813065523,0.0033869186448294286,0.01803934112187804,5.0,0.09891499939840287,True,True
10.5,68.97884951564832,-109.82943578339085,-0.19720892268739437,4.87596204656589,68.94856300000001,-109.841723,5.0,9311,0.960292904290429,0.01790196460586967,0.0021876653354166997,0.010375449388155204,5.0,0.09673000022303313,True,True
10.549999999999999,69.14149153660425,-109.86169014282032,-0.1944198079172602,4.877545077624541,69.098617,-109.871241,5.0,9312,0.9603960396039604,0.017611528290497593,0.0006219245339456059,0.01196510368947562,5.0,0.10093899618368596,True,True
10.6,69.46705739958063,-109.92513515970369,-0.19102025773561152,4.881382860787946,69.398865,-109.93003300000001,5.0,9314,0.960602310231023,0.01790127172444438,-0.00227658668933417,0.015801977934924702,5.0,0.09797300299396738,True,True
10.649999999999999,69.63048187533107,-109.95686393047121,-0.1910449222290569,4.880418459930107,69.69989100000001,-109.988469,5.0,9316,0.9608085808580858,0.07626602787104507,0.0018069759815886322,0.02107688143484712,5.0,0.0933639967115596,True,True
10.7,69.95645111108156,-110.01944845118501,-0.18821929689699127,4.878785034152034,70.000873,-110.045578,5.0,9318,0.9610148514851485,0.05153695311479824,0.0022009263002154,0.020431188540286332,5.0,0.09952600521501154,True,True
10.75,70.11936525364007,-110.05038258593606,-0.18703701620515534,4.879947562163621,70.15134300000001,-110.073774,5.0,9319,0.9611179867986799,0.039619875241743895,0.0021464959059520616,0.021157334960984406,5.0,0.09828399925027043,True,True
10.799999999999999,70.44324283625312,-110.11173788724076,-0.18325185119753054,4.8794755343341185,70.450413,-110.12963899999998,5.0,9321,0.9613242574257426,0.01928370001258352,0.0004496482706342064,0.022375697733482632,5.0,0.09729099838295951,True,True
10.85,70.60634424943977,-110.14185472054402,-0.1822264050770416,4.878737572952116,70.601077,-110.157183,5.0,9322,0.9614273927392739,0.016019331680205737,0.0026919409627654822,0.02320488630476647,5.0,0.09652999870013446,True,True
10.899999999999999,70.76954449137466,-110.17184444224237,-0.18121404131504798,4.882117276123551,70.751914,-110.184358,5.0,9323,0.9615305280528053,0.015401087212055306,0.004292182984744208,0.034589102136830814,5.0,0.1017299946397543,True,True
10.95,71.09659318573242,-110.23096178314591,-0.17464035927126012,4.888378062169144,71.054142,-110.23768500000001,5.0,9325,0.9617367986798679,0.01389052876917475,0.0017789885089904978,0.02676350439632709,5.0,0.09689100261311978,True,True
11.0,71.26027521738898,-110.25969091967538,-0.17170803140020974,4.860049355453709,71.205404,-110.26396499999998,5.0,9326,0.9618399339933993,0.013559607739941268,9.791864801744765e-05,0.023657526486709025,5.0,0.11628699576249346,True,True
11.049999999999999,71.58767840689283,-110.3160754710836,-0.16947532656157804,4.872269774646347,71.65825600000001,-110.34181699999999,5.0,9329,0.9621493399339934,0.07512538159474218,0.0013282400806686745,0.019229769520960366,5.0,0.07888700201874599,True,True
11.1,71.75250108811346,-110.34396346943926,-0.16563408754264627,4.912592104501071,71.810038,-110.36757,5.0,9330,0.9622524752475248,0.06219135401770183,-0.0008211474833799137,0.014727833787206062,5.0,0.08948700269684196,True,True
11.149999999999999,72.07994253151038,-110.39765092582462,-0.1593952117188159,4.879985103987653,72.11166700000001,-110.417396,5.0,9332,0.9624587458745875,0.03736722969582419,-0.0022807963947419907,0.013344966968130749,5.0,0.10542700329096988,True,True
11.2,72.2438191096828,-110.42375816784951,-0.15665368699748897,4.881400133667888,72.262614,-110.441873,5.0,9333,0.9625618811881188,0.02610354469944196,-0.003492508035575881,0.012726425064435134,5.0,0.08835500193526968,True,True
11.25,72.57173230888715,-110.4750170776141,-0.15401100779160692,4.8853521895102014,72.56457900000001,-110.49043300000001,5.0,9335,0.9627681518151815,0.01635390540694781,-0.005152804003696332,0.014395138030666518,5.0,0.09007900371216238,True,True
11.299999999999999,72.73628877787331,-110.50065854951767,-0.15423242108849938,4.883266341844851,72.716151,-110.514733,5.0,9336,0.9628712871287128,0.01705168236523552,-0.003800380278009108,0.00747434791725079,5.0,0.0957589945755899,True,True
11.35,73.06457897629613,-110.5510670625464,-0.15046142807231203,4.884142176326506,73.01853100000001,-110.562265,5.0,9338,0.9630775577557755,0.018086000951812384,-0.0034211308826641584,0.010870388213677232,5.0,0.0910199960344471,True,True
11.399999999999999,73.2287218286476,-110.57589142622533,-0.1497130714933906,4.885432240098529,73.16971600000001,-110.585582,5.0,9339,0.963180693069307,0.018497801105198552,-0.002662438768219033,0.01471777585928584,5.0,0.13885000225855038,True,True
11.45,73.55507216113305,-110.62540127021055,-0.1471945177152456,4.882257085717714,73.621654,-110.654417,5.0,9342,0.963490099009901,0.0726295658951582,-0.0009243878696123531,0.019373475254635134,5.0,0.09376499656355008,True,True
11.5,73.71935248850373,-110.6497198409294,-0.1466694700379025,4.884742089863899,73.773165,-110.676736,5.0,9343,0.9635932343234324,0.060213447372371845,0.001684523913272784,0.020794033808421344,5.0,0.08525000157533213,True,True
11.549999999999999,74.04833497066905,-110.6981244956165,-0.1439864734746266,4.892080711083807,74.076684,-110.72027299999999,5.0,9345,0.963799504950495,0.035975320852397866,0.0039578106057658324,0.019012710404682026,5.0,0.09190199489239603,True,True
11.6,74.21310671224514,-110.72172331807684,-0.14031687211260133,4.8964443831903814,74.22868299999999,-110.74151200000001,5.0,9346,0.9639026402640264,0.0251835794214915,0.0020580131474421393,0.016502216234806886,5.0,0.08156300464179367,True,True
11.649999999999999,74.54263651528696,-110.76791231596611,-0.1393178485530759,4.896124638303259,74.532358,-110.783239,5.0,9348,0.9641089108910891,0.01656979519330401,0.004158299145400779,0.01954495367443097,5.0,0.09988700185203925,True,True
11.7,74.7072458950754,-110.790773236486,-0.1385323580892502,4.877658950441157,74.684057,-110.803828,5.0,9349,0.9642120462046204,0.016031513170529192,0.0041840244032385066,0.030464900130323064,5.0,0.11141799768665805,True,True
11.75,74.87293155101965,-110.81354768195934,-0.1351657482394748,4.934324526914312,74.83635500000001,-110.82432800000001,5.0,9350,0.9643151815181518,0.01545800940206436,0.0028764343128639958,0.025321248860238878,5.0,0.1164679997600615,True,True
11.799999999999999,75.20230657900463,-110.8573462446183,-0.12890006229180156,4.882875491674628,75.140232,-110.864006,5.0,9352,0.9645214521452146,0.014487335270085586,0.0007966839669419912,0.011936846078577541,5.0,0.11336200259393081,True,True
11.85,75.36699561514673,-110.87842971356918,-0.1258519043436176,4.88382373211471,75.291954,-110.883427,5.0,9353,0.9646245874587459,0.014410256453102028,-0.000955280259874236,0.013324635489684357,5.0,0.10946399561362341,True,True
11.899999999999999,75.69650409247943,-110.91940359365191,-0.12207877670314353,4.88690549670756,75.74720400000001,-110.94118999999999,5.0,9356,0.9649339933993399,0.055182679566684184,-0.003550156118690584,0.01398596714671715,5.0,0.09931599925039336,True,True
11.95,75.86177166121072,-110.93969126047169,-0.1220214536800853,4.885825131191429,75.899472,-110.960328,5.0,9357,0.9650371287128713,0.04297895488708217,-0.0018633555868321494,0.014972195237394665,5.0,0.08650100062368438,True,True
12.0,76.19167096235341,-110.97950133118135,-0.11819382136621003,4.886834346889533,76.20349300000001,-110.997607,5.0,9359,0.965243399339934,0.021623501508500252,-0.0023591333923791424,0.01316979877043747,5.0,0.09960599709302187,True,True
12.049999999999999,76.35662982583389,-110.99900360497706,-0.11716130457964913,4.888546957955742,76.355467,-111.015904,5.0,9360,0.9653465346534653,0.016940351703890338,-0.002154634842780556,0.015116830590333849,5.0,0.09853399387793615,True,True
12.1,76.6847039353604,-111.03779380069814,-0.11432896864830237,4.8763954360094255,76.657616,-111.052174,5.0,9362,0.965552805280528,0.017435686309387168,-0.0040628575918537635,0.006709635787974158,5.0,0.09999699977925047,True,True
12.149999999999999,76.84980979444478,-111.0567804740511,-0.11342235654808709,4.888813296724321,76.809632,-111.06999099999999,5.0,9363,0.9656559405940595,0.017698752932028085,-0.0019601722837547797,0.007955409652822557,5.0,0.09037899872055277,True,True
12.2,77.18053161854033,-111.09424807429632,-0.11097763293889558,4.8975752180535315,77.11431,-111.104497,5.0,9365,0.9658622112211221,0.017406807127536127,0.0006367290865263442,0.010907423522287858,5.0,0.0997360039036721,True,True
12.25,77.34617876682584,-111.1125724134504,-0.10943422796549969,4.902127502937402,77.419578,-111.13771499999999,5.0,9367,0.9660684818481848,0.07758606246587116,0.00247111513011955,0.013843222618666199,5.0,0.09095000132219866,True,True
12.299999999999999,77.67735784676827,-111.14890904411266,-0.10988627392348026,4.901815993035593,77.724595,-111.170276,5.0,9369,0.9662747524752475,0.05184491729503202,0.003953396418742816,0.01976157213570008,5.0,0.10425400250824168,True,True
12.35,77.84278819557349,-111.16693989139266,-0.10922641512169544,4.881336223306913,77.876819,-111.186402,5.0,9370,0.9663778877887789,0.039202924908215434,0.0052091291095113235,0.021050196903799792,5.0,0.09969700477086008,True,True
12.399999999999999,78.17503640691072,-111.2024669416448,-0.1039394138110493,4.889903603643422,78.182783,-111.217468,5.0,9372,0.9665841584158416,0.016883170800145245,0.005022378829082186,0.015755862464782822,5.0,0.09993600542657077,True,True
12.45,78.34044481937089,-111.21956457189434,-0.10210495036300099,4.891380031119031,78.33507900000001,-111.232436,5.0,9373,0.9666872937293729,0.013329705122222197,0.004729108120209435,0.017505981562748688,5.0,0.0944259954849258,True,True
12.5,78.67135128583924,-111.25298613372844,-0.09939699459523293,4.892868216921756,78.639606,-111.26194299999999,5.0,9375,0.9668935643564357,0.011990160503068458,0.002680649078271813,0.03008806322019092,5.0,0.083045000792481,True,True
12.549999999999999,78.83685854556717,-111.26955852928137,-0.09971661431085466,4.895746551706331,78.791934,-111.27677,5.0,9376,0.966996699669967,0.011532209919453766,0.002658372553620225,0.029709469039715455,5.0,0.09669999417383224,True,True
12.6,79.00286770433142,-111.28614129612099,-0.09918152359610642,4.897947478230032,78.94459499999999,-111.29163799999999,5.0,9377,0.9670998349834984,0.010973381681603236,0.003364776133808256,0.02767816515593574,5.0,0.09308400331065059,True,True
12.649999999999999,79.33412089926874,-111.31820150451608,-0.09370330949342012,4.893522826535354,79.402284,-111.334321,5.0,9380,0.9674092409240924,0.07004317551307404,0.002703151407620563,0.021823382099123604,5.0,0.10028800170402974,True,True
12.7,79.49975398485118,-111.3335849434498,-0.09151076211653704,4.8954119706984525,79.55481400000001,-111.348129,5.0,9381,0.9675123762376238,0.056948528068111695,0.002126389710441323,0.022088591639379793,5.0,0.09732200123835355,True,True
12.75,79.82933187874542,-111.3635788458144,-0.08698739493722761,4.866173694793164,79.858153,-111.375522,5.0,9383,0.9677186468646864,0.03119769161768669,-0.001798733113684392,0.020993024512790302,5.0,0.07899800402810797,True,True
12.799999999999999,79.99500579096754,-111.37811159882975,-0.08486587160216368,4.894814569659436,80.010811,-111.388676,5.0,9384,0.9678217821782178,0.019010818095127224,-0.000291024676476237,0.019787734961046504,5.0,0.10014700092142448,True,True
12.85,80.32706511924344,-111.4058712921946,-0.08077511280569535,4.902895848457444,80.316731,-111.414189,5.0,9386,0.9680280528052805,0.009116042489701456,-0.00020237502731346169,0.01568985535084538,5.0,0.0792580030974932,True,True
12.899999999999999,80.49336006170465,-111.41908904275124,-0.07766945158084716,4.908094407370902,80.469923,-111.426456,5.0,9387,0.9681311881188119,0.009173730210555517,-0.0013474696625421778,0.02607287391076927,5.0,0.09410599886905402,True,True
12.95,80.82597415420257,-111.44463676108386,-0.07663526629322227,4.907833387717481,80.776053,-111.45029,5.0,9389,0.9683374587458746,0.009474329197067921,-0.0004754249022220769,0.023855674509690464,5.0,0.10245099838357419,True,True
13.0,80.9921072403774,-111.45716335274427,-0.07585119975662252,4.8809489748860795,80.92925799999999,-111.462103,5.0,9390,0.968440594059406,0.009652694398075257,-0.0002687199662965156,0.02223690731878636,5.0,0.09394500375492498,True,True
13.049999999999999,81.32578837343095,-111.48127880245158,-0.06851535270937964,4.8883991709513985,81.389042,-111.49540900000001,5.0,9393,0.96875,0.06481268206836073,-0.00035550189386412967,0.011182524260282446,5.0,0.09863499872153625,True,True
13.1,81.49178856608161,-111.49245587988753,-0.0659586402000531,4.895872495092446,81.541892,-111.50581299999999,5.0,9394,0.9688531353135313,0.051853319547677974,-0.0013529303702597417,0.012084967284964172,5.0,0.10022700007539243,True,True
13.149999999999999,81.82400530086946,-111.51375562257194,-0.062175205157379815,4.89595223012671,81.847539,-111.526123,5.0,9396,0.969059405940594,0.026585466315543392,-0.004088334838287633,0.01245974547078773,5.0,0.08691200491739437,True,True
13.2,81.99010912289842,-111.52410354412942,-0.06191210210451505,4.897978282831025,82.000416,-111.536302,5.0,9397,0.9691625412541254,0.015969785258852644,-0.0042044619048278165,0.014280565060397148,5.0,0.09550800314173102,True,True
13.25,82.32272907356143,-111.54487448311629,-0.06174904850083611,4.896597762567572,82.306567,-111.55623600000001,5.0,9399,0.9693688118811881,0.01234252625080006,-0.001440647161476516,0.030906385419753254,5.0,0.07958900096127763,True,True
13.300999999999998,82.48911097971065,-111.55496991746418,-0.060025082219822716,4.896414626123435,82.459753,-111.56576000000001,5.0,9400,0.9694719471947195,0.012545366125381527,-0.0012711137272694017,0.028922630832913528,5.0,0.11588600318646058,True,True
13.35,82.82147604484226,-111.57455942420957,-0.057718429024063565,4.900155273000771,82.765715,-111.584107,5.0,9402,0.9696782178217822,0.012756448009008364,-0.0008601908831007421,0.028858285022547468,5.0,0.08090099436230958,True,True
13.399999999999999,82.98593280305776,-111.58409586415843,-0.055017796306608954,4.84482690359478,82.918053,-111.592932,5.0,9403,0.9697813531353136,0.012884189465923002,-0.0038661540967783736,0.02569260905524862,5.0,0.0965999934123829,True,True
13.45,83.15180626975761,-111.59352367607323,-0.0523926339394669,4.902904408888149,83.22315400000001,-111.61038899999998,5.0,9405,0.9699876237623762,0.07331396703149862,-0.0009112984545733838,0.022264968102559183,5.0,0.10593699698802084,True,True
13.5,83.48460617633627,-111.61042430391872,-0.04799637881148556,4.903301049075508,83.529963,-111.62606299999999,5.0,9407,0.9701938943894389,0.04797718486931485,-0.0007855663560616399,0.016085161439410647,5.0,0.0891659947228618,True,True
13.549999999999999,83.65125231780141,-111.61815696197553,-0.04439020797243236,4.908353404674998,83.683561,-111.633389,5.0,9408,0.9702970297029703,0.03571926549900204,-0.002651967412161671,0.011604350347614778,5.0,0.09583900100551546,True,True
13.6,83.98455702044669,-111.63242926104793,-0.04212918660145175,4.908453296096894,83.990526,-111.64733899999999,5.0,9410,0.970503300330033,0.01606016913131267,-0.0017782415473979185,0.01059656964102395,5.0,0.09767300070961937,True,True
13.649999999999999,84.15120921624143,-111.63931936108582,-0.042044753034668814,4.875542857942131,84.14386999999999,-111.654,5.0,9411,0.9706064356435643,0.01498615200660548,-0.0014290675102395234,0.00023498377473615308,5.0,0.0879239960340783,True,True
13.7,84.48673331281204,-111.65255504196342,-0.0355940673347266,4.953500439815686,84.452398,-111.666807,5.0,9413,0.9708127062706271,0.015466448321807394,-0.00196830989103125,-0.010064227221440875,5.0,0.09090000094147399,True,True
13.75,84.6532801024744,-111.65825515453999,-0.03318096238106236,4.852028969518334,84.605885,-111.67228,5.0,9414,0.9709158415841584,0.015663852296837817,-0.0020285379361997258,-0.007982007761917063,5.0,0.08283499482786283,True,True
13.799999999999999,84.98119296253662,-111.6688183652753,-0.03192666112488779,4.869304209745188,84.908548,-111.68236200000001,5.0,9416,0.9711221122112211,0.015835643679988305,0.0001787458137028075,0.006835981255059589,5.0,0.08079100371105596,True,True
13.85,85.14663592181502,-111.6743374498419,-0.034474038168216904,4.868384998388659,85.213443,-111.692049,5.0,9418,0.9713283828382838,0.0691150107040194,0.0022726918659370376,0.011437621846665854,5.0,0.07938899943837896,True,True
13.899999999999999,85.47761203979346,-111.68654004842257,-0.03824709426401724,4.8667432942868,85.518337,-111.701931,5.0,9420,0.9715346534653465,0.04353623518729631,0.006449146601101408,0.020888421746396973,5.0,0.0891759991645813,True,True
13.95,85.64309028357012,-111.6929296360227,-0.038878264850452086,4.8660170729548495,85.67090300000001,-111.70671200000001,5.0,9421,0.9716377887788779,0.031040308503826712,0.007768157022711719,0.02260754744351297,5.0,0.09722100367071107,True,True
14.0,85.97362885302938,-111.70615571301421,-0.04074638470341251,4.869240674724725,85.975646,-111.71603799999998,5.0,9423,0.9718440594059405,0.010086053637087642,0.011879226230123496,0.045764426178558366,5.0,0.10554699838394299,True,True
14.049999999999999,86.13735365211274,-111.712395666107,-0.039106046501063536,4.709745913272072,86.126696,-111.72018200000001,5.0,9424,0.971947194719472,0.008180041414257527,0.006704000721567294,0.044492513969450066,5.0,0.10819300223374739,True,True
14.1,86.46346845906558,-111.72770643819261,-0.032176911305988216,4.904196870726863,86.427146,-111.73183799999998,5.0,9426,0.9721534653465347,0.005302416408345875,-0.003981975479836475,0.03530443693303589,5.0,0.09826399764278904,True,True
14.149999999999999,86.63026318141388,-111.73450381734368,-0.028703832656451166,4.850421025147724,86.580777,-111.736802,5.0,9427,0.972256600660066,0.0034209641060148907,0.0011725040448027357,0.029297955070722165,5.0,0.10165999992750585,True,True
14.2,86.95978560573967,-111.74325990641888,-0.023715430402946915,4.850629302035833,86.88446,-111.743609,5.0,9429,0.9724628712871287,0.001917361463596914,0.0022439842779165,0.023014800907462447,5.0,0.09914499969454482,True,True
14.25,87.12430730212489,-111.74699045935742,-0.021124449287871747,4.850102564995522,87.188068,-111.74949699999999,5.0,9431,0.9726691419141914,0.06380994702641608,0.0032076037101806953,0.021495748799467463,5.0,0.0818230037111789,True,True
14.299999999999999,87.2893211759587,-111.75040722737582,-0.02063102367419767,4.854827300079332,87.339902,-111.75221100000002,5.0,9432,0.9727722772277227,0.050612976165957606,0.0030241719659378496,0.022040269644701023,5.0,0.10038699838332832,True,True
14.35,87.61964525948974,-111.75583004123133,-0.01157352403357797,4.894939720226496,87.644701,-111.756751,5.0,9434,0.9729785478547854,0.02507266036085436,0.0007371306047736503,0.011251775508730914,5.0,0.09727200085762888,True,True
14.399999999999999,87.78460825832269,-111.75735908042437,-0.007059641759030029,4.8386391648566525,87.79648399999999,-111.758147,5.0,9435,0.9730816831683168,0.011901851017536623,-0.0010019619999721563,0.006719612705684473,5.0,0.09999699977925047,True,True
14.45,88.11383276357512,-111.75885628822925,-0.002282852271693229,4.842194421719464,88.09967900000001,-111.760005,5.0,9437,0.9732879537953796,0.0012102684819299161,-0.0025576237372466615,0.00036766288859990323,5.0,0.09924499318003654,True,True
14.5,88.27840463616582,-111.75910802582816,-0.0005217753402479076,4.841832116164926,88.251175,-111.76066399999999,5.0,9438,0.9733910891089109,0.001683353214255153,-0.003992509125149368,0.002057363735757322,5.0,0.10153000039281324,True,True
14.549999999999999,88.60796858717781,-111.75931733246684,-0.000656279326118951,4.842132504266358,88.55458399999999,-111.76218999999999,5.0,9440,0.9735973597359736,0.0031552362044160636,-0.004680493097946048,0.015097021407029388,5.0,0.09475700062466785,True,True
14.6,88.77273442828066,-111.75928832944865,-6.547054589048574e-05,4.861373706311664,88.706079,-111.762992,5.0,9441,0.973700495049505,0.003939968940623568,-0.004353457355783963,0.012957454766785111,5.0,0.09895499533740804,True,True
14.649999999999999,89.10211452466028,-111.7593180790619,1.835109127972969e-05,4.848462605886826,89.160891,-111.76426799999999,5.0,9444,0.974009900990099,0.058984538403337686,-0.0014977327659706496,0.018888694513159707,5.0,0.13134499749867246,True,True
14.7,89.2669422001281,-111.75929711927978,0.00038092758046789866,4.852272564939687,89.312173,-111.764384,5.0,9445,0.9741130363036303,0.045515948990588875,-0.0026504686467374583,0.020773953934782912,5.0,0.11147800250910223,True,True
14.75,89.59473233887792,-111.75909347616958,0.0033239531842075335,4.85118470033174,89.613967,-111.764738,5.0,9447,0.974319306930693,0.020045768574776735,-0.0006256558095509845,0.02012381184882815,5.0,0.07859699690015987,True,True
14.799999999999999,89.75983343533296,-111.75846320076828,0.004929031212177016,4.8583506138166515,89.76579699999999,-111.764133,5.0,9448,0.9744224422442245,0.008228652797748261,0.00024461316003421274,0.018329619153593255,5.0,0.0985549995675683,True,True
14.85,90.0906599153756,-111.75616742382348,0.009106673391510002,4.868711715836409,90.06995400000001,-111.761905,5.0,9450,0.9746287128712872,0.005550520723962356,-0.0004514718326880107,0.02407760497198773,5.0,0.0935950010898523,True,True
14.899999999999999,90.25598034838974,-111.75461631997517,0.010416264958355584,4.8633938084954655,90.221899,-111.760534,5.0,9451,0.9747318481848185,0.005535269399726969,-0.0002994204432025249,0.022261516850096433,5.0,0.08449799497611821,True,True
14.95,90.58688497937409,-111.75075238524325,0.013680580395783778,4.869263906415875,90.525809,-111.756983,5.0,9453,0.9749381188118812,0.005479533389397002,-0.0014561297991293465,0.01643311812425948,5.0,0.08033000631257892,True,True
15.0,90.75268857013108,-111.74802444038959,0.017531889351373838,4.911710013244419,90.677875,-111.75511399999999,5.0,9454,0.9750412541254125,0.0058455521820595475,-0.003072451098374618,0.009510621114099704,5.0,0.10301300062565133,True,True
15.049999999999999,91.08449966918275,-111.7413845260244,0.022512138489185072,4.863106447088486,91.134842,-111.74663899999999,5.0,9457,0.9753506600660066,0.050615805524306175,-0.0016984806923772133,0.00823019421213689,5.0,0.09221200161846355,True,True
15.1,91.2498176497985,-111.73751046895642,0.024294055121275582,4.864134667656455,91.28666899999999,-111.743394,5.0,9458,0.9754537953795379,0.03731806464989119,-0.0027503346665049833,0.008748510175775702,5.0,0.10362400644226,True,True
15.149999999999999,91.41507832547256,-111.73341078527076,0.025604392971601653,4.8638168378728235,91.438503,-111.740096,5.0,9459,0.9755569306930693,0.024359956336005833,-0.004263369494513558,0.009678813186252987,5.0,0.12262899690540507,True,True
15.2,91.74596966775567,-111.72507755378855,0.024554238272130567,4.863783979390878,91.742713,-111.73369199999999,5.0,9461,0.9757632013201321,0.008538146691469198,-0.002616441585505669,0.02822222737306735,5.0,0.09803300054045394,True,True
15.25,91.91131969821564,-111.72088940802547,0.02543385315068235,4.890772402259656,91.89457900000001,-111.73023700000002,5.0,9462,0.9758663366336634,0.008927746207270156,-0.0016054967659879793,0.02593207523559288,5.0,0.08379600330954418,True,True
15.299999999999999,92.24215788729784,-111.71221198601575,0.02686133423830373,4.867928205796909,92.198514,-111.722479,5.0,9464,0.9760726072607261,0.00909813170478406,-0.0004447700635616947,0.025785872573117034,5.0,0.08307599637191743,True,True
15.35,92.40756653933245,-111.70772340447766,0.027702418135748454,4.870555043382566,92.350379,-111.718423,5.0,9465,0.9761757425742574,0.009090626946992801,-0.0003196316178977199,0.02475846435084848,5.0,0.09584899817127734,True,True
15.399999999999999,92.73655144515047,-111.69849287398465,0.032521793727129565,4.873681322620196,92.804289,-111.705878,5.0,9468,0.9764851485148515,0.0681389493847357,-0.0012824737672345599,0.019586113175267376,5.0,0.09770200267666951,True,True
15.45,92.90207301394726,-111.69297339637598,0.034189089114652016,4.874042921837439,92.956352,-111.70091799999999,5.0,9469,0.9765882838283828,0.05485731540693372,-0.00039412570259012014,0.01777411962283486,5.0,0.09906500054057688,True,True
15.5,93.23368369992373,-111.68084831675482,0.0393553410650777,4.882562077907372,93.260888,-111.68991399999999,5.0,9471,0.9767945544554455,0.02867508596920202,-0.0014295774388179971,0.013078497490391711,5.0,0.09798300015972927,True,True
15.549999999999999,93.39952135868474,-111.67426962985724,0.04128398288457957,4.860827155167199,93.412987,-111.68404,5.0,9472,0.976897689768977,0.016636815463239724,-0.001740161328971812,0.012624921163324792,5.0,0.10295299580320716,True,True
15.6,93.7311702387211,-111.6602994071874,0.04255783526556431,4.880423304127094,93.71727299999999,-111.67160700000001,5.0,9474,0.9771039603960396,0.010710021044046211,-0.0008203788064742312,0.025302500498060345,5.0,0.07747399649815634,True,True
15.649999999999999,93.89719871958093,-111.65306316365053,0.04546310212198598,4.887306848019738,93.869578,-111.66516299999999,5.0,9475,0.977207095709571,0.010814759048219,-0.0012771562895679267,0.01956216128653638,5.0,0.1006480015348643,True,True
15.7,94.2300868528447,-111.6371428591794,0.04937597434251636,4.877912763375553,94.175069,-111.650732,5.0,9477,0.9774133663366337,0.010836280279783636,-0.0003340429375517928,0.008282468003800489,5.0,0.0977119998424314,True,True
15.75,94.39574195606525,-111.62883422083202,0.050812092333178786,4.87869025914197,94.327062,-111.64316399999998,5.0,9478,0.977516501650165,0.010821119189684165,-0.0005171293898453833,0.011146997557363755,5.0,0.08104200242087245,True,True
15.8,94.72692944342613,-111.6117973940267,0.05160148541697865,4.879712557727004,94.782916,-111.619964,5.0,9481,0.977825907590759,0.0565790417921897,-0.0008707191211749787,0.015270173270219267,5.0,0.08439699740847573,True,True
15.849999999999998,94.89284983133327,-111.60331154707076,0.05041231675266711,4.879232652110949,94.935262,-111.6122,5.0,9482,0.9779290429042904,0.04333355104870154,0.0016312328508569784,0.018553794796308767,5.0,0.12468299973988906,True,True
15.899999999999999,95.22426604511254,-111.58627484330881,0.05230762092682166,4.879631842914734,95.239369,-111.595854,5.0,9484,0.9781353135313532,0.017884615993830837,0.002733726875411513,0.020030465547886005,5.0,0.08783400699030608,True,True
15.95,95.38989277330894,-111.57757555375588,0.05269247376337933,4.880738378437086,95.391301,-111.587359,5.0,9485,0.9782384488448845,0.009884276545359795,0.0034369704864030126,0.022628103835680417,5.0,0.09812300413614139,True,True
16.0,95.5555622463709,-111.5688324540238,0.05287742569967742,4.883088783824599,95.543257,-111.578779,5.0,9486,0.9783415841584159,0.009222563609101755,0.004089184998447681,0.03657054493074656,5.0,0.0966099978541024,True,True
16.05,95.88501870922863,-111.55138672482292,0.05633802334276732,4.87900845643699,95.845647,-111.56165800000001,5.0,9488,0.9785478547854786,0.007895334503156083,0.001419681637447212,0.030822006631810436,5.0,0.08336499740835279,True,True
16.099999999999998,96.0507874875055,-111.54194385248388,0.05789728871834056,4.884131587948629,95.997716,-111.552536,5.0,9489,0.9786509900990099,0.0072752921772099065,0.0031366081493193754,0.02686006995914892,5.0,0.0807309988886118,True,True
16.15,96.38269163204407,-111.52179553491146,0.06414891425355954,4.89230853928508,96.45472600000001,-111.52314799999999,5.0,9492,0.9789603960396039,0.07204706328940075,0.002768356126364946,0.018852896319174983,5.0,0.09244299872079864,True,True
16.2,96.54874740815453,-111.51096451374349,0.06708905552155676,4.85936462803682,96.60681899999999,-111.51286,5.0,9493,0.9790635313531353,0.05810251842747017,0.0010968288646440172,0.01692388758659749,5.0,0.09846399916568771,True,True
16.25,96.88041989869046,-111.48812356005531,0.06997964672968342,4.881603040300964,96.911204,-111.491708,5.0,9495,0.979269801980198,0.03099208129753195,0.0010931511491385493,0.016231855600240347,5.0,0.09058900468517095,True,True
16.3,97.0464614814472,-111.4762895145401,0.07349664539253006,4.8962472676327575,97.0636,-111.48068400000001,5.0,9496,0.9793729372937293,0.017692945504974075,8.27758877801621e-05,0.013061173318710916,5.0,0.10153999755857512,True,True
16.349999999999998,97.37951322723458,-111.45084370632354,0.07832591834819654,4.887691232636767,97.369251,-111.457402,5.0,9498,0.9795792079207921,0.005734441760911582,-0.0005707284121871936,0.022723250973706317,5.0,0.09881400183076039,True,True
16.4,97.54519318525354,-111.43770636848417,0.07988929591292541,4.888554309673555,97.52127800000001,-111.44545900000001,5.0,9499,0.9796823432343235,0.005832474590590991,-0.0010139692786217402,0.002597458893812441,5.0,0.10798200673889369,True,True
16.45,97.87648128452939,-111.41075202337926,0.08237967146119002,4.888865422917837,97.82520600000001,-111.421264,5.0,9501,0.9798886138613861,0.006454077278257447,-0.0033226365723399987,0.008201514935305406,5.0,0.0823640002636239,True,True
16.5,98.0423720309076,-111.39705864393092,0.08220946085376764,4.891413899981426,97.977308,-111.40928600000001,5.0,9502,0.9799917491749175,0.0069831931058672485,-0.0028737483758809468,0.016556841616082642,5.0,0.08517999958712608,True,True
16.55,98.37367696494746,-111.36942943010786,0.08405278073856268,4.888088259295204,98.433592,-111.371991,5.0,9505,0.9803011551155115,0.05996976793067879,-0.0004681435261431055,0.015949161877289005,5.0,0.10950399882858619,True,True
16.599999999999998,98.5392315014991,-111.35548634047429,0.08402648580861492,4.889101786665804,98.58551,-111.35916200000001,5.0,9506,0.9804042904290429,0.04642423824304012,0.0004825476532914763,0.01939532306534278,5.0,0.10266100434819236,True,True
16.65,98.87048554687024,-111.32754795715879,0.08448092717240498,4.86446930073982,98.889263,-111.33312600000001,5.0,9508,0.9806105610561056,0.01958844833004282,0.0004101043255464454,0.024245420268124342,5.0,0.11434300540713593,True,True
16.7,99.034467230087,-111.31381069205004,0.08647271402246294,4.869471124362688,99.039745,-111.320527,5.0,9509,0.980713696369637,0.008541876124901699,-0.0005497595111565445,0.02345114357537587,5.0,0.08745300146983936,True,True
16.75,99.36599781170067,-111.28475775909514,0.0901759106345185,4.897732135231694,99.343938,-111.293228,5.0,9511,0.9809199669966997,0.006389975772887485,0.00157258589026954,0.028554000151189328,5.0,0.09786299779079854,True,True
16.8,99.53194128400148,-111.26960430944625,0.09250840760777672,4.901379751760567,99.496222,-111.279058,5.0,9512,0.981023102310231,0.006030553931383935,0.001277458671376408,0.024801537881659272,5.0,0.09704100375529379,True,True
16.849999999999998,99.69798849106034,-111.25400567127039,0.09524673808793167,4.905898987029999,99.64860999999999,-111.26456999999999,5.0,9513,0.9811262376237624,0.005785891602292796,0.00011428998070561747,0.02096449867476505,5.0,0.08675199933350086,True,True
16.9,100.02948559215706,-111.22176230295422,0.09842532839355991,4.887717636477987,100.104996,-111.22023300000001,5.0,9516,0.9814356435643564,0.07552589264704568,0.000978084372639021,0.015217619361852234,5.0,0.07951900624902919,True,True
16.95,100.19541344651037,-111.20517985659048,0.10222858330476463,4.904571196637516,100.257285,-111.204825,5.0,9517,0.9815387788778878,0.0618725710991486,9.996156176494964e-05,0.01118140664927453,5.0,0.09595899609848857,True,True
17.0,100.52829761967703,-111.16995832084893,0.10787978015711143,4.8957203170668215,100.562647,-111.17268700000001,5.0,9519,0.9817450495049505,0.034457591594323635,-0.0013148692231257364,0.004686777265236693,5.0,0.09792199853109196,True,True
17.05,100.69378771694251,-111.15189341502196,0.10953850005636061,4.89666648818786,100.7145,-111.156342,5.0,9520,0.9818481848184818,0.02118463069681567,-0.0018532049135862039,0.006561551879919195,5.0,0.09843300358625129,True,True
17.099999999999998,101.02460391728434,-111.11516899524149,0.1112576003783181,4.896477580377144,101.017995,-111.12337600000001,5.0,9522,0.9820544554455446,0.00745015018619718,-0.0033581543635206046,-0.002404221450579117,5.0,0.10060799831990153,True,True
17.15,101.19024493655665,-111.09673222805048,0.11031011761893808,4.903099628622175,101.170002,-111.10696399999999,5.0,9523,0.9821575907590759,0.007988437134860029,-0.0024935134600574393,0.00203119701098565,5.0,0.10328300413675606,True,True
17.2,101.52118341847627,-111.05992818948711,0.11109482435290469,4.895837260055659,101.473674,-111.073803,5.0,9525,0.9823638613861386,0.008543022828944894,-0.0010348800745929587,0.02011107895012277,5.0,0.09637999755796045,True,True
17.25,101.6865559800368,-111.04153514176089,0.1104654311629986,4.896547494628524,101.62534000000001,-111.05695,5.0,9526,0.98246699669967,0.008509349724282602,0.0006039024019743877,0.021537811272417523,5.0,0.09831300121732056,True,True
17.3,102.0175133041537,-111.00499079474005,0.11022666714356605,4.901819813935203,102.08020400000001,-111.005673,5.0,9529,0.982776402640264,0.06269440764304046,0.0016299118112681477,0.024016572712625785,5.0,0.09204199886880815,True,True
17.349999999999998,102.18158886030848,-110.98679927396805,0.11206672807742847,4.849413598552497,102.230755,-110.988998,5.0,9530,0.9828795379537953,0.04921527901302421,0.0010245867165297184,0.023176172863986547,5.0,0.09728100121719763,True,True
17.4,102.51243500433964,-110.94928018198603,0.11542716002156955,4.905634527811333,102.53446,-110.953333,5.0,9532,0.983085808580858,0.022394770989971134,0.0034589355001664046,0.020340711127369134,5.0,0.08061099651968107,True,True
17.45,102.6782175511295,-110.92994479232654,0.11737993394447616,4.909548040071974,102.686501,-110.935027,5.0,9533,0.9831889438943895,0.009718248814804362,0.003142011349262841,0.018424299090055177,5.0,0.08300499757751822,True,True
17.5,103.0097974210994,-110.89026717115867,0.12058609894491487,4.913509342231318,102.99027199999999,-110.897916,5.0,9535,0.9833952145214522,0.005186796205815803,0.002084335013102123,0.027567763505359895,5.0,0.09949600644176826,True,True
17.55,103.17544598053875,-110.86991477927813,0.12274573704293712,4.901264901573158,103.142105,-110.87908,5.0,9536,0.9834983498349835,0.004976052231721374,0.0008959761121540843,0.023562167709979404,5.0,0.07863700011512265,True,True
17.599999999999998,103.50728756317523,-110.82804492948664,0.1286506981553393,4.958302955036546,103.445782,-110.840781,5.0,9538,0.9837046204620462,0.004674293959949109,-0.00027310853342843444,0.012901682757453679,5.0,0.07888700201874599,True,True
17.65,103.67411162014949,-110.80633136903293,0.13099437592621974,4.918756760810246,103.750442,-110.80075900000001,5.0,9540,0.9839108910891089,0.07653351020803471,0.0011349389509001107,0.009180338300820889,5.0,0.1029920022119768,True,True
17.7,103.83950044435353,-110.7843900787522,0.13280358998758626,4.906555661687824,103.90196,-110.78053100000001,5.0,9541,0.9840140264026402,0.06257865914487161,0.0002258247473823083,0.01089299873960135,5.0,0.09780300024431199,True,True
17.75,104.17003213595576,-110.73982187447888,0.13498052462428148,4.905832360522801,104.204662,-110.739893,5.0,9543,0.9842202970297029,0.03462993708573404,-0.001565906927628813,0.012291702248139276,5.0,0.09122999472310767,True,True
17.8,104.33546264393027,-110.71740506945983,0.134289932847108,4.911275644247643,104.356348,-110.719558,5.0,9544,0.9843234323432343,0.020996028388009125,-0.0007492683584504611,0.014960811535561882,5.0,0.09796299855224788,True,True
17.849999999999998,104.66597747766804,-110.67252295462444,0.13564905574620764,4.9052565021544305,104.65894300000001,-110.67856699999999,5.0,9546,0.9845297029702971,0.005030177556274835,0.0003640080129745371,0.030042573522531105,5.0,0.10737000411609188,True,True
17.9,104.83114143203204,-110.64995501436299,0.13595406771720647,4.905887183311674,104.810061,-110.657802,5.0,9547,0.9846328382838284,0.0048900693804274165,0.0009231027875182818,0.03047774719307545,5.0,0.09811399650061503,True,True
17.95,105.1616018190312,-110.60449051709067,0.1382497777120669,4.910320825695738,105.112303,-110.615999,5.0,9549,0.9848391089108911,0.0045379947035654854,0.00037439514092563186,0.027643283219652915,5.0,0.08203299512388185,True,True
18.0,105.3258609874536,-110.58145486777379,0.14100885531193336,4.838617682933128,105.26309099999999,-110.594815,5.0,9550,0.9849422442244224,0.0047189215159032715,-0.003158646100190232,0.023588558848680816,5.0,0.09869399946182966,True,True
18.05,105.65571269014369,-110.53421787662714,0.14592024650735433,4.914041402762297,105.71556100000001,-110.53058300000001,5.0,9553,0.9852516501650165,0.059958590049738865,-0.00034081445966194224,0.01565113161914444,5.0,0.07948800339363515,True,True
18.099999999999998,105.82110714848346,-110.5097620814024,0.14820728420628324,4.918095192124442,105.86696299999998,-110.50821499999999,5.0,9554,0.9853547854785478,0.04588194175458226,-0.0012065210260852055,0.01318355496148266,5.0,0.09480700100539252,True,True
18.15,106.15183148917787,-110.459748386227,0.1518865266743807,4.9219848191796185,106.169501,-110.46298600000001,5.0,9556,0.9855610561056105,0.017963678789061712,-0.0019124530929794936,0.010121493443829803,5.0,0.09170100383926183,True,True
18.2,106.31709255891556,-110.43423097001188,0.153457335337156,4.913057890568123,106.320477,-110.440095,5.0,9557,0.985664191419142,0.00677061955477903,-0.002458228312177013,0.008963935254467686,5.0,0.38276499981293455,True,True
18.25,106.64821077784656,-110.38275364943863,0.1557916407396739,4.930896815574505,106.623143,-110.39339,5.0,9559,0.9858704620462047,0.006575058710576535,0.0002621838804635068,0.016779610932993752,5.0,0.34685799619182944,True,True
18.3,106.81477483080677,-110.35648906217978,0.15674761480604205,4.952424520042048,106.77521999999999,-110.369251,5.0,9560,0.985973597359736,0.006329781231073824,0.0015604904425514654,0.014072292363060013,5.0,0.3623369993874803,True,True
18.349999999999998,107.1453321759591,-110.30400756023657,0.15835835367788262,4.920805591653405,107.0773,-110.320591,5.0,9562,0.9861798679867987,0.005480249420770259,0.002127745568374362,0.012965015390453414,5.0,0.3473089964245446,True,True
18.4,107.31052663957905,-110.27764825264262,0.15853519855021872,4.923922507478507,107.378629,-110.27178899999998,5.0,9564,0.9863861386138614,0.06835394894543705,0.0014769570089998574,0.012933768444824356,5.0,0.4146939972997643,True,True
18.45,107.64127745391515,-110.22459665473329,0.16001296250252686,4.924974880999387,107.680272,-110.22306599999999,5.0,9566,0.9865924092409241,0.03902457595254733,0.000655800391471395,0.013893934037517154,5.0,0.39089999336283654,True,True
18.5,107.80669511938201,-110.19777611377773,0.16124500348552384,4.9264595989816,107.830822,-110.19866100000002,5.0,9567,0.9866955445544554,0.02414310236860342,-4.853703040375024e-06,0.014491035399036937,5.0,0.3569570035324432,True,True
18.55,107.9719551954004,-110.17079832584936,0.16263228324595808,4.92801780483346,107.981264,-110.174109,5.0,9568,0.9867986798679867,0.009880000324150833,-0.00075990475406984,0.015670218716252692,5.0,0.33237099705729634,True,True
18.599999999999998,108.30261362529887,-110.11614077428254,0.16506714289427277,4.934224125549348,108.282211,-110.124882,5.0,9570,0.9870049504950495,0.00528595763743903,-0.0017555442834589208,0.028344733722364575,5.0,0.0741480034776032,True,True
18.65,108.46733933847788,-110.08843461550875,0.1668866933167705,4.901145219433665,108.432377,-110.09998200000001,5.0,9571,0.9871080858085809,0.005765547695174987,-0.0038397744539184764,0.024800879374519278,5.0,0.1164679997600615,True,True
18.7,108.7970705156666,-110.03283385655655,0.17047855791738156,4.935707294727309,108.732376,-110.05026799999999,5.0,9573,0.9873143564356436,0.006327853876572442,-0.0028253451160837884,0.015663500411179997,5.0,0.0794689985923469,True,True
18.75,108.96253100189445,-110.0042458868027,0.17229016673151631,4.938708736912911,109.033825,-109.998646,5.0,9575,0.9875206270627063,0.07151358540918461,-0.0014114769040363129,0.01211260066776757,5.0,0.07609200110891834,True,True
18.8,109.29318128507857,-109.94597152515908,0.17705034738161995,4.94157248167995,109.335094,-109.94633,5.0,9577,0.987726897689769,0.04191424789133258,-0.0040347529870894405,0.007271966244813561,5.0,0.09064000187208876,True,True
18.849999999999998,109.45835365687631,-109.9163000256301,0.17902550851111118,4.938545469620147,109.485476,-109.919995,5.0,9578,0.9878300330033003,0.027372875846604482,-0.00419756833909668,0.00483169911546135,5.0,0.13745700562139973,True,True
18.9,109.78916998964493,-109.85642800272926,0.17920895771439307,4.943962643680481,109.786955,-109.865953,5.0,9580,0.988036303630363,0.008969746757071018,0.0006398812114820629,0.005837312135518051,5.0,0.10559800284681842,True,True
18.95,109.9552491330415,-109.82629700815664,0.1802467592749045,4.980361699054888,109.93826899999999,-109.838225,5.0,9581,0.9881394389438944,0.00865214415813063,0.0015164518729844367,-0.004893366551276415,5.0,0.10232100612483919,True,True
19.0,110.2853360113536,-109.76594261310937,0.18135746798385172,4.925433483359536,110.239157,-109.782595,5.0,9583,0.9883457095709571,0.007943226956459326,0.0021026718897596552,0.004748587679032032,5.0,0.07299699791474268,True,True
19.05,110.4499316701123,-109.73573442568015,0.18231218198171822,4.923820066092843,110.38923,-109.754733,5.0,9584,0.9884488448844885,0.007666090488134973,0.0007233698689401713,0.00805671234001084,5.0,0.07900800119386986,True,True
19.099999999999998,110.77921036101232,-109.674623030132,0.1845523812422273,4.945209186160637,110.839776,-109.671297,5.0,9587,0.9887582508250825,0.060656896577596986,-0.0004913009952383085,0.011500012325397161,5.0,0.09719200170366094,True,True
19.15,110.94362429558315,-109.64385616970002,0.18605085459002987,4.919126404287652,110.989625,-109.643348,5.0,9588,0.9888613861386139,0.0460035112061119,-0.0016111664464251163,0.01324365740365895,5.0,0.14070200268179178,True,True
19.2,111.2720740138163,-109.58143586790196,0.1899815359393983,4.919702009025916,111.28926200000001,-109.58747,5.0,9590,0.9890676567656765,0.01821641071199558,-0.00563001800312346,0.018079392480908858,5.0,0.09729200246511027,True,True
19.25,111.43625599755127,-109.54969578986018,0.19190554830697204,4.921941687357207,111.43912399999999,-109.55951,5.0,9591,0.9891707920792079,0.010224683795329124,-0.00661789548552516,0.019863895139806808,5.0,0.10664900037227198,True,True
19.3,111.7630552918821,-109.48591801813114,0.1950340031743349,4.919397235407277,111.737727,-109.50381499999999,5.0,9593,0.9893770627062707,0.01283176434351048,-0.009404730204721545,0.013005992241646508,5.0,0.09691100422060117,True,True
19.349999999999998,111.92727354665766,-109.45331832053087,0.1973358133840071,4.924667127401363,111.887612,-109.47521100000002,5.0,9594,0.989480198019802,0.01399589194761493,-0.007905666254035992,0.01404770710966301,5.0,0.09920500451698899,True,True
19.4,112.09155691835356,-109.42035916964687,0.19916979856632377,4.929938748473611,112.03759299999999,-109.446322,5.0,9595,0.9895833333333334,0.01516166262538281,-0.0077962524644688,0.01660173711083736,5.0,0.11124800221296027,True,True
19.45,112.41996603829018,-109.35352075170142,0.20228353251913553,4.930945719418709,112.48738999999999,-109.357964,5.0,9598,0.9898927392739274,0.06757020843602773,-0.005891675695819831,0.021272740506259942,5.0,0.09609999688109383,True,True
19.5,112.5839073388472,-109.31974188607862,0.20485350666825242,4.930326656243097,112.636987,-109.32806000000001,5.0,9599,0.9899958745874587,0.05372747385934028,-0.005145140617670574,0.01961976301926878,5.0,0.10231199848931283,True,True
19.55,112.9123118707179,-109.25083923464061,0.20925101897825854,4.936809252593988,112.936663,-109.266028,5.0,9601,0.9902021452145214,0.028699757672429195,-0.0006112001083109497,0.018504874669198795,5.0,0.10189999738940969,True,True
19.599999999999998,113.07698844639006,-109.21554318089733,0.21188600306110394,4.951902987659751,113.086968,-109.23381,5.0,9602,0.9903052805280528,0.020815094772390016,0.00043319252627860294,0.016550230013176098,5.0,0.10471599671291187,True,True
19.65,113.4050173684306,-109.1445175914393,0.21496411534669968,4.924028572387414,113.385847,-109.16860700000001,5.0,9604,0.9905115511551155,0.01938648048246741,0.0018096828379414731,0.016465041941462775,5.0,0.09334499918622896,True,True
19.7,113.56845982111147,-109.1088002890036,0.2157014535728021,4.922130775799652,113.53488600000001,-109.13567900000001,5.0,9605,0.9906146864686468,0.01899684685053781,0.0018181793417961778,0.034362984881606114,5.0,0.08066099690040573,True,True
19.75,113.89543369067889,-109.03708039427491,0.21631377071914232,4.94181114400854,113.83301999999999,-109.06951399999998,5.0,9607,0.9908209570957096,0.017944312147651232,0.003920015097487184,0.0352102652637684,5.0,0.09035800030687824,True,True
19.8,114.05874668271892,-109.00118579322677,0.21711767742273486,4.917856771947898,114.13053300000001,-109.002326,5.0,9609,0.9910272277227723,0.07179537185827348,0.006362561183667292,0.03779671321349786,5.0,0.08514900400768965,True,True
19.849999999999998,114.3850424636463,-108.92895190202557,0.21907080385698674,4.917771238526741,114.427442,-108.93450700000001,5.0,9611,0.991233498349835,0.04276189654954774,0.006902832525233382,0.04704432327626986,5.0,0.09651100117480382,True,True
19.9,114.54814731612143,-108.89244063243943,0.2215134366349046,4.919245586235467,114.575823,-108.90025800000001,5.0,9612,0.9913366336633663,0.02875855896465789,0.0065161986567905394,0.048693303968233716,5.0,0.08746400271775201,True,True
19.95,114.87273325915574,-108.81859952642876,0.2295075554970813,4.8958765883955335,114.87126799999999,-108.8314,5.0,9614,0.991542904290429,0.012107510019561665,0.002371001575361742,0.0455857554735543,5.0,0.08416800119448453,True,True
20.0,115.03553677825441,-108.7804398005731,0.23362249754850659,4.920686680298822,115.01948,-108.79591599999999,5.0,9615,0.9916460396039604,0.011238000053544974,0.0033002245706943434,0.0507499384259721,5.0,0.08329500269610435,True,True
20.05,115.36087334701007,-108.70178278702173,0.2422078783312176,4.896097100123103,115.31608200000001,-108.72314899999999,5.0,9617,0.991852310231023,0.00989331683250795,0.0011436822383856793,0.04136256696118901,5.0,0.09241200314136222,True,True
20.099999999999998,115.52322784047378,-108.66111465805416,0.24713547099726932,4.9268055599579945,115.46403899999999,-108.686252,5.0,9618,0.9919554455445545,0.00981381325718316,-0.0007370712929293255,0.03573130870820002,5.0,0.09495700214756653,True,True
20.15,115.84772840820216,-108.57802908222736,0.2549712403931044,4.930973515679191,115.907793,-108.57243000000001,5.0,9621,0.9922648514851485,0.06032499407069783,0.0023178671476760115,0.02897089896194583,5.0,0.0839770000311546,True,True
20.2,116.00998721118216,-108.53538367233422,0.2590645240623351,4.934411312154259,116.055704,-108.533173,5.0,9622,0.9923679867986799,0.045770207034537304,0.002871484351691045,0.026573709745234347,5.0,0.09268299618270248,True,True
20.25,116.17233058451522,-108.49184081198386,0.2629165651870405,4.973378516182118,116.20385900000001,-108.49305600000001,5.0,9623,0.9924711221122112,0.031551825064421786,0.0025692237870247325,0.023535614484632723,5.0,0.09382500138599426,True,True
20.3,116.4964976052139,-108.40353964297448,0.2695661965775188,4.92293235736144,116.49912900000001,-108.411974,5.0,9625,0.9926773927392739,0.008835305142116683,0.000610227888076853,0.023337582816745993,5.0,0.09292399772675708,True,True
20.349999999999998,116.65769640513226,-108.35882275985284,0.2720558924262222,4.9207802549726125,116.646124,-108.371152,5.0,9626,0.9927805280528053,0.008771399534478662,-0.0007678881732831044,0.03746067187416365,5.0,0.17096000374294817,True,True
20.4,116.9797728982033,-108.26813255255159,0.27743193738955657,4.918710337610427,116.940096,-108.28906,5.0,9628,0.9929867986798679,0.009357570210209564,-0.0033550041830014976,0.033444581649073046,5.0,0.09050899825524539,True,True
20.45,117.14060246741356,-108.22206066776926,0.28071880690733414,4.918750566947556,117.087001,-108.247577,5.0,9629,0.9930899339933993,0.009883358218140865,-0.0045968695204683385,0.031889797245150384,5.0,0.09951600077329203,True,True
20.5,117.46153733997835,-108.1283239287363,0.2879947817659662,4.920530577746692,117.526519,-108.121926,5.0,9632,0.9933993399339934,0.06529586228302052,-0.007123230662182234,0.03112563128010794,5.0,0.08434700430370867,True,True
20.55,117.62182781358527,-108.08053286551944,0.2914565501294053,4.923524432701072,117.672927,-108.079527,5.0,9633,0.9935024752475248,0.051109085471085114,-0.008393628066318826,0.03199201316846491,5.0,0.11617699783528224,True,True
20.599999999999998,117.94087985734626,-107.98381676161286,0.29847867455187077,4.869487770089424,117.96427299999999,-107.99436100000001,5.0,9635,0.9937087458745875,0.02565969770638305,-0.011790324239173255,0.030454344939037373,5.0,0.09881499863695353,True,True
20.65,118.10063925115152,-107.9349399050113,0.3021255880620198,4.927157045378008,118.110399,-107.95094499999999,5.0,9636,0.9938118811881188,0.018746086609803633,-0.010617023274912096,0.02825520980187239,5.0,0.09417600085726008,True,True
20.7,118.42045369738617,-107.83416742751483,0.308945982569658,4.9153675799421075,118.402918,-107.861818,5.0,9638,0.9940181518151815,0.021241636262801702,-0.010460993891082015,0.01586736955498699,5.0,0.09802300337469205,True,True
20.75,118.58021753279296,-107.78299012540315,0.3106879664322738,4.934036856958515,118.54898100000001,-107.81668799999998,5.0,9639,0.9941212871287128,0.02284113497706456,-0.009337089834295043,0.01837379480566529,5.0,0.11394199827918783,True,True
20.8,118.89924592891487,-107.67942472200029,0.317775367787098,4.9343943402751,118.84076999999999,-107.724934,5.0,9641,0.9943275577557755,0.025406814001536965,-0.008943531906302482,0.019526981149443103,5.0,0.1075710024451837,True,True
20.849999999999998,119.058637951734,-107.62680016596164,0.3205141909604173,4.93655869824972,119.13216100000001,-107.630473,5.0,9643,0.9945338283828383,0.07361472907101907,-0.0019115713400310597,0.020601133560431154,5.0,0.10965499677695334,True,True
20.9,119.37824059123527,-107.519529740557,0.3263924680934267,4.956465580436859,119.42393899999999,-107.532794,5.0,9645,0.994740099009901,0.04758450527428592,-0.0002733659764300178,0.019357837541130567,5.0,0.09596000018063933,True,True
20.95,119.53690192551079,-107.46562105549546,0.32869603544136256,4.92476521485283,119.568591,-107.483608,5.0,9646,0.9948432343234324,0.036437996852078124,8.13475108931705e-05,0.020366396685075054,5.0,0.09535899880575016,True,True
21.0,119.85348911874728,-107.35700781772529,0.331853731987685,4.919915268549101,119.857564,-107.38451,5.0,9648,0.995049504950495,0.027327069030135463,-0.000245952670955063,0.015804695276356116,5.0,0.11628699576249346,True,True
21.05,120.01144108425274,-107.30246146754412,0.33326609399716034,4.91687393702983,120.001713,-107.334768,5.0,9649,0.9951526402640264,0.02732697036053025,4.291712681236959e-06,0.019987842270599014,5.0,0.11286100198049098,True,True
21.099999999999998,120.16949229990169,-107.24764165973613,0.33439961511821364,4.916589668955759,120.145923,-107.28468500000001,5.0,9650,0.9952557755775577,0.027202738297712515,0.0007018620981038559,0.025335852781039222,5.0,0.09620000491850078,True,True
21.15,120.48509095168545,-107.1379703011984,0.3343199526113774,4.916611126292275,120.43363899999999,-107.18396899999999,5.0,9652,0.9954620462046204,0.02627495968575696,0.0038978315101267924,0.04556967260783855,5.0,0.09880399738904089,True,True
21.2,120.64294733090368,-107.08312945402169,0.33461939520287703,4.918526943462322,120.72111799999999,-107.08228899999999,5.0,9654,0.9956683168316832,0.07817518704759997,0.0076707476599033875,0.04888494063330781,5.0,0.09232199954567477,True,True
21.25,120.95781644356704,-106.97295107466923,0.3395637540213637,4.837987416542953,121.00724,-106.97953999999999,5.0,9656,0.9958745874587459,0.04986082497809168,0.00787488355950483,0.05276641604563956,5.0,0.10317299893358722,True,True
21.3,121.11469697643106,-106.91784602141202,0.34328526866128517,4.920968330224677,121.15068899999999,-106.92735400000001,5.0,9657,0.9959777227722773,0.03722670301565257,0.00751889043431575,0.0527469828556559,5.0,0.08151200017891824,True,True
21.349999999999998,121.42970651590574,-106.80381043686684,0.3516963939837368,4.928231820501603,121.43780100000001,-106.82122199999999,5.0,9659,0.9961839933993399,0.01920112505797907,0.005477820058206184,0.051910448536013024,5.0,0.11105700104963034,True,True
21.4,121.58660867109695,-106.7457880077735,0.35708861458472413,4.927365239914655,121.581052,-106.76748300000001,5.0,9660,0.9962871287128713,0.018321702980222336,0.003334586044621446,0.061799083809333674,5.0,0.08134200470522046,True,True
21.45,121.89995491424698,-106.6272971252071,0.3659861685959333,4.929912193023889,121.867269,-106.65855400000001,5.0,9662,0.996493399339934,0.0173211497099607,0.0017061727553491224,0.0534405572047945,5.0,0.09578900062479079,True,True
21.5,122.05638752583532,-106.5669703771503,0.37056107498933,4.92977222198326,122.01018799999999,-106.603118,5.0,9663,0.9965965346534653,0.016782353469365238,0.0013409589169803837,0.049419507058471285,5.0,0.10764100443338975,True,True
21.55,122.36935552001529,-106.4437126126156,0.37969750939937597,4.976316718429719,122.43924299999999,-106.43262299999999,5.0,9666,0.9969059405940595,0.07076184965485374,0.004727772035378663,0.04371116041740715,5.0,0.1049860002240166,True,True
21.599999999999998,122.52495909447589,-106.38122824860243,0.38404543979063926,4.91445538252968,122.580828,-106.37501200000001,5.0,9667,0.9970090759075908,0.056213666942734296,0.004137153118754178,0.04210925437603417,5.0,0.0946970030781813,True,True
21.65,122.83393327353028,-106.2548521912528,0.39226081971436116,4.922185599454779,122.86341399999999,-106.258338,5.0,9669,0.9972153465346535,0.02968609263281647,0.002827030579300782,0.03984212346630107,5.0,0.09967599908122793,True,True
21.7,122.9879083946123,-106.19080446828667,0.3953461284476579,4.9044418166787285,123.004251,-106.199293,5.0,9670,0.9973184818481848,0.01841564339103984,0.0035065070396784748,0.0406847682909194,5.0,0.09609900007490069,True,True
21.75,123.29518293204929,-106.06155296548889,0.40134456850259886,4.902559315673755,123.285472,-106.079645,5.0,9672,0.9975247524752475,0.012772695846995282,0.003969082192074147,0.05186494041791542,5.0,0.09991699334932491,True,True
21.8,123.44842401186959,-105.99622604356624,0.4050123925997824,4.9011212666675155,123.42574599999999,-106.019205,5.0,9673,0.9976278877887789,0.012057580295706945,0.0030242644410871655,0.04896996460387744,5.0,0.11140800052089617,True,True
21.849999999999998,123.75418217347277,-105.86375391349381,0.41295731809524894,4.90456606942222,123.706047,-105.897227,5.0,9675,0.9978341584158416,0.011243988954445078,0.00020190729035496346,0.04161958845753818,5.0,0.1472449948778376,True,True
21.9,123.90655171079271,-105.796706958466,0.4179714233405697,4.844551741698774,123.84607700000001,-105.83558899999998,5.0,9676,0.9979372937293729,0.010985705393383465,-0.0016496538983648001,0.03664788187231298,5.0,0.09135099389823154,True,True
21.95,124.05748616032196,-105.729202611539,0.42295151941479636,4.903704205361825,124.12438600000002,-105.711469,5.0,9678,0.9981435643564357,0.06921032818276503,-0.0005724832863220897,0.031228222679023046,5.0,0.11272099800407887,True,True
22.0,124.3614721572779,-105.59080610580591,0.43100495964064217,4.915814011467816,124.403828,-105.584919,5.0,9680,0.9983498349834984,0.042763014714464094,-0.0023727415521146433,0.023198496059472152,5.0,0.11189899669261649,True,True
22.05,124.51314511593684,-105.52085999915843,0.433604950375825,4.916451751359581,124.542928,-105.521032,5.0,9681,0.9984529702970297,0.02978338072498701,-0.0012033256779520052,0.021934866799018418,5.0,0.13468199904309586,True,True
22.099999999999998,124.81602622938767,-105.37947525350371,0.4399135604321196,4.908257418413749,124.820973,-105.39159599999999,5.0,9683,0.9986592409240924,0.013073952525169982,-0.0018341507886723285,0.01952656400939591,5.0,0.11366299440851435,True,True
22.15,124.96727473879763,-105.30807242395109,0.4435800559677829,4.919683597743982,124.95990400000001,-105.326355,5.0,9684,0.9987623762376238,0.013370591843314685,-0.002991049658348288,0.01876061225284322,5.0,0.09919500007526949,True,True
22.2,125.26974521031157,-105.16374054243474,0.4490690216671341,4.956541039010379,125.237349,-105.194571,5.0,9686,0.9989686468646864,0.013806573451250779,-0.003304618016756855,-0.031045723871589666,5.0,0.09543899795971811,True,True
22.25,125.4211464378877,-105.09036594339553,0.4521171943524357,4.9075527543929205,125.376718,-105.127799,5.0,9687,0.9990717821782178,0.014427846058422511,-0.0041385229403632096,-0.0628527945377964,5.0,0.09697100176708773,True,True
