t,x,y,yaw,speed_measured,x_ref,y_ref,speed_ref,path_index,progress,cte,heading_error,steering_cmd,speed_cmd,compute_time_ms,did_compute,controller_success
0.04099999999999998,33.07,-93.276,-0.7207000000000001,8.572288568828375e-18,32.934173,-93.47543,5.0,9047,0.9330651815181518,0.24129090084170682,0.04777350821222104,-0.14347886806,5.0,41.0865650010237,True,True
0.08000000000000002,33.06992307508707,-93.2759303651238,-0.7207012508949455,-0.024664062242630083,32.934173,-93.47543,5.0,9047,0.9330651815181518,0.24129090084170682,0.04777350821222104,-0.14347886806,5.0,30.24465400085319,True,True
0.128,33.0700058608063,-93.27600495243735,-0.7206999024352475,0.00010072024894172701,32.934173,-93.47543,5.0,9047,0.9330651815181518,0.24129010686348115,0.04777341064746832,-0.14347896562,5.0,28.283650997764198,True,True
0.178,33.070010569036576,-93.27600904570527,-0.7207000058847655,8.414690426627428e-05,32.934173,-93.47543,5.0,9047,0.9330651815181518,0.24128975202473277,0.04777371217519111,-0.1434786641,5.0,28.11413400195306,True,True
0.22799999999999998,33.06999005591061,-93.27599095417423,-0.720700159979372,0.0010803211754445716,32.934173,-93.47543,5.0,9047,0.9330651815181518,0.24128937434870593,0.0477735140969866,-0.14347886217,5.0,28.26600800108281,True,True
0.278,33.06998995531975,-93.2759908063944,-0.7207001345915005,0.0009753077245844119,32.934173,-93.47543,5.0,9047,0.9330651815181518,0.24129271491724513,0.04777356131808208,-0.14347881495,5.0,28.57159999985015,True,True
0.32699999999999996,33.06998881945061,-93.27598979307653,-0.7207000989035589,0.0009597509964941753,32.934173,-93.47543,5.0,9047,0.9330651815181518,0.24129284551842348,0.04777364280372165,-0.14347873347,5.0,27.176157000212697,True,True
0.378,33.06998537217228,-93.27598673618456,-0.7207001214673218,0.0009294700736317758,32.934173,-93.47543,5.0,9047,0.9330651815181518,0.24129330513092254,0.04777363545715918,-0.14347874081,5.0,28.184044000227004,True,True
0.43000000000000005,33.06998307540112,-93.27598470426712,-0.7207001333580577,0.0009147371814030778,32.934173,-93.47543,5.0,9047,0.9330651815181518,0.24129363007841162,0.04777362967954257,-0.14347874659,5.0,30.812967001111247,True,True
0.478,33.06997736976536,-93.27597966356743,-0.720700143691552,0.0008860631748731159,32.934173,-93.47543,5.0,9047,0.9330651815181518,0.24129446455668235,0.047773644607671084,-0.14347873166,5.0,28.764520997356158,True,True
0.528,33.06997397419232,-93.27597666653021,-0.7207001490483681,0.0008721128925324724,32.934173,-93.47543,5.0,9047,0.9330651815181518,0.24129497207864609,0.04777365190377303,-0.14347872437,5.0,28.911085999425268,True,True
0.578,33.0699661300231,-93.27596974755001,-0.7207001610948298,0.0008449635595068754,32.934173,-93.47543,5.0,9047,0.9330651815181518,0.24129616234894338,0.0477736634321273,-0.14347871284,5.0,28.245079000043916,True,True
0.629,33.069961694069114,-93.27596583671732,-0.7207001670470785,0.0008317558493366769,32.934173,-93.47543,5.0,9047,0.9330651815181518,0.24129684305619353,0.04777366930705096,-0.14347870696,5.0,29.212150002422277,True,True
0.678,33.069951825202,-93.27595713943306,-0.7207001789326082,0.0008060532387780181,32.934173,-93.47543,5.0,9047,0.9330651815181518,0.24129837067707216,0.04777368121920489,-0.14347869505,5.0,28.159217999927932,True,True
0.729,33.07111194841662,-93.27697392156817,-0.7207155281920815,0.09832422139476737,32.934173,-93.47543,5.0,9047,0.9330651815181518,0.24129921565556925,0.047773687144829324,-0.14347868913,5.0,29.979696999362204,True,True
0.778,33.07492653500911,-93.28032400885407,-0.7207691418237856,0.2018564732893159,32.934173,-93.47543,5.0,9047,0.9330651815181518,0.24057827291465736,0.04784265003600652,-0.14340972623,5.0,28.314718998444732,True,True
0.827,33.09036330701936,-93.29388990320301,-0.721325222125159,0.40317626456185074,32.934173,-93.47543,5.0,9047,0.9330651815181518,0.23991014026999233,0.04802741792422305,-0.14322495835,5.0,27.748679000069387,True,True
0.8780000000000001,33.101882456001285,-93.3040256394248,-0.7219516521738346,0.5009449296900258,32.934173,-93.47543,5.0,9047,0.9330651815181518,0.23854987080633788,0.049025160386055866,-0.14222721588,5.0,28.307495998888044,True,True
0.9299999999999999,33.13224848586052,-93.33081997975943,-0.72417751613767,0.6907933025856958,32.934173,-93.47543,5.0,9047,0.9330651815181518,0.2376147964454208,0.04996288183967401,-0.14128949443,5.0,30.841169998893747,True,True
0.9770000000000001,33.150981581818186,-93.34741612432677,-0.7258325129507849,0.7829880268256161,33.052184000000004,-93.569346,5.0,9048,0.9331683168316832,0.24292762685510652,0.05659548183930374,-0.13448138905,5.0,27.96561599825509,True,True
1.028,33.19408995260972,-93.38557136694502,-0.7297713445184606,0.9132338274370342,33.052184000000004,-93.569346,5.0,9048,0.9331683168316832,0.2360458880683536,0.0584191602388584,-0.13265771065,5.0,28.450152996811084,True,True
1.078,33.218578492116656,-93.40759527118749,-0.7326036525764275,1.0234764235003573,33.052184000000004,-93.569346,5.0,9048,0.9331683168316832,0.23218616483452337,0.06053431340697957,-0.13054255748,5.0,28.13669600072899,True,True
1.13,33.273908654048924,-93.45785043851383,-0.7379204310222127,1.174120586024332,33.052184000000004,-93.569346,5.0,9048,0.9331683168316832,0.22730168011691915,0.06608020360993372,-0.12499666728,5.0,30.55133799716714,True,True
1.179,33.30433070995024,-93.4854198846194,-0.7410998368718059,1.246310912539029,33.169982,-93.661958,5.0,9049,0.9332714521452146,0.22904289134927375,0.07244590744860213,-0.11990807141,5.0,29.48213499985286,True,True
1.2309999999999999,33.368750488836234,-93.54477320860856,-0.7478490462295234,1.3550609679831664,33.169982,-93.661958,5.0,9049,0.9332714521452146,0.21855522728404278,0.07904437866531255,-0.11330960019,5.0,31.590943999617593,True,True
1.2770000000000001,33.40363398388952,-93.57719304190648,-0.7506259160960046,1.4371443657662257,33.288132,-93.754545,5.0,9050,0.9333745874587459,0.22472993838340502,0.08302057234759852,-0.10890175288,5.0,27.899731998331845,True,True
1.33,33.47883867035546,-93.64774694377742,-0.7574405053630996,1.593105200779688,33.288132,-93.754545,5.0,9050,0.9333745874587459,0.2065105474022866,0.08910080826914646,-0.10282151696,5.0,30.67212399764685,True,True
1.38,33.51901037086791,-93.6858613664799,-0.7607828350837819,1.6654201126000334,33.406313,-93.847211,5.0,9051,0.9334777227722773,0.21224015309378655,0.09339377261539861,-0.099305301284,5.0,30.584759999328526,True,True
1.427,33.60422311470634,-93.7675240850543,-0.7675412165341987,1.8058171078464398,33.406313,-93.847211,5.0,9051,0.9334777227722773,0.19079752451964208,0.10000883824138862,-0.092690235658,5.0,27.915181002754252,True,True
1.4809999999999999,33.649151487247266,-93.81103390095328,-0.771126504674481,1.87411529362149,33.524688,-93.939676,5.0,9052,0.9335808580858086,0.189636800992907,0.10522556944180828,-0.089042130141,5.0,31.605299998773262,True,True
1.528,33.74342394951199,-93.9033166656474,-0.7783067495148157,2.0060457784527634,33.643235,-94.031968,5.0,9053,0.9336839933993399,0.1832913155094298,0.1138940234427337,-0.081165422186,5.0,28.97791000214056,True,True
1.581,33.79266317741411,-93.95204240017428,-0.7819891480077695,2.0696379669799683,33.643235,-94.031968,5.0,9053,0.9336839933993399,0.1630611101461272,0.11751016171792239,-0.07754928391,5.0,31.327460001193685,True,True
1.631,33.89510455576776,-94.05454772990382,-0.7893543113611297,2.192378738538029,33.761978000000006,-94.12414100000001,5.0,9054,0.9337871287128713,0.14631887332379998,0.1271483768082815,-0.068552464539,5.0,31.748077999509405,True,True
1.6800000000000002,33.94821245860496,-94.10827609686488,-0.7930560420713159,2.251704178084213,33.761978000000006,-94.12414100000001,5.0,9054,0.9337871287128713,0.13641037812708656,0.1308260521891773,-0.064874789159,5.0,30.143012998451013,True,True
1.732,34.05797852577632,-94.22057827749299,-0.8005478046846332,2.366597371258725,33.880936,-94.215889,5.0,9055,0.9338902640264026,0.11534849637386288,0.14204908764295965,-0.054538646722,5.0,32.69258700311184,True,True
1.7810000000000001,34.11455115376004,-94.27911319102,-0.8043431797963398,2.422231124616701,34.000335,-94.30713,5.0,9056,0.933993399339934,0.10399027229917203,0.14967341292646053,-0.047854321144,5.0,31.071731998963514,True,True
1.8279999999999998,34.172292819976676,-94.33922830618236,-0.8081477951817598,2.496294588009383,34.120124,-94.398051,5.0,9057,0.9340965346534653,0.07838481481656118,0.15975880299068246,-0.037776594211,5.0,28.927696999744512,True,True
1.8780000000000001,34.289771880048775,-94.46336153140679,-0.8157581691030167,2.5633267342380304,34.24047,-94.489072,5.0,9058,0.9341996699669967,0.0889542184653096,0.16555357517805014,-0.030801327284,5.0,28.583903000253486,True,True
1.9300000000000002,34.349928321515,-94.52746947854982,-0.8187215267722687,2.611432313667244,34.24047,-94.489072,5.0,9058,0.9341996699669967,0.05023521727043101,0.1684468802315071,-0.02790802223,5.0,30.76600900021731,True,True
1.98,34.47284448336424,-94.65964632541935,-0.8239955042739706,2.6744985213131085,34.360640000000004,-94.579874,5.0,9059,0.934302805280528,0.019887714665911813,0.17491931588387555,-0.01905808187,5.0,30.15937300006044,True,True
2.028,34.53445818086927,-94.7262551789611,-0.8277690291718313,2.692508523262061,34.479834999999994,-94.670023,5.0,9060,0.9344059405940595,0.01251170244960914,0.17685166783839934,-0.015156004975,5.0,28.78523999970639,True,True
2.081,34.66058585808428,-94.86415480541892,-0.8337621725900699,2.7817899983494634,34.599365999999996,-94.760281,5.0,9061,0.9345090759075908,-0.0286539611904307,0.18463708895073472,-0.0064003307538,5.0,31.328492998,True,True
2.1310000000000002,34.724508569538415,-94.93475048071615,-0.8360569261248398,2.8135398394914692,34.718590999999996,-94.85018000000001,5.0,9062,0.9346122112211221,-0.05966482778956624,0.18897258230974678,-0.0010588433464,5.0,32.03481499804184,True,True
2.182,34.85412981171848,-95.07874482389477,-0.8394656030317259,2.886480325919127,34.8383,-94.939963,5.0,9063,0.9347153465346535,-0.08261483913090309,0.19604361885328858,0.0068647183991,5.0,32.27113699904294,True,True
2.231,34.9200591156121,-95.15231260781104,-0.8406740071416319,2.9251041291057005,34.958356,-95.0294,5.0,9064,0.9348184818481848,-0.11531699774491753,0.20050298744219575,0.018083134413,5.0,31.252370001311647,True,True
2.279,35.054386311748196,-95.30263766870429,-0.8421511474375081,3.005565161780387,35.0787,-95.118564,5.0,9065,0.9349216171617162,-0.14209810475008888,0.20509999116874544,0.015620315971,5.0,29.283612999279285,True,True
2.33,35.122878835148306,-95.3793858203026,-0.8420322844045796,3.0463521490578023,35.199332,-95.207504,5.0,9066,0.9350247524752475,-0.1733772403285007,0.20792446634350314,0.069004349728,5.0,30.149865000566933,True,True
2.383,35.262740207216964,-95.53586707616182,-0.8406388240765127,3.1268547576794843,35.320334,-95.296312,5.0,9067,0.9351278877887789,-0.2055511167422018,0.20962718453328977,0.075686191715,5.0,33.69630599991069,True,True
2.442,35.33422429211569,-95.61554780583113,-0.8394535264042323,3.191185695929457,35.441594,-95.384826,5.0,9068,0.9352310231023102,-0.23409845339300664,0.21092682506696603,0.14533671778,5.0,42.064815999765415,True,True
2.483,35.47919500378778,-95.7771398095111,-0.8366345364541847,3.216679379654832,35.563344,-95.473387,5.0,9069,0.9353341584158416,-0.27264392811691296,0.20994133254078173,0.13650939534,5.0,33.56503099712427,True,True
2.545,35.55288097071581,-95.8586893287628,-0.8347865747022191,3.253003851000254,35.684101,-95.560905,5.0,9070,0.9354372937293729,-0.2978992449269054,0.2112530307570708,0.2938093377,5.0,45.22225799883017,True,True
2.582,35.70288998208398,-96.02313748554454,-0.8284921057065451,3.3109328121166786,35.805278,-95.64807900000001,5.0,9071,0.9355404290429042,-0.341495755637655,0.21153437769583716,0.17892099514,5.0,32.88915400116821,True,True
2.636,35.77968027725046,-96.10625246914701,-0.8214964436776754,3.344093096217238,35.927166,-95.735029,5.0,9072,0.9356435643564357,-0.36511125928274957,0.20994545102210393,0.3116639971,5.0,36.98613600136014,True,True
2.682,35.857769029625935,-96.18968088194036,-0.8147696431302931,3.38206282161494,36.049278,-95.821738,5.0,9073,0.935746699669967,-0.41098550377057147,0.1982445990182824,0.19343821801,5.0,32.62746399923344,True,True
2.7439999999999998,36.01810547549232,-96.35708341036887,-0.7975448030686106,3.443666182082196,36.171611999999996,-95.908262,5.0,9074,0.9358498349834984,-0.4334928763528095,0.1933174084575806,0.31965386356,5.0,44.186037997860694,True,True
2.781,36.10068074437813,-96.44080308909236,-0.7869905818768191,3.476052576969161,36.294256,-95.994434,5.0,9075,0.9359529702970297,-0.4558220124420908,0.18774730368792047,0.31624001821,5.0,31.84400700047263,True,True
2.83,36.27084041876393,-96.60767521408867,-0.7632795204383112,3.5336605433153916,36.417396000000004,-96.079971,5.0,9076,0.9360561056105611,-0.4978604029061666,0.17059349222577058,0.1861773881,5.0,30.409551996854134,True,True
2.883,36.35854612378429,-96.69044390898964,-0.7495132135920599,3.5628689878677755,36.540925,-96.16511700000001,5.0,9077,0.9361592409240924,-0.5177227679399758,0.16084613717045704,0.31286105047,5.0,34.0197410005203,True,True
2.931,36.539363210363476,-96.85412411300406,-0.7214038926456962,3.556145770191301,36.789054,-96.33504599999999,5.0,9079,0.9363655115511551,-0.5546884069367096,0.13499659298299616,0.29705201602,5.0,31.55163100018399,True,True
2.988,36.6317286111806,-96.93438807662223,-0.7077475321658502,3.6191212067457976,36.912752000000005,-96.41981899999999,5.0,9080,0.9364686468646864,-0.5727478672223161,0.12110912663647344,0.3436249137,5.0,39.032057000440545,True,True
3.0300000000000002,36.82221337570613,-97.09269979871259,-0.6774704668416244,3.6689939149786635,37.036164,-96.50421,5.0,9081,0.9365717821782178,-0.5959908901157379,0.09307404927202123,0.28295131304,5.0,30.371220000233734,True,True
3.09,36.92022985107791,-97.17024954011518,-0.6612698635479736,3.6811214849183043,37.159335999999996,-96.588342,5.0,9082,0.9366749174917491,-0.6066270505423634,0.07856745966422496,0.30515219107,5.0,40.44730700115906,True,True
3.134,37.12160672701403,-97.32123117707664,-0.6250396267016455,3.7205425017050393,37.406579,-96.756366,5.0,9084,0.9368811881188119,-0.6241877601694954,0.049414957290308426,0.27387912875,5.0,34.660471999814035,True,True
3.185,37.22507639094281,-97.3944496373188,-0.6055461483532615,3.7394608236897025,37.530642,-96.839927,5.0,9085,0.9369843234323433,-0.6316356270969238,0.0333742124102816,0.25705362898,5.0,35.56855200076825,True,True
3.246,37.43828223386068,-97.5357426161737,-0.5647978524045697,3.7875662430698,37.654959000000005,-96.92327,5.0,9086,0.9370874587458746,-0.6314298355985943,-0.004362200512582515,0.21766755858,5.0,46.3296519992582,True,True
3.283,37.54815592549973,-97.6038497018866,-0.5443084663555642,3.8417418298529022,37.779496,-97.006431,5.0,9087,0.937190594059406,-0.629691449082378,-0.02325565915680361,0.19952046942,5.0,33.45448300024145,True,True
3.331,37.77386349981638,-97.7342072959319,-0.503461786313338,3.852115871820765,38.029492,-97.172812,5.0,9089,0.9373968646864687,-0.6194260367409868,-0.06172453063577876,0.16717297005,5.0,31.366824001452187,True,True
3.38,37.88988857965141,-97.79667570746157,-0.48425040536151404,3.888451242503469,38.154688,-97.25560300000001,5.0,9090,0.9375,-0.6116284591355792,-0.07829599969711687,0.14971012847,5.0,30.049987999518635,True,True
3.428,38.00599736928802,-97.85684380354336,-0.4669066606547121,3.876610084326973,38.279334000000006,-97.337129,5.0,9091,0.9376031353135313,-0.5844804849352218,-0.11303022103796856,0.11655173065,5.0,28.721540998958517,True,True
3.479,38.2461226195258,-97.97310530504811,-0.4343982619826218,3.94980270201699,38.404046,-97.418952,5.0,9092,0.9377062706270627,-0.5685702798731322,-0.1288259461428245,0.10023197559,5.0,29.249299001094187,True,True
3.529,38.36890607271941,-98.02896763172566,-0.4198325966421199,3.979551236753757,38.655107,-97.58251700000001,5.0,9094,0.9379125412541254,-0.5302990459848566,-0.1572507921834534,0.071104942554,5.0,29.486904000805225,True,True
3.5789999999999997,38.61898699374006,-98.13647995829692,-0.39267251206930487,4.026971298109176,38.780808,-97.664265,5.0,9095,0.9380156765676567,-0.508332066665105,-0.16882610722924918,0.058222870601,5.0,29.317527001694543,True,True
3.629,38.74627893385696,-98.1883695323909,-0.38189930897139446,4.05327341961018,38.906801,-97.745525,5.0,9096,0.9381188118811881,-0.48547160742554446,-0.17756241250138372,0.046643167887,5.0,29.401303003396606,True,True
3.677,39.004114864344665,-98.28905401016506,-0.36331506518146617,4.093649103046756,39.160109999999996,-97.906542,5.0,9098,0.9383250825082509,-0.43835091835585405,-0.19101390075819813,0.030091785353,5.0,27.307051997922827,True,True
3.727,39.13426398554169,-98.33822190000018,-0.35731092240941936,4.101739531557417,39.160109999999996,-97.906542,5.0,9098,0.9383250825082509,-0.4068348416714363,-0.1998761028986653,0.021229583212,5.0,27.4793549979222,True,True
3.7800000000000002,39.39800775565502,-98.43558850092244,-0.3498544314662968,4.135072613029404,39.414963,-98.066249,5.0,9100,0.9385313531353136,-0.35110968403155457,-0.20549978525993495,0.015094601894,5.0,30.26278600009391,True,True
3.8280000000000003,39.53041948984534,-98.48359504486761,-0.34649156938725384,4.150152574069138,39.541806,-98.145896,5.0,9101,0.9386344884488449,-0.3218661945619872,-0.20988015458297937,0.012441696517,5.0,28.562732997670537,True,True
3.8789999999999996,39.796318818861415,-98.57883696241447,-0.3401358958851405,4.179821711607969,39.795010999999995,-98.303997,5.0,9103,0.9388407590759076,-0.26300170566894754,-0.21547893596735035,0.0091496889654,5.0,29.340108998439973,True,True
3.9290000000000003,39.93057734150843,-98.62630930957462,-0.33956535514808533,4.196373143025958,39.921956,-98.382995,5.0,9104,0.9389438943894389,-0.23267740656712507,-0.21533295853663192,0.0096143615106,5.0,29.758051998214796,True,True
3.979,40.20059095862071,-98.72158450357414,-0.33908032623799284,4.2273517001409475,40.176519,-98.540239,5.0,9106,0.9391501650165016,-0.17383224932174418,-0.21261522318144976,0.010179811725,5.0,29.393469001661288,True,True
4.031,40.33648496381986,-98.76954142811982,-0.339342752611071,4.248419702358036,40.304111,-98.618583,5.0,9107,0.939253300330033,-0.14603324520705024,-0.2107592682121724,0.010564976385,5.0,31.536771999526536,True,True
4.08,40.610256887512996,-98.86618241316573,-0.3389696953924925,4.284110515828527,40.560003,-98.774837,5.0,9109,0.9394595709570958,-0.09705224173046227,-0.20750278180867232,0.014168590837,5.0,30.550936000508955,True,True
4.13,40.7474328195004,-98.91444808740157,-0.3379077222973945,4.2866589625928375,40.688594,-98.853029,5.0,9110,0.9395627062706271,-0.0794337174675217,-0.2057996061848475,0.017235324272,5.0,30.281462000857573,True,True
4.178,40.88443669574715,-98.96252432278692,-0.3370727388468826,4.286737633977324,40.816981,-98.930548,5.0,9111,0.9396658415841584,0.007301503824025541,-0.20484557209294696,0.017604321011,5.0,28.33537699916633,True,True
4.229,41.16033139484794,-99.05819948029621,-0.33240838030556696,4.3081019110972605,40.944743,-99.00724100000001,5.0,9112,0.9397689768976898,0.03693565149197542,-0.20440797403337507,0.017413869255,5.0,29.669204999663634,True,True
4.283,41.43842345413859,-99.1532997687549,-0.3264265030036817,4.335774651586639,41.20117,-99.160536,5.0,9114,0.9399752475247525,0.09712595271153647,-0.20871212804488426,0.012463635181,5.0,33.59975500279688,True,True
4.3309999999999995,41.578386318349416,-99.20044511849191,-0.3227969404520294,4.34903769517067,41.329714,-99.237243,5.0,9115,0.9400783828382838,0.12778446074667246,-0.2115283570883788,0.011801961639,5.0,31.58319900103379,True,True
4.384,41.859913990913135,-99.29392318954636,-0.3177828253644368,4.373068562509787,41.5872,-99.39061600000001,5.0,9117,0.9402846534653465,0.19036745269067593,-0.21448064207012552,0.0099267522879,5.0,34.33600299831596,True,True
4.431,42.00136970474793,-99.34035360439955,-0.3155964701886893,4.385801783713729,41.716312,-99.46673299999999,5.0,9118,0.9403877887788779,0.22168447532397545,-0.21339105599578723,0.0091560102938,5.0,32.32548799860524,True,True
4.483,42.14337021614768,-99.38663177050773,-0.313881980309194,4.420798932074464,41.845752000000005,-99.542514,5.0,9119,0.9404909240924092,0.2530359925904498,-0.21331145788659533,-0.063062479816,5.0,33.628308003244456,True,True
4.531,42.42832998725552,-99.47902221598513,-0.3120840753014954,4.388334884599972,42.10545,-99.693832,5.0,9121,0.940697194719472,0.3159726825686801,-0.21477491542588245,-0.13610135605,5.0,32.0311479990778,True,True
4.582,42.570801251868154,-99.52490981648154,-0.31167027737640585,4.410920343876178,42.234633,-99.769202,5.0,9122,0.9408003300330033,0.34817658239212224,-0.21434913925283183,-0.14780291288,5.0,32.6324840025336,True,True
4.632,42.85616622522601,-99.6165557499605,-0.3094284149407188,4.425321636985317,42.493435,-99.918782,5.0,9124,0.941006600660066,0.4115544349469617,-0.21209196471525793,-0.20103723669,5.0,32.91291899950011,True,True
4.684,42.99954696775789,-99.6626747401325,-0.31292288363689924,4.434773225686006,42.623352000000004,-99.993257,5.0,9125,0.9411097359735974,0.4425709737816897,-0.2102240837230287,-0.31092022789,5.0,35.18748699934804,True,True
4.733,43.286564270584094,-99.75684465156893,-0.32231869708713756,4.446846206041241,42.883720000000004,-100.141666,5.0,9127,0.9413160066006601,0.5039444052813123,-0.20003349519383562,-0.31991314903,5.0,33.70595299929846,True,True
4.781,43.429904206058154,-99.80522635900216,-0.3295423417874312,4.4559910896969095,43.014255,-100.215715,5.0,9128,0.9414191419141914,0.5334889361246973,-0.19392253868641163,-0.32234589558,5.0,31.442796000192175,True,True
4.838,43.7164465540573,-99.90600536980922,-0.3476582882358388,4.474978799385943,43.275632,-100.364369,5.0,9130,0.9416254125412541,0.589981121631814,-0.17807148886846402,-0.37887492815,5.0,38.8267119997181,True,True
4.8870000000000005,43.858360922749405,-99.95842871433258,-0.3583493331498411,4.421759574110461,43.406531,-100.438395,5.0,9131,0.9417285478547854,0.6159514116214028,-0.16555685839880097,-0.36585448288,5.0,37.92129700013902,True,True
4.94,44.13988020014663,-100.06707873263353,-0.38756950875404633,4.445326354248645,43.667452000000004,-100.58465600000001,5.0,9133,0.9419348184818482,0.6618902415515826,-0.13556079473337057,-0.33595837098,5.0,40.58580600030837,True,True
4.991,44.27896733441598,-100.12519504288186,-0.40428451189230674,4.427026477069495,43.797895000000004,-100.657234,5.0,9134,0.9420379537953796,0.6819686058492151,-0.11974439223598043,-0.32156605362,5.0,41.946282999560935,True,True
5.036,44.55320058212909,-100.24827050875876,-0.43977652873312856,4.404085060049663,44.059613,-100.802686,5.0,9136,0.9422442244224423,0.7129077858515549,-0.08656381936599322,-0.28361001519,5.0,36.27277999839862,True,True
5.082,44.68770120271273,-100.31322126554684,-0.46063986684859953,4.3758508532218094,44.190449,-100.87561099999999,5.0,9137,0.9423473597359736,0.7245821890877474,-0.06887170281098243,-0.26325515801,5.0,32.736217999627115,True,True
5.132,44.95107598627289,-100.45123399700145,-0.5052126880146062,4.379147086879066,44.452502,-101.021361,5.0,9139,0.9425536303630363,0.7384760720953119,-0.020889364758497564,-0.21603110074,5.0,32.12579499813728,True,True
5.181,45.08097233587927,-100.52470221444933,-0.5265285639494777,4.419546622210864,44.584039000000004,-101.09352700000001,5.0,9140,0.9426567656765676,0.7396305991609062,0.00436563366854692,-0.19240336441,5.0,31.639333999919472,True,True
5.23,45.20926036316989,-100.60118301489587,-0.5481678509305472,4.387990614274213,44.847282,-101.237289,5.0,9142,0.9428630363036303,0.7317717031886202,0.048471798796890564,-0.14540430167,5.0,30.84625799965579,True,True
5.2780000000000005,45.45793691295959,-100.76044982100217,-0.5964994122956445,4.285302801147687,44.978806,-101.30906800000001,5.0,9143,0.9429661716171617,0.7228816356402737,0.07175247692698195,-0.12149435473,5.0,29.061376000754535,True,True
5.33,45.580461053880256,-100.84441047328578,-0.6158524216719442,4.399805336191587,45.109942,-101.380144,5.0,9144,0.943069306930693,0.7106158049639639,0.10083855402194031,-0.092141872287,5.0,30.942057997890515,True,True
5.379,45.82201436818938,-101.02107439482769,-0.6471944821901849,4.407092581470924,45.373496,-101.521939,5.0,9146,0.9432755775577558,0.6753115213969448,0.13974794414902192,-0.053714841902,5.0,29.50463600063813,True,True
5.427,45.941012697408674,-101.11240614403117,-0.6617123925348637,4.416667285657152,45.505568,-101.592496,5.0,9147,0.9433787128712872,0.6531001501381115,0.15741899557431704,-0.035956977378,5.0,27.541229999769712,True,True
5.479,46.17461402861875,-101.30017919669277,-0.6954186291032043,4.3928689023938166,45.77035,-101.733108,5.0,9149,0.9435849834983498,0.6012453969095065,0.19038629246407135,-0.005697628312,5.0,29.94895799929509,True,True
5.526,46.28874083288758,-101.39718522014603,-0.7134107140817557,4.423229038104978,45.903078,-101.803044,5.0,9150,0.9436881188118812,0.5714537619433832,0.21128598674193189,0.014930319413,5.0,26.69285100273555,True,True
5.577,46.51497792784,-101.59695140481682,-0.7363715512950891,4.430863442007642,46.169297,-101.942297,5.0,9152,0.9438943894389439,0.5029645362079033,0.24682892384349175,0.052504741077,5.0,27.791820000857115,True,True
5.628,46.62647954366039,-101.69861479316275,-0.7408841960524688,4.445993366564828,46.302738,-102.01140500000001,5.0,9153,0.9439975247524752,0.46563673558880725,0.2590481927967261,0.064108293519,5.0,28.389909999532392,True,True
5.68,46.84726291195911,-101.90346144005792,-0.7555272156820774,4.437742576716295,46.567659,-102.147855,5.0,9155,0.9442037953795379,0.3863605753553907,0.27168774106997207,0.075775608672,5.0,30.090543001279002,True,True
5.73,46.9570640080382,-102.00743094023758,-0.7599026618493449,4.4527970828086545,46.700998,-102.216084,5.0,9156,0.9443069306930693,0.3451467650944178,0.28250882662659826,0.084457987785,5.0,30.230284999561263,True,True
5.783,47.17661954760955,-102.21671045222841,-0.7625735544604788,4.4689347758017846,46.968021,-102.35268,5.0,9158,0.9445132013201321,0.26026502600198426,0.2905220523616596,0.095764929464,5.0,33.663434001937276,True,True
5.831,47.28663160819905,-102.32165801928488,-0.7611800798572061,4.474599750391415,47.101865000000004,-102.420581,5.0,9159,0.9446163366336634,0.21714382937812052,0.2953058860125508,0.099530476126,5.0,31.281083000067156,True,True
5.879,47.50802054024671,-102.53097172107334,-0.7531427803478372,4.4957548969737,47.370698,-102.555145,5.0,9161,0.9448226072607261,0.13138841754159103,0.29471503106002617,0.098167492327,5.0,29.667320999578806,True,True
5.929,47.620190005447306,-102.63547731134967,-0.7479749293465082,4.48159656623567,47.505236,-102.622226,5.0,9162,0.9449257425742574,0.09129675288206791,0.2928297720024866,0.095384971051,5.0,29.367609997279942,True,True
5.987,47.8445299795579,-102.8411778569763,-0.7356152786196938,4.501549062398482,47.774366,-102.755628,5.0,9164,0.9451320132013201,-0.04611895510213603,0.28042230852772443,0.089341633868,5.0,37.23564300162252,True,True
6.032,47.95875472736048,-102.9440210401198,-0.7289763887290331,4.5055420147647975,47.908434,-102.822216,5.0,9165,0.9452351485148515,-0.0666579016220465,0.2762054382100976,0.085153549113,5.0,32.19498500038753,True,True
6.082,48.073422220394846,-103.04570528336274,-0.721784235734735,4.5119360294495605,48.177879,-102.954495,5.0,9167,0.9454414191419142,-0.13867420306816508,0.2681806676396805,0.13051397506,5.0,33.02379600063432,True,True
6.133,48.30556705197846,-103.24722381364066,-0.7084071562139905,4.529124993082286,48.313035,-103.020169,5.0,9168,0.9455445544554455,-0.177192885451789,0.2635068075237115,0.16534196073,5.0,33.37707700120518,True,True
6.187,48.540907135903005,-103.44611449835162,-0.6932462326178837,4.53780252691955,48.448370000000004,-103.085614,5.0,9169,0.945647689768977,-0.2156627316636117,0.2584753801834765,0.27431962957,5.0,37.341810999350855,True,True
6.237,48.660461818120346,-103.54450847898383,-0.6831638710896337,4.594053073124622,48.719885,-103.216208,5.0,9171,0.9458539603960396,-0.2913590119097523,0.2470360979480244,0.31348713746,5.0,37.25811500044074,True,True
6.282,48.78107106491014,-103.64176533708367,-0.6734501900289718,4.539821199878869,48.856297,-103.281301,5.0,9172,0.945957095709571,-0.32806949790381223,0.23989298901143474,0.31686555721,5.0,32.92137400057982,True,True
6.3309999999999995,49.024002322852205,-103.83019711176648,-0.6427905173860281,4.515011642459178,49.129142,-103.410092,5.0,9174,0.9461633663366337,-0.3980999220002882,0.22044865767870725,0.32027482969,5.0,31.34998200039263,True,True
6.383,49.14796416237767,-103.92126779251848,-0.624813510452971,4.538437597092988,49.264376,-103.4736,5.0,9175,0.946266501650165,-0.4300476773402506,0.20501761240841887,0.31619468972,5.0,33.13603600327042,True,True
6.432,49.4002270232926,-104.09737574140051,-0.5893940042480806,4.5310799795516985,49.537052,-103.60047,5.0,9177,0.9464727722772277,-0.4876981892954931,0.17484378625065355,0.30723729941,5.0,32.22831699895323,True,True
6.49,49.529326181495364,-104.18177796699692,-0.5690041175605353,4.540430848292944,49.673856,-103.663826,5.0,9178,0.946575907590759,-0.5126774767457504,0.1568461442805118,0.38057113165,5.0,40.4016300017247,True,True
6.54,49.79290648049733,-104.34231484901814,-0.523568859449598,4.5375067115096215,49.948301,-103.789485,5.0,9180,0.9467821782178217,-0.5547236399316793,0.12127433707716628,0.34247178374,5.0,40.63096000027144,True,True
6.59,49.9275292524003,-104.41792846883325,-0.4991716779714378,4.547664439966711,50.08602,-103.851772,5.0,9181,0.9468853135313532,-0.5714436297991916,0.09981240281183057,0.32000521218,5.0,40.50365099828923,True,True
6.635,50.20096887458801,-104.55947886677532,-0.4469773234017957,4.514424408451763,50.361453999999995,-103.975593,5.0,9183,0.9470915841584159,-0.5951167686902833,0.05361481080528563,0.27344075663,5.0,35.31216099872836,True,True
6.694,50.34144909477304,-104.62479200487067,-0.4192317093480965,4.594636177221121,50.499922,-104.037251,5.0,9184,0.9471947194719472,-0.6017432309800449,0.027923453361354156,0.24850081677,5.0,44.36283800168894,True,True
6.733,50.627725294448325,-104.74366453052598,-0.36776681194536553,4.564386094166656,50.775146,-104.159911,5.0,9186,0.9474009900990099,-0.6014271023243085,-0.02439421967147437,0.2001373287,5.0,34.31884100064053,True,True
6.78,50.77354173079167,-104.79776778481661,-0.3430245334622716,4.583634788631121,50.913026,-104.221023,5.0,9187,0.9475041254125413,-0.5954415689375547,-0.048360925931097754,0.17521817324,5.0,30.33885900003952,True,True
6.831,51.07025351132105,-104.89615331086895,-0.2973426823197227,4.6187339392765026,51.189405,-104.34255999999999,5.0,9189,0.9477103960396039,-0.572775613017182,-0.09334086101383399,0.13163306259,5.0,31.55959499781602,True,True
6.881,51.22117842877037,-104.94074166936146,-0.27673884325214243,4.63964840414615,51.327839000000004,-104.403134,5.0,9190,0.9478135313531353,-0.5562538313285401,-0.1143444122379007,0.11135190725,5.0,31.07430599993677,True,True
6.93,51.37391676891471,-104.98273673230197,-0.2579523022625701,4.646511858991193,51.605824,-104.52401,5.0,9192,0.948019801980198,-0.5140147651168078,-0.14996371460851465,0.077460835281,5.0,30.31347100113635,True,True
6.979,51.681546843055884,-105.0581815808736,-0.22375857324978007,4.675449267511499,51.744960999999996,-104.583889,5.0,9193,0.9481229372937293,-0.4889941786270669,-0.1650595751829731,0.062314733123,5.0,29.50011800203356,True,True
7.0280000000000005,51.837054636619435,-105.09236258490347,-0.20877049110323553,4.684542434992153,51.884506,-104.643539,5.0,9194,0.9482260726072608,-0.4616501806140431,-0.17941177146103549,0.048788350937,5.0,28.326791001745733,True,True
7.079,52.14859681057736,-105.1548878842022,-0.18495372401865245,4.70222457998261,52.161839,-104.761444,5.0,9196,0.9484323432343235,-0.40062765055175625,-0.20433085723239097,0.024256530771,5.0,29.6180790028302,True,True
7.129,52.30603921006476,-105.1835953947249,-0.17632725966349233,4.711221852180666,52.301076,-104.820095,5.0,9197,0.9485354785478548,-0.36788065798491604,-0.2125150201279311,0.014419765244,5.0,30.011926999577554,True,True
7.18,52.6224682321796,-105.23751326479051,-0.1619264269998713,4.731275539002231,52.58061899999999,-104.93678100000001,5.0,9199,0.9487417491749175,-0.2980729083840372,-0.22440377245413012,0.00055464216768,5.0,30.643407997558825,True,True
7.229,52.781480225653716,-105.26304950021346,-0.15667899073261027,4.7385466412661605,52.720797999999995,-104.994607,5.0,9200,0.9488448844884488,-0.2620517376642259,-0.2280045502210375,-0.0038183249065,5.0,30.492296002194053,True,True
7.279,53.0996535979055,-105.31187345195212,-0.14916771344762314,4.743706767846742,53.001959,-105.109274,5.0,9202,0.9490511551155115,-0.18860305734344907,-0.23185254323518079,-0.0094544392675,5.0,29.891580001276452,True,True
7.33,53.25935620472821,-105.3357174931311,-0.14809088230538747,4.750789182249852,53.142872,-105.16603899999998,5.0,9203,0.9491542904290429,-0.15144266792800773,-0.23299235752329306,-0.011092023746,5.0,30.14873199936119,True,True
7.38,53.579191559345006,-105.3831143619871,-0.1480690850845565,4.735883897888376,53.424622,-105.278893,5.0,9205,0.9493605610561056,-0.07698698805640407,-0.23162569744240358,-0.0076309642178,5.0,30.207932999473996,True,True
7.432,53.73864716339296,-105.40697901269003,-0.15004180503103898,4.7456526565972865,53.565132,-105.33490900000001,5.0,9206,0.949463696369637,-0.03959716455157418,-0.23087040195751607,-0.0053912503082,5.0,32.76589300003252,True,True
7.482,54.05779057143749,-105.45591759747498,-0.15330684195553776,4.75485380509111,53.846776,-105.446554,5.0,9208,0.9496699669966997,0.03298754323053764,-0.2231086723107909,0.0016408363742,5.0,32.22338699924876,True,True
7.53,54.21755514024598,-105.48068590344471,-0.15363628575618835,4.760509167997332,53.987977,-105.50198600000002,5.0,9209,0.949773102310231,0.06830618486888967,-0.21987180526741446,0.0047581982867,5.0,30.243139000958763,True,True
7.583,54.537757102832025,-105.53035942859341,-0.15348409950175504,4.796446946551413,54.2709,-105.61219399999999,5.0,9211,0.9499793729372937,0.13796572344470087,-0.21626439572481804,0.0095765630922,5.0,33.464421001554,True,True
7.632,54.69839955714647,-105.55538887783166,-0.15424201619357353,4.771271076911214,54.41270600000001,-105.66699399999999,5.0,9212,0.9500825082508251,0.1724007076973356,-0.21435613671221754,0.012123383728,5.0,32.083093999972334,True,True
7.682,55.01896253846641,-105.60543598340011,-0.15555410248924004,4.725217458203439,54.839721999999995,-105.82979499999999,5.0,9215,0.9503919141914191,0.2502210635900342,-0.2062776936004247,-0.23616520603,5.0,32.49712899923907,True,True
7.734,55.17937045947398,-105.62974358976597,-0.15458374308397166,4.774242449107648,54.982011,-105.88333200000001,5.0,9216,0.9504950495049505,0.2803419558987287,-0.20432016121079366,-0.24360329859,5.0,34.941687001264654,True,True
7.7829999999999995,55.49999178742976,-105.67974932462323,-0.15566925465977222,4.782516996933793,55.265268999999996,-105.989301,5.0,9218,0.9507013201320133,0.3427979918036677,-0.20043344370857685,-0.26064041698,5.0,33.89919500114047,True,True
7.832000000000001,55.6607840647281,-105.70513658226108,-0.15712986120148253,4.789276289513401,55.408026,-106.042125,5.0,9219,0.9508044554455446,0.373863392380618,-0.19762854419548015,-0.26791243207,5.0,32.26614700179198,True,True
7.882,55.8216806926479,-105.73088636905139,-0.15975954306135567,4.793216679063564,55.551054,-106.09468999999999,5.0,9220,0.9509075907590759,0.4047129258836414,-0.1936703648119873,-0.27454280111,5.0,32.98487299980479,True,True
7.932,56.143356228658206,-105.78428757614552,-0.16979949172936828,4.797814316979729,55.837875,-106.19878,5.0,9222,0.9511138613861386,0.46467870346435697,-0.1817179643767246,-0.28403485512,5.0,32.92819700072869,True,True
7.989000000000001,56.46432044313143,-105.84148199266338,-0.1868308737000191,4.8257920066072435,55.981609999999996,-106.250358,5.0,9223,0.95121699669967,0.49333911508926326,-0.1742724499590298,-0.37254750127,5.0,39.23065799972392,True,True
8.036,56.625035720540026,-105.87250470039741,-0.19634264775809274,4.804667393949318,56.2688,-106.352747,5.0,9225,0.9514232673267327,0.547215567741162,-0.15437241511093847,-0.35206872118,5.0,36.470439001277555,True,True
8.084,56.78397578475738,-105.90467183291294,-0.20750200961547074,4.715700209651553,56.41298199999999,-106.403924,5.0,9226,0.951526402640264,0.5717227263417822,-0.1443623489394903,-0.33974482925,5.0,34.42113200071617,True,True
8.134,57.099240195566054,-105.97623005057713,-0.24254616746379104,4.758522235629748,56.700078000000005,-106.50523799999999,5.0,9228,0.9517326732673267,0.6144019586965824,-0.11374221325774547,-0.3084381052,5.0,34.785464999004034,True,True
8.184,57.25597420278535,-106.01674005357701,-0.2630664315835024,4.763779433796566,56.843804000000006,-106.55543999999999,5.0,9229,0.951835808580858,0.6309719462532997,-0.09278380551187704,-0.28839097478,5.0,34.26036099699559,True,True
8.234,57.56712497196893,-106.10767865831242,-0.3067310001182305,4.765080501005938,57.131562,-106.65535,5.0,9231,0.9520420792079208,0.6537439743229052,-0.04857365499324651,-0.2410581991,5.0,34.493957999075064,True,True
8.282,57.721064841363386,-106.15837734261746,-0.33029393575169763,4.772269193171685,57.420364,-106.754792,5.0,9233,0.9522483498349835,0.6635468784368751,-0.022729084524827137,-0.21467049792,5.0,32.29589300099178,True,True
8.331,58.026355638477355,-106.27077511429685,-0.37604039683305784,4.793871846582279,57.709817,-106.85285400000001,5.0,9235,0.9524546204620462,0.6607509138520511,0.02860716036052313,-0.16376924594,5.0,31.425032000697684,True,True
8.38,58.176381190463424,-106.33127408088055,-0.39839127441539485,4.746433778597404,57.854475,-106.90143300000001,5.0,9236,0.9525577557755776,0.6536607091473073,0.05368099650824609,-0.13936740335,5.0,30.752893999306252,True,True
8.429,58.47404960315913,-106.46261247925699,-0.4393132543752589,4.80048803603048,58.14273000000001,-106.997437,5.0,9238,0.9527640264026402,0.6299480845966966,0.10097288194548737,-0.092261775648,5.0,29.652172997884918,True,True
8.477,58.62127026060291,-106.53347716153817,-0.4575348045491737,4.811849243600926,58.287901,-107.045027,5.0,9239,0.9528671617161716,0.6114392663465538,0.12336073774641498,-0.07187118152,5.0,27.971835999778705,True,True
8.528,58.76765252906903,-106.60706760520482,-0.47390766547047386,4.82718254659934,58.579071,-107.139627,5.0,9241,0.9530734323432343,0.56471569763495,0.16194567767501544,-0.033529683924,5.0,28.154568000900326,True,True
8.58,59.058502730782,-106.76099559403697,-0.4987523742211264,4.846256611206927,58.725048,-107.18651200000001,5.0,9242,0.9531765676567657,0.536867249227758,0.1778013716053124,-0.019194322002,5.0,29.740397996647516,True,True
8.628,59.20288053498571,-106.84055005565143,-0.5087358198935433,4.851939442384095,59.01763199999999,-107.27949199999999,5.0,9244,0.9533828382838284,0.4743193826577709,0.20276752994525982,0.0021798328002,5.0,28.350995999062434,True,True
8.677,59.48884709197127,-107.00304912941452,-0.5251194065511257,4.809927835830491,59.163478000000005,-107.325433,5.0,9245,0.9534859735973598,0.44019940874260843,0.21330785059211754,0.012036073814,5.0,27.851139999256702,True,True
8.729,59.631222774909666,-107.08569619802736,-0.5309058282218095,4.848555991907633,59.309996,-107.371375,5.0,9246,0.9535891089108911,0.4048995101583889,0.22180999597252482,0.020919937866,5.0,29.522780001570936,True,True
8.78,59.914955594750886,-107.25425623692894,-0.539711527060957,4.849601307761399,59.74874200000001,-107.507447,5.0,9249,0.9538985148514851,0.338575739113111,0.23822468436781152,0.036854715309,5.0,30.254500001319684,True,True
8.829,60.05627947245262,-107.33922020969231,-0.5428109073755547,4.850253842490407,59.894897,-107.552225,5.0,9250,0.9540016501650165,0.2986431499122035,0.2424603469501143,0.041212846154,5.0,29.92185699986294,True,True
8.877,60.33842159878617,-107.51021997514617,-0.5459783755786204,4.85466335609253,60.187445,-107.641879,5.0,9252,0.9542079207920792,0.21751075799418915,0.2481345278917293,0.051602410472,5.0,27.938072998949792,True,True
8.927,60.479588691853934,-107.59587873695855,-0.5450556066054479,4.857435242881994,60.333895,-107.686652,5.0,9253,0.9543110561056105,0.17649008326416343,0.24964403096211596,0.054699266559,5.0,27.657798000291223,True,True
8.981,60.762812473482946,-107.7667482597935,-0.5404219025136783,4.840840696317042,60.627455000000005,-107.775778,5.0,9255,0.9545173267326733,0.09406947451555919,0.2500552881932814,0.056488388395,5.0,31.47118799824966,True,True
9.033,60.90355279409611,-107.8508328325249,-0.5366484647440647,4.816935278802774,60.774347,-107.819901,5.0,9256,0.9546204620462047,0.054389880432229615,0.24931663932290204,0.055950189181,5.0,34.043504998408025,True,True
9.081,61.18600697171424,-108.01796901672252,-0.5286057234317447,4.782237985291964,61.066787,-107.907146,5.0,9258,0.9548267326732673,-0.03532244393476722,0.24449338043730418,0.053596512459,5.0,31.601942999259336,True,True
9.132,61.3277133722908,-108.09997923326168,-0.521711574959095,4.825890665485675,61.213102,-107.950597,5.0,9259,0.9549298679867987,-0.07261631493724319,0.24165262561275824,0.048399432412,5.0,32.363308000640245,True,True
9.183,61.61346707828332,-108.26189587885938,-0.5097936543054682,4.834332510780559,61.50733,-108.036546,5.0,9261,0.9551361386138614,-0.14937712564135683,0.23360329398558388,0.089780246892,5.0,33.79311600292567,True,True
9.232,61.757227162386734,-108.34179350034118,-0.504702937081085,4.841381173267291,61.654764,-108.079021,5.0,9262,0.9552392739273927,-0.1871867755980654,0.2305404819519996,0.1046331795,5.0,31.726115998026216,True,True
9.287,62.045747301799494,-108.49958651831817,-0.49389553183847407,4.749443251339511,61.950255000000006,-108.16296799999999,5.0,9264,0.9554455445544554,-0.26171777243907646,0.22498092913264367,0.23742854269,5.0,37.10826300084591,True,True
9.337,62.18973190338263,-108.57654721569693,-0.48630380141196494,4.853125816024495,62.097654000000006,-108.204472,5.0,9265,0.9555486798679867,-0.29819318104898634,0.22037645519832028,0.29593175149,5.0,37.817541997355875,True,True
9.384,62.48221689574141,-108.72798367638251,-0.467823547553376,4.872403027337126,62.39325,-108.286445,5.0,9267,0.9557549504950495,-0.36835184547278127,0.20761758868816438,0.30650497918,5.0,34.271893000550335,True,True
9.434,62.62953295697365,-108.80139369163089,-0.4563681953199065,4.824889049655624,62.541385,-108.327932,5.0,9268,0.9558580858085809,-0.40144058634549334,0.19730150053894624,0.30918837568,5.0,34.52159000153188,True,True
9.482,62.77713169914392,-108.87244056030845,-0.4406436854333995,4.811494944132477,62.836454,-108.408542,5.0,9270,0.9560643564356436,-0.4633329034915086,0.17615129403422092,0.30831380952,5.0,32.63976699963678,True,True
9.533,63.07553726654187,-109.00597029253497,-0.4000261429559514,4.808739432422294,62.984143,-108.448397,5.0,9271,0.9561674917491749,-0.4906184345236323,0.15804315046688755,0.30208533344,5.0,33.33387599923299,True,True
9.587,63.37991276777685,-109.12694132141971,-0.35523863156945923,4.79684823873809,63.279804000000006,-108.527868,5.0,9273,0.9563737623762376,-0.5199102812263386,0.13771920072239885,0.36194852303,5.0,38.41912799907732,True,True
9.635,63.53298478227007,-109.18162111582461,-0.33025908494310074,4.774996078914547,63.576264,-108.60692399999999,5.0,9275,0.9565800330033003,-0.5558523373811474,0.09710032530076029,0.32235850709,5.0,35.769025002082344,True,True
9.683,63.68696629212056,-109.23204364758455,-0.3024087286764922,4.769257537944701,63.724658999999996,-108.64595200000001,5.0,9276,0.9566831683168316,-0.5689291760761541,0.07396984325913891,0.29984680095,5.0,33.919011999387294,True,True
9.742,63.9977947032685,-109.32024670522166,-0.24474894065150682,4.7151641178255606,64.021132,-108.723141,5.0,9278,0.9568894389438944,-0.5830721262072454,0.019976122087610904,0.24603142262,5.0,42.50950699861278,True,True
9.784,64.15447639306517,-109.36053282224995,-0.21371949491227518,4.778942139042778,64.16766700000001,-108.76123500000001,5.0,9279,0.9569925742574258,-0.5842522432748167,-0.008065407674235026,0.21702941799,5.0,35.02398100317805,True,True
9.832,64.47407729457143,-109.42060460945049,-0.15703588955515074,4.797696186289187,64.464488,-108.837055,5.0,9281,0.9571988448844885,-0.5759358917025689,-0.06266454623083506,0.16145333729,5.0,32.86867499991786,True,True
9.88,64.63584898321683,-109.44409276042349,-0.1310326167494169,4.813735676612877,64.613258,-108.87443400000001,5.0,9282,0.9573019801980198,-0.5636254105264497,-0.08783608574703905,0.13651414489,5.0,31.008842001028825,True,True
9.929,64.96151906892626,-109.47973665720012,-0.08361783483407229,4.839558446132177,64.911397,-108.948127,5.0,9284,0.9575082508250825,-0.5279221150161356,-0.13328532536007742,0.090495556829,5.0,29.51127800042741,True,True
9.977,65.12601862581349,-109.49181708633218,-0.06323247298616506,4.857360435093236,65.060694,-108.984449,5.0,9285,0.9576113861386139,-0.5047111500032336,-0.1546217211898515,0.068240441904,5.0,27.419622001616517,True,True
10.026,65.29096842517389,-109.50096177467334,-0.04511456755362224,4.886971661134865,65.358824,-109.056634,5.0,9287,0.9578176567656765,-0.4478375788845765,-0.1920444653491562,0.0317961761,5.0,27.035432001866866,True,True
10.078,65.62220128060692,-109.51209666755273,-0.014723382040788326,4.865734760640009,65.508262,-109.092735,5.0,9288,0.9579207920792079,-0.4163939988969688,-0.20596057558792769,0.018856056419,5.0,28.940389001945732,True,True
10.127,65.78770026354901,-109.51343383991293,-0.0018477013856206075,4.869540692167871,65.80604,-109.16335,5.0,9290,0.9581270627062707,-0.3451480966295239,-0.228113553521466,-0.0052227695646,5.0,27.863191997312242,True,True
10.179,66.11895068779948,-109.51026291912082,0.02005902489832382,4.873061373190168,65.955057,-109.197981,5.0,9291,0.958230198019802,-0.3071533379786412,-0.23693631689976558,-0.017412942468,5.0,29.94004100037273,True,True
10.229,66.2845244782454,-109.50615824119404,0.02933191436326603,4.8703356498571475,66.402488,-109.300505,5.0,9294,0.9585396039603961,-0.2370836309793736,-0.25376968701686087,-0.030157499402,5.0,29.955048998090206,True,True
10.283,66.6156346016136,-109.49414990387653,0.042582165550323625,4.870140850380666,66.552311,-109.33466100000001,5.0,9295,0.9586427392739274,-0.19492151297435245,-0.2594177832101048,-0.03463648937,5.0,33.342090999212814,True,True
10.336,66.94616011743442,-109.4786401764524,0.049606631201895096,4.8685683731480305,66.851256,-109.40157099999999,5.0,9297,0.9588490099009901,-0.11040630543841357,-0.2651522062579099,-0.041029784989,5.0,36.394847000337904,True,True
10.382,67.11099292664152,-109.46952906611774,0.05174112357480448,4.857103792189396,67.00071700000001,-109.43461200000002,5.0,9298,0.9589521452145214,-0.07010658854200674,-0.26611661239148,-0.042958150825,5.0,32.55320400057826,True,True
10.429,67.27586804157608,-109.46092133487952,0.05233973132184617,4.856508195436233,67.149777,-109.46723300000001,5.0,9299,0.9590552805280528,-0.03885197891862627,-0.26888855419830726,-0.044292248955,5.0,29.74297200125875,True,True
10.48,67.60510764392603,-109.44426289834065,0.048103755279729155,4.853623841775224,67.447322,-109.532448,5.0,9301,0.9592615511551155,0.08037975221920093,-0.2624805564017114,-0.046617591104,5.0,30.74896599719068,True,True
10.533,67.7700300382346,-109.43653371472102,0.045820398737039886,4.857286800552195,67.597082,-109.564622,5.0,9302,0.9593646864686468,0.12062638315340611,-0.25836885055768244,-0.097124164519,5.0,33.49096000238205,True,True
10.586,68.10017263745631,-109.42258115067851,0.0390806068519585,4.822278628372116,67.897178,-109.627775,5.0,9304,0.9595709570957096,0.2020933022257184,-0.2477310153401402,-0.26617699394,5.0,36.41027599951485,True,True
10.635,68.26469342632528,-109.41590134472075,0.03571523443544004,4.858423182797481,68.047483,-109.658879,5.0,9305,0.959674092409241,0.24206907937798333,-0.24269243923915074,-0.27381902881,5.0,35.273688001325354,True,True
10.683,68.59550396436923,-109.4061207199259,0.022008822160772636,4.858389703515376,68.347764,-109.72062199999999,5.0,9307,0.9598803630363036,0.3203691614286991,-0.23191490117399738,-0.28699968646,5.0,33.966128998144995,True,True
10.736,68.76024577156697,-109.40262388134566,0.01360088620679848,4.836631331267379,68.497596,-109.75123799999999,5.0,9308,0.959983498349835,0.3576997555703763,-0.22297969128911532,-0.29037786258,5.0,36.0090649992344,True,True
10.783,69.08932429006126,-109.40161360526402,-0.01047731169856035,4.838349968821004,68.798549,-109.811968,5.0,9310,0.9601897689768977,0.4276804863226697,-0.19978892307203644,-0.29319718662,5.0,33.56452799926046,True,True
10.831,69.25374273581163,-109.40464910962604,-0.02635614201313911,4.835728366212513,68.94856300000001,-109.841723,5.0,9311,0.960292904290429,0.45900262483649734,-0.18454394565341747,-0.29047250961,5.0,31.774486000358593,True,True
10.88,69.58201720052634,-109.4193049106012,-0.06309872974695914,4.830614206689855,69.248704,-109.90062900000001,5.0,9313,0.9604991749174917,0.5135587699420459,-0.14937259424467486,-0.27731153304,5.0,30.609665001975372,True,True
10.937,69.74581597078954,-109.4314926755068,-0.08417258428276052,4.864854929961597,69.549418,-109.95949099999999,5.0,9315,0.9607054455445545,0.5411688452367808,-0.12863931029222142,-0.32326263882,5.0,37.095859999681124,True,True
10.986,70.07174756817398,-109.46621058047079,-0.12903790421098602,4.809396506532729,69.850494,-110.017156,5.0,9317,0.9609117161716172,0.5730638103332129,-0.08192777076209667,-0.27671549249,5.0,36.22373700272874,True,True
11.032,70.2344742555461,-109.48909382829056,-0.15284121381406374,4.8137499019693335,70.000873,-110.045578,5.0,9318,0.9610148514851485,0.5836863980133464,-0.056980466385789796,-0.25201171878,5.0,32.48549699856085,True,True
11.081,70.55413891400133,-109.54364006679847,-0.20694923557761866,4.79137546298096,70.30065400000001,-110.10164499999999,5.0,9320,0.9612211221122112,0.5937815475412909,-0.006213036279591133,-0.20076275391,5.0,31.611200000043027,True,True
11.131,70.7133393566774,-109.5790979538513,-0.23328528085834416,4.801977082847319,70.450413,-110.12963899999998,5.0,9321,0.9613242574257426,0.5951082380111352,0.024147032650722267,-0.17063736114,5.0,31.746322998515097,True,True
11.179,70.87185821299104,-109.61894173272202,-0.25883516065741397,4.814981423765046,70.751914,-110.184358,5.0,9323,0.9615305280528053,0.5776752832344046,0.08191330232711014,-0.11431562209,5.0,29.856524997740053,True,True
11.229,71.18756601395445,-109.7104623806298,-0.30452028521077673,4.849156701144957,70.902971,-110.21115900000001,5.0,9324,0.9616336633663366,0.5620224876931617,0.10798712674012911,-0.08847978705,5.0,29.880449001211673,True,True
11.278,71.34462992092811,-109.76153918306468,-0.32452288712561,4.863496362546532,71.054142,-110.23768500000001,5.0,9325,0.9617367986798679,0.5422799667534215,0.1316589144485074,-0.065065420062,5.0,28.41582700057188,True,True
11.327,71.6570546794412,-109.87097568414045,-0.3576532485481335,4.872490382697046,71.356205,-110.29003700000001,5.0,9327,0.9619430693069307,0.49208104003654135,0.17089021834644136,-0.02645053055,5.0,27.436472999397665,True,True
11.378,71.81184799454425,-109.92962468563007,-0.37200657158100303,4.870456124586663,71.50738100000001,-110.316194,5.0,9328,0.9620462046204621,0.4639936081444017,0.18787552592553824,-0.0098190630577,5.0,28.32488599960925,True,True
11.43,72.11917931263723,-110.05469641551362,-0.3991567821394964,4.8776917393819,71.96078,-110.39264399999999,5.0,9331,0.9623556105610561,0.4014852399970698,0.22274615075735316,0.024642402767,5.0,30.359406002389733,True,True
11.481,72.27168081664286,-110.12005668126152,-0.41035091056197115,4.8820171507516985,72.11166700000001,-110.417396,5.0,9332,0.9624587458745875,0.36277737447055725,0.23748077402593815,0.037984094206,5.0,31.933222999214195,True,True
11.531,72.57494769713016,-110.25558416120886,-0.42938348898930134,4.887137710232904,72.41355,-110.466159,5.0,9334,0.9626650165016502,0.2792573627951438,0.26094219572568367,0.062831978843,5.0,31.363736001367215,True,True
11.579,72.72570650968763,-110.32541617094867,-0.4373059696008693,4.889630482286051,72.56457900000001,-110.49043300000001,5.0,9335,0.9627681518151815,0.23507761901493096,0.27021967719399775,0.074959032625,5.0,29.689300998143153,True,True
11.631,73.02665908392795,-110.46822254575872,-0.44757713880994554,4.881900034348274,72.86718,-110.538656,5.0,9337,0.9629744224422442,0.14236560936945528,0.2871422401182513,0.09359114009,5.0,31.336516000010306,True,True
11.678,73.1760474730338,-110.54026129207402,-0.45033141392734266,4.879482888726557,73.01853100000001,-110.562265,5.0,9338,0.9630775577557755,0.09439305561354666,0.2936945798549693,0.099878769605,5.0,28.90371099783806,True,True
11.738,73.47356640129111,-110.68467071730736,-0.45218437376285775,4.8748609882306155,73.32096800000001,-110.608709,5.0,9340,0.9632838283828383,-0.002931585828282659,0.3007703106807784,0.10790442873,5.0,38.17287699712324,True,True
11.781,73.62183994858958,-110.75653920154674,-0.4494239585479007,4.835638934889534,73.47061500000001,-110.631592,5.0,9341,0.9633869636963697,-0.05204181101791212,0.30132689383040523,0.10839652984,5.0,31.13826499975403,True,True
11.832,73.92018029040774,-110.89875215981269,-0.44052403782581495,4.864369702325021,73.773165,-110.676736,5.0,9343,0.9635932343234324,-0.14994831918455917,0.29998770255603846,0.14450408571,5.0,32.37270600220654,True,True
11.891,74.0700175269012,-110.96892245469496,-0.4346176326604559,4.864270648451214,73.92483299999999,-110.69868400000001,5.0,9344,0.9636963696369637,-0.1987312217457182,0.29805507240989915,0.3124206595,5.0,41.94490999725531,True,True
11.935,74.37104440699953,-111.10558029361741,-0.41678596049174843,4.823337166174582,74.22868299999999,-110.74151200000001,5.0,9346,0.9639026402640264,-0.2948597279285194,0.2882229707329933,0.30028496493,5.0,35.24463400026434,True,True
11.983,74.52052141842643,-111.17245571387363,-0.40476968322084994,4.852347165535541,74.380414,-110.76253600000001,5.0,9347,0.9640057755775577,-0.34116857320344296,0.2802343020716793,0.35418292861,5.0,33.50424499876681,True,True
12.032,74.67288542230561,-111.23646244811793,-0.3909594094275083,4.887707094106205,74.684057,-110.803828,5.0,9349,0.9642120462046204,-0.4302579025636755,0.25661107574149655,0.36072411437,5.0,32.88052700008848,True,True
12.082,74.97965480474093,-111.35763965041455,-0.3584741741680121,4.879556371410389,74.83635500000001,-110.82432800000001,5.0,9350,0.9643151815181518,-0.4712517879234557,0.2439841170539654,0.36178944616,5.0,32.20028299983824,True,True
12.132,75.13451648940135,-111.41405243934229,-0.34004476673644274,4.829496126153437,74.988574,-110.844349,5.0,9351,0.9644183168316832,-0.5101791014150577,0.2286361597722011,0.3598515758,5.0,32.61365700018359,True,True
12.182,75.44541878819788,-111.51615964844761,-0.2929867787031812,4.802485714657028,75.291954,-110.883427,5.0,9353,0.9646245874587459,-0.5792455833001092,0.19143095916335318,0.35007462215,5.0,32.56151000095997,True,True
12.236,75.60257821765636,-111.56154575432497,-0.26673600663171354,4.841937745516199,75.595388,-110.921924,5.0,9355,0.9648308580858086,-0.6128676613874294,0.16682676415892006,0.38704376011,5.0,36.40927400192595,True,True
12.284,75.91950616415195,-111.63936823711472,-0.212881316582623,4.777393918050331,75.899472,-110.960328,5.0,9357,0.9650371287128713,-0.6571355641774813,0.11699670307233845,0.33998011873,5.0,34.93683700071415,True,True
12.334,76.07837370379924,-111.67118062696194,-0.18211876359193327,4.767258442272182,76.05139,-110.979068,5.0,9358,0.9651402640264026,-0.6733422230127533,0.09087056728411413,0.31393143315,5.0,34.93581500151777,True,True
12.384,76.39860350107429,-111.71978377264058,-0.11857642590047751,4.769582039953407,76.355467,-111.015904,5.0,9360,0.9653465346534653,-0.6921372696355768,0.03131399230469434,0.25372077306,5.0,34.176343000581255,True,True
12.434,76.55862652764688,-111.73718332890309,-0.08649395213475129,4.744690290934229,76.507475,-111.03405,5.0,9361,0.9654496699669967,-0.6943225548822574,-0.0008920431671954887,0.22208305864,5.0,34.65730399693712,True,True
12.481,76.88324412534723,-111.75752420457529,-0.023790315032319233,4.806107236288105,76.809632,-111.06999099999999,5.0,9363,0.9656559405940595,-0.6870222051033579,-0.061489506697781415,0.1621444871,5.0,31.180403002508683,True,True
12.531,77.04703417219393,-111.75920175323262,0.003794610682526809,4.823462354309985,76.961894,-111.08743899999999,5.0,9364,0.9657590759075908,-0.6746851000086034,-0.08898315417808522,0.13431279029,5.0,31.350661000033142,True,True
12.577,77.37535997230339,-111.75007595320272,0.05484417295918379,4.850656423802455,77.266901,-111.12123100000001,5.0,9366,0.9659653465346535,-0.6377550953513483,-0.13825475309358515,0.08298115883,5.0,27.95522399901529,True,True
12.627,77.54025713357832,-111.73916764973205,0.07696190161953594,4.866855405215625,77.419578,-111.13771499999999,5.0,9367,0.9660684818481848,-0.6135944157295278,-0.16180728579456405,0.057878991763,5.0,27.981092000118224,True,True
12.679,77.87055046781201,-111.70844796267349,0.11389018696607763,4.927364510572572,77.724595,-111.170276,5.0,9369,0.9662747524752475,-0.5534358851802522,-0.20260881845379242,0.016946821828,5.0,29.71588099899236,True,True
12.729,78.03572765499908,-111.688210468672,0.12901896600767498,4.880104731941415,77.876819,-111.186402,5.0,9370,0.9663778877887789,-0.5199472207397606,-0.21790747297826174,0.0019272154488,5.0,29.617877000418957,True,True
12.78,78.2003433402896,-111.66543916446705,0.14491843366547294,4.880316809668472,78.182783,-111.217468,5.0,9372,0.9665841584158416,-0.44410555014268704,-0.2438354686474402,-0.026479081512,5.0,30.49961900251219,True,True
12.829,78.52840946806892,-111.61292815023211,0.1712920264388579,4.889422850843384,78.33507900000001,-111.232436,5.0,9373,0.9666872937293729,-0.403075199035175,-0.25618819594431397,-0.038757215868,5.0,29.374110999924596,True,True
12.883,78.85546586602814,-111.55268270075351,0.19370401577714152,4.928329092006464,78.791934,-111.27677,5.0,9376,0.966996699669967,-0.32278116681595614,-0.27992550589936815,-0.058584650181,5.0,33.6803640020662,True,True
12.93,79.01876836468767,-111.51989095674918,0.20210959895155323,4.897370969005547,78.94459499999999,-111.29163799999999,5.0,9377,0.9670998349834984,-0.2758411468836093,-0.28952076323943965,-0.067469580688,5.0,30.702036998263793,True,True
12.981,79.1817185165107,-111.48589471455466,0.20840045772125987,4.899099298578325,79.097081,-111.30609799999999,5.0,9378,0.9672029702970297,-0.22768464420140877,-0.29573170677600524,-0.073647576545,5.0,31.692601998656755,True,True
13.031,79.50723167216081,-111.41556341371042,0.2154504090878422,4.9029391923675325,79.402284,-111.334321,5.0,9380,0.9674092409240924,-0.13020844774414492,-0.3039229291906871,-0.081182335021,5.0,31.117686001380207,True,True
13.08,79.66954132324274,-111.37918540474128,0.2168380061930485,4.8914228709747185,79.55481400000001,-111.348129,5.0,9381,0.9675123762376238,-0.08253167922115762,-0.30483478149393806,-0.083121590044,5.0,30.630001998360967,True,True
13.131,79.99370766482933,-111.30817340791164,0.21188615731088842,4.8839542317138775,79.858153,-111.375522,5.0,9383,0.9677186468646864,0.04142526541239163,-0.30478858644172613,-0.08013727018,5.0,32.349551998777315,True,True
13.183,80.15617769193877,-111.2736124646662,0.20733694350216436,4.886755776910637,80.010811,-111.388676,5.0,9384,0.9678217821782178,0.08229940101183066,-0.2970430535895283,-0.12044191911,5.0,33.69018199737184,True,True
13.235,80.48188156110996,-111.20680548797472,0.19683091963748417,4.89100501317693,80.316731,-111.414189,5.0,9386,0.9680280528052805,0.17442691064397436,-0.2837854274076612,-0.27011951014,5.0,35.56216699871584,True,True
13.286,80.64464630782413,-111.17471929182263,0.19030582840852697,4.8823428139022305,80.469923,-111.426456,5.0,9387,0.9681311881188119,0.21997580461675648,-0.2758478408808731,-0.2934438872,5.0,36.07285399993998,True,True
13.334,80.9715662938807,-111.11425375062915,0.17112437753080612,4.886850599052524,80.776053,-111.45029,5.0,9389,0.9683374587458746,0.3082852584601173,-0.2596426916830139,-0.30500838926,5.0,34.176833996752976,True,True
13.383,81.13591491706791,-111.08695619451076,0.15853002598762464,4.900214440552485,80.92925799999999,-111.462103,5.0,9390,0.968440594059406,0.3500460862735375,-0.24724429725372543,-0.30663088094,5.0,33.56569899915485,True,True
13.433,81.4630568744678,-111.03857491413564,0.13112973870070876,4.86040272382234,81.23609300000001,-111.484719,5.0,9392,0.9686468646864687,0.4263786409653994,-0.21638365530830894,-0.30587448809,5.0,34.07361999779823,True,True
13.483,81.62680079532934,-111.01850118050888,0.11272461515089761,4.844910563655068,81.389042,-111.49540900000001,5.0,9393,0.96875,0.46080579500346686,-0.2000005933039528,-0.30328130327,5.0,33.67569500187528,True,True
13.533,81.95457169267152,-110.98865890295905,0.06857500679176054,4.838932146178912,81.694723,-111.516016,5.0,9395,0.9689562706270627,0.5194556543591449,-0.15751825545501497,-0.28617669848,5.0,33.40887599915732,True,True
13.584,82.11872404312032,-110.97931668371976,0.04461141014101934,4.833191529179864,81.847539,-111.526123,5.0,9396,0.969059405940594,0.543387483781088,-0.13483854678742802,-0.27386511808,5.0,34.8385329998564,True,True
13.634,82.44724489385369,-110.9729932231491,-0.006046330859608455,4.8276614922608845,82.306567,-111.55623600000001,5.0,9399,0.9693688118811881,0.5826174761073266,-0.08227667560579466,-0.27730843535,5.0,34.32903899738449,True,True
13.681000000000001,82.61161192577833,-110.97583674361013,-0.03195881704310149,4.866584220472897,82.459753,-111.56576000000001,5.0,9400,0.9694719471947195,0.5928987303558525,-0.05524986508748375,-0.25043535476,5.0,31.641326000681147,True,True
13.73,82.77606874885296,-110.98316550558577,-0.05666530261095623,4.830688721664465,82.765715,-111.584107,5.0,9402,0.9696782178217822,0.6010306812668696,-0.001913317296208028,-0.19668163578,5.0,30.252986998675624,True,True
13.779,83.10168839980302,-111.00739342196927,-0.10994094681487142,4.835586409490767,82.918053,-111.592932,5.0,9403,0.9697813531353136,0.5993033205820922,0.02415488229668883,-0.16987449808,5.0,29.531685999245383,True,True
13.83,83.26518409111479,-111.02713824936261,-0.13304170065922535,4.849080049096048,83.069962,-111.602043,5.0,9404,0.9698844884488449,0.5954953275186813,0.0527861452950793,-0.14098475516,5.0,30.72097299809684,True,True
13.88,83.591641286641,-111.07807566208757,-0.17541237851667166,4.8759345273453185,83.376478,-111.618397,5.0,9406,0.9700907590759076,0.5694379796048922,0.1040427011629057,-0.089563525553,5.0,30.803538000327535,True,True
13.93,83.7549172043293,-111.10846509606071,-0.19276375551233335,4.889109433957169,83.529963,-111.62606299999999,5.0,9407,0.9701938943894389,0.5503035536102074,0.1266304333491246,-0.067325795299,5.0,30.220495998946717,True,True
13.979,84.08047853964268,-111.17731299252839,-0.22294537256316194,4.850642616814796,83.837035,-111.640519,5.0,9409,0.9704001650165016,0.5020141649109934,0.1630880204742846,-0.032698725052,5.0,29.338164000364486,True,True
14.029,84.24197577918028,-111.21334099141438,-0.23558250455097673,4.886335501753165,83.990526,-111.64733899999999,5.0,9410,0.970503300330033,0.47348689431269503,0.1790379444143122,-0.018695483978,5.0,29.443400002492126,True,True
14.085,84.56511650519388,-111.29403099858459,-0.2566155764693426,4.845159909375548,84.452398,-111.666807,5.0,9413,0.9708127062706271,0.41683828029834097,0.20830444712783525,0.0053172062865,5.0,35.59187299833866,True,True
14.13,84.72481065471827,-111.33694096611777,-0.26635448051670424,4.87904052653427,84.605885,-111.67228,5.0,9414,0.9709158415841584,0.3804397156456102,0.22140607615208063,0.016582778561,5.0,31.04501999769127,True,True
14.181,85.04436328102285,-111.42662657414185,-0.28009018955608306,4.883441527547995,84.908548,-111.68236200000001,5.0,9416,0.9711221122112211,0.30207721449968666,0.24196272347914416,0.031869082772,5.0,31.287662997783627,True,True
14.23,85.2038782845916,-111.47292351072399,-0.2845407654920003,4.886755839617278,85.06104300000001,-111.68718999999999,5.0,9417,0.9712252475247525,0.2610967481989887,0.24832928003047838,0.03187498418,5.0,30.63696499884827,True,True
14.28,85.5235080488917,-111.5671022692553,-0.2880855433955745,4.888644427885256,85.366049,-111.697015,5.0,9419,0.9714315181518152,0.17723733325591357,0.25473972669256817,0.050168809995,5.0,30.32201599853579,True,True
14.33,85.6826206246126,-111.61428835383438,-0.287544719314886,4.884081007759649,85.518337,-111.701931,5.0,9420,0.9715346534653465,0.13492454394142595,0.2562875957326587,0.056234965223,5.0,30.48326800126233,True,True
14.379,85.99962582591088,-111.70703688496059,-0.28257472649431226,4.797328230595025,85.823252,-111.71141999999999,5.0,9422,0.9717409240924092,0.05070484954831702,0.25503257754976305,0.056795357385,5.0,29.447197000990855,True,True
14.433,86.15707378132987,-111.75447361210799,-0.27885106609278854,4.866209695909681,85.975646,-111.71603799999998,5.0,9423,0.9718440594059405,0.009655359642636994,0.25370756802102346,0.055218370677,5.0,33.37890900002094,True,True
14.48,86.31603716636738,-111.79953936817496,-0.2727593865943931,4.843201393820046,86.275121,-111.72574499999999,5.0,9425,0.9720503300330033,-0.07209660991412303,0.23398369145783882,0.048425915771,5.0,30.443984000157798,True,True
14.53,86.63525350699359,-111.88682345292357,-0.26026250079961644,4.867793002852231,86.427146,-111.73183799999998,5.0,9426,0.9721534653465347,-0.11025267573177898,0.23011617251061445,0.045999155628,5.0,30.787195999437245,True,True
14.578,86.79539652381891,-111.92894596365946,-0.25423156582410544,4.872797271573082,86.732539,-111.740248,5.0,9428,0.9723597359735974,-0.1872615240227227,0.23182049789122194,0.038664062898,5.0,28.294538999034557,True,True
14.633,87.11660170719826,-112.01071939988586,-0.24327430627361257,4.823505404737691,87.036198,-111.746769,5.0,9430,0.9725660066006601,-0.23740284552074115,0.22912862086646646,0.27682756401,5.0,33.12562500286731,True,True
14.683,87.27722190177533,-112.05009550599999,-0.23850624595955375,4.884026226573571,87.188068,-111.74949699999999,5.0,9431,0.9726691419141914,-0.2708220323551176,0.22535746069592122,0.28451079765,5.0,33.62986899810494,True,True
14.733,87.6011713301387,-112.12688217671331,-0.22690393926580982,4.882646664751547,87.491782,-111.75484499999999,5.0,9433,0.9728754125412541,-0.3383042126486688,0.21848146568151705,0.29986460106,5.0,33.918649998668116,True,True
14.783,87.76303765512111,-112.16352612166325,-0.21828686775482398,4.881180380663212,87.644701,-111.756751,5.0,9434,0.9729785478547854,-0.37268206306906815,0.2160675458370056,0.30616831046,5.0,33.8621039991267,True,True
14.832,88.0880922893807,-112.23226200922953,-0.19640203839394235,4.876432888900133,87.94810799999999,-111.759197,5.0,9436,0.9731848184818482,-0.4403159767220699,0.20222940273693268,0.31350811132,5.0,32.14006999769481,True,True
14.881,88.2509262758949,-112.26355586002438,-0.18352331160984311,4.876188953796905,88.09967900000001,-111.760005,5.0,9437,0.9732879537953796,-0.4723991264062512,0.19156156238500266,0.3144230146,5.0,31.25946099680732,True,True
14.932,88.57779795862461,-112.31954043917285,-0.15395074955673277,4.858417136672442,88.402715,-111.76137299999999,5.0,9439,0.9734942244224423,-0.5314061259608089,0.16409357544429604,0.31221993897,5.0,32.371353001508396,True,True
14.982,88.74074482375435,-112.34339998122557,-0.1360856071530946,4.840530160729226,88.55458399999999,-111.76218999999999,5.0,9440,0.9735973597359736,-0.5572197385983357,0.14861397713266777,0.30906119014,5.0,32.14964799917652,True,True
15.05,89.06700458179007,-112.38174950183202,-0.09692064690888605,4.821754943175664,88.857823,-111.76353,5.0,9442,0.9738036303630363,-0.6005125325854365,0.11396322532417758,0.33517071621,5.0,50.989734001632314,True,True
15.091,89.23003258273533,-112.39581880348918,-0.07492766786415186,4.813192102063825,89.009344,-111.76393600000002,5.0,9443,0.9739067656765676,-0.6176857002775804,0.09448555464812713,0.31647700166,5.0,40.73418099869741,True,True
15.133,89.55384022313484,-112.41496265635345,-0.024498287786694762,4.779595763966426,89.462273,-111.76495200000001,5.0,9446,0.9742161716171617,-0.6456344857572784,0.04871625939959534,0.2737881929,5.0,34.03847400113591,True,True
15.184,89.71610431394791,-112.4168573863514,0.0021272370531026552,4.7665373737024925,89.613967,-111.764738,5.0,9447,0.974319306930693,-0.6529987236022486,0.027196585161351372,0.25162880197,5.0,34.308880000025965,True,True
15.234,90.0397383163769,-112.4074306577602,0.05844663368422861,4.735401945496648,89.917812,-111.763166,5.0,9449,0.9745255775577558,-0.652349737618738,-0.02262255390783574,0.20030558084,5.0,34.39968100065016,True,True
15.282,90.2017912825418,-112.3962293925959,0.08411654202938978,4.789424408873529,90.06995400000001,-111.761905,5.0,9450,0.9746287128712872,-0.6462324367931052,-0.04979143212540649,0.17253659701,5.0,32.37163300218526,True,True
15.329,90.36399883880085,-112.38052867947913,0.10944638057867755,4.793918942705035,90.373991,-111.758829,5.0,9452,0.9748349834983498,-0.6217799729404865,-0.09776253202663288,0.12104126833,5.0,29.56409599937615,True,True
15.38,90.68809207597114,-112.33751237841788,0.1564962292150261,4.827341975052486,90.525809,-111.756983,5.0,9453,0.9749381188118812,-0.6043215225470775,-0.12245104542929441,0.0967018109,5.0,30.5142760007584,True,True
15.428,90.85066179262222,-112.31029405729508,0.17648742680082546,4.834499398233612,90.830848,-111.752572,5.0,9455,0.9751443894389439,-0.5579957174380423,-0.15879642285785556,0.058471736612,5.0,28.640566997637507,True,True
15.475999999999999,91.17385513270108,-112.24648895493283,0.21155259899263107,4.851178131066845,90.98297,-111.74971599999999,5.0,9456,0.9752475247524752,-0.5305875848813425,-0.17570268499495745,0.040639034315,5.0,26.420329999382375,True,True
15.528,91.33496134141463,-112.21063542856652,0.22626029027708436,4.857737076946409,91.134842,-111.74663899999999,5.0,9457,0.9753506600660066,-0.5005694646076144,-0.19073894119582313,0.025269697765,5.0,28.905352999572642,True,True
15.58,91.65639642145196,-112.13222454899994,0.2514161354990114,4.869508335591446,91.438503,-111.740096,5.0,9459,0.9755569306930693,-0.4334870028530019,-0.21858244349554878,-0.0030712676619,5.0,30.53396199902636,True,True
15.631,91.81660153196998,-112.09021907968014,0.26076865672674815,4.87665784345031,91.590404,-111.736911,5.0,9460,0.9756600660066007,-0.39661970685765296,-0.23036799683426024,-0.0107373053,5.0,31.675158999860287,True,True
15.678,92.13644196500985,-112.00224642770968,0.2743974104958443,4.9100567798363555,91.89457900000001,-111.73023700000002,5.0,9462,0.9758663366336634,-0.31850794682659045,-0.24447866665157347,-0.02274956728,5.0,28.26715699848137,True,True
15.727,92.2962218916712,-111.95671884975789,0.2801448181200955,4.881975878567092,92.198514,-111.722479,5.0,9464,0.9760726072607261,-0.2865706738923316,-0.24798084632110262,-0.025414078701,5.0,27.29136999914772,True,True
15.779,92.61402467023957,-111.86410567958455,0.2855927225386529,4.882068171975293,92.502023,-111.71416599999999,5.0,9466,0.9762788778877888,-0.2022550176565571,-0.25656623377642873,-0.031892491324,5.0,29.56068999992567,True,True
15.829,92.77278817473257,-111.81752225905018,0.2857455286265345,4.878825070192096,92.65234699999999,-111.71041799999999,5.0,9467,0.9763820132013201,-0.15839350938202612,-0.25818003346723684,-0.031967266467,5.0,29.475020000973018,True,True
15.884,93.09156014881763,-111.72398984939355,0.28493043170867755,4.888698139635357,92.956352,-111.70091799999999,5.0,9469,0.9765882838283828,-0.073931017101737,-0.25135183370453174,-0.026665355472,5.0,34.07920999961789,True,True
15.93,93.25097613649874,-111.67749858418681,0.283673735868967,4.854324236480257,93.108538,-111.69559199999999,5.0,9470,0.9766914191419142,-0.03308602848559346,-0.24881248619204976,-0.025195958526,5.0,31.524897000053898,True,True
15.981000000000002,93.57006443587304,-111.58460020925888,0.2802525254281507,4.891968251734191,93.412987,-111.68404,5.0,9472,0.976897689768977,0.05328827352356453,-0.2428607927618458,-0.022110392011,5.0,31.589719001203775,True,True
16.031,93.73005841015816,-111.5387322494612,0.278118258537541,4.895003233387585,93.56532800000001,-111.677869,5.0,9473,0.9770008250825083,0.09299465144100652,-0.23941565506905693,-0.020082248893,5.0,31.65470100066159,True,True
16.08,94.04998191808814,-111.44930632377674,0.27210951923656423,4.878698705538208,93.869578,-111.66516299999999,5.0,9475,0.977207095709571,0.17032900726763187,-0.23159340047229504,-0.04461281753,5.0,30.12286200100789,True,True
16.131,94.2101160130534,-111.40464330200918,0.2701560248857412,4.875542636432675,94.022669,-111.65810400000001,5.0,9476,0.9773102310231023,0.2072341626842583,-0.22490590239669128,-0.055360178763,5.0,31.20026900069206,True,True
16.181,94.52986313489262,-111.31683303494403,0.26597114151786816,4.876637721203229,94.327062,-111.64316399999998,5.0,9478,0.977516501650165,0.280053208762487,-0.21765581104641774,-0.10440818593,5.0,32.007621997763636,True,True
16.232,94.68980704711412,-111.27339032152489,0.2640510279141374,4.875114253092875,94.478998,-111.635433,5.0,9479,0.9776196369636964,0.3155814968147835,-0.21496777173692516,-0.13832414035,5.0,32.68779499921948,True,True
16.282,94.84976518676638,-111.23034111790135,0.26100392116028304,4.874766080248484,94.935262,-111.6122,5.0,9482,0.9779290429042904,0.39131305997977955,-0.20896037155675895,-0.28250582262,5.0,32.484995001141215,True,True
16.332,95.17017338298729,-111.14674110629365,0.24810542746589964,4.8671315021205395,95.087328,-111.60410700000001,5.0,9483,0.9780321782178217,0.4231989578959828,-0.20206775014816492,-0.28701960906,5.0,32.508979998965515,True,True
16.38,95.33066922767942,-111.10683591055019,0.2386929433710164,4.86721859092445,95.239369,-111.595854,5.0,9484,0.9781353135313532,0.4544121749106934,-0.19306407966366645,-0.2892579257,5.0,30.70741699775681,True,True
16.438,95.65249290693794,-111.03191879981989,0.21509674830450148,4.831341342532746,95.543257,-111.578779,5.0,9486,0.9783415841584159,0.5131061570994109,-0.1718177664404248,-0.36884448069,5.0,38.21969300042838,True,True
16.489,95.97363283729847,-110.96595904784557,0.17975536991568802,4.8290312699644335,95.695115,-111.57003300000001,5.0,9487,0.9784447194719472,0.5397995324678222,-0.15853819757061682,-0.35346346066,5.0,39.27738399943337,True,True
16.536,96.13554916210279,-110.93818291951389,0.15931249155792188,4.828824143103499,95.997716,-111.552536,5.0,9489,0.9786509900990099,0.5869402280035607,-0.11872147304802771,-0.3131698465,5.0,36.982055000407854,True,True
16.584,96.2979325311359,-110.91389120458123,0.13694017518671517,4.826139868420348,96.149919,-111.54306399999999,5.0,9490,0.9787541254125413,0.604556946583239,-0.09613733014170656,-0.29099681186,5.0,34.87818699795753,True,True
16.635,96.62417470417746,-110.87675010308287,0.08885769751430017,4.8280000141028125,96.45472600000001,-111.52314799999999,5.0,9492,0.9789603960396039,0.6279417674248181,-0.046357661185499666,-0.24327430305,5.0,35.01573399989866,True,True
16.682,96.78755307338966,-110.86322852746473,0.06327326171302326,4.829270497197609,96.60681899999999,-111.51286,5.0,9493,0.9790635313531353,0.6334100117290153,-0.020671813128099625,-0.21924017286,5.0,32.527274001040496,True,True
16.729,97.11513927126468,-110.84894524762105,0.013261565209908234,4.840908009657788,97.0636,-111.48068400000001,5.0,9496,0.9793729372937293,0.6362259232655296,0.03531707598878908,-0.16541033014,5.0,29.999541002325714,True,True
16.782,97.27960370870184,-110.84862572124466,-0.009947466599097277,4.836662312730414,97.216756,-111.46918500000001,5.0,9497,0.9794760726072608,0.6285087986575741,0.0627634684432623,-0.13911643824,5.0,32.1962749985687,True,True
16.828,97.60922336993846,-110.85891206661725,-0.050731729241084156,4.862735880249065,97.52127800000001,-111.44545900000001,5.0,9499,0.9796823432343235,0.5983484216394678,0.1102456548246864,-0.092563794995,5.0,28.62616000129492,True,True
16.878,97.77443452563486,-110.86879209072282,-0.06825565844253696,4.8727053647902725,97.673239,-111.433375,5.0,9500,0.9797854785478548,0.5780187390758937,0.13017186799559566,-0.0738167495,5.0,28.646897997532506,True,True
16.929,98.1051226928092,-110.89662026898509,-0.09840881902178537,4.920595966975269,97.977308,-111.40928600000001,5.0,9502,0.9799917491749175,0.529179402577129,0.16339827451005284,-0.035874342324,5.0,30.013777999556623,True,True
16.98,98.27146085455222,-110.91401339488588,-0.11194001745301255,4.886315431959077,98.129498,-111.397072,5.0,9503,0.9800948844884488,0.5007723103095583,0.17928133528301915,-0.019282194693,5.0,30.810489999566926,True,True
17.028,98.43618380732443,-110.93340534723362,-0.12293192837660323,4.884874210928729,98.433592,-111.371991,5.0,9505,0.9803011551155115,0.43681203642489036,0.20651656558902287,0.0088534462059,5.0,28.51631500016083,True,True
17.079,98.76450764588128,-110.97707529422705,-0.14337434186919015,4.846149277189666,98.58551,-111.35916200000001,5.0,9506,0.9804042904290429,0.40183142871706434,0.2177317429098098,0.020065180465,5.0,29.772857000352815,True,True
17.129,98.92853427935724,-111.00152991390922,-0.1527216245285901,4.887510490463127,98.889263,-111.33312600000001,5.0,9508,0.9806105610561056,0.3271634598141791,0.23761265602654147,0.042685527055,5.0,29.91515399844502,True,True
17.181,99.25613725697043,-111.05339347914676,-0.16194568855215588,4.887603342621513,99.191788,-111.30706799999999,5.0,9510,0.9808168316831684,0.2970336992639098,0.24807643643419475,0.053993871159,5.0,31.613333001587307,True,True
17.228,99.42012662516483,-111.08042015920627,-0.1646802002170754,4.88889378227347,99.343938,-111.293228,5.0,9511,0.9809199669966997,0.2554007984902248,0.25369418507694386,0.059071089247,5.0,28.782483001123182,True,True
17.28,99.74814624777446,-111.13557631383891,-0.16723268458432353,4.894909595720843,99.64860999999999,-111.26456999999999,5.0,9513,0.9811262376237624,0.1694664706251024,0.26221655484420703,0.065613052999,5.0,31.072550002136268,True,True
17.33,99.91123920575833,-111.16313275460567,-0.16578138373580315,4.829146243160504,99.80069300000001,-111.24993500000001,5.0,9514,0.9812293729372937,0.12585336813111475,0.26351466584097505,0.06569262036,5.0,30.88312600084464,True,True
17.382,100.23878652753018,-111.21722350952743,-0.15887847531777086,4.8913175831861775,100.104996,-111.22023300000001,5.0,9516,0.9814356435643564,0.042459458773214644,0.26215925607200496,0.062085412819,5.0,32.84306500063394,True,True
17.433,100.40337793044544,-111.24299507679044,-0.1536457304842294,4.880855759819282,100.257285,-111.204825,5.0,9517,0.9815387788778878,-0.02226918324093348,0.2612070201843002,0.059498909357,5.0,33.68483099984587,True,True
17.481,100.73215667667276,-111.29226127659999,-0.14352846113364345,4.8811593039752195,100.562647,-111.17268700000001,5.0,9519,0.9817450495049505,-0.09536891271172027,0.25471094613140943,0.060456975023,5.0,31.257656002708245,True,True
17.531,100.89636960696927,-111.31559300912397,-0.1382966764900594,4.878581317752801,100.7145,-111.156342,5.0,9520,0.9818481848184818,-0.1370310061533805,0.2512137562764183,0.074466041443,5.0,31.97495999847888,True,True
17.583,101.2257464387362,-111.35978565363557,-0.12862299150727843,4.934835863117822,101.017995,-111.12337600000001,5.0,9522,0.9820544554455446,-0.21801881846079693,0.2413036213518467,0.12952162758,5.0,33.1464330010931,True,True
17.632,101.39062342607012,-111.38073247651454,-0.12405200002182769,4.867682983406249,101.170002,-111.10696399999999,5.0,9523,0.9821575907590759,-0.25735962963253767,0.23643959566615935,0.16628402902,5.0,32.08433400141075,True,True
17.689,101.71920601416615,-111.41991756557961,-0.11231957503342646,4.867387914688977,101.473674,-111.073803,5.0,9525,0.9823638613861386,-0.3339731227902773,0.22862640288836955,0.31153430133,5.0,39.30647700326517,True,True
17.739,101.88352459201569,-111.43784812638461,-0.1039141784460358,4.8626344064390645,101.62534000000001,-111.05695,5.0,9526,0.98246699669967,-0.37115663389432574,0.22338890859839955,0.31847806795,5.0,39.204696000524564,True,True
17.782,102.21177520917638,-111.46905004046947,-0.08026114629243392,4.8545544838676875,101.928713,-111.022925,5.0,9528,0.9826732673267327,-0.4417248943008081,0.20552789168388896,0.32576274633,5.0,32.894440999371,True,True
17.837,102.37536103221825,-111.48128990324355,-0.06458690921137071,4.811241519989655,102.230755,-110.988998,5.0,9530,0.9828795379537953,-0.48042709542511614,0.19335246108639215,0.41807824615,5.0,37.89506400062237,True,True
17.884,102.70433305784795,-111.4971743074671,-0.029329982245066628,4.844616868748285,102.53446,-110.953333,5.0,9532,0.983085808580858,-0.5374835702686294,0.1662843958597926,0.38896712545,5.0,34.731591997115174,True,True
17.936,102.86887716197499,-111.50040199386882,-0.008185906768871808,4.795458966346683,102.686501,-110.935027,5.0,9533,0.9831889438943895,-0.5624300646121282,0.14985192753880572,0.37179890722,5.0,36.5617880015634,True,True
17.985,103.19693725537044,-111.49696761552987,0.03810424030325782,4.830359795333676,102.99027199999999,-110.897916,5.0,9535,0.9833952145214522,-0.6042767858970025,0.10801157636728176,0.32819527035,5.0,35.383621998335,True,True
18.035,103.36083701574906,-111.48865524413293,0.06408348685448116,4.822064919189433,103.142105,-110.87908,5.0,9536,0.9834983498349835,-0.6203157918787767,0.08553747285183322,0.30487593442,5.0,35.58483999950113,True,True
18.086,103.6880821176619,-111.45863873891433,0.11899264646416365,4.84331043275444,103.29381500000001,-110.860193,5.0,9537,0.9836014851485149,-0.6320259036587567,0.06137171533558705,0.28000129742,5.0,36.82919900165871,True,True
18.135,103.85182868733466,-111.43711049823851,0.14421400815436378,4.832657447970037,103.59849200000001,-110.82086299999999,5.0,9539,0.9838077557755776,-0.6440167889042607,0.01162553162458746,0.22732403428,5.0,35.04936700119288,True,True
18.182,104.01367685595122,-111.4115233679427,0.17093888169455204,4.821038000161272,103.750442,-110.80075900000001,5.0,9540,0.9839108910891089,-0.6441717141427266,-0.012084693277243819,0.20266325212,5.0,32.55072799947811,True,True
18.229,104.33651648635683,-111.34750859787688,0.22045098694889625,4.843350389518844,104.053342,-110.760225,5.0,9542,0.9841171617161716,-0.6319474197874237,-0.06303279652996707,0.15080401162,5.0,29.143288000341272,True,True
18.28,104.49670577859412,-111.30961866455365,0.24460154542989318,4.852814161180023,104.204662,-110.739893,5.0,9543,0.9842202970297029,-0.6197477227972831,-0.08703636925224378,0.12826458775,5.0,30.422022002312588,True,True
18.329,104.81607736034717,-111.22267077781983,0.286064373793618,4.874358015357791,104.507587,-110.699198,5.0,9545,0.9844265676567657,-0.5834965077991414,-0.13145064682586716,0.088923021424,5.0,29.596786000183783,True,True
18.379,104.97482594625578,-111.17436084227828,0.3044824993599414,4.891866323624161,104.810061,-110.657802,5.0,9547,0.9846328382838284,-0.5649008167346635,-0.14918720328889323,0.071774657198,5.0,29.281506002007518,True,True
18.428,105.29068670182129,-111.06981721732639,0.33505051129096197,4.850590603005856,105.112303,-110.615999,5.0,9549,0.9848391089108911,-0.5076322330920272,-0.1818899798442999,0.039924464567,5.0,28.962499000044772,True,True
18.477,105.44759062747667,-111.01433067988576,0.3474352276803262,4.891304841199144,105.26309099999999,-110.594815,5.0,9550,0.9849422442244224,-0.47580314125066303,-0.19720030207921901,0.027493384178,5.0,27.6383500022348,True,True
18.529,105.7602535539254,-110.89752709211353,0.3689927355435208,4.9243431429101285,105.56430300000001,-110.55259,5.0,9552,0.9851485148514851,-0.4064990696487398,-0.21591201685159467,0.0083903892872,5.0,29.885227002523607,True,True
18.583,105.9159365893567,-110.8366202090876,0.37725942168463344,4.922306519080717,105.71556100000001,-110.53058300000001,5.0,9553,0.9852516501650165,-0.3696557738131445,-0.22341330349582833,0.00015797816255,5.0,33.693066998239374,True,True
18.631,106.22703696532066,-110.71105484362286,0.38822103817786685,4.938067777075416,106.018231,-110.485767,5.0,9555,0.9854579207920792,-0.2932434061066526,-0.23547403258775335,-0.013872316545,5.0,31.45865300029982,True,True
18.678,106.3823651313636,-110.64717139461729,0.39142723642862737,4.905858642166442,106.169501,-110.46298600000001,5.0,9556,0.9855610561056105,-0.25389073165216874,-0.23824696459646555,-0.018769372379,5.0,28.959694001969183,True,True
18.731,106.69278872491122,-110.51935767084397,0.39199720542287836,4.9718601698049305,106.4718,-110.41698899999999,5.0,9558,0.9857673267326733,-0.17460600354532663,-0.23929316971298586,-0.02228928181,5.0,31.749476998811588,True,True
18.779,106.8480693152933,-110.45524339426876,0.3908040477704835,4.932013275479388,106.623143,-110.39339,5.0,9559,0.9858704620462047,-0.13532827152000307,-0.23594338080274113,-0.021317545401,5.0,30.00869899915415,True,True
18.829,107.00340541601604,-110.39113678271234,0.389862658816106,4.927717681711613,106.926493,-110.34496200000001,5.0,9561,0.9860767326732673,-0.057853551808261225,-0.23015145534935222,-0.018285391441,5.0,29.724686999543337,True,True
18.886,107.31348530542343,-110.26433180277049,0.3862711959624817,4.926218974647274,107.227985,-110.29615700000001,5.0,9563,0.98628300330033,-0.07631670035300259,-0.22750149034137213,-0.015576787795,5.0,36.61265299888328,True,True
18.934,107.46883459952097,-110.20141831384224,0.3834362963785613,4.926365990585405,107.378629,-110.27178899999998,5.0,9564,0.9863861386138614,0.06556912942540834,-0.22625904040326317,-0.012610181413,5.0,34.135314999730326,True,True
18.982,107.77938931408438,-110.07720936053704,0.37681554361046954,4.921249273294166,107.680272,-110.22306599999999,5.0,9566,0.9865924092409241,0.10110254245980844,-0.2196823960734533,-0.0013105313704,5.0,32.46063899860019,True,True
19.032,107.93521033339577,-110.01569765628277,0.37327863135742206,4.936523529874554,107.830822,-110.19866100000002,5.0,9567,0.9866955445544554,0.13189322161786327,-0.21557539382798607,-0.057594659278,5.0,32.21194399884553,True,True
19.08,108.24688016786457,-109.89470288695556,0.3686724877093546,4.919449030771501,108.13172,-110.149524,5.0,9569,0.9869018151815182,0.198714986083671,-0.20833699172641573,-0.076907307301,5.0,30.66248200047994,True,True
19.141,108.55724950080206,-109.77469613617913,0.36754298653186684,4.907196211303923,108.282211,-110.124882,5.0,9570,0.9870049504950495,0.23285802638858485,-0.20536088909854078,-0.24031499821,5.0,41.753367997444,True,True
19.19,108.7132509195973,-109.71479473366666,0.36486690576600833,4.915985527710047,108.581833,-110.07559199999999,5.0,9572,0.9872112211221122,0.30080496413522034,-0.203321482221551,-0.25842206176,5.0,40.671091999683995,True,True
19.24,108.86959197696653,-109.65537357465897,0.36073237615187503,4.918889081523378,108.732376,-110.05026799999999,5.0,9573,0.9873143564356436,0.33392391722193754,-0.19721369296471059,-0.265642309,5.0,40.47365199949127,True,True
19.284,109.18287110940204,-109.53920198591128,0.34635851688184555,4.916943015987465,109.033825,-109.998646,5.0,9575,0.9875206270627063,0.39724170022345523,-0.1831522836390378,-0.27494364655,5.0,34.96590899885632,True,True
19.347,109.49822826260194,-109.42880521908909,0.32441115706343304,4.8637027205138,109.184348,-109.97262099999999,5.0,9576,0.9876237623762376,0.42722767960481856,-0.17442097858950323,-0.27728493449,5.0,47.29536600279971,True,True
19.387,109.65629365286874,-109.37670507082322,0.31050463454560334,4.908605992798196,109.636179,-109.893149,5.0,9579,0.9879331683168316,0.4844022634333017,-0.14703870480530457,-0.34978958706,5.0,37.72350299914251,True,True
19.438,109.81633717095653,-109.32651580329393,0.29572970911155055,4.958685650043547,109.786955,-109.865953,5.0,9580,0.988036303630363,0.506395027461693,-0.1306557956197283,-0.33550445664,5.0,38.350977996742586,True,True
19.484,110.13648442468933,-109.23414108107727,0.26435912193234157,4.877605685810904,110.088998,-109.81043999999999,5.0,9582,0.9882425742574258,0.5432548855918383,-0.09903959673480234,-0.30694919379,5.0,34.35350300060236,True,True
19.534,110.29660961702861,-109.19247847428815,0.24300292918024785,4.866334749193954,110.239157,-109.782595,5.0,9583,0.9883457095709571,0.5579815040864969,-0.08089898205872981,-0.28851097935,5.0,34.05199899862055,True,True
19.583,110.61956251264088,-109.12000616108875,0.1985129378908484,4.871906467888642,110.539372,-109.727023,5.0,9585,0.9885519801980198,0.5778840359632723,-0.037943475704158125,-0.24456135207,5.0,33.18356199815753,True,True
19.631,110.78221379678489,-109.08904175567429,0.17552710177381706,4.903752152709886,110.68960600000001,-109.699202,5.0,9586,0.9886551155115512,0.5822443483427936,-0.015094356372613138,-0.218522301,5.0,31.604685998900095,True,True
19.68,110.94574500964511,-109.06187902422204,0.15266411373616354,4.86371630770406,110.989625,-109.643348,5.0,9588,0.9888613861386139,0.5796513834893078,0.031775574407441276,-0.16889353659,5.0,31.034329000249272,True,True
19.729,111.27356858381889,-109.01937126808643,0.10519712656049435,4.874945782427973,111.13943300000001,-109.615393,5.0,9589,0.9889645214521452,0.5725041723966238,0.05587809989208292,-0.14320266234,5.0,29.296945001988206,True,True
19.779,111.43782766919853,-109.00347543797497,0.08295994993182758,4.8388026296729105,111.43912399999999,-109.55951,5.0,9591,0.9891707920792079,0.5649410991776942,0.08009052626095281,-0.11492827075,5.0,29.400538998743286,True,True
19.827,111.76908239474078,-108.98183530430174,0.04300875171771574,4.901367249650041,111.737727,-109.50381499999999,5.0,9593,0.9893770627062707,0.5301654506707657,0.12426314712168196,-0.062165817217,5.0,27.08449300189386,True,True
19.88,111.9358898593271,-108.97601967069765,0.026514182065644532,4.913198290761181,111.887612,-109.47521100000002,5.0,9594,0.989480198019802,0.5074138788293695,0.14642139541225552,-0.04012906637,5.0,30.56768500027829,True,True
19.929,112.27072764340336,-108.97185969693143,-0.0008088176620767983,4.930725494887729,112.187703,-109.41707,5.0,9596,0.9896864686468647,0.4522531469656453,0.18119085884901498,-0.0046849405865,5.0,29.35580600023968,True,True
19.978,112.43700285440768,-108.972626529629,-0.012180344590817262,4.8683527481855355,112.33745900000001,-109.387653,5.0,9597,0.9897896039603961,0.4208359230207716,0.1955354332404946,0.0088889403374,5.0,28.345504000753863,True,True
20.03,112.7716654122927,-108.97901566905074,-0.03145318991662262,4.931712377417834,112.636987,-109.32806000000001,5.0,9599,0.9899958745874587,0.3530350438638361,0.22256396407438128,0.033649873601,5.0,30.767047999688657,True,True
20.081,112.93976572646478,-108.98473303507005,-0.0382853893341719,4.9434789571759685,112.786837,-109.297354,5.0,9600,0.9900990099009901,0.3147052721318365,0.2355673870558781,0.044120031665,5.0,31.90893600185518,True,True
20.129,113.27450504382071,-108.99925587974462,-0.04739961446635701,4.9487310342989765,113.086968,-109.23381,5.0,9602,0.9903052805280528,0.23245102960179947,0.2559461383434165,0.05875163312,5.0,29.92681500109029,True,True
20.18,113.44208557999586,-109.0076586717641,-0.050954716911695924,4.919337119377697,113.385847,-109.16860700000001,5.0,9604,0.9905115511551155,0.20267420442075107,0.26417341265099825,0.065989739519,5.0,30.208943000616273,True,True
20.229,113.77630108945534,-109.02478390040771,-0.050551657543238294,4.941765848821503,113.684137,-109.10268,5.0,9606,0.9907178217821783,0.11445099696885452,0.26997195344574454,0.074020154198,5.0,29.794587000651518,True,True
20.282,113.9433337967669,-109.03316752787109,-0.0491409975366477,4.907802308837388,113.83301999999999,-109.06951399999998,5.0,9607,0.9908209570957096,0.0722344559258675,0.27078544335986754,0.078034869423,5.0,32.48604599866667,True,True
20.332,114.27630993943609,-109.04841216565856,-0.04146652952759377,4.900008628688175,114.13053300000001,-109.002326,5.0,9609,0.9910272277227723,-0.04391829505235204,0.2692379975396286,0.079669809264,5.0,32.73320900188992,True,True
20.38,114.44263647913425,-109.05491922211475,-0.03610888774960518,4.8974641989478505,114.279016,-108.96849399999999,5.0,9610,0.9911303630363036,-0.07996396667253314,0.26603073013067435,0.086066097689,5.0,30.423093998251716,True,True
20.432,114.77464599981141,-109.0651492237652,-0.022593695850355446,4.896886025819721,114.575823,-108.90025800000001,5.0,9612,0.9913366336633663,-0.16355239187542334,0.25752759274566683,0.14792822997,5.0,32.597053999779746,True,True
20.479,114.94117143211578,-109.06830099537868,-0.014777939400271011,4.896619723504706,114.724112,-108.86566,5.0,9613,0.9914397689768977,-0.20575171169383755,0.251571492211796,0.17681993198,5.0,29.3282230013574,True,True
20.537,115.27313225015796,-109.07027920008714,0.004922976400166595,4.895117177496974,115.01948,-108.79591599999999,5.0,9615,0.9916460396039604,-0.2871677371402968,0.2423627396820156,0.27092580654,5.0,37.7459049996105,True,True
20.587,115.43957449796568,-109.06852405614345,0.0166440501131275,4.892512256917752,115.167759,-108.75981000000002,5.0,9616,0.9917491749174917,-0.32668320420002955,0.23566077389110962,0.32595927901,5.0,37.07590100020752,True,True
20.632,115.60446246722705,-109.06562994586423,0.031378696304265985,4.878586665118197,115.31608200000001,-108.72314899999999,5.0,9617,0.991852310231023,-0.36499313607913986,0.22670751045647597,0.32977981041,5.0,32.676654001988936,True,True
20.683,115.93592103753856,-109.04989684502863,0.0658428800207521,4.877630209371738,115.611972,-108.64873,5.0,9619,0.9920585808580858,-0.43695102615553716,0.2010844750018017,0.3298108548,5.0,33.071362999180565,True,True
20.732,116.1012239664951,-109.03742015630733,0.08537353727098129,4.871228336402605,115.759859,-108.61101599999999,5.0,9620,0.9921617161716172,-0.46910853371752287,0.1865817546868871,0.32714984906,5.0,32.890993999899365,True,True
20.782,116.43083267733581,-109.0021096313898,0.12721902506181765,4.857076019543462,116.055704,-108.533173,5.0,9622,0.9923679867986799,-0.5263688760106515,0.15551873409051797,0.31590572579,5.0,32.79347200077609,True,True
20.836,116.59467919863314,-108.97946466829734,0.1497047875761031,4.8470573457438,116.35203999999999,-108.452598,5.0,9624,0.9925742574257426,-0.5551318032993902,0.14077797307451112,0.36309203628,5.0,36.46030800155131,True,True
20.882,116.91759801320795,-108.92292109045664,0.19935647858141886,4.80212207966913,116.646124,-108.371152,5.0,9626,0.9927805280528053,-0.592375651800647,0.09762188795967397,0.3201686786,5.0,32.27004200016381,True,True
20.934,117.07690358984682,-108.88860857194439,0.22547261668128982,4.785207408054079,116.793299,-108.330152,5.0,9627,0.9928836633663366,-0.6056611588052048,0.07295762102057779,0.29677138197,5.0,35.374333998333896,True,True
20.984,117.39019080067364,-108.80741517950742,0.28175966919541595,4.759120164553298,117.087001,-108.247577,5.0,9629,0.9930899339933993,-0.6203452293393574,0.02253525374194787,0.25160487893,5.0,34.659175002161646,True,True
21.038,117.54470271381791,-108.76036680937459,0.3097451616671702,4.749639194451392,117.233574,-108.2059,5.0,9630,0.9931930693069307,-0.6215700551274033,-0.004004948876892733,0.22616482972,5.0,38.60133700072765,True,True
21.08,117.8494468216111,-108.65338893813865,0.36498155790514547,4.760751788106134,117.526519,-108.121926,5.0,9632,0.9933993399339934,-0.6115355188311119,-0.057056464499119386,0.17617484744,5.0,30.97470700231497,True,True
21.133,117.99997858813428,-108.59367342335683,0.39109242784364967,4.739599525749235,117.672927,-108.079527,5.0,9633,0.9935024752475248,-0.600336878226062,-0.08191863584205894,0.15328978821,5.0,33.24029899886227,True,True
21.179,118.29628083239182,-108.46462682131582,0.44106860282628796,4.765458854639451,117.96427299999999,-107.99436100000001,5.0,9635,0.9937087458745875,-0.5671642926166901,-0.12868621909810019,0.11266756045,5.0,29.55236300113029,True,True
21.228,118.44233457983829,-108.3938768570445,0.4640509458247211,4.802564878948382,118.110399,-107.95094499999999,5.0,9636,0.9938118811881188,-0.5455122503568463,-0.1495600380391804,0.091415380079,5.0,28.571025999553967,True,True
21.28,118.58797916806896,-108.31930864362043,0.48184920143944665,4.812503031726603,118.402918,-107.861818,5.0,9638,0.9940181518151815,-0.491733125074503,-0.18336421276087078,0.056367691752,5.0,30.940992997784633,True,True
21.33,118.8747288228829,-108.16258910527439,0.5203226732884771,4.7984628052667535,118.54898100000001,-107.81668799999998,5.0,9639,0.9941212871287128,-0.4607774015640201,-0.1991860664129259,0.039266628648,5.0,30.899055000190856,True,True
21.379,119.01652767536383,-108.08033288845645,0.5369325928691726,4.834094503278083,118.84076999999999,-107.724934,5.0,9641,0.9943275577557755,-0.3921544910243252,-0.22810075698837728,0.00577730308,5.0,29.719005000515608,True,True
21.429,119.29738633788507,-107.90844514916732,0.561722444636927,4.875318314621123,118.986519,-107.678028,5.0,9642,0.994430693069307,-0.35467288383964835,-0.2360329366370726,-0.0049753793984,5.0,29.27637700122432,True,True
21.479,119.43687972788251,-107.81977985399891,0.571416074901757,4.845015445049713,119.13216100000001,-107.630473,5.0,9643,0.9945338283828383,-0.3159455908840191,-0.2431198250165405,-0.015560432062,5.0,30.042730999412015,True,True
21.531,119.71327282765053,-107.63917143243954,0.5840177270550231,4.852049488522758,119.568591,-107.483608,5.0,9646,0.9948432343234324,-0.24632790391713277,-0.24985069514124625,-0.026898424991,5.0,31.266091998986667,True,True
21.579,119.85079273979488,-107.54790253209617,0.5889466023809543,4.87659325627842,119.71305900000002,-107.43415800000001,5.0,9647,0.9949463696369637,-0.20501354394990917,-0.2536536656355186,-0.029811589387,5.0,29.36456099996576,True,True
21.635,120.12460426382572,-107.36361617210939,0.5937395831359222,4.856318295731619,120.001713,-107.334768,5.0,9649,0.9951526402640264,-0.12191405051580377,-0.2593063141918992,-0.032333030567,5.0,35.35220300182118,True,True
21.681,120.2613630851533,-107.27117429521213,0.5948496534378512,4.858608042373871,120.145923,-107.28468500000001,5.0,9650,0.9952557755775577,-0.08175951591483904,-0.25863810591960457,-0.030224828511,5.0,31.553519998851698,True,True
21.731,120.53537821562786,-107.08604953386094,0.592255310650377,4.857850577452597,120.43363899999999,-107.18396899999999,5.0,9652,0.9954620462046204,0.035821325790419016,-0.25615026376068517,-0.024505337014,5.0,31.242678000126034,True,True
21.783,120.67251776409574,-106.99417852478194,0.5883996036426291,4.856528076892522,120.577405,-107.13328600000001,5.0,9653,0.9955651815181518,0.06322605742864057,-0.25229217592680797,-0.019160442199,5.0,33.79858300104388,True,True
21.833,120.94744050625246,-106.81256174568901,0.5779658226458296,4.8588342948364005,120.86478500000001,-107.03088799999999,5.0,9655,0.9957714521452146,0.13904481266385538,-0.23890597145451764,-0.064994777454,5.0,33.28076400066493,True,True
21.882,121.08522896887534,-106.72279857772695,0.5750861404204605,4.850484380900587,121.00724,-106.97953999999999,5.0,9656,0.9958745874587459,0.1773610047322344,-0.23052718506496106,-0.070614213629,5.0,32.2381719997793,True,True
21.939,121.36255743527725,-106.54415968950498,0.5673480510959532,4.854879232133662,121.29428700000001,-106.874498,5.0,9658,0.9960808580858086,0.2507858424172395,-0.2183115248322567,-0.23877625806,5.0,39.93133699987084,True,True
21.988,121.50214828021377,-106.45578263532167,0.5612779319554375,4.859555749483147,121.43780100000001,-106.82122199999999,5.0,9659,0.9961839933993399,0.2858380391913387,-0.21017383705401027,-0.24239312907,5.0,38.535121999302646,True,True
22.039,121.7833855865396,-106.28180877226586,0.5451215778586422,4.865192614508034,121.724373,-106.71321699999999,5.0,9661,0.9963902640264026,0.35151626907943967,-0.19052901015515022,-0.24596936912,5.0,39.2021810002916,True,True
22.093,121.9248100891632,-106.19669586804422,0.5367923194798785,4.865949217342201,121.867269,-106.65855400000001,5.0,9662,0.996493399339934,0.38158236142765123,-0.17742923650735998,-0.24498414255,5.0,43.307136998919304,True,True
22.138,122.21123571826199,-106.0306472308225,0.5146548858166233,4.8533456633829015,122.29565900000001,-106.490378,5.0,9665,0.996802805280528,0.4411575159981844,-0.14581744350616832,-0.32767728114,5.0,38.54719499940984,True,True
22.185,122.35557015401109,-105.95004123983006,0.5022499196673182,4.8449625068466275,122.43924299999999,-106.43262299999999,5.0,9666,0.9969059405940595,0.46213833376099933,-0.13022960438186848,-0.31364305706,5.0,35.64571199967759,True,True
22.24,122.64595965377393,-105.79612159058483,0.47117773097335247,4.83112647648735,122.72215800000001,-106.31693,5.0,9668,0.9971122112211221,0.49730379477790265,-0.09584510408865832,-0.28052279791,5.0,40.47951300162822,True,True
22.283,122.79291227633836,-105.72289798426097,0.4535896480645881,4.839207612805249,122.86341399999999,-106.258338,5.0,9669,0.9972153465346535,0.510813470677164,-0.07608988067969058,-0.26111211736,5.0,33.58386099716881,True,True
22.332,122.9408286174918,-105.65238070280184,0.4352506333984139,4.816600240648941,123.004251,-106.199293,5.0,9670,0.9973184818481848,0.5211681754864945,-0.0547370125772515,-0.24065012218,5.0,32.31251099714427,True,True
22.38,123.24065847065242,-105.51998281682744,0.39523177172502655,4.808071154144829,123.285472,-106.079645,5.0,9672,0.9975247524752475,0.5318744152279964,-0.00994541806146243,-0.19606636091,5.0,30.132108000543667,True,True
22.429,123.39195091244366,-105.4586279665522,0.3745359749674846,4.805300805483329,123.42574599999999,-106.019205,5.0,9673,0.9976278877887789,0.5316467524036694,0.012804885315842895,-0.17226965727,5.0,29.693157001020154,True,True
22.479,123.69827523280574,-105.34534604250628,0.33380762762232863,4.809560111777688,123.706047,-105.897227,5.0,9675,0.9978341584158416,0.519770382309958,0.05905893176332455,-0.12546039422,5.0,29.61592200153973,True,True
22.529,123.85158002338598,-105.29296524356246,0.3143542054681586,4.784704477373578,123.84607700000001,-105.83558899999998,5.0,9676,0.9979372937293729,0.5080320257383305,0.08251414181987649,-0.10265813155,5.0,29.537083999457536,True,True
22.578,124.16437753918528,-105.19746899291142,0.27685910233501054,4.8250904537396835,124.264133,-105.648432,5.0,9679,0.998246699669967,0.4794631120843103,0.1305140088609007,-0.05618221713,5.0,28.69363499848987,True,True
22.627,124.32278715497742,-105.15381321952869,0.26115176099057874,4.835118109026364,124.403828,-105.584919,5.0,9680,0.9983498349834984,0.4554712188243288,0.15177311575351693,-0.036207001856,5.0,27.918062998651294,True,True
22.679,124.64104889818579,-105.07324191415265,0.23054298812477864,4.809998771944529,124.682195,-105.45644399999999,5.0,9682,0.9985561056105611,0.3979087174960634,0.1896087084063507,-0.0035480597155,5.0,29.599771998618962,True,True
22.73,124.80150030204669,-105.03640350219709,0.2197468371980051,4.8525940593625245,124.820973,-105.39159599999999,5.0,9683,0.9986592409240924,0.36568019687884273,0.20753642151866858,0.012656007868,5.0,30.060013999900548,True,True
22.779,125.12503904352555,-104.96684022502605,0.20429286234484081,4.8935343760181675,125.09869499999999,-105.26065,5.0,9685,0.9988655115511551,0.29290496255344484,0.23222235030543326,0.035523217152,5.0,29.217626997706247,True,True
22.837,125.28707468321916,-104.93385028966738,0.1976692738738343,4.855481977344718,125.237349,-105.194571,5.0,9686,0.9989686468646864,0.2539189480789645,0.2414715413055366,0.46389799995,5.0,37.32875300192973,True,True
22.887,125.61161643212195,-104.87083485276254,0.18716058570979766,4.8591258915335755,125.514548,-105.06135900000001,5.0,9688,0.9991749174917491,0.17187408888928069,0.25811889819656963,0.062665901866,5.0,37.32756199678988,True,True
