t,x,y,yaw,speed_measured,x_ref,y_ref,speed_ref,path_index,progress,path_dist_m,path_remaining_m,cte,heading_error,steering_cmd,speed_cmd,compute_time_ms,did_compute,controller_success
0.03300000000000003,33.069976852808445,-93.27597828262311,-0.7207003033681343,0.008346878221066582,34.611618,-93.961363,5.0,0,0.0,0.0,1307.2218692805643,-1.6871006193149867,0.0015573461991253978,0.12816395046,5.0,34.04826299811248,True,True
0.08800000000000002,33.07000552322612,-93.27600462799451,-0.7207003676079373,5.780040154362998e-05,34.611618,-93.961363,5.0,0,0.0,0.0,1307.2218692805643,-1.6871305929085323,0.001557649567259567,0.12153407445,5.0,38.309215000481345,True,True
0.135,33.07000879008345,-93.2760074813644,-0.7207001369708368,5.6892108465833534e-05,34.611618,-93.961363,5.0,0,0.0,0.0,1307.2218692805643,-1.6870916066646193,0.0015573080523925142,0.11625311069,5.0,35.82545399694936,True,True
0.183,33.06998777114576,-93.2759889118788,-0.720700121972043,0.0010129913024927864,34.611618,-93.961363,5.0,0,0.0,0.0,1307.2218692805643,-1.687089548015697,0.0015574831699622926,0.11191250447,5.0,33.752060000551865,True,True
0.23400000000000004,33.0699851169395,-93.27598655219037,-0.7207001228863582,0.0009448200596765544,34.611618,-93.961363,5.0,0,0.0,0.0,1307.2218692805643,-1.6871177428312272,0.0015574311298474086,0.10837464013,5.0,34.695582995482255,True,True
0.284,33.06998320941463,-93.27598486081148,-0.720700106639929,0.0009298108245351972,34.611618,-93.961363,5.0,0,0.0,0.0,1307.2218692805643,-1.6871196819863077,0.0015574690854833761,0.10551151755,5.0,34.32139300275594,True,True
0.335,33.06997825986823,-93.27598048453186,-0.7207001239939532,0.0009005974295378591,34.611618,-93.961363,5.0,0,0.0,0.0,1307.2218692805643,-1.6871250254846346,0.0015574732454295415,0.10318760925,5.0,36.03882199968211,True,True
0.38300000000000006,33.06997523211844,-93.27597781074549,-0.7207001353474508,0.000886384432441222,34.611618,-93.961363,5.0,0,0.0,0.0,1307.2218692805643,-1.6871284126772927,0.001557470193078725,0.1013015582,5.0,34.11062999657588,True,True
0.434,33.06996810396999,-93.27597152060167,-0.7207001458802772,0.0008587234153894788,34.611618,-93.961363,5.0,0,0.0,0.0,1307.2218692805643,-1.6871365754647654,0.0015574843451693354,0.099771471338,5.0,34.63570099847857,True,True
0.48400000000000004,33.06996401633149,-93.27596791568193,-0.7207001508421719,0.0008452665012587842,34.611618,-93.961363,5.0,0,0.0,0.0,1307.2218692805643,-1.6871413343170671,0.0015574920794025893,0.098530081948,5.0,34.94812500139233,True,True
0.5349999999999999,33.06995482525486,-93.27595981371118,-0.7207001629927802,0.0008190783651629934,34.611618,-93.961363,5.0,0,0.0,0.0,1307.2218692805643,-1.6871465339348468,0.0015574970412970401,0.097523173673,5.0,35.49499599466799,True,True
0.585,33.06994973404679,-93.27595532737345,-0.7207001690831665,0.0008063387850467438,34.611618,-93.961363,5.0,0,0.0,0.0,1307.2218692805643,-1.6871582238012333,0.0015575091919055595,0.096706655446,5.0,35.88998500345042,True,True
0.6360000000000001,33.07089582241853,-93.27678763771125,-0.7206907381773718,0.0888454468030653,34.611618,-93.961363,5.0,0,0.0,0.0,1307.2218692805643,-1.6871646985230975,0.0015575152822919769,0.096044397451,5.0,36.14720499899704,True,True
0.6839999999999999,33.08065438060402,-93.28535784394793,-0.7205086434059527,0.29373914190436423,34.611618,-93.961363,5.0,0,0.0,0.0,1307.2218692805643,-1.6814262981210684,0.0015085773047669448,0.092024992844,5.0,34.416190996125806,True,True
0.734,33.089412932894255,-93.29304573224775,-0.720209766082569,0.39335107083787835,34.611618,-93.961363,5.0,0,0.0,0.0,1307.2218692805643,-1.6735688139192346,0.0013659896050781661,0.089825735289,5.0,34.86623099888675,True,True
0.782,33.11446320769846,-93.3150010379226,-0.719000712979631,0.5870336095767652,34.611618,-93.961363,5.0,0,0.0,0.0,1307.2218692805643,-1.6481508427313538,0.0005685240295818517,0.085521347196,5.0,32.31946300365962,True,True
0.835,33.13067237482834,-93.32917624939157,-0.7180702045314412,0.681212697654587,34.611618,-93.961363,5.0,0,0.0,0.0,1307.2218692805643,-1.630722618391004,-0.00014194082124374674,0.083371715752,5.0,35.18277299735928,True,True
0.887,33.170208981320606,-93.36361245430841,-0.7155500737440725,0.8449310405543067,34.611618,-93.961363,5.0,0,0.0,0.0,1307.2218692805643,-1.5867564557807874,-0.0022172329072862595,0.078593644169,5.0,37.386891002824996,True,True
0.937,33.19283392676642,-93.38316297187926,-0.7139907898856498,0.9135611522767298,34.611618,-93.961363,5.0,0,0.0,0.0,1307.2218692805643,-1.560437654635678,-0.003592580056801964,0.07675643749,5.0,37.20659499958856,True,True
0.984,33.24434468173044,-93.42789685846522,-0.7111880628337126,1.095429462410562,34.611618,-93.961363,5.0,0,0.0,0.0,1307.2218692805643,-1.5013229196233655,-0.00640467442028303,0.072260088772,5.0,34.43988500657724,True,True
1.034,33.2728058077946,-93.45220222285593,-0.7092102955003792,1.1317578680806069,34.611618,-93.961363,5.0,0,0.0,0.0,1307.2218692805643,-1.4676588333178355,-0.007954590967162112,0.070646779868,5.0,34.91098499944201,True,True
1.0839999999999999,33.33469840288379,-93.50513975981544,-0.7058063845383508,1.264266698667122,34.611618,-93.961363,5.0,0,0.0,0.0,1307.2218692805643,-1.3951193771983423,-0.01148283407671613,0.067014853671,5.0,34.87460700125666,True,True
1.135,33.368530269220514,-93.53377476556001,-0.7038379831370905,1.3501606256422538,34.611618,-93.961363,5.0,0,0.0,0.0,1307.2218692805643,-1.3559731938294124,-0.01333626926252407,0.06571639193,5.0,35.93949700007215,True,True
1.186,33.44104034338439,-93.5950904326204,-0.69860685516962,1.4786546302875352,34.611618,-93.961363,5.0,0,0.0,0.0,1307.2218692805643,-1.2717557923585225,-0.0179930994680344,0.061181719062,5.0,36.46255499916151,True,True
1.235,33.4804719866576,-93.62813787198316,-0.6961004911241292,1.553828924152487,34.611618,-93.961363,5.0,0,0.0,0.0,1307.2218692805643,-1.2265429645073798,-0.020535798631254654,0.058966708529,5.0,35.41419600514928,True,True
1.2859999999999998,33.56555340414481,-93.69883340643555,-0.6911181518368444,1.7000844878102712,34.611618,-93.961363,5.0,0,0.0,0.0,1307.2218692805643,-1.129787320716221,-0.02588722434545776,0.053910782257,5.0,36.699135998787824,True,True
1.3339999999999999,33.61102901133125,-93.73637577500013,-0.6890107168353228,1.7699284104512834,34.611618,-93.961363,5.0,0,0.0,0.0,1307.2218692805643,-1.0785049495476609,-0.02802450196403017,0.05304050055,5.0,35.452537005767226,True,True
1.3840000000000001,33.65842074656862,-93.77532295633071,-0.6869582121873988,1.8396348935581457,34.611618,-93.961363,5.0,0,0.0,0.0,1307.2218692805643,-1.0255718286196747,-0.03013193696555172,0.052197111739,5.0,34.59686800488271,True,True
1.4349999999999998,33.75880447010536,-93.85737286261867,-0.6834851606502127,1.9738810510530818,34.611618,-93.961363,5.0,0,0.0,0.0,1307.2218692805643,-0.9155885452126098,-0.03386852963253517,0.049761645795,5.0,35.72902399901068,True,True
1.486,33.81172608677766,-93.9003980113688,-0.681809397078554,2.03918793309514,34.611618,-93.961363,5.0,0,0.0,0.0,1307.2218692805643,-0.8591302959644382,-0.035657493150662134,0.050823515372,5.0,36.212406994309276,True,True
1.535,33.922853451702146,-93.99029034488481,-0.6784894987260832,2.16519801158413,34.611618,-93.961363,5.0,0,0.0,0.0,1307.2218692805643,-0.7453844048367562,-0.03896676874462068,0.05168282833,5.0,35.921663999033626,True,True
1.585,33.980997758484946,-94.03708424449934,-0.6768087228044021,2.226168012441588,34.611618,-93.961363,5.0,0,0.0,0.0,1307.2218692805643,-0.6893717388129801,-0.0406531550747915,0.052858117341,5.0,35.806097999738995,True,True
1.6340000000000001,34.10229970337135,-94.1341736127866,-0.6731249538471656,2.3441057366299876,34.611618,-93.961363,5.0,0,0.0,0.0,1307.2218692805643,-0.5840460931748346,-0.04413343808053316,0.052575149265,5.0,34.6538750018226,True,True
1.6849999999999998,34.16540727018609,-94.18439186966079,-0.671144191896056,2.401115866660492,34.611618,-93.961363,5.0,0,0.0,0.0,1307.2218692805643,-0.5378369968423387,-0.04601769995370919,0.052804407448,5.0,35.7025139965117,True,True
1.7369999999999999,34.296514551583364,-94.28806317493454,-0.6675486815116508,2.492888199066335,34.611618,-93.961363,5.0,0,0.0,0.0,1307.2218692805643,-0.4698777373798357,-0.050108397571675845,0.051089775031,5.0,37.38749300100608,True,True
1.784,34.36367979934342,-94.34094858326905,-0.6661762901795188,2.546815985868157,34.611618,-93.961363,5.0,0,0.0,0.0,1307.2218692805643,-0.45389777208784343,-0.0515939722892238,0.052061382243,5.0,34.323337000387255,True,True
1.8349999999999997,34.5022823235807,-94.44934072690647,-0.6616882142034473,2.630480397924263,34.723068,-94.058681,5.0,8,0.00011318654719400808,0.14795992980036404,1307.0739093507639,-0.44437867851619717,-0.05299330302560268,0.03868712251,5.0,35.61988000001293,True,True
1.886,34.57309862823547,-94.50458441620776,-0.6602589000013724,2.6387618157429573,34.79166,-94.118543,5.0,13,0.0001828306413197362,0.23900021270774993,1306.9828690678567,-0.4395071964556653,-0.05583061987549387,0.035243642582,5.0,36.95680799864931,True,True
1.9359999999999997,34.71857623449355,-94.61739509129649,-0.660657412234343,2.7207193816624304,34.928398,-94.238318,5.0,23,0.00032188776855905134,0.42077873051431275,1306.80109055005,-0.42889608656448447,-0.06003942164371745,0.033055264179,5.0,36.67216599569656,True,True
1.986,34.79242853532025,-94.67458809850433,-0.6555864093168855,2.7767273470866245,34.997465999999996,-94.298672,5.0,28,0.000392054257870903,0.5125018998334062,1306.709367380731,-0.42351349417078443,-0.062028743364543004,0.032105674147,5.0,36.23806500399951,True,True
2.036,34.94479447581511,-94.79102729069909,-0.6492963809934249,2.8639802496292486,35.138867,-94.422263,5.0,38,0.0005357185559083866,0.7003030120628456,1306.5215662685014,-0.4118401859521715,-0.06671140576423795,0.02032209489,5.0,36.92670199961867,True,True
2.085,35.022989720575886,-94.85021299523675,-0.6461218597890274,2.9067987383562066,35.215025,-94.48884,5.0,43,0.0006131009881396391,0.8014590197736601,1306.4204102607907,-0.40539079276828577,-0.06908464619293797,0.018241192,5.0,35.850389998813625,True,True
2.1350000000000002,35.18341488301529,-94.97070062003077,-0.6427109627672853,2.9943640557978983,35.363405,-94.61855600000001,5.0,52,0.0007638679985703982,0.9985449529747994,1306.2233243275896,-0.3911722970643196,-0.07431636849408907,0.010898934655,5.0,35.446675996354315,True,True
2.184,35.2655249716725,-95.03207838886411,-0.6412779121401175,3.037316662417694,35.435143,-94.681269,5.0,56,0.000836759340557128,1.0938301093010612,1306.1280391712633,-0.3835840669984393,-0.07566952411410899,0.0102703087,5.0,34.63852599816164,True,True
2.233,35.348859852040256,-95.09424790870148,-0.6407334920697285,3.079639843852532,35.510171,-94.746859,5.0,60,0.0009129940287149055,1.193485760858692,1306.0283835197056,-0.3757515748961708,-0.07710451209407676,0.0091203575108,5.0,33.583314005227294,True,True
2.285,35.51901830134896,-95.22100866376229,-0.6399324751891986,3.162103448043448,35.669144,-94.885834,5.0,68,0.0010745236658428138,1.4046408350492476,1305.817228445515,-0.3595115210385463,-0.07815040612196444,0.005743020618,5.0,35.86899600486504,True,True
2.334,35.60581314684268,-95.28571303489245,-0.6398814816257712,3.228231292182177,35.753081,-94.959213,5.0,72,0.0011598109864489876,1.5161302857179808,1305.7057389948463,-0.3511727729544891,-0.07844097345156964,0.0053480391985,5.0,34.56032000394771,True,True
2.383,35.78112546401082,-95.41596048942027,-0.6379086160301484,3.236291211376163,35.907577,-95.094411,5.0,79,0.0013168611851123078,1.72142973998553,1305.5004395405788,-0.33395991112449047,-0.08141513211710105,0.0016335448731,5.0,33.231207002245355,True,True
2.4330000000000003,35.86995532461817,-95.48176692990948,-0.6379679481921193,3.270935847971277,35.99861,-95.17388000000001,5.0,83,0.0014093018255801045,1.8422701668153358,1305.379599113749,-0.32542662268533185,-0.08210453348440527,0.00045030177418,5.0,33.6797950003529,True,True
2.483,36.05048094410339,-95.61530334374771,-0.6355576436000642,3.3316913931416225,36.16457,-95.31888000000001,5.0,90,0.0015778891659574367,2.062651225040431,1305.159218055524,-0.3075232577574171,-0.08160708613412737,-0.0033647736119,5.0,33.663112997601274,True,True
2.536,36.14203176804038,-95.68276045659192,-0.6339235282441157,3.3597306928126476,36.238597,-95.383628,5.0,93,0.0016531234131462668,2.1609990782845294,1305.0608702022798,-0.29823092162239334,-0.0830780570673717,-0.0050412989502,5.0,36.12730799795827,True,True
2.5860000000000003,36.3279137285205,-95.81918102984385,-0.6317710284560499,3.4222521400714894,36.418777,-95.541226,5.0,100,0.0018362432705125863,2.40037736053332,1304.821491920031,-0.27900686722162704,-0.0856354118442062,-0.011168795678,5.0,36.11258999444544,True,True
2.636,36.42224706915703,-95.88815553225433,-0.6312522726386904,3.4532223513792,36.49991,-95.61219,5.0,103,0.0019186997612332998,2.5081662884675664,1304.7137029920968,-0.26903824546622934,-0.0868679183767811,-0.012651009047,5.0,36.506167001789436,True,True
2.686,36.61347298714299,-96.02797978740166,-0.6315662363819622,3.515600485953116,36.668797999999995,-95.759911,5.0,109,0.0020903432604984402,2.732542424426801,1304.4893268561375,-0.2485680531750163,-0.08730044331624898,-0.016231377259,5.0,36.475638997217175,True,True
2.733,36.71032871578986,-96.09888928942068,-0.6324010548680247,3.5468362421138084,36.756307,-95.836453,5.0,112,0.0021792803402466017,2.848802920063547,1304.3730663605008,-0.23819856871490633,-0.08708488052622787,-0.016437628021,5.0,33.62120500241872,True,True
2.785,36.90622079071694,-96.2428659971272,-0.6355407613949756,3.610463958365738,36.936081,-95.99380699999999,5.0,118,0.002362043615793073,3.087715070759244,1304.134154209805,-0.21727439872398335,-0.08649676917879612,-0.017914481592,5.0,35.52063499955693,True,True
2.8360000000000003,37.00488465096544,-96.31579532510803,-0.6374068087954717,3.6150561500749077,37.027803000000006,-96.074203,5.0,121,0.0024553476207812993,3.209684106571316,1304.012185173993,-0.20696086005387893,-0.08474631385770959,-0.01649605256,5.0,36.70954599510878,True,True
2.887,37.20185926946612,-96.46289147031167,-0.6463074086951589,3.638498064465656,37.212971,-96.236489,5.0,127,0.002643700843455363,3.4559035584003244,1303.765965722164,-0.18708117495772578,-0.07711241177107375,-0.013038407834,5.0,37.5400789998821,True,True
2.934,37.30119387408209,-96.53760129840825,-0.6446868226638518,3.670581392171649,37.307165999999995,-96.318502,5.0,130,0.0027392434244356187,3.5807989097052237,1303.641070370859,-0.17800036138609276,-0.07168468510458759,-0.010415467298,5.0,34.15411099558696,True,True
2.9850000000000003,37.50198367100395,-96.68855047250642,-0.6448135076573679,3.717427829456257,37.502587,-96.488879,5.0,136,0.0029375753908046564,3.840062793520247,1303.381806487044,-0.16000557506431862,-0.07202031906637218,-0.016287845483,5.0,35.756475997914094,True,True
3.0340000000000003,37.603363461468795,-96.76483814939945,-0.6444178526662093,3.7428874877960605,37.604977000000005,-96.578076,5.0,139,0.0030414546868199692,3.9758560810369334,1303.2460131995274,-0.1510371970517953,-0.07190748425306426,-0.017218776594,5.0,34.50859300210141,True,True
3.0860000000000003,37.80806403743861,-96.9188039117576,-0.6452994484314034,3.7923326039843777,37.711027,-96.670488,5.0,142,0.003149060582244405,4.116520860799273,1303.105348419765,-0.14315511943607975,-0.07242216066620655,-0.018803011978,5.0,36.382595004397444,True,True
3.1350000000000002,37.911386395494596,-96.99661363857099,-0.6458239651104423,3.817423117338371,37.896212,-96.831897,5.0,147,0.0033369819640943193,4.362175800858905,1302.8596934797054,-0.1237855993844534,-0.07165705621840424,-0.020877602722,5.0,35.63514900451992,True,True
3.186,38.01531727373746,-97.07503664911957,-0.6470490197788159,3.8427027941946417,37.973499,-96.89927,5.0,149,0.0034154154766682914,4.4647058037800935,1302.7571634767842,-0.11419172754414746,-0.0711621393294668,-0.021065219127,5.0,36.961587000405416,True,True
3.2350000000000003,38.22482084780665,-97.23300605818484,-0.6481018665795976,3.8661096454287516,38.175342,-97.075248,5.0,154,0.0036202660035806237,4.732490892493541,1302.4893783880707,-0.09594406635258465,-0.06760641715531568,-0.021539673792,5.0,35.70336499979021,True,True
3.2880000000000003,38.329586040173034,-97.31247173687005,-0.6483511436605841,3.8481759001744997,38.300319,-97.184161,5.0,157,0.0037470808610884066,4.898266047577414,1302.323603232987,-0.08992113596753074,-0.06878229825332127,-0.02243211466,5.0,38.91570899577346,True,True
3.338,38.5404529482356,-97.4732371540918,-0.6544947891000616,3.9249955633241784,38.473935,-97.335205,5.0,161,0.003923120988785664,5.128389552374212,1302.09347972819,-0.06881733134796779,-0.06353476967945504,-0.02080526111,5.0,37.97865699743852,True,True
3.386,38.64653242745629,-97.55478528173312,-0.6562244488672855,3.945042681377661,38.563524,-97.413166,5.0,163,0.004013970691905148,5.247150271109648,1301.9747190094547,-0.06046017911471165,-0.06180651844503515,-0.019095568727,5.0,36.37667399743805,True,True
3.435,38.860018000117456,-97.71959306513656,-0.6578469531807366,3.9872017655966663,38.796127,-97.615575,5.0,168,0.004249844963201763,5.5554902769492,1301.666379003615,-0.04808846332985851,-0.05875766000105287,-0.01812361014,5.0,35.70523999951547,True,True
3.4890000000000003,38.96751664764596,-97.80269605387139,-0.6577252446114791,4.005129809530466,38.892495000000004,-97.69945799999999,5.0,170,0.004347580537498612,5.683252357076736,1301.5386169234876,-0.038212254178796604,-0.05843691367105652,-0.018632881044,5.0,39.08291100378847,True,True
3.5420000000000003,39.1838620990219,-97.9702546002464,-0.6599757280084658,4.045247165428586,39.090590999999996,-97.87193,5.0,174,0.004548508051901192,5.945909198043974,1301.2759600825204,-0.020793182870523445,-0.05732405185562772,-0.019119228018,5.0,42.470772001252044,True,True
3.584,39.29285801796731,-98.05479936503617,-0.6607794479875,4.0978858308678925,39.192163,-97.960376,5.0,176,0.004651538156909843,6.0805924045055555,1301.1412768760588,-0.012901164451976768,-0.05646828467588216,-0.018757219575,5.0,35.01915699598612,True,True
3.6350000000000002,39.51071136218546,-98.22550725324916,-0.6671307173211419,4.076678025829974,39.39931,-98.14092099999999,5.0,180,0.004861742968188905,6.3553767308375395,1300.8664925497267,0.0025770039929292428,-0.054724391355411406,-0.039992709256,5.0,35.64549799921224,True,True
3.684,39.61891344843367,-98.3110675882539,-0.6712924344694813,4.079027877684624,39.504034999999995,-98.232598,5.0,182,0.00496821562909951,6.494560121660376,1300.7273091589038,0.009733358787816834,-0.053185235560967214,-0.01003762803,5.0,34.168828002293594,True,True
3.734,39.837233150783426,-98.48459759699888,-0.672657645214495,4.113678185283895,39.714265999999995,-98.41795400000001,5.0,186,0.0051826207023790314,6.774835122336069,1300.4470341582282,0.024465821677196273,-0.053819638947112836,-0.033478658229,5.0,34.3561289992067,True,True
3.784,39.94679762313006,-98.572067887959,-0.6757853015249524,4.126074239403609,39.820003,-98.511863,5.0,188,0.005290803238619425,6.9162536995837485,1300.3056155809807,0.03225337651833217,-0.053952500188188424,-0.031772961349,5.0,34.25586100638611,True,True
3.8340000000000005,40.165518241680566,-98.74969823967726,-0.6886997000870994,4.1615393518106965,40.033822,-98.701925,5.0,192,0.005509649528040653,7.202334355126082,1300.0195349254382,0.04725987716332114,-0.043120640105810626,0.010008332669,5.0,34.354456001892686,True,True
3.886,40.27480711386278,-98.83989346516908,-0.6922818428780719,4.1750441583330895,40.142461,-98.798118,5.0,194,0.005620652291854857,7.347439595534595,1299.8744296850298,0.05362937239636645,-0.03490803364913164,0.01420309026,5.0,36.689979999209754,True,True
3.942,40.49364719741093,-99.02262944429026,-0.698745857437231,4.243986775335394,40.252466999999996,-98.895083,5.0,196,0.005732829763859106,7.494080440179157,1299.727788840385,0.05953961237911238,-0.029328400038650226,0.016071829611,5.0,42.47787500207778,True,True
3.9830000000000005,40.60385606597769,-99.11524350795712,-0.7001163442642544,4.211772270805274,40.476745,-99.091791,5.0,200,0.0059610388159844225,7.792400303885159,1299.4294689766791,0.07119694561924382,-0.019753479424248876,0.024024660023,5.0,33.56921800150303,True,True
4.033,40.713156925008654,-99.2068923524864,-0.6977507642205337,4.207822397380088,40.533029,-99.140991,5.0,201,0.0060182260954045105,7.867156766187756,1299.3547125143766,0.06592222567139598,-0.01716862963829957,0.023102043649,5.0,33.210929002962075,True,True
4.086,40.93334424560013,-99.39015510795987,-0.6920818663306778,4.228457378124787,40.76037,-99.337677,5.0,205,0.006248191191928087,8.167772169534592,1299.0540971110297,0.07063092513191915,-0.018903783505433758,0.0046948879097,5.0,37.04604499944253,True,True
4.135,41.044287741778916,-99.48224138407025,-0.6921600952594481,4.246950801169198,40.874992,-99.436256,5.0,207,0.006363842652164778,8.318954287570225,1298.902914992994,0.07299716667261166,-0.01772395016606243,0.0059412507294,5.0,35.23575299914228,True,True
4.184,41.267893674086174,-99.66639048986566,-0.685749248958433,4.273595759509497,41.106759999999994,-99.63454499999999,5.0,211,0.0065971746347443655,8.623970958000854,1298.5978983225634,0.07762446043494935,-0.015912758518346948,0.0043037864008,5.0,34.65254299953813,True,True
4.235,41.38069600837869,-99.75841596606152,-0.6830472679265565,4.2895992144580255,41.224385,-99.73430400000001,5.0,213,0.0067151592070580695,8.778202971167042,1298.4436663093973,0.08065512742228516,-0.01596620619300193,0.00076072808251,5.0,35.82032499980414,True,True
4.284,41.60786712730736,-99.94272613450299,-0.6805692068478655,4.318583097947835,41.463581,-99.935,5.0,217,0.006954017127597925,9.09044326854762,1298.1314260120166,0.08982248875407338,-0.012973904751136356,-0.0004676222918,5.0,34.968492000189144,True,True
4.337000000000001,41.72230045757789,-100.03532605362483,-0.6801682704689543,4.339000432016056,41.524189,-99.985391,5.0,218,0.00701431288865913,9.169263206031742,1298.0526060745326,0.08623898828366061,-0.012168225631619567,5.9140746488e-05,5.0,37.34024499863153,True,True
4.384,41.95111746761183,-100.22056533212786,-0.6807490339176757,4.343317129959445,41.769795,-100.187826,5.0,222,0.007257791551921275,9.487543839351217,1297.734325441213,0.0887256437676765,-0.006884012335157674,0.0091344722346,5.0,34.14639700349653,True,True
4.436,42.0662501154638,-100.3139945017366,-0.6816937340666257,4.361537647147676,41.892342,-100.28818000000001,5.0,224,0.007378960061772551,9.645937965296943,1297.5759313152673,0.08954907775919699,-0.004822748839223845,0.016506205404,5.0,37.10414399392903,True,True
4.484,42.29681789078045,-100.50130290250071,-0.6824959272469366,4.380112981816588,42.139792,-100.49050600000001,5.0,228,0.007623475864332363,9.965574369787817,1297.2562949107764,0.09283875006835944,-0.002509073266825368,0.048913314877,5.0,34.38704599830089,True,True
4.535,42.412531890462716,-100.5953607337379,-0.6825503764263819,4.391269682428257,42.263237,-100.591369,5.0,230,0.007745422613607377,10.124985827327789,1297.0968834532366,0.0961227243910634,-0.0022374193991812064,0.049208457189,5.0,35.66215899627423,True,True
4.5840000000000005,42.64505485577627,-100.78421761727621,-0.681963849058364,4.414274720448965,42.44866,-100.742363,5.0,233,0.007928348954482323,10.36411114058699,1296.8577581399772,0.09126884088264994,0.000953201657805991,0.054138902573,5.0,34.929519999423064,True,True
4.635000000000001,42.76180749901998,-100.87876809587705,-0.6797218533644377,4.425187502200701,42.57302,-100.842927,5.0,235,0.008050694637979946,10.524044093667161,1296.697825186897,0.09088350860924226,0.004048212242334426,0.054871257858,5.0,35.783385996182915,True,True
4.684,42.99755741416899,-101.06815753557221,-0.6734987262944344,4.429716895139762,42.82532,-101.04390699999999,5.0,239,0.008297452113133074,10.846610861595787,1296.3752584189685,0.08868155240013735,0.010535488068979859,0.06082468795,5.0,35.37560399854556,True,True
4.737,43.11550559642934,-101.16185365929213,-0.6691262782931756,4.437204927003293,42.952422999999996,-101.143121,5.0,241,0.008420798541821772,11.007852010675307,1296.214017269889,0.08750220763725558,0.015002693675975287,0.059812002325,5.0,37.630487997375894,True,True
4.7860000000000005,43.35276077820948,-101.34618760486828,-0.6516160858153245,4.4344769574422624,43.080141999999995,-101.241102,5.0,243,0.008543940341974436,11.168825664857447,1296.0530436157069,0.08678066292306691,0.018786756960990303,0.058153805259,5.0,36.243825998099055,True,True
4.8340000000000005,43.472303506909526,-101.4373964611444,-0.6469119107621116,4.44592829280912,43.273084000000004,-101.386107,5.0,246,0.00872857472287983,11.410183765398056,1295.8116855151663,0.07955478648431069,0.012187451165876162,0.048509524245,5.0,34.8040060052881,True,True
4.884,43.59324877938837,-101.5284078834922,-0.6423682114541395,4.454418473287516,43.402813,-101.482028,5.0,248,0.00885199671241947,11.57152368927439,1295.6503455912898,0.07708278841470166,0.013304842733978361,0.048479894765,5.0,34.49436699884245,True,True
4.939,43.83757186631492,-101.70875650032667,-0.6297667651806269,4.478600635456786,43.665238,-101.672759,5.0,252,0.00910016934795644,11.89594038580531,1295.325928894759,0.07278707699567948,0.012837815940710762,0.048134201644,5.0,39.270500994462054,True,True
4.988,43.961072219813005,-101.79825780273343,-0.6246592567132057,4.4926325020090845,43.798393,-101.76787,5.0,254,0.009225347025299441,12.05957538317383,1295.1622938973906,0.07091818814204988,0.012299661926368888,0.046932778227,5.0,38.869592994160485,True,True
5.037,44.21028215177354,-101.97622202243282,-0.6155399675784101,4.514526701641297,44.068502,-101.957452,5.0,258,0.009477792219963026,12.389577262432857,1294.8322920181315,0.07202822066915869,0.013548023626713146,0.048218272542,5.0,37.49304999655578,True,True
5.087000000000001,44.33523545556786,-102.0638020330387,-0.6116612258748771,4.486917203493169,44.204921,-102.05161,5.0,260,0.00960459437864719,12.555335817336779,1294.6665334632276,0.07557836403368236,0.015041794698898325,0.048955865763,5.0,37.469285998668056,True,True
5.136,44.5880188193399,-102.23955575525657,-0.6034348779321023,4.555118920748939,44.411365999999994,-102.191865,5.0,263,0.009795519807165974,12.804917712898297,1294.416951567666,0.061246517448534786,0.013895355067928605,0.050608806109,5.0,36.610661998565774,True,True
5.1850000000000005,44.71514691794843,-102.32678656418798,-0.5995610841023098,4.534451033101419,44.549782,-102.28460600000001,5.0,265,0.009922975771820266,12.971530937264639,1294.2503383432997,0.05867408422746915,0.016582311324459198,0.051859838473,5.0,35.616943998320494,True,True
5.24,44.971121588650725,-102.50013544446779,-0.5910439192303575,4.55762618007084,44.82965,-102.468259,5.0,269,0.010179051186531554,13.306278319560324,1293.915590961004,0.056193730662970946,0.020697262927915183,0.055377326845,5.0,40.97633899800712,True,True
5.287,45.100137637285656,-102.58630225941731,-0.5866286203125223,4.567405728233297,44.972046,-102.559865,5.0,271,0.010308575701009058,13.475595597493266,1293.746273683071,0.059736708483298616,0.022261019857436892,0.056192908166,5.0,37.8316630012705,True,True
5.337000000000001,45.36027860450666,-102.7578027567758,-0.5776742868530373,4.604246790349048,45.188426,-102.696854,5.0,274,0.010504486550789942,13.731694544756175,1293.490174735808,0.042899519495386416,0.0221210745125342,0.057575863164,5.0,38.06291500222869,True,True
5.3870000000000005,45.4914471820399,-102.84269789272241,-0.5729343512692026,4.586579585816221,45.334625,-102.787906,5.0,276,0.010636242603240517,13.903928937929644,1293.3179403426348,0.03907697250071981,0.024580401683027997,0.058333257803,5.0,37.628102996677626,True,True
5.438,45.75461905589214,-103.01056473284098,-0.5625610502746696,4.602914557788347,45.628240999999996,-102.966801,5.0,280,0.010899261739532701,14.247753304930074,1292.9741159756343,0.04027830328275755,0.027221003481159745,0.060420965633,5.0,38.22366500389762,True,True
5.487,45.886765464297326,-103.09337730398364,-0.5569273363068695,4.584048700044191,45.775993,-103.054919,5.0,282,0.011030864026284812,14.419786692219764,1292.8020825883445,0.04923562228650845,0.0277995992496769,0.060396379238,5.0,37.46331499860389,True,True
5.5360000000000005,46.15308601359847,-103.25774169632828,-0.5461342410576543,4.619758687487466,45.997886,-103.185163,5.0,285,0.011227689239161325,14.677080914917745,1292.5447883656466,0.01859902188594185,0.025561789995808493,0.06055908384,5.0,36.27625600347528,True,True
5.586,46.28770761697173,-103.3390947544904,-0.540803393594628,4.631984558074219,46.147253000000006,-103.271275,5.0,287,0.011359580994867087,14.849492702354127,1292.3723765782102,0.014736836699606454,0.026002382677686953,0.060310989696,5.0,36.91304599487921,True,True
5.6370000000000005,46.5592744358182,-103.500195119822,-0.5296395915905691,4.652304030262099,46.297629,-103.356803,5.0,289,0.01149192060139612,15.022489930180862,1292.1993793503834,0.020298172336980762,0.0264639895036467,0.060608458733,5.0,37.165378002100624,True,True
5.688,46.69617600907119,-103.57983065899731,-0.5240174986437676,4.661215834418169,46.525773,-103.484459,5.0,292,0.0116919102983623,15.283920835685846,1291.9379484448784,0.0024119240858494037,0.023870416224410107,0.06055319484,5.0,38.650502996461,True,True
5.736,46.832985197410046,-103.65849041409945,-0.5183037654900068,4.626131514455721,46.679611,-103.56907199999999,5.0,294,0.011826219623356587,15.459492922566689,1291.7623763579977,-0.001531100487671437,0.024124084688024183,0.060763159707,5.0,36.47219300182769,True,True
5.7860000000000005,47.109066441178186,-103.81364745677944,-0.5068898926542473,4.705701934568264,46.990128000000006,-103.736284,5.0,298,0.012096011692824607,15.812171015933746,1291.4096982646306,-0.01943390449891819,0.0226788088449843,0.061149711983,5.0,36.723342003824655,True,True
5.835,47.24841143940909,-103.89059040668319,-0.5013678567754567,4.701455125365311,47.147334,-103.819331,5.0,300,0.012232020769594482,15.989965055507986,1291.2319042250563,-0.03868731990873949,0.02435996232663129,0.061517683661,5.0,35.65315200103214,True,True
5.885,47.52796321816416,-104.04194704102798,-0.4903717771571422,4.676921076000112,47.383319,-103.941548,5.0,303,0.012435319414134196,16.255721489645396,1290.966147790919,-0.02028985616983111,0.02285068572460691,0.062566718089,5.0,36.065822998352814,True,True
5.936,47.668567723565076,-104.11651619246578,-0.4850246439483702,4.6847429290182285,47.541884,-104.022251,5.0,305,0.012571425623445648,16.433642503002204,1290.7882267775622,-0.024118917867457762,0.022112832151077733,0.062478716521,5.0,36.84844599774806,True,True
5.987,47.951356636761794,-104.26361883829114,-0.4734648693988492,4.695606616483885,47.862092,-104.18208299999999,5.0,309,0.012845199774678363,16.791526060737333,1290.430343219827,-0.05305723887977603,0.02222687072659868,0.063609921093,5.0,37.80165699572535,True,True
6.0360000000000005,48.09399058553697,-104.33626531345703,-0.4678634091554008,4.696314435190792,47.942787,-104.221655,5.0,310,0.01291395292004716,16.88140167594525,1290.340467604619,-0.033978316575257114,0.018958436086340402,0.062384168298,5.0,36.2271249978221,True,True
6.086,48.380334230869956,-104.47876660838428,-0.45637105130371597,4.705972012700238,48.267328000000006,-104.377527,5.0,314,0.013189372399066264,17.241436042144883,1289.9804332384194,-0.04287895660334931,0.02019005975118393,0.062461161042,5.0,36.508811004750896,True,True
6.136,48.52413825944757,-104.54886898033601,-0.4506319717996476,4.710557095589389,48.429586,-104.453558,5.0,316,0.013326448186419126,17.420624509121396,1289.801244771443,-0.05532820889122484,0.021957926921901905,0.063116570472,5.0,37.04126599768642,True,True
6.186,48.81201348630819,-104.68679092407103,-0.44037244680711163,4.6814327076057785,48.674012,-104.565584,5.0,319,0.013532133222960483,17.68950048707203,1289.5323687934922,-0.050240125855521206,0.019476740614104315,0.05967807007,5.0,36.3086569996085,True,True
6.238,48.95715601167433,-104.75479428870551,-0.43453434969906535,4.7232504443765375,48.83643,-104.63861700000001,5.0,321,0.013668363337332921,17.867583471834273,1289.35428580873,-0.05400826882305209,0.020863435200633607,0.061738807908,5.0,38.539294997463,True,True
6.285,49.24979727322032,-104.88877396763364,-0.42376813724489376,4.7398188831090655,49.165096000000005,-104.782685,5.0,325,0.013942882343038438,18.226440719625682,1288.9954285609385,-0.0734281886906043,0.02143707955660723,0.062494741693,5.0,36.04100699885748,True,True
6.338,49.39702557547181,-104.9547086197275,-0.41833184510934635,4.746851056149109,49.247735999999996,-104.818236,5.0,326,0.01401170191874349,18.316403174021936,1288.9054661065425,-0.06407128475404787,0.019014869250611355,0.059953917686,5.0,38.50887800217606,True,True
6.3870000000000005,49.69222727065101,-105.08392987329573,-0.4064013373231929,4.746296082794205,49.580696,-104.958702,5.0,330,0.014288149327653321,18.677781272654812,1288.5440880079095,-0.07114492335329005,0.020235911988340405,0.060941818416,5.0,37.2958119987743,True,True
6.436,49.840539295682284,-105.14716707926314,-0.3999196699843635,4.734053223802783,49.748754999999996,-105.02766100000001,5.0,332,0.014427113351988078,18.859438084308444,1288.3624311962558,-0.07975945265184628,0.01922122019023531,0.060605121306,5.0,36.35805900557898,True,True
6.488,50.139908023849614,-105.27255190836092,-0.3908045308882436,4.776842697901841,49.83303,-105.061897,5.0,333,0.01449669879689734,18.95040169967745,1288.2714675808868,-0.07621725926161584,0.014599995019981993,0.057685008187,5.0,38.55812999972841,True,True
6.535,50.28942762444822,-105.3337621392154,-0.38615547558395913,4.75158849042948,50.171862,-105.19666399999998,5.0,337,0.014775651174927055,19.31505434872571,1287.9068149318387,-0.0823409450226174,0.018795406344543686,0.060900682971,5.0,35.86269399966113,True,True
6.587000000000001,50.58951797097144,-105.45406066291417,-0.3764995249579984,4.757012561105984,50.341576,-105.262276,5.0,339,0.014914843792827596,19.49700998288771,1287.7248592976766,-0.08848571168619473,0.020208435859541574,0.063290495525,5.0,37.87132800061954,True,True
6.638,50.7400136557993,-105.51316022836964,-0.37133221736769423,4.759689951062649,50.59802,-105.359307,5.0,342,0.015124592253462707,19.77119775767786,1287.4506715228865,-0.09177804330382167,0.01910246091701584,0.060222898037,5.0,38.12073299923213,True,True
6.688,50.89120618474022,-105.57165313098717,-0.36586043190103135,4.775679979919756,50.770348999999996,-105.423075,5.0,344,0.015265156808454389,19.95494681800868,1287.2669224625556,-0.09502602344384635,0.01997652531149363,0.056899040817,5.0,38.86591500486247,True,True
6.736,51.194536034118435,-105.68577670048317,-0.35379055017665834,4.7685477342703715,51.117026,-105.54751499999999,5.0,348,0.015546927856439009,20.323284094064277,1286.8985851865,-0.11046919653742786,0.022490733959796394,0.05505003468,5.0,37.81804800382815,True,True
6.785,51.346713228045914,-105.74150162480188,-0.34795867924141,4.772182858660024,51.204153000000005,-105.577897,5.0,349,0.01561751443154912,20.41555640872583,1286.8063128718384,-0.10506142714172871,0.018849741386530283,0.053850857579,5.0,35.834600996167865,True,True
6.8340000000000005,51.6525613074755,-105.85038576095273,-0.33574608417110624,4.782047906380551,51.551893,-105.69646000000002,5.0,353,0.015898568395529555,20.782956296889047,1286.4389129836752,-0.1128905903330885,0.020282822108734777,0.050760692947,5.0,34.44189900619676,True,True
6.888,51.80425633886205,-105.90324242710379,-0.32985222554230054,4.767982394684002,51.725737,-105.753882,5.0,355,0.016038622749408486,20.966038411167542,1286.2558308693967,-0.12111010632668802,0.018796141997868165,0.049389705752,5.0,38.15494699665578,True,True
6.936,52.112872236959696,-106.00721496527716,-0.31962461234614864,4.797672465862334,51.986727,-105.839125,5.0,358,0.01624865450552256,21.240596516003265,1285.981272764561,-0.11958643314505524,0.0101960280699962,0.046891412175,5.0,36.3415489991894,True,True
6.986,52.26800536630076,-106.05815602225431,-0.3149749064164972,4.804153786837864,52.1616,-105.89568600000001,5.0,360,0.016389252415827917,21.424389179129577,1285.7974801014348,-0.12170909985166554,0.008637060469146363,0.046227754833,5.0,37.03406299609924,True,True
7.0360000000000005,52.5789469232048,-106.15796544362374,-0.3061152244473698,4.805215681627729,52.424659000000005,-105.97950300000001,5.0,363,0.016600455728962304,21.700478768923354,1285.521390511641,-0.12334449363592322,0.004787207621316458,0.045223401777,5.0,36.61866699985694,True,True
7.088,52.73502994882741,-106.20680186948599,-0.30049228305367925,4.81150871429777,52.600533,-106.03466200000001,5.0,365,0.016741457827453045,21.884799795684906,1285.3370694848793,-0.12414816362868485,0.003980011895144742,0.044625903801,5.0,38.39416399569018,True,True
7.136,53.04790132004114,-106.30275141137656,-0.29378665388044534,4.875131535055447,52.95388199999999,-106.143658,5.0,369,0.017024331332719553,22.254578228009336,1284.967291052555,-0.12771031133397537,0.000271060991112293,0.041102506682,5.0,36.433080000279006,True,True
7.187,53.20571900282983,-106.35021093891189,-0.29153937491101006,4.802457320531897,53.042747999999996,-106.170574,5.0,370,0.017095361945657608,22.34743099863036,1284.8744382819339,-0.1251225997136904,0.0010164459961412575,0.043055148491,5.0,38.00353500264464,True,True
7.237,53.51888199342708,-106.44301447707537,-0.28500762140422525,4.805997669751077,53.398008,-106.27580800000001,5.0,374,0.017378802372730068,22.717950523537706,1284.5039187570267,-0.12622700472898657,0.00459397280147078,0.043989262862,5.0,37.27691600215621,True,True
7.285,53.67579090224711,-106.48873532874558,-0.28215491960679373,4.807859784034523,53.57623100000001,-106.327326,5.0,376,0.017520721477446995,22.903470280892392,1284.318398999672,-0.12912293476729544,0.005769130092155184,0.04401436228,5.0,35.97913200064795,True,True
7.336,53.99012571978132,-106.5789602761277,-0.27716909699626047,4.808900305463558,53.755435,-106.37828300000001,5.0,378,0.01766324369703783,23.089778443199936,1284.1320908373643,-0.1361723144849591,0.007288465023826962,0.044166487841,5.0,36.458446993492544,True,True
7.386,54.14746441861684,-106.62337678982402,-0.27319220688794144,4.811418673716121,54.025573,-106.453502,5.0,381,0.017877756059516116,23.370193694662593,1283.8516755859016,-0.13036981523280844,0.009223448103774068,0.044989963795,5.0,36.49291199690197,True,True
7.436,54.305286237363234,-106.66718173548202,-0.2688765433462901,4.8188747100551454,54.205633999999996,-106.50246000000001,5.0,383,0.018020500175478387,23.556791924759594,1283.6650773558047,-0.13418110992101237,0.010129715805842654,0.043609600302,5.0,36.53224500158103,True,True
7.487,54.62136075662041,-106.75291512254593,-0.26014964541743346,4.823779932721673,54.476575,-106.574514,5.0,386,0.01823496924496619,23.8371505826783,1283.384718697886,-0.13483939918068066,0.007888075020089147,0.040453868709,5.0,38.05630300485063,True,True
7.537,54.778772675270275,-106.79441783381932,-0.2553657638425375,4.7566408823922535,54.656867000000005,-106.62136100000001,5.0,388,0.018377469219418602,24.02342966565442,1283.1984396149098,-0.1362614416398059,0.00753541247609979,0.03860919531,5.0,37.99438699934399,True,True
7.585,55.095856565249086,-106.87603891350194,-0.24684401244109283,4.829690654142775,54.92619499999999,-106.69021299999999,5.0,391,0.018590126147994816,24.301419453343282,1282.920449827221,-0.1382989879671545,0.0018334402541988482,0.034730751828,5.0,35.68398000061279,True,True
7.636,55.25539186433884,-106.91584363317727,-0.24286258562172486,4.8379145161047425,55.10617,-106.735672,5.0,393,0.018732127710165736,24.487047000885113,1282.7348222796793,-0.13869521065832005,0.0017099077504645344,0.03332095015,5.0,36.186208002618514,True,True
7.686,55.57528597599721,-106.9939079473033,-0.2355044127406636,4.809469105089961,55.466802,-106.824876,5.0,397,0.019016318973852784,24.858548035835298,1282.363321244729,-0.1400376864143542,-0.0012703938390985492,0.02967940899,5.0,36.54719299811404,True,True
7.737000000000001,55.735466788873644,-107.031932500503,-0.2322958153130387,4.848458117598773,55.647484,-106.869069,5.0,399,0.0191586116380999,25.044556118377322,1282.177313162187,-0.1442127505933644,-0.0029459638272042454,0.029255746763,5.0,37.52888800227083,True,True
7.784,56.056592360240884,-107.10686136858561,-0.22573931604530798,4.853192251529004,55.91946,-106.934794,5.0,402,0.019372657014010346,25.32436091478584,1281.8975083657785,-0.13653064213615138,-0.007478955490220596,0.027113114479,5.0,34.4822050028597,True,True
7.835,56.21838127088298,-107.14386880539449,-0.2230672229204951,4.869771834489391,56.100752,-106.97843300000001,5.0,404,0.01951530322364296,25.51083115958757,1281.7110381209768,-0.13580839311770912,-0.010324124462175455,0.026483882952,5.0,35.42582700174535,True,True
7.888000000000001,56.54021376778604,-107.21590136704587,-0.21735763121390947,4.853250186899604,56.373261,-107.04311399999999,5.0,407,0.019729559510910207,25.790911663934178,1281.4309576166302,-0.1320118280344164,-0.010694295584070979,0.025171597739,5.0,38.38848399755079,True,True
7.935,56.70147356890023,-107.25128021652918,-0.21465947305685015,4.8580889999344405,56.554522,-107.08558500000001,5.0,409,0.01987197618610611,25.977081856300487,1281.244787424264,-0.1301604675742782,-0.012098480622385388,0.024642842872,5.0,35.77218500140589,True,True
7.984000000000001,57.02457692297731,-107.32083813776147,-0.20950199917363457,4.8860183405684,56.91885799999999,-107.170201,5.0,413,0.02015810432096565,26.351114811605335,1280.870754468959,-0.1288039338863443,-0.014938498100812936,0.022569952582,5.0,34.63179400569061,True,True
8.035,57.186601383258015,-107.35507248854601,-0.20716589083758702,4.864854302982288,57.010197,-107.191272,5.0,414,0.02022981206588394,26.44485274395932,1280.777016536605,-0.12302306715257148,-0.017161512029963966,0.022566015579,5.0,35.62370799772907,True,True
8.085999999999999,57.51090737255122,-107.42225247228852,-0.20194267218134399,4.876468750685951,57.37577099999999,-107.274454,5.0,418,0.020516617773147672,26.81977143672895,1280.4020978438355,-0.11758810117028395,-0.016795007305857812,0.020573407242,5.0,36.27144799975213,True,True
8.136,57.67311298252495,-107.45529248956744,-0.19954515036454223,4.873591924318584,57.55876899999999,-107.315482,5.0,420,0.020660082974340514,27.007312285208968,1280.2145569953555,-0.11700713283709488,-0.01777008135723701,0.019808659513,5.0,36.79076799744507,True,True
8.186,57.99659999675578,-107.519847165061,-0.19537977572824797,4.869421273403984,57.740868000000006,-107.35585,5.0,422,0.020802767148487826,27.193832158054573,1280.0280371225097,-0.12033100649631094,-0.01730723694761105,0.019247162434,5.0,36.45841700199526,True,True
8.235999999999999,58.15914772573672,-107.5518159239182,-0.1932512844984219,4.874697610795551,58.01308,-107.415287,5.0,425,0.021015910574107035,27.472457905317377,1279.7494113752468,-0.10566956004149469,-0.01970041727573646,0.017689913841,5.0,36.1999239976285,True,True
8.283,58.32195254969006,-107.58347768714421,-0.19117746582298195,4.881714249381669,58.19481999999999,-107.45476599999999,5.0,427,0.021158180709120324,27.658436537152244,1279.563432743412,-0.10339825377463362,-0.01908411251750053,0.0171036759,5.0,33.659887994872406,True,True
8.338,58.64843435053454,-107.64596905156974,-0.1874655956333525,4.892001933790052,58.467755000000004,-107.51321999999999,5.0,430,0.02137170557113411,27.937560906411782,1279.2843083741525,-0.09579188467020855,-0.020624266524155832,0.015268094644,5.0,38.13470999739366,True,True
8.383999999999999,58.81137900381492,-107.67675412130907,-0.1861805500599575,4.880465828251643,58.65019100000001,-107.551955,5.0,432,0.02151437669264453,28.124063716564986,1279.0978055639994,-0.0923467037218419,-0.021079325795589465,0.014814951945,5.0,34.58669000247028,True,True
8.437,59.13846981960345,-107.73764828799698,-0.1830735413782419,4.895525586432189,59.015976,-107.628689,5.0,436,0.02180028620940632,28.497810889511438,1278.724058391053,-0.0887047308815962,-0.020756671474157162,0.013343108071,5.0,37.89750599389663,True,True
8.488,59.3021342035445,-107.7683593770835,-0.18127495179642508,4.920053768809018,59.1994,-107.66666799999999,5.0,438,0.021943578398281073,28.685125572505598,1278.5367437080588,-0.09354511300592423,-0.021687989860995405,0.012944038077,5.0,38.95810800167965,True,True
8.536,59.629079498902,-107.8277032179383,-0.1779396635479744,4.885719823735615,59.47414200000001,-107.723083,5.0,441,0.022158136647536023,28.965600808166215,1278.256268472398,-0.07528368509982056,-0.019889080370846912,0.011081976804,5.0,36.829431002843194,True,True
8.584999999999999,59.79265506811299,-107.85698082091746,-0.17632681036866962,4.889165459455766,59.657171,-107.75991299999998,5.0,443,0.022300956938010263,29.152298615251144,1278.0695706653132,-0.07338014773809191,-0.019609067147014603,0.01025507462,5.0,35.59082600258989,True,True
8.633999999999999,60.12019520583518,-107.91477913089412,-0.1731879000010633,4.894536193567011,59.933068000000006,-107.81466200000001,5.0,446,0.02251612841242171,29.433575472247135,1277.7882938083171,-0.0655375898232391,-0.01943827155117539,0.0080258290949,5.0,34.687788000155706,True,True
8.684999999999999,60.284396360642134,-107.94341409489445,-0.17180400814556027,4.909375614821324,60.117736,-107.85078899999999,5.0,448,0.022660073869610775,29.621744121868268,1277.600125158696,-0.062350947679303104,-0.018934660607224707,0.0070973891422,5.0,35.26221200445434,True,True
8.735999999999999,60.61240069786988,-107.99976708172052,-0.16903758686543086,4.899847229971043,60.487846,-107.92184099999999,5.0,452,0.02294837137923503,29.99861293130822,1277.2232563492562,-0.06361515969899517,-0.01654497029685187,0.004374639626,5.0,36.45119400607655,True,True
8.786,60.77688462542168,-108.02766115789177,-0.16772009410598915,4.897205801026941,60.580516,-107.93929299999999,5.0,453,0.023020508329489202,30.092911930263675,1277.1289573503007,-0.05362369663635832,-0.01598351846144963,0.0040199838019,5.0,36.62117199564818,True,True
8.834999999999999,61.103814650284434,-108.08261595839106,-0.16835706191652602,4.887182384713123,60.950517000000005,-108.007879,5.0,457,0.023308373970763296,30.469216191951645,1276.7526530886128,-0.04868860459531742,-0.013631339768712447,0.002221586489,5.0,35.90511299989885,True,True
8.883999999999999,61.267843023082605,-108.11043190697524,-0.16759353401175062,4.894999707381731,61.13430699999999,-108.041546,5.0,459,0.02345130937529556,30.656064478650684,1276.5658048019136,-0.05115197819654236,-0.01413925444720121,0.0033690569509,5.0,34.135306006646715,True,True
8.936,61.59635457419241,-108.16575062708377,-0.16655516346712732,4.903337694304825,61.410317000000006,-108.092044,5.0,462,0.023665956714530745,30.936656174681804,1276.2852131058826,-0.041507354809755995,-0.01222861048657009,0.0015702115826,5.0,36.325347995443735,True,True
8.984,61.760857171270445,-108.19347734127822,-0.16815301570472702,4.906352344130099,61.59431,-108.125215,5.0,464,0.02380897696711965,31.12361537661605,1276.0982539039483,-0.039538838391638166,-0.011151346872210866,0.0014444840419,5.0,34.82254000118701,True,True
9.036,62.08939513027808,-108.24936363282619,-0.17020899884903432,4.9055969669727855,61.778639,-108.158225,5.0,466,0.02395222841489578,31.31087680195511,1275.9109924786092,-0.0394831736131166,-0.00893357089942759,0.0031047233354,5.0,36.30807699664729,True,True
9.084999999999999,62.25385456842789,-108.27766089410906,-0.17074152874210602,4.908133473044178,62.055583999999996,-108.20772099999999,5.0,469,0.024167443100410923,31.592210145450842,1275.6296591351136,-0.03499859325624743,-0.006607382309681942,0.0045439330993,5.0,35.162876003596466,True,True
9.133999999999999,62.418382481254014,-108.3055312820494,-0.171241752654992,4.894997449580121,62.240556000000005,-108.241009,5.0,471,0.02431121626686395,31.780153572853955,1275.4417157077103,-0.03370810328666812,-0.007577876913479553,0.0047349136075,5.0,34.35559700301383,True,True
9.184,62.74635850307662,-108.36140461948992,-0.1686742718836729,4.894298204354833,62.609888,-108.30716899999999,5.0,475,0.024598246136194338,32.15536529517938,1275.066503985385,-0.037994454975737266,-0.008369122852749378,0.0031160130682,5.0,34.82755999721121,True,True
9.235999999999999,62.91044785523733,-108.38921278989493,-0.1671140377222429,4.8955734061689204,62.794438,-108.340658,5.0,477,0.024741728980516076,32.342929207143335,1274.878940073421,-0.05236468509085468,-0.01117017508223661,0.0011621376018,5.0,36.20194800168974,True,True
9.282,63.2388790948111,-108.44417352482476,-0.16414472578955736,4.898886541593144,63.071762,-108.39096799999999,5.0,480,0.024957339276975687,32.624779701917404,1274.597089578647,-0.024890956429045544,-0.013540530315991006,-0.002715946765,5.0,32.97393600223586,True,True
9.334,63.403231944425784,-108.47131437231815,-0.16213745416505906,4.913076347579008,63.257027,-108.42451499999999,5.0,482,0.02510136821489243,32.81305747937142,1274.4088118011928,-0.026754514778478695,-0.014903868045990976,-0.0042352092006,5.0,34.48294599365909,True,True
9.385,63.73241413469834,-108.52475556249703,-0.1592955786136649,4.896222979210014,63.535497,-108.47482099999999,5.0,485,0.025317840694188184,33.09603503840422,1274.1258342421602,-0.017311800943043593,-0.017522070970152903,-0.0092724183666,5.0,35.91235599742504,True,True
9.433,63.896985549271484,-108.55115870349671,-0.1591759826622083,4.897301951782563,63.720863,-108.508117,5.0,487,0.025461911589638227,33.284367663663346,1273.937501616901,-0.014348506082628948,-0.01790108638427279,-0.0098915775598,5.0,33.24118500313489,True,True
9.485999999999999,64.22379064105714,-108.60346559914423,-0.1611472487063226,4.873956381360518,64.090652,-108.57443300000001,5.0,491,0.0257493061091423,33.66005606467045,1273.5618132158938,-0.02986141891126532,-0.017901749159496827,-0.011009413171,5.0,36.859665997326374,True,True
9.536999999999999,64.38780270028872,-108.63009445971696,-0.161156300429193,4.888986361421919,64.182051,-108.59081200000001,5.0,492,0.02582033841852082,33.75291105291556,1273.4689582276487,-0.005032501073583948,-0.0168694964077738,-0.0093757590355,5.0,37.75658299855422,True,True
9.584999999999999,64.71617295776566,-108.68345628164506,-0.16144691097518726,4.895668511184336,64.549384,-108.658705,5.0,496,0.026106101552381758,34.126466870932724,1273.0954024096316,0.0023666851566377374,-0.02402868379619827,-0.010968096971,5.0,35.39840599842137,True,True
9.635,64.88053578734993,-108.71036611558281,-0.16399155544705457,4.897792274769309,64.732833,-108.693046,5.0,498,0.026248874240826423,34.31310245160357,1272.9087668289608,0.01922289534322889,-0.0235093061504017,-0.01087165935,5.0,35.69089300435735,True,True
9.687,65.2088344167573,-108.76561243802051,-0.16905895835507273,4.8890479956751385,65.00859,-108.74463,5.0,501,0.026463482225536464,34.593642702538766,1272.6282265780255,0.01339780851398521,-0.01801247611896084,-0.0066730886763,5.0,37.885102996369824,True,True
9.735,65.3730790578466,-108.79372098309645,-0.17179335901741846,4.901160636768037,65.19253499999999,-108.779044,5.0,503,0.026606638144231982,34.7807792501745,1272.44109003039,0.016200281726365437,-0.015818845159359274,-0.0052913047058,5.0,35.294351997436024,True,True
9.786,65.70181519350386,-108.8506776539516,-0.17404852923378233,4.880988381913213,65.561631,-108.848037,5.0,507,0.0268938804289929,35.15626864659608,1272.0656006339682,0.03493631137712422,-0.010304435515989141,-0.0020840241869,5.0,36.436466994928196,True,True
9.834999999999999,65.86517518239593,-108.87928872192815,-0.1718891713849232,4.884350582455664,65.653368,-108.86527,5.0,508,0.026965284983746573,35.24961024213633,1271.972259038428,0.02329560802334735,-0.011747178098818978,-0.0027457569566,5.0,35.86616100074025,True,True
9.883999999999999,66.02892855801223,-108.90764601130827,-0.17116788780422393,4.888691523544301,65.837383,-108.89990300000001,5.0,510,0.02710852442914756,35.43685597770811,1271.7850133028562,0.025399709140445193,-0.014220228460886108,-0.0055254185658,5.0,34.3352589989081,True,True
9.933,66.35644241301478,-108.96442294081986,-0.17229524560659776,4.890583425814347,66.206901,-108.96912900000001,5.0,514,0.027396116469648634,35.81280258248214,1271.4090666980821,0.036050899734765295,-0.013227218793440798,-0.0067336845394,5.0,33.17365900147706,True,True
9.985,66.52020110888424,-108.99312406413783,-0.1740163890350939,4.893717117892072,66.392266,-109.00371200000001,5.0,516,0.027540363926495604,36.001366012660604,1271.2205032679037,0.053169159817977575,-0.012072151740478265,-0.00572581434,5.0,35.57455500413198,True,True
10.033999999999999,66.84828722142369,-109.05107582264935,-0.17416286420799423,4.89084645904382,66.670888,-109.05559199999999,5.0,519,0.027757167999797144,36.284777038629485,1270.9370922419348,0.03531362030253649,-0.008490917772507878,-0.0039116416927,5.0,34.12218199810013,True,True
10.084,67.01228517513314,-109.07984391889299,-0.1734642861357483,4.891415618161453,66.85636099999999,-109.08994799999999,5.0,521,0.027901464945457883,36.47340516166759,1270.7484641188967,0.039701789285608,-0.008804982174453801,-0.0044723029918,5.0,35.09775400016224,True,True
10.135,67.33779487615828,-109.13661113348299,-0.17512803273100508,4.864136105105624,67.13403199999999,-109.14129799999999,5.0,524,0.02811747969426898,36.75578436540061,1270.4660849151637,0.03978717573234198,-0.008345179815607562,-0.0054463080567,5.0,35.601897005108185,True,True
10.181999999999999,67.50144344678587,-109.1653370618439,-0.17484142163613695,4.887652664490226,67.317504,-109.174954,5.0,526,0.028260174200265463,36.942317744265395,1270.2795515362989,0.04141727627880361,-0.007890701905085784,-0.0038390217357,5.0,32.75850300269667,True,True
10.235,67.82897337556882,-109.22289535431746,-0.17337013509931365,4.892819263262487,67.684811,-109.244474,5.0,530,0.028546146077743053,37.316146436503324,1269.905722844061,0.054015043405969944,-0.0162405259940841,-0.0046413824942,5.0,35.68434099724982,True,True
10.282,67.99300499266771,-109.25159705575832,-0.1735334431411202,4.8988213081088166,67.77645600000001,-109.26218200000001,5.0,531,0.028617549509011835,37.40948656339955,1269.8123827171648,0.04859000847492775,-0.018108731735125172,-0.0055414389727,5.0,32.92005599359982,True,True
10.332999999999998,68.32106734914731,-109.30952241446327,-0.17555290293933118,4.86731538852773,68.143689,-109.333897,5.0,535,0.028903782447469474,37.78365652025981,1269.4382127603044,0.05504980034862577,-0.019157700465934013,-0.009062995718,5.0,33.6051350022899,True,True
10.383999999999999,68.48496800779473,-109.33869833577346,-0.1783533290926388,4.898870495847191,68.3275,-109.3699,5.0,537,0.02904706628689597,37.97096028867261,1269.2509089918917,0.06071928715192086,-0.017699195996035755,-0.001325534744,5.0,34.21625799819594,True,True
10.434999999999999,68.81326105007697,-109.39787566320226,-0.18056662823108183,4.87835706268208,68.60425,-109.424049,5.0,540,0.02926278922715633,38.25295803388646,1268.9689112466779,0.06353277445660718,-0.013941363443521038,0.0033458316233,5.0,35.41651100385934,True,True
10.484,68.97647899516056,-109.42753458126568,-0.17824655811437173,4.885984876278772,68.78798,-109.46037,5.0,542,0.029406059243949338,38.44024373305047,1268.7816255475138,0.06619986499441027,-0.013984587546663096,0.0039652936866,5.0,34.765184005664196,True,True
10.533,69.303447393012,-109.4862080131561,-0.17724609436879823,4.885519265776816,69.155736,-109.532372,5.0,546,0.029692727024428493,38.81498212491094,1268.4068871556533,0.07709698867021066,-0.014271398287492687,-0.0014107457979,5.0,33.879677997902036,True,True
10.582999999999998,69.46688815722253,-109.51563667213465,-0.17866240249080578,4.887311169186194,69.24806600000001,-109.55022199999999,5.0,547,0.02976466555985522,38.909021751664774,1268.3128475288995,0.07332220386692428,-0.013250609047283035,0.00044881787612,5.0,33.82881300058216,True,True
10.632,69.63034228089461,-109.54538421655981,-0.18064649216863793,4.89027755099769,69.618821,-109.620923,5.0,551,0.03005339713229155,39.28645797750531,1267.935411303059,0.07641235317065657,-0.005721493406587008,0.0078796600667,5.0,32.70850000262726,True,True
10.684999999999999,69.95780539000364,-109.6054768836473,-0.18076100846418097,4.887264486684644,69.804574,-109.655697,5.0,553,0.030197963245225397,39.47543796188932,1267.746431318675,0.08081288212701096,-0.0026133880243777163,0.0088920549878,5.0,35.68063400598476,True,True
10.732999999999999,70.12145672113915,-109.63530958352581,-0.18016777048525678,4.887770016755323,69.897391,-109.67292900000001,5.0,554,0.030270179798490632,39.5698410196417,1267.6520282609226,0.0772671630774656,-0.0019593662518255783,0.0086695512,5.0,33.134525998320896,True,True
10.783999999999999,70.44620260379529,-109.69466420761134,-0.17827833663700562,4.858466280892294,70.269186,-109.740926,5.0,558,0.03055931353799615,39.94780296707018,1267.2740663134941,0.07745179166949316,-0.0003534608939030903,0.011758689191,5.0,35.17276500497246,True,True
10.832999999999998,70.60958469898875,-109.7242136138353,-0.1774633724549988,4.883909520595393,70.454011,-109.77440800000001,5.0,560,0.030703002592315932,40.13563644125325,1267.0862328393112,0.08012517379586055,0.0012302450824335232,0.0085785497189,5.0,34.02211500360863,True,True
10.883999999999999,70.9367153528818,-109.78298010510322,-0.1770068690531212,4.891573875475133,70.73331,-109.823977,5.0,563,0.03091999989781796,40.41930006458045,1266.8025692159838,0.07620971815894181,0.0032644530594314602,0.011839723132,5.0,34.227659001771826,True,True
10.934,71.10054929342122,-109.81209754931048,-0.1739653160509334,4.894767455590863,70.919426,-109.85667,5.0,565,0.03106455501343738,40.60826567303454,1266.6136036075297,0.07556607942708857,0.0037192441306341806,0.011738938763,5.0,34.243107998918276,True,True
10.982999999999999,71.42851257493345,-109.86913362034319,-0.17059334459502076,4.857584600682331,71.292243,-109.92151399999999,5.0,569,0.03135403472155275,40.9866798781959,1266.2351894023684,0.08541858217466491,-1.5826064166724052e-05,0.0089641404695,5.0,33.824245001596864,True,True
11.033,71.59240593026716,-109.89735396377385,-0.17172825514028559,4.895421967968627,71.385378,-109.937669,5.0,570,0.031426345111174425,41.08120560088555,1266.1406636796787,0.07476969160707461,0.0009364611364977016,0.0088276897935,5.0,33.544011996127665,True,True
11.085999999999999,71.9210113121197,-109.95400276056758,-0.17051358993162152,4.87448325743238,71.759352,-110.00147700000001,5.0,574,0.03171656300730308,41.46058478156153,1265.7612844990028,0.07589645465517306,0.0017852661851955887,0.014490284409,5.0,36.497660003078636,True,True
11.136,72.08465484623322,-109.98201267692464,-0.16854414570201837,4.884322989870006,71.945278,-110.032699,5.0,576,0.031860784346923327,41.64911407073005,1265.5727552098342,0.08235271848266024,0.004496378021467962,0.014975585937,5.0,36.94578800059389,True,True
11.184,72.41225740381905,-110.03715853919115,-0.16500874855814235,4.886288521288128,72.224356,-110.079326,5.0,579,0.03207723292254578,41.93206038235835,1265.289808898206,0.07261154265268005,0.0017794553629588705,0.013631347586,5.0,34.106261999113485,True,True
11.235,72.57612275142588,-110.06442887475967,-0.1644970182106696,4.889579392137901,72.41107099999999,-110.11029199999999,5.0,581,0.032222017366677985,42.1213257740596,1265.1005435065047,0.07314308336335724,0.0013884746874279763,0.013460301943,5.0,35.92982899863273,True,True
11.283999999999999,72.90460473678796,-110.11900751444722,-0.16330889281278996,4.889448706363193,72.692038,-110.15630700000001,5.0,584,0.032439815258001596,42.406035940681015,1264.8158333398833,0.07147679367648671,0.0031329355387330615,0.015939949344,5.0,34.419317002175376,True,True
11.334,73.06867338958003,-110.14584630338516,-0.16155753204906564,4.912942000035371,72.879693,-110.18656100000001,5.0,586,0.032585221584830834,42.59611427104396,1264.6257550095204,0.07062810969973268,0.0052042707055290904,0.016356979906,5.0,34.63862700300524,True,True
11.386,73.39717850277005,-110.1988554158065,-0.15853691107132076,4.893863410908733,73.25417900000001,-110.24541,5.0,590,0.03287521219618868,42.97519634009697,1264.2466729404673,0.07594508002555775,0.006454297178449142,0.016720427447,5.0,36.86878400185378,True,True
11.436,73.55949783519516,-110.22497821946938,-0.15634169301683049,4.866873409039981,73.347549,-110.25978500000001,5.0,591,0.03294748002631827,43.06966642808782,1264.1522028524764,0.06774404819751677,0.006127844011198036,0.016281030284,5.0,36.31803499592934,True,True
11.485,73.8880181126372,-110.27653774155213,-0.15418909915181428,4.893980674299181,73.719105,-110.315669,5.0,595,0.03323491106358372,43.44540256591122,1263.776466714653,0.06490421918087212,0.009154880817829003,0.016838063323,5.0,35.96866199950455,True,True
11.536,74.05256776174126,-110.30206175010055,-0.1530447465337861,4.899001229421726,73.905365,-110.34283500000001,5.0,597,0.03337890396857804,43.63363324034103,1263.5882360402234,0.06852912504097954,0.01025800630357443,0.017821189842,5.0,36.80722900026012,True,True
11.585999999999999,74.3822105166027,-110.35194431279169,-0.14709993297767263,4.905857914742534,73.998354,-110.35627099999999,5.0,598,0.033450777514518415,43.72758791141703,1263.4942813691473,0.061368339789886664,0.009946101321383516,0.017729819413,5.0,36.14094400109025,True,True
11.633,74.54697809144335,-110.37638531864425,-0.14591445893892074,4.878875299479656,74.371012,-110.4094,5.0,602,0.033738736517132904,44.10401421709091,1263.1178550634734,0.058455672090959955,0.006897470330307076,0.015860258021,5.0,34.0641630027676,True,True
11.683,74.71191425460853,-110.40057641590273,-0.14664498738405596,4.904107061135812,74.557505,-110.435404,5.0,604,0.03388278045466014,44.292311602363796,1262.9295576782006,0.0599501505647152,0.008173062346657822,0.01681982665,5.0,33.967622999625746,True,True
11.735,75.04215983831982,-110.4488940266741,-0.1440390575630447,4.880162716248181,74.837754,-110.47379199999999,5.0,607,0.03409916814775726,44.57517832702352,1262.6466909535409,0.05434714774564592,0.00834047044893893,0.019755941734,5.0,35.74287000083132,True,True
11.783999999999999,75.20643930235434,-110.47248602410745,-0.1403370352108542,4.887641437924422,75.024351,-110.49971000000001,5.0,609,0.03424328246301313,44.76356771160239,1262.4583015689618,0.052739915379112254,0.009657271563483505,0.020456656234,5.0,34.12899500108324,True,True
11.834999999999999,75.53572069484565,-110.51795036043785,-0.1346546373526811,4.889804731178679,75.39729100000001,-110.549706,5.0,613,0.03453112678274539,45.13984410130459,1262.0820251792597,0.06027801572406236,0.0051376350207270605,0.017459296848,5.0,35.820454999338835,True,True
11.883999999999999,75.70045207415514,-110.54023988564207,-0.13399123872424618,4.892661190771633,75.490849,-110.56206599999999,5.0,614,0.03460331874484374,45.234215012945825,1261.9876542676184,0.04958228611526998,0.0036961151756376154,0.016733621483,5.0,34.967190003953874,True,True
11.937,76.03072303341217,-110.58485608943406,-0.13262409595008218,4.8912329750782115,75.866067,-110.61088600000001,5.0,618,0.034892772930805484,45.61259585498982,1261.6092734255744,0.04838358097236529,0.006528903790169682,0.020664504045,5.0,37.45377700397512,True,True
11.985,76.1956856266473,-110.60661227704752,-0.1304147559283951,4.920514834501372,76.05383,-110.63463200000001,5.0,620,0.0350375522261237,45.80185451604882,1261.4200147645156,0.054877802229692026,0.008192255828856077,0.021402170046,5.0,35.45930000109365,True,True
12.033999999999999,76.52549533770086,-110.64937106707599,-0.12730531071813195,4.891761528322579,76.334909,-110.66934199999999,5.0,623,0.035254205672716976,46.08506863949056,1261.1368006410737,0.04396452930547991,0.007535097088655629,0.02110186267,5.0,34.22730800230056,True,True
12.084,76.68853590078389,-110.67034811471376,-0.12463350586020931,4.857217420842547,76.521629,-110.69174,5.0,625,0.0353980669656941,46.27312726781324,1260.9487420127512,0.04254497672271076,0.008644043249499855,0.021876145813,5.0,34.74636800092412,True,True
12.136,77.01822076604127,-110.71129855422421,-0.12138698376170141,4.8893456998030524,76.893113,-110.734422,5.0,629,0.03568411592354247,46.647056721197536,1260.5748125593668,0.05888129259024365,0.011661143323495438,0.021673875971,5.0,36.21103500336176,True,True
12.184,77.18332868998384,-110.73136137145691,-0.12016974792606032,4.894046302761778,76.98629100000001,-110.744758,5.0,630,0.035755832533116205,46.740806241622984,1260.4810630389413,0.03675486108856857,0.011283546110240739,0.021747658714,5.0,34.57443699880969,True,True
12.237,77.5140625121171,-110.77027677687974,-0.11296872789500235,4.8985928583585725,77.358913,-110.78543400000001,5.0,634,0.03604257471595895,47.115641893880266,1260.106227386684,0.03581074110347362,0.009572118452764844,0.021192143705,5.0,37.376242005848326,True,True
12.29,77.67926986089945,-110.7890103095889,-0.11141030107036282,4.882538437089947,77.545677,-110.805466,5.0,636,0.03618626512044248,47.3034771330269,1259.9183921475374,0.047304939149147775,0.0065383157666403235,0.019152180677,5.0,40.94370800157776,True,True
12.334,78.01016899835014,-110.825271871486,-0.10955296263147801,4.902827152041821,77.82602800000001,-110.834841,5.0,639,0.03640190259580829,47.58536315666154,1259.6365061239028,0.029145728059371743,0.008844847628142194,0.02132719902,5.0,34.50209199945675,True,True
12.385,78.17610578637374,-110.84383468429374,-0.10728702583226749,4.877121274881433,78.01310600000001,-110.85411299999998,5.0,641,0.0365457711085696,47.773431222843996,1259.4484380577203,0.0289902858325292,0.007675713737235412,0.021899864802,5.0,35.227296997618396,True,True
12.436,78.50626100668873,-110.87837447623241,-0.10082697579427351,4.886681838985046,78.199717,-110.87291699999999,5.0,643,0.03668924790742211,47.96098723203836,1259.260882048526,0.03746025221141875,0.007442045372969108,0.021185357138,5.0,36.53070199652575,True,True
12.485,78.67161940551152,-110.89486733719991,-0.09806666446329189,4.8885349624518115,78.47985200000001,-110.900733,5.0,646,0.03690459974103039,48.24249985852078,1258.9793694220434,0.024805817622842154,0.0031788207742011743,0.01898853586,5.0,35.76526200049557,True,True
12.535,78.83703613688775,-110.9109551431057,-0.09562590141759017,4.889367507775465,78.66726899999999,-110.91882,5.0,648,0.037048636320537245,48.430787625228504,1258.7910816553358,0.02425649156746156,0.0029507091185183576,0.02062081626,5.0,35.76933900330914,True,True
12.584,79.16858246154057,-110.94265251491193,-0.0940836888679555,4.88909115765067,79.043531,-110.954016,5.0,652,0.03733772627655413,48.808692337923134,1258.4131769426413,0.049247575194847,0.0036874948606873126,0.021678478547,5.0,34.376827999949455,True,True
12.636,79.33416045995588,-110.95806623806385,-0.09199203654719422,4.918166006942275,79.137415,-110.962456,5.0,653,0.037409835387559806,48.90295494480413,1258.3189143357602,0.0224880774553082,0.00487916420674539,0.022881821872,5.0,36.48445600265404,True,True
12.687999999999999,79.66528451314703,-110.98819798275707,-0.08937388916030374,4.8899676356297785,79.512804,-110.995281,5.0,657,0.037698096850969094,49.279776633843575,1257.9420926467208,0.025583262301092962,0.005777495517573339,0.023044003806,5.0,38.6226210030145,True,True
12.734,79.82910556643138,-111.00295782506673,-0.08748575741375098,4.843846431073447,79.699845,-111.01081599999999,5.0,659,0.03784167239730086,49.46746172790236,1257.7544075526619,0.04130377652848655,0.006929032263952362,0.023135154146,5.0,34.3205230019521,True,True
12.783,80.1597843436586,-111.03161353948398,-0.08358556065331639,4.886652978132702,79.97848499999999,-111.032804,5.0,662,0.038055490296646344,49.74696916197041,1257.474900118594,0.016328256630619622,0.009904462614815923,0.021702791917,5.0,33.77636599907419,True,True
12.834,80.32548328143898,-111.0453763330631,-0.08152965970335299,4.890919773290478,80.165023,-111.04666100000001,5.0,664,0.03819858154006655,49.934021164671854,1257.2878481158925,0.01593328554457035,0.010458493929673018,0.022431869592,5.0,34.10955800063675,True,True
12.883999999999999,80.65730762681005,-111.07123535060728,-0.07388999133371497,4.897908861853693,80.444724,-111.06676000000002,5.0,667,0.03841309928643066,50.214443454067805,1257.0074258264965,0.011354340156473446,0.0068822152940928305,0.020297776454,5.0,34.52247899986105,True,True
12.934999999999999,80.82303359567952,-111.08349228304694,-0.07254258231990941,4.882239037749717,80.631553,-111.079803,5.0,669,0.038556367805821105,50.401727195794436,1256.82014208477,0.010313526708329204,0.00491294263754849,0.019186160545,5.0,35.34081899852026,True,True
12.982999999999999,81.1548197409219,-111.10702540225738,-0.07055971582830822,4.905858413616808,81.005752,-111.10496299999998,5.0,673,0.0388432694005562,50.77677123476362,1256.4450980458007,0.019181357220613458,0.007218500312753839,0.022604127888,5.0,33.89474699361017,True,True
13.036,81.32154308548077,-111.11891735263501,-0.06803102477768633,4.881057071274007,81.193353,-111.11720600000001,5.0,675,0.038987085909375226,50.96477132025543,1256.2570979603088,0.03985544662374078,0.00620152799621243,0.022267078644,5.0,36.38327699445654,True,True
13.082999999999998,81.65275207926783,-111.14059413511949,-0.0623513143573671,4.885271360451266,81.473467,-111.134672,5.0,678,0.039201784022876524,51.24542938951761,1255.9764398910468,0.0054758269691168255,0.004176867018097941,0.020751990674,5.0,33.39742699608905,True,True
13.136,81.81857748415143,-111.15071637690887,-0.059657477609262814,4.887314885614657,81.660514,-111.145926,5.0,680,0.03934513022091374,51.43281467447008,1255.7890546060942,0.009416803945963977,0.0033774154774866005,0.019913937129,5.0,36.473636006121524,True,True
13.184999999999999,82.15039436537687,-111.16985856389131,-0.05599128342388637,4.8917458041517525,81.94235,-111.162143,5.0,683,0.03956108611975821,51.71511694823972,1255.5067523323246,0.004041262718813096,0.0012194649046808337,0.019129033098,5.0,35.466965004161466,True,True
13.235,82.31691356312017,-111.17929037710579,-0.055423907580844485,4.888900360265742,82.13081600000001,-111.17251100000001,5.0,685,0.039705477060206266,51.903867943319405,1255.3180013372448,0.003694136939054793,0.0020598188801908,0.02019516567,5.0,36.19100799551234,True,True
13.286,82.64899883561627,-111.19703166023908,-0.05137579644123279,4.8893545262814255,82.319448,-111.182432,5.0,687,0.0398499764697421,52.09276073156277,1255.1291085490016,0.0040364792464857744,0.0043027047300872034,0.021641491707,5.0,36.14169499633135,True,True
13.334999999999999,82.8149574496187,-111.20543988573556,-0.049865909081445364,4.8903150490557135,82.602141,-111.19639099999999,5.0,690,0.040066494836033716,52.37579827508007,1254.8460710054842,0.0015534641359943899,0.0034793197156748334,0.020318346538,5.0,35.69050200167112,True,True
13.383999999999999,82.97944046882735,-111.2136214219136,-0.04776183700430103,4.826027636264194,82.78989399999999,-111.205036,5.0,692,0.04021027454854967,52.5637502596398,1254.6581190209245,0.0006890868528355307,0.005463687852252708,0.020609515115,5.0,34.947273998113815,True,True
13.434,83.31082896463857,-111.22919917527324,-0.04351887040234451,4.888377692430102,83.163657,-111.220749,5.0,696,0.04049644971171432,52.93784469137357,1254.2840245891907,-0.01885717924814353,0.006418480257721182,0.019646129985,5.0,34.172617000876926,True,True
13.482999999999999,83.47700699168941,-111.23634508029976,-0.04183717451455112,4.893025096021094,83.350893,-111.227724,5.0,698,0.040639781083192425,53.12521059472372,1254.0966586858406,-0.04009118446152842,0.0074007591541147555,0.020426166409,5.0,33.051562000764534,True,True
13.535,83.80979152877906,-111.2491245812256,-0.03501134180176222,4.89988774073512,83.631576,-111.23743300000001,5.0,701,0.040854626755294395,53.4060615558157,1253.8158077247485,-0.005242466879871686,0.0049000512607548785,0.018669397601,5.0,35.63820399722317,True,True
13.584,83.97606431300763,-111.25493689400648,-0.03372261682326058,4.884379005223855,83.819101,-111.243495,5.0,703,0.04099815477895891,53.59368452720457,1253.6281847533596,-0.010879266482134256,0.00343453773041702,0.01780400375,5.0,35.01106300245738,True,True
13.633,84.30865124269187,-111.26601880254267,-0.03331803507122131,4.885086318614064,84.10064399999999,-111.251944,5.0,706,0.04121362690969371,53.87535440872158,1253.3465148718428,-0.007387493094485596,0.005185727957669695,0.021205367387,5.0,33.79485100595048,True,True
13.684999999999999,84.47728813702953,-111.271780811105,-0.030048767173862394,4.959062708416014,84.28823100000001,-111.257254,5.0,708,0.041357184909999144,54.06301656623103,1253.1588527143333,-0.008209776825544975,0.00587621282294748,0.021981366173,5.0,35.909992999222595,True,True
13.735,84.80739133272226,-111.28098885912313,-0.026152580495204737,4.7570427411541765,84.662336,-111.266714,5.0,712,0.041643459817390746,54.4372413857996,1252.7846278947648,-0.020771445581010795,0.004472836846229455,0.020791208114,5.0,35.64657099923352,True,True
13.782,84.9704379340687,-111.28528082630301,-0.024650160760210076,4.859993440631882,84.84865,-111.270971,5.0,714,0.0417860237054819,54.62360401808202,1252.5982652624823,-0.04245745078247673,0.0038673398341049214,0.021130558276,5.0,32.17368100013118,True,True
13.834,85.30099456899262,-111.29342150263699,-0.024307935641135505,4.863473740853716,85.129059,-111.276923,5.0,717,0.04200057964367648,54.90407623267399,1252.3177930478903,-0.012339734361444529,0.004372523527695904,0.022807716117,5.0,34.740447998046875,True,True
13.885,85.46661335026599,-111.29754788102686,-0.02393797193205117,4.862590613515211,85.31665600000001,-111.28052,5.0,719,0.0421441141908492,55.09170773173545,1252.130161548829,-0.020291111144821416,0.005710250193338595,0.024532029906,5.0,35.38402900449,True,True
13.936,85.79717259178791,-111.3051985556714,-0.022185774998413704,4.861861249206345,85.598386,-111.285426,5.0,722,0.042359665045020645,55.37348052225047,1251.8483887583138,-0.015499625977349782,0.006847806844427318,0.026887040605,5.0,36.1293329988257,True,True
13.985,85.96238608197181,-111.30873642508814,-0.020332354522337764,4.863406004599982,85.786005,-111.28846000000001,5.0,724,0.04250320883494261,55.561124103635876,1251.6607451769285,-0.016554715934342115,0.005597479276391315,0.027669734439,5.0,35.779999001533724,True,True
14.033999999999999,86.28607376059352,-111.31585156330692,-0.01473795462514759,4.7543442911305664,86.157249,-111.294605,5.0,728,0.042787242527657456,55.932419158365235,1251.289450122199,-0.03545649844172464,-0.0031275348830246408,0.028120570246,5.0,34.384252001473214,True,True
14.084,86.44950785725574,-111.32008200867998,-0.011024514793664696,4.858318209050647,86.249553,-111.29685900000001,5.0,729,0.042857874391024224,56.024750674826315,1251.197118605738,-0.018354575326747325,-0.006149410822501089,0.025952540384,5.0,34.95031999773346,True,True
14.133999999999999,86.61651057548522,-111.32438028569446,-0.006948630468855833,4.961784784339776,86.435291,-111.299645,5.0,731,0.04299997683946975,56.210510103112625,1251.0113591774516,-0.020279085736418012,-0.000781560670132464,0.024343214514,5.0,34.06317200278863,True,True
14.184,86.94610478515634,-111.32685836054046,-0.00431781714489026,4.8304199802880605,86.80606,-111.302944,5.0,735,0.043283619683213974,56.58129423152,1250.6405750490444,-0.03343315333461893,-0.0009472691256471322,0.02357225919,5.0,34.73249200033024,True,True
14.234,87.11037620228406,-111.32742464498254,-0.002021397714122771,4.809636031957534,86.991591,-111.30386100000001,5.0,737,0.04342554914815035,56.76682753198011,1250.455041748584,-0.05096934699043194,0.0005752429550818228,0.024728485928,5.0,34.144714001740795,True,True
14.283999999999999,87.43838401754867,-111.32838667818146,-0.005187941828997247,4.7899901138650485,87.269335,-111.30416899999999,5.0,740,0.04363801841179032,57.04457199996022,1250.177297280604,-0.02363942056231426,0.003382493465276859,0.027206153521,5.0,34.48540100362152,True,True
14.334999999999999,87.60269626225801,-111.32893564294694,-0.002918369362084729,4.870577171929858,87.454552,-111.30393899999999,5.0,742,0.04377970605009189,57.22978917935475,1249.9920801012095,-0.029310281899217833,0.00643360696887374,0.031311897443,5.0,35.7233129980159,True,True
14.385,87.93016064621335,-111.32890432489424,0.004137902645684035,4.8075216872913,87.73277,-111.30333700000001,5.0,745,0.043992538240162894,57.508008072702445,1249.7138612078618,-0.026093703884813055,0.005612195536100817,0.03000479106,5.0,35.16818700154545,True,True
14.434,88.09361059646,-111.3278698115044,0.00839473360631834,4.807494741809883,87.917324,-111.301813,5.0,747,0.04413372356385714,57.69256861545702,1249.5293006651073,-0.02724947826996537,0.007057781596340629,0.027069973982,5.0,34.94955800124444,True,True
14.485,88.4204496969612,-111.3239450302133,0.01524518286738318,4.809632610357795,88.287669,-111.29601699999999,5.0,751,0.04441706592246347,58.06295994312075,1249.1589093374434,-0.04296526977835814,0.007110964828096034,0.022694049625,5.0,35.55292599776294,True,True
14.535,88.58425749398498,-111.32148079848012,0.016557833202199838,4.839063279842755,88.380576,-111.29413400000001,5.0,752,0.0444881526156642,58.15588602308758,1249.0659832574768,-0.030667113099646818,0.0057110243000231264,0.021920287125,5.0,34.68784799770219,True,True
14.587,88.9116150635188,-111.3153343556406,0.02088143598385409,4.825103703682818,88.752825,-111.28546399999999,5.0,756,0.04477299361506572,58.528236406772976,1248.6936328737913,-0.03351782540596808,0.006301435477433781,0.022745116857,5.0,37.69773300155066,True,True
14.638,89.0750866214942,-111.31180659913473,0.022979390787268152,4.81252875730696,88.939123,-111.280731,5.0,758,0.044915554069178236,58.71459455008343,1248.507274730481,-0.04420496342090418,0.004599078934635958,0.022437297913,5.0,38.74002099473728,True,True
14.686,89.40046386376778,-111.30406135693225,0.02633443543188257,4.775066239626982,89.217677,-111.273578,5.0,761,0.04512871288019231,58.99324040947087,1248.2286288710934,-0.03490064000608909,0.0018138892477734814,0.022776140797,5.0,36.32317500159843,True,True
14.734,89.56377638210425,-111.29970804644556,0.028962663201424783,4.812159621844854,89.40225500000001,-111.268672,5.0,763,0.04526996144042379,59.17788361640986,1248.0439856641544,-0.03543465469115021,0.0004257413915280672,0.022859416521,5.0,34.48206499888329,True,True
14.785,89.89126933425776,-111.28944241918934,0.034428067931924385,4.822917328774882,89.680313,-111.26108300000001,5.0,766,0.0454827498049598,59.45604522005977,1247.7658240605044,-0.0350340523042802,-0.002860418805285203,0.021297028406,5.0,35.73443499772111,True,True
14.834999999999999,90.0553071564572,-111.2835228838664,0.037783760226726096,4.829409653191913,89.865613,-111.255649,5.0,768,0.045624561749028125,59.64142489467108,1247.5804443858933,-0.034560395586453206,-0.0043151648088004535,0.020300982776,5.0,35.79118099878542,True,True
14.885,90.38332683726348,-111.27049172358356,0.041104660906494735,4.831929200170055,90.237409,-111.24377700000001,5.0,772,0.04590912378868132,60.01341061607281,1247.2084586644914,-0.037846983683787236,-0.006215015278987934,0.018288487959,5.0,35.23006199975498,True,True
14.934999999999999,90.54754180499273,-111.26374881158996,0.040987704339386345,4.833697706901911,90.423473,-111.237073,5.0,774,0.04605155175959953,60.19959557445436,1247.02227370611,-0.052235289493041646,-0.003935158291879848,0.019587852458,5.0,35.65725099906558,True,True
14.985,90.8766885768416,-111.24931638047008,0.04583975491073414,4.830300384319309,90.51682,-111.23363799999998,5.0,775,0.04612300877978403,60.29300575395316,1246.9288635266112,-0.03125711612379594,-0.0035818308850847913,0.021578792161,5.0,35.684811999090016,True,True
15.035,91.04036936862835,-111.24161322659248,0.04866059769236763,4.825158613277272,90.889997,-111.219086,5.0,779,0.04640869951952357,60.66646693679163,1246.5554023437726,-0.03303013821236881,-0.004465244041597316,0.020203293657,5.0,35.35960400040494,True,True
15.084999999999999,91.20425796620839,-111.23341063492704,0.05135553263935667,4.82744729344679,91.075886,-111.211017,5.0,781,0.04655103507457501,60.852531087131055,1246.3693381934334,-0.04687814187537686,-0.00330462808752241,0.01928794446,5.0,35.912507999455556,True,True
15.133,91.53212253450015,-111.21583928537018,0.05544350803385634,4.832303451186436,91.355536,-111.197608,5.0,784,0.046765207999576744,61.13250261850111,1246.0893666620632,-0.02777754859603533,-0.003681700907748109,0.01735756372,5.0,33.4480320016155,True,True
15.184999999999999,91.69617083846916,-111.20675955061743,0.05561205916676998,4.836596222730477,91.54269000000001,-111.18795,5.0,786,0.046908567805798045,61.31990569236942,1245.9019635881948,-0.029824211063329664,-0.002624871735667167,0.017821975268,5.0,35.283912999148015,True,True
15.234,92.02470887593954,-111.18814034667948,0.05870668433898646,4.83787965689077,91.824085,-111.17260900000001,5.0,789,0.04712414949446499,61.60171879041128,1245.620150490153,-0.027011186815190137,0.00013311864714937727,0.020289516723,5.0,34.44344200397609,True,True
15.286999999999999,92.18911338635037,-111.17827647486872,0.06077358848632479,4.839951387196355,92.011561,-111.16198200000001,5.0,791,0.047267795311398665,61.78949574373765,1245.4323735368266,-0.026871708215921608,-0.0016603374712520491,0.019610921353,5.0,37.38136199535802,True,True
15.335999999999999,92.51669275946821,-111.1579116761483,0.06321315891898226,4.761844527087967,92.38616,-111.14026899999999,5.0,795,0.04755483750244194,62.16472357327563,1245.0571457072888,-0.04307255855671487,-0.0031897780899674544,0.01936309652,5.0,36.68752600060543,True,True
15.386,92.67998029738547,-111.14748067758089,0.06461471729461221,4.841428312298163,92.47933499999999,-111.13473300000001,5.0,796,0.04762624031342999,62.25806288932732,1244.963806391237,-0.025375548274206895,-0.0035623847448049695,0.020140425971,5.0,36.91084300226066,True,True
15.436,93.00891463107243,-111.12571953387221,0.06772552949707246,4.853709893797185,92.852319,-111.112044,5.0,800,0.04791209351358958,62.631736443979776,1244.5901328365844,-0.025945671487965692,-0.0038130620885405975,0.020482688451,5.0,36.24826500163181,True,True
15.488,93.17365969995147,-111.11438701909334,0.0696869343747513,4.857007368441426,93.038865,-111.10026,5.0,802,0.048055082124947315,62.81865428380466,1244.4032149967597,-0.03930919057787655,-0.0038211471626512505,0.020504336774,5.0,38.92152999469545,True,True
15.535,93.50309228328588,-111.09091087310826,0.07331263008563133,4.83597627098506,93.319252,-111.08196399999999,5.0,805,0.048270029086388985,63.099637652536614,1244.1222316280277,-0.02199965686219159,-0.005072739042012664,0.019782225041,5.0,35.48418700665934,True,True
15.585999999999999,93.66784427816131,-111.07879980813246,0.07261867189412337,4.859630723609622,93.506135,-111.06930600000001,5.0,807,0.04841331861994063,63.286948864434336,1243.93492041613,-0.021818081194865908,-0.003577137955674381,0.020019947578,5.0,36.12802000134252,True,True
15.635,93.99806583313226,-111.05416990330092,0.0764229078771308,4.890515758446942,93.78755600000001,-111.049247,5.0,810,0.04862914656667944,63.56908387641323,1243.652785404151,-0.02046309799500598,-0.0022272885297534017,0.023565285451,5.0,35.38791700702859,True,True
15.684999999999999,94.16252231259277,-111.04134648002768,0.07969866644173795,4.8370338254134175,93.975491,-111.035625,5.0,812,0.048773290790567116,63.75751235820968,1243.4643569223547,-0.020164924072674315,-0.0021151837467399126,0.021640278135,5.0,35.206508000555914,True,True
15.736999999999998,94.49102692898899,-111.01374251392423,0.08775117318796641,4.84988544312979,94.348737,-111.006804,5.0,816,0.049059667585699344,64.13187036766101,1243.0899989129034,-0.03045044399794064,-0.0030160128889331617,0.017753599677,5.0,37.30694299883908,True,True
15.785,94.65520432984853,-110.99905783654168,0.09093345370688598,4.850700891403166,94.53595899999999,-110.99132900000001,5.0,818,0.049203377325410164,64.31973088223961,1242.9021383983247,-0.050212116184932674,-0.003827244446060085,0.015912087349,5.0,35.62662300100783,True,True
15.835,94.98406950438526,-110.96871833087113,0.09291771954096764,4.856359747357515,94.62978299999999,-110.98337,5.0,819,0.04927540868769123,64.41389185428748,1242.807977426277,-0.017811579883400177,-0.005657794262579063,0.014567369585,5.0,35.77217600104632,True,True
15.884,95.14827126947299,-110.95324449881328,0.09525461005159852,4.853224167737885,95.005842,-110.95033400000001,5.0,823,0.04956419496520389,64.79139959180016,1242.430469688764,-0.02849605563709693,-0.002594036847472392,0.016418183331,5.0,34.72540899383603,True,True
15.936999999999998,95.47700114496408,-110.92099374105861,0.09961670632786203,4.858303047059927,95.193802,-110.933301,5.0,825,0.049708569991346624,64.9801297833519,1242.2417394972124,-0.049707047460488304,-0.004369480575457718,0.016070415859,5.0,37.90071299590636,True,True
15.983,95.64122015047779,-110.9045906635391,0.10018999317440373,4.812490174372914,95.4754,-110.907445,5.0,828,0.04992489331470541,65.26291236248196,1241.9589569180823,-0.01363890018878774,-0.006988717925403787,0.014905521178,5.0,33.58462700271048,True,True
16.034,95.80356264315834,-110.88782680066693,0.10054387480918264,4.849436230803604,95.662261,-110.88995,5.0,830,0.05006846359715196,65.45059057547488,1241.7712787050893,-0.025633306019342696,-0.006674994703923964,0.016501298813,5.0,34.95215300063137,True,True
16.085,96.13217022824539,-110.85423884866692,0.10314962267462673,4.8614296376153545,95.94260799999999,-110.86334699999999,5.0,833,0.0502838872489253,65.73219708423326,1241.489672196331,-0.010191881115107757,-0.005976058493930125,0.017879788646,5.0,35.80627799965441,True,True
16.134999999999998,96.29678126188989,-110.83710981751796,0.10377380031922338,4.8691200571937605,96.129406,-110.845224,5.0,835,0.05042745514625619,65.91987217935083,1241.3019971012134,-0.009241797433531696,-0.005664370512159067,0.018429001907,5.0,35.125397000228986,True,True
16.186,96.6263654829723,-110.80277218775134,0.10376735227233524,4.873825761965081,96.50346400000001,-110.807988,5.0,839,0.05071501687392979,66.29577915853386,1240.9260901220305,-0.043601881343564915,-0.0026998380589691173,0.021478363731,5.0,36.0827450058423,True,True
16.233999999999998,96.79082563969466,-110.78572135143756,0.10286004542363926,4.871193340529746,96.597173,-110.79843400000001,5.0,840,0.05078707409466608,66.38997393331992,1240.8318953472444,-0.007343335593031991,-0.0010031590330465967,0.022729764648,5.0,34.085782994225156,True,True
16.288,97.12072400724708,-110.75123060302252,0.10624305644396499,4.929706974649185,96.97174,-110.758893,5.0,844,0.0510752031017633,66.7666224725715,1240.4552468079928,-0.01881665375789025,0.002562979965072376,0.026644895122,5.0,38.81365899724187,True,True
16.335,97.28572562584259,-110.7333916179132,0.10893096469757549,4.849793262924355,97.15965200000001,-110.73881999999999,5.0,846,0.05121977013511799,66.95560366014976,1240.2662656204145,-0.040858434712494056,0.001843274482538071,0.025208352463,5.0,35.037541994825006,True,True
16.386,97.61377796174926,-110.69602566296278,0.11827802526210468,4.8610272229369595,97.439502,-110.70771,5.0,849,0.051435169152946054,67.23717796687616,1239.9846913136882,-0.008552167064295933,0.00014877591286621694,0.021410458212,5.0,36.847615003352985,True,True
16.436,97.77787707422301,-110.67619316072435,0.12229888241736642,4.8615238435765615,97.626366,-110.686048,5.0,851,0.051579073906139444,67.42529340734399,1239.7965758732203,-0.016062766424280298,-0.0013459492816423335,0.018693468448,5.0,36.29404999810504,True,True
16.483,98.10628821531226,-110.63517599070796,0.1263131202298529,4.887484091980799,97.907717,-110.652409,5.0,854,0.05179583512643684,67.70864841492867,1239.5132208656357,-0.0075293716744564915,-0.004233220501370649,0.015599742977,5.0,33.91774999909103,True,True
16.532999999999998,98.27034819789483,-110.6141016675597,0.12844335156525244,4.865062847175109,98.095926,-110.62936200000001,5.0,856,0.051940886911219855,67.89826328017521,1239.3236060003892,-0.007050786693943005,-0.0032114343728522066,0.016931849526,5.0,33.327356999507174,True,True
16.585,98.59852894161983,-110.57074211577394,0.1337341620050195,4.8695664156023,98.47113900000001,-110.582353,5.0,860,0.05223016173488035,68.27640965589649,1238.9454596246678,-0.0380193238925876,-0.006562519343173978,0.016020853709,5.0,35.90342000097735,True,True
16.631999999999998,98.7625424519662,-110.54857328154857,0.13495780204777444,4.871412538328859,98.564815,-110.570558,5.0,861,0.052302387921122934,68.37082530608753,1238.8510439744769,-0.004442938013284875,-0.0077549051582805895,0.015734715014,5.0,32.457530993269756,True,True
16.682,98.92467924688772,-110.52621872937823,0.13553254751664756,4.837664202966879,98.752093,-110.54662900000001,5.0,863,0.05244681677779278,68.55962586608155,1238.6622434144829,-0.003263952217648252,-0.0071441110909789,0.016871745286,5.0,33.602581002924126,True,True
16.732,99.25254138047397,-110.48070458058861,0.13950320824543222,4.873328092187015,99.12477,-110.49791200000001,5.0,867,0.052734333592213606,68.93547413367833,1238.286395146886,-0.03670930152480211,-0.004542615276307949,0.018564809715,5.0,32.72656400076812,True,True
16.782999999999998,99.4167278016752,-110.4574785636588,0.1410742972718514,4.879729408703628,99.217961,-110.48538799999999,5.0,868,0.05280626383654142,69.02950292212634,1238.192366358438,-7.216856694992414e-06,-0.005296429427977145,0.018123296098,5.0,33.143463006126694,True,True
16.833,99.74563606718672,-110.41072318565391,0.14107829493340943,4.886093100478174,99.590878,-110.43414299999999,5.0,872,0.053094219391401694,69.40592472082051,1237.815944559744,0.00973727685270391,-0.0024357818778413254,0.02077712251,5.0,33.84620700671803,True,True
16.887,99.90977026981241,-110.38739645884391,0.14030157837572196,4.883426899409905,99.777709,-110.407882,5.0,874,0.05323854654364881,69.59459233056893,1237.6272769499953,0.03219853032616615,0.0007924783631336751,0.02290863153,5.0,37.63083800004097,True,True
16.936,100.2386916553036,-110.34049265093705,0.1426672629975023,4.950089594224651,100.05781400000001,-110.367425,5.0,877,0.053455045104980295,69.87760398460922,1237.344265295955,0.0009085069031308982,0.003590771411388971,0.026902044118,5.0,36.284693000197876,True,True
16.986,100.40376473879381,-110.31659424590686,0.14502372774045005,4.865647876293573,100.245024,-110.340185,5.0,879,0.05359976534561838,70.06678544809887,1237.1550838324654,0.006339813755398007,0.0023520567544763615,0.026598936676,5.0,36.85920600401005,True,True
17.035999999999998,100.73112324566975,-110.26740151316065,0.15389077756117336,4.872231384645902,100.524214,-110.298578,5.0,882,0.05381569927030027,70.34905899676262,1236.8728102838018,-0.00043116298371574505,0.0014996210357476336,0.024108630556,5.0,36.5054349967977,True,True
17.085,100.89473649964133,-110.24168782440225,0.15804458747314074,4.872578953411609,100.710324,-110.269967,5.0,884,0.05395974248493609,70.53735543705604,1236.6845138435083,-0.0006765878876693208,0.00033104449735521513,0.021520813324,5.0,35.32230400014669,True,True
17.134,101.22205436113434,-110.1889683444451,0.1615264744287371,4.9137365755173406,101.084063,-110.21075,5.0,888,0.054249212612868955,70.91575711879332,1236.306112161771,-0.026197218403830966,-0.0008148182014315886,0.01960205383,5.0,34.09537200059276,True,True
17.184,101.38587156014597,-110.16210952468124,0.1633077641098026,4.874536075774429,101.177688,-110.19560700000001,5.0,889,0.05432176473131514,71.0105988346888,1236.2112704458755,-0.0005672156680983272,-0.0007624689703535914,0.020671247452,5.0,35.0328639979125,True,True
17.235,101.71286687756954,-110.10711806598313,0.16947613019438737,4.877715639388913,101.551955,-110.134175,5.0,893,0.054611903242510286,71.38987424164361,1235.8319950389207,-0.002723223940583452,-0.0032042775006932978,0.020495763248,5.0,35.8012590004364,True,True
17.284,101.87624221816154,-110.07899689832637,0.17140394985091736,4.879193787056915,101.73837900000001,-110.103475,5.0,895,0.05475643487825386,71.5788091566905,1235.6430601238737,0.025770920058560493,-0.005305089457158019,0.020281809019,5.0,34.52315199683653,True,True
17.335,102.20078596396674,-110.02211798220621,0.1748953017771079,4.875092590841392,102.016695,-110.05707199999999,5.0,898,0.054972280281738985,71.86096698850994,1235.3609022920543,0.0026214712962503695,-0.005877445668076131,0.021516396505,5.0,35.898269998142496,True,True
17.383,102.36403512491799,-109.99304588666577,0.17747221910919359,4.878738982454415,102.202337,-110.025279,5.0,900,0.05511636057606471,72.04931190018492,1235.1725573803794,0.003521043349507862,-0.002942695486919611,0.021578638538,5.0,33.11931799544254,True,True
17.433,102.69095190761108,-109.9336190343243,0.18211677551465325,4.888511991786277,102.572806,-109.95941499999999,5.0,904,0.055404207015929886,72.42559106137122,1234.796278219193,0.04554679584181678,-0.00018445805765887613,0.021379679509,5.0,33.876052002597135,True,True
17.483999999999998,102.85446211821885,-109.90332045673172,0.18434254858385576,4.890382541699804,102.665419,-109.94251200000001,5.0,905,0.05547622452726152,72.51973392715509,1234.7021353534092,0.004123426322328014,-0.0008298099318904129,0.0209552256,5.0,34.47737600072287,True,True
17.535999999999998,103.18102327732937,-109.84228663147935,0.18462204871762428,4.888529609321149,102.850835,-109.90826200000001,5.0,907,0.05562046387353312,72.70828675501207,1234.5135825255522,0.004194575983939476,-0.000715374256921919,0.021113532741,5.0,36.715078000270296,True,True
17.584,103.34411775664265,-109.81157771412018,0.18601994537528185,4.941421425857023,103.221618,-109.838145,5.0,911,0.055909133376928655,73.08564184284506,1234.1362274377193,0.04080544841092195,0.0038840980268068925,0.025504161027,5.0,34.45194900268689,True,True
17.634999999999998,103.50832102243044,-109.78049370906847,0.18904616619978323,4.871176611551308,103.314008,-109.820503,5.0,912,0.055981086963429655,73.17970114469234,1234.0421681358719,0.0031567013464281887,0.0020597507216639777,0.025386297705,5.0,35.20215999742504,True,True
17.684,103.83333705122268,-109.71698770620422,0.19689431612416516,4.870266735836079,103.68438499999999,-109.74870700000001,5.0,916,0.056269693492708675,73.55697391138304,1233.6648953691813,0.013519237689907784,0.002358862360269054,0.022711744075,5.0,34.649828005058225,True,True
17.733999999999998,103.99565447864268,-109.68429247367906,0.2005240096324655,4.869727605563804,103.869232,-109.711808,5.0,918,0.05641388780731724,73.74546787286528,1233.476401407699,0.03626674377563877,0.0017702100514283003,0.020831926995,5.0,34.438383001543116,True,True
17.782,104.31987024629392,-109.61762606439079,0.2045895972465201,4.871546552539411,104.14733100000001,-109.655146,5.0,921,0.05663099929959449,74.02928076364223,1233.1925885169221,0.001823424816002777,-0.00019701624565637843,0.01806172016,5.0,32.667353996657766,True,True
17.833,104.48224922215222,-109.58384050904561,0.20637807972502248,4.866870189764654,104.333156,-109.616677,5.0,923,0.056776166018888415,74.21904587379497,1233.0028234067693,0.013319608656287426,0.0009463849179138784,0.019337201743,5.0,33.65223400032846,True,True
17.887,104.8060711165779,-109.5148507624798,0.21295350719179448,4.866888692478936,104.611372,-109.558218,5.0,926,0.05699364356829552,74.50333728245748,1232.7185319981068,0.001601146467288197,-0.0019379757890187754,0.01940658602,5.0,37.94531599851325,True,True
17.935,104.96775743746213,-109.47973245810608,0.21494657328908112,4.869525964665016,104.79676500000001,-109.519051,5.0,928,0.05713859612894447,74.69282243974601,1232.5290468408184,0.002181302526156125,-0.0047311545027977076,0.019155892831,5.0,35.43504499975825,True,True
17.986,105.28903556592098,-109.40894905126814,0.21716859772454436,4.8647907138859905,105.16527099999999,-109.44061799999999,5.0,932,0.05742681081047605,75.06958297449182,1232.1522863060725,0.037417098921348896,-0.0031672190962610536,0.019927107985,5.0,36.56326299824286,True,True
18.034,105.45057438059794,-109.3731407050776,0.21908117396743262,4.8680243941076755,105.25728799999999,-109.420526,5.0,933,0.05749886056395227,75.16376798791221,1232.058101292652,0.0044513668259031,-0.0008996136156969037,0.019385061002,5.0,34.93349799828138,True,True
18.085,105.7739444489568,-109.30060261684089,0.22094963716181398,4.876979713945739,105.62470900000001,-109.33793999999999,5.0,937,0.05778694434556743,75.5403574074246,1231.6815118731397,0.012572550023582171,0.004739831298946395,0.018482866237,5.0,35.40637099649757,True,True
18.137,105.93585180427107,-109.26422479220147,0.22121851357253142,4.880056721207533,105.808177,-109.295492,5.0,939,0.05793100140075299,75.72867194038731,1231.493197340177,0.03461193371396578,0.007958652299996594,0.019740829606,5.0,37.32069899706403,True,True
18.186999999999998,106.25929254141334,-109.19138425247823,0.22145188257191678,4.878796872652159,106.083157,-109.2307,5.0,942,0.058147116628055044,76.0111824918011,1231.2106867887633,-0.0006399986081085911,0.012226488306356309,0.021299906091,5.0,37.07760500401491,True,True
18.236,106.42086093328189,-109.15474683496679,0.22215079080313885,4.841356095328055,106.267026,-109.18672099999999,5.0,944,0.058291740467680916,76.20023793777936,1231.021631342785,-0.00903063150545563,0.014063458084331515,0.02271099148,5.0,37.02033700392349,True,True
18.287,106.74457122705113,-109.08094456120705,0.22720924433834724,4.863935348594275,106.542441,-109.120429,5.0,947,0.0585084450201936,76.48351886799661,1230.7383504125678,-0.007205376038308567,0.013560438077076409,0.020949753416,5.0,37.37369799637236,True,True
18.334,106.90563409220603,-109.04337698374852,0.23101233869558066,4.864705546851114,106.725227,-109.075848,5.0,949,0.05865237172029654,76.67166299794455,1230.5502062826197,-0.009552503712408148,0.012944480858297247,0.016892722249,5.0,34.799517001374625,True,True
18.384999999999998,107.06658899886884,-109.00520767081656,0.2345614771654995,4.86587336805165,106.90797099999999,-109.03106499999998,5.0,951,0.05879630385517056,76.8598142323441,1230.36205504822,-0.012531802817694985,0.009921828466997074,0.014318814732,5.0,35.164961002010386,True,True
18.434,107.38816886692,-108.92761492758505,0.23841227554243563,4.869502409597577,107.182956,-108.963067,5.0,954,0.05901299820452968,77.14308182477588,1230.0787874557884,-0.014147412305539135,0.006498269046933736,0.0098666385977,5.0,34.78178399382159,True,True
18.487,107.7100766024601,-108.84910424361472,0.24170323510616867,4.866147678269801,107.36661299999999,-108.917194,5.0,956,0.05915780860497665,77.33238114713943,1229.889488133425,-0.015338695647588422,0.006714735802584304,0.01026658821,5.0,37.93253200274194,True,True
18.535,107.87091642467873,-108.80918476328944,0.2445070343042215,4.870198044232055,107.73393200000001,-108.824933,5.0,960,0.0594475289453678,77.71110991207415,1229.5107593684902,-0.03396069801504172,0.003573594734362029,0.0091110883664,5.0,35.089338998659514,True,True
18.586,108.03140543403202,-108.76901425164442,0.24602448729810253,4.869765791496273,107.82593700000001,-108.801896,5.0,961,0.059520083775186645,77.80595517233527,1229.4159141082291,-0.01791567070666027,-0.00011334422884523576,0.0068767147023,5.0,36.72130800259765,True,True
18.637,108.35019572470993,-108.68841270210127,0.2463806923491048,4.871040849897191,108.190706,-108.71168600000001,5.0,965,0.05980753181985976,78.1817135426139,1229.0401557379505,-0.0173102508394546,-0.004142645148336399,0.0063967166374,5.0,38.057716003095265,True,True
18.686,108.51058971709264,-108.64788817182158,0.2487653560825223,4.866714259603489,108.37325600000001,-108.666394,5.0,967,0.05995141316337947,78.36979838144434,1228.85207089912,-0.0318841581146341,-0.0015089447224880814,0.006514235381,5.0,36.94933499355102,True,True
18.736,108.83150179040517,-108.56580278055104,0.251310391460096,4.875894431217191,108.647623,-108.597302,5.0,970,0.06016785148404879,78.65273128757363,1228.5691379929906,-0.015146151640470064,-0.0020747975895756277,0.0029880488853,5.0,36.982356003136374,True,True
18.784,108.99221552066314,-108.52460678206225,0.25014161273590296,4.879601687382717,108.83091,-108.550618,5.0,972,0.06031253917513405,78.841870201576,1228.3799990789882,-0.015196307981442291,-0.001086271721537635,0.0029005643324,5.0,34.460574002878275,True,True
18.835,109.31348494304517,-108.44288325054188,0.2473715718568113,4.878357950149012,109.107201,-108.47980600000001,5.0,975,0.06053072790230111,79.12709127735927,1228.094778003205,-0.015287179528786908,0.0034140175659072014,0.0058353962379,5.0,35.93551999802003,True,True
18.884,109.47437782401454,-108.40226224344833,0.24654050771657923,4.880415088830602,109.291793,-108.43211799999999,5.0,977,0.06067657343811365,79.31774375131036,1227.9041255292539,-0.015829009893393753,0.004592182856991922,0.0075294253841,5.0,34.87313599907793,True,True
18.935,109.79620273914597,-108.32105112289983,0.24720139748287134,4.8529335589114755,109.664171,-108.33642900000001,5.0,981,0.060970690302175556,79.7022197481363,1227.519649532428,-0.037628925112558026,0.0048635032943642464,0.0083706588969,5.0,35.38862899586093,True,True
18.987,109.9563847078994,-108.28029872508313,0.25105507591951076,4.8625626205467185,109.75748999999999,-108.312522,5.0,982,0.06104438296079401,79.79855240308777,1227.4233168774765,-0.01789031793758881,0.0038825320866755497,0.0074995378608,5.0,37.85722199972952,True,True
19.035999999999998,110.27637191622576,-108.197028155879,0.25794381990444964,4.862917088384058,110.133696,-108.215958,5.0,986,0.061341502601453116,80.18695369515014,1227.0349155854142,-0.02871389666088592,-0.003782565585972897,-0.00061597186895,5.0,36.386202002177015,True,True
19.084,110.43617822247967,-108.15475645960515,0.2595413577056408,4.865028686840838,110.228591,-108.191645,5.0,987,0.06141644023178169,80.28491380434771,1226.9369554762166,-0.017063378949199397,-0.007243411082774376,-0.0032129023042,5.0,34.99090499826707,True,True
19.134,110.75620554642362,-108.06976058407577,0.26069222564887784,4.864808215673468,110.610982,-108.09386200000002,5.0,991,0.061718374688906966,80.67960912979123,1226.542260150773,-0.023487526492868067,-0.009580050028361153,-0.0051134763838,5.0,34.53893099504057,True,True
19.183,110.9161546909638,-108.0269207665136,0.26234317786637285,4.875920395348826,110.706879,-108.069353,5.0,992,0.0617940920731275,80.77858855032903,1226.4432807302353,-0.012557848670600376,-0.011009188464102593,-0.0055138227647,5.0,33.79506100463914,True,True
19.233,111.07588334235245,-107.98401200712553,0.2627675347772566,4.8672254059121665,110.89964499999999,-108.020329,5.0,994,0.061946248490669785,80.97749074689169,1226.2443785336727,-0.010434959969220156,-0.014144014103623537,-0.0068159057158,5.0,33.375557002727874,True,True
19.284,111.39338611709209,-107.89841517044923,0.2610135846339168,4.863480438409803,111.18906499999999,-107.94724199999999,5.0,997,0.062174599696351335,81.2759964368352,1225.9458728437291,-0.005432158071577357,-0.015111248613002282,-0.0071638799842,5.0,35.170391005522106,True,True
19.334,111.55323097908402,-107.85579799013485,0.26030394025813386,4.867335150575935,111.381492,-107.898899,5.0,999,0.06232637703669784,81.47440309539739,1225.747466185167,-0.002416495684850749,-0.015606057658119177,-0.0059692820076,5.0,35.088436998194084,True,True
19.384,111.87348771996083,-107.7707727219038,0.2575508999672956,4.8757032817559445,111.672646,-107.826277,5.0,1002,0.06255592825470534,81.77447746769678,1225.4473918128674,0.0028793311206195184,-0.015939105879261284,-0.0054211198025,5.0,34.068231005221605,True,True
19.432,112.033989144678,-107.72868397696163,0.2555073410534639,4.879864323048591,111.867245,-107.77798700000001,5.0,1004,0.06270930781353175,81.97497858129528,1225.246890699269,0.0055027257223925425,-0.014693450901990257,-0.0035298857762,5.0,32.99892300128704,True,True
19.488,112.35496851998535,-107.64538458331617,0.25149006173869504,4.8780453949911085,112.160688,-107.705405,5.0,1007,0.06294055103354819,82.27726477562362,1224.9446045049408,0.009884013603690298,-0.011964050888717548,-0.0011241048292,5.0,38.541410001926124,True,True
19.532999999999998,112.51572415507097,-107.6042539334002,0.24940235246986786,4.8804575293541275,112.356695,-107.656644,5.0,1009,0.06309506301415096,82.47924621573343,1224.742623064831,0.011344521416118419,-0.007449816581649671,0.0010110954622,5.0,33.33343899430474,True,True
19.584,112.83759424533108,-107.52242866520643,0.24794321255908203,4.856517290547178,112.65269099999999,-107.58346599999999,5.0,1012,0.06332831201369957,82.78415440893117,1224.437714871633,0.013956252290432273,-0.007609268444658479,0.0029216836603,5.0,34.4519579957705,True,True
19.634999999999998,112.9978221505084,-107.48165939827064,0.2507251468477705,4.867073198076688,112.84948899999999,-107.53492800000001,5.0,1014,0.0634833700943095,82.98684972291313,1224.2350195576512,0.017254522853893877,-0.006216003759714539,0.0027110580498,5.0,35.6214240018744,True,True
19.685,113.31828056338587,-107.3993986681186,0.25134473848823297,4.866086832825921,113.146518,-107.46173,5.0,1017,0.06371738951669972,83.29276502969805,1223.9291042508662,0.017813898736356068,-0.009934921313985434,-0.0022019552688,5.0,35.76796699780971,True,True
19.733,113.47852350899782,-107.35844218384412,0.2495254708486964,4.867274305144428,113.345754,-107.412527,5.0,1019,0.0638743801848968,83.49798666443823,1223.723882616126,0.030449019974030798,-0.009091773744471343,-0.0019723317759,5.0,33.756448996427935,True,True
19.784,113.7997706497287,-107.27733752646161,0.24692663735687373,4.867004832729054,113.64626100000001,-107.33823999999998,5.0,1022,0.06411118231925632,83.80753959316532,1223.414329687399,0.021542513309860182,-0.0047084620392450205,0.0016271651666,5.0,34.5637779973913,True,True
19.834,113.96038226605161,-107.23676286902216,0.24763517782123765,4.866191950403093,113.846544,-107.28863799999999,5.0,1024,0.06426902377556905,84.0138733967364,1223.2079958838278,0.04811909182219599,-0.0041310440884441135,0.0016053024726,5.0,35.04220100148814,True,True
19.884,114.28054500759336,-107.15571688377631,0.2469304012910562,4.803273100923382,114.14796000000001,-107.214068,5.0,1027,0.06450655291962124,84.32437668843292,1222.8974925921314,0.03253612801072438,-0.004838820099460239,0.00054297948779,5.0,34.657433003303595,True,True
19.931,114.4395414995477,-107.11620330359747,0.24798977479194695,4.8623103205046565,114.24853,-107.18915600000001,5.0,1028,0.0645858122423728,84.42798620847812,1222.7938830720861,0.02485619614002932,-0.005330397483882088,0.00059617095708,5.0,31.94344100484159,True,True
19.982,114.5999238273445,-107.07566911434577,0.24708010421581084,4.863863035477943,114.65095500000001,-107.09003799999999,5.0,1032,0.06490286006697048,84.84243805840003,1222.3794312221644,0.05301552091171855,-0.004947217092348133,0.00078845526183,5.0,32.20373800286325,True,True
20.035,114.92101022035267,-106.99497591646728,0.2462262224492383,4.873004829965758,114.75208400000001,-107.06506200000001,5.0,1033,0.06498254626012501,84.94660559277135,1222.2752636877929,0.02692018458964472,-0.004097292679844156,0.0014765546824,5.0,35.27726099855499,True,True
20.084,115.08178429196187,-106.95445690054598,0.24825582933446874,4.876513617581887,114.95440500000001,-107.01513600000001,5.0,1035,0.06514196066910637,85.15499559447022,1222.0668736860941,0.03900820779965307,-0.004447593051153831,0.0016224290077,5.0,34.42493799957447,True,True
20.131,115.40308912829947,-106.87291966205592,0.24724314322149626,4.87735841088754,115.258806,-106.940148,5.0,1038,0.0653817833618791,85.4684970632125,1221.7533722173519,0.03108273047359943,-0.0063970096236274365,-0.00089233071777,5.0,31.283288000850007,True,True
20.184,115.56385230057906,-106.83238648223626,0.24606356353427594,4.8388896649815765,115.36006699999999,-106.914965,5.0,1039,0.06546160565959547,85.57284251644356,1221.6490267641207,0.030583122233222213,-0.0050768089364083835,0.00094028560005,5.0,34.20506700058468,True,True
20.235,115.88550010472268,-106.75123776778922,0.24753358045751686,4.866734501291747,115.76725900000001,-106.815224,5.0,1043,0.06578230865667062,85.99207248776402,1221.2297967928002,0.04843473787400836,-0.006963404454106037,0.0023894744892,5.0,35.71830399596365,True,True
20.284,116.04595000102057,-106.7106654907838,0.24784600464491946,4.868462347835196,115.868771,-106.790334,5.0,1044,0.06586226362978463,86.0965913771764,1221.125277903388,0.03399836651031048,-0.007294691130658393,0.0019533942167,5.0,34.79018999496475,True,True
20.336,116.36697602332498,-106.62933242741678,0.24846632765073265,4.870755315392608,116.173827,-106.715713,5.0,1047,0.06610250600564431,86.41064146482807,1220.8112278157362,0.036631144762479556,-0.008309613923121795,0.0023487045871,5.0,36.45148500072537,True,True
20.384999999999998,116.52747518526307,-106.58869354409842,0.24790038591669444,4.872711521649029,116.378103,-106.665752,5.0,1049,0.06626337915493333,86.62093836375873,1220.6009309168055,0.03808142430464331,-0.008600308751145036,0.0029057447996,5.0,35.10077000100864,True,True
20.433,116.84933337686819,-106.50782031866633,0.24617865584800808,4.872099455907154,116.685837,-106.59050900000001,5.0,1052,0.06650572453887198,86.93773754956253,1220.2841317310017,0.04044556625822718,-0.006078137062913935,0.0064833769063,5.0,33.697958999255206,True,True
20.485,117.01006569660757,-106.46736590245096,0.24662846853088732,4.8690301406039875,116.890728,-106.540103,5.0,1054,0.06666713572113697,87.14873777696576,1220.0731315035985,0.052494631519000315,-0.0049605404471275705,0.0073521579141,5.0,35.88524699443951,True,True
20.535,117.33055241488299,-106.38662537909721,0.24573879720158112,4.826245325288413,117.19724099999999,-106.464647,5.0,1057,0.0669086128130882,87.46440191249467,1219.7574673680697,0.04612386197273461,-0.004393511135114103,0.0088073867855,5.0,35.13186900090659,True,True
20.584,117.48987541788831,-106.34701257556543,0.24811320803342155,4.857704366937714,117.299425,-106.439439,5.0,1058,0.06698912507543608,87.56964930258108,1219.6522199779831,0.04391043072579139,-0.0049169325551918774,0.0092650501257,5.0,34.78942900255788,True,True
20.634999999999998,117.81055180714866,-106.26573770970211,0.2486549289906647,4.869139103454074,117.706671,-106.339165,5.0,1062,0.06730996552937536,87.98905896052041,1219.2328103200439,0.06531133681805021,-0.007966573350764339,0.0092155652109,5.0,35.61143600381911,True,True
20.685,117.97110188800623,-106.22486013081416,0.2508387557859464,4.872516120189358,117.80886100000001,-106.31413300000001,5.0,1063,0.06739045010887698,88.09427016298478,1219.1275991175796,0.04659968714876889,-0.008292047002289138,0.0092912220126,5.0,35.77012100140564,True,True
20.736,118.29224068783694,-106.14192421135914,0.25436564255000654,4.879640023867827,118.115458,-106.23881200000001,5.0,1066,0.06763196493245031,88.40998362211528,1218.811885658449,0.04977518123787509,-0.01135647557722752,0.0066830776508,5.0,36.48519799753558,True,True
20.787,118.45217994827183,-106.1002969213049,0.25472256967814066,4.876438207533831,118.320342,-106.18800800000001,5.0,1068,0.06779344392646651,88.62107249452268,1218.6007967860417,0.053975914265366465,-0.008761319629173592,0.0072260048571,5.0,37.30735400313279,True,True
20.835,118.77285455273878,-106.01635742405294,0.256627014113397,4.882960025039752,118.62719299999999,-106.111205,5.0,1071,0.06803542064429298,88.93738975192215,1218.2844795286421,0.054802186919872264,-0.008785022276604604,0.0094162940268,5.0,35.04520699789282,True,True
20.887999999999998,118.93340013934791,-105.97424245774553,0.25765921047906654,4.864508866092581,118.83248700000001,-106.059165,5.0,1073,0.06819743381614571,89.14917691327956,1218.0726923672848,0.07340652099661693,-0.007338889780996283,0.0097602550669,5.0,38.32344200054649,True,True
20.935,119.25338949170568,-105.88972416361666,0.2587720281018148,4.869356504736043,118.93455800000001,-106.03300700000001,5.0,1074,0.06827803948473077,89.25454640604192,1217.9673228745223,0.057200486509019585,-0.0063437241142354495,0.010185275195,5.0,35.40184399753343,True,True
20.987,119.41346502605536,-105.84730735976315,0.2592660927714391,4.871774963894432,119.24099199999999,-105.953767,5.0,1077,0.06852016643264604,89.57106004749893,1217.6508092330653,0.05882916034147373,-0.003826251156958005,0.012268360157,5.0,37.3053709990927,True,True
21.035,119.5735661645736,-105.80483440153779,0.25962714020723016,4.872806489142767,119.446031,-105.900072,5.0,1079,0.06868230662153381,89.78301324830231,1217.438856032262,0.06200524105498474,-0.0020162556485434635,0.013770507315,5.0,35.42235200438881,True,True
21.084,119.89425642439346,-105.71966201604472,0.26039980104444793,4.899498934531655,119.754327,-105.818348,5.0,1082,0.06892629284809851,90.10195737947092,1217.1199119010935,0.059536544677487147,0.0022882018657712777,0.015572659442,5.0,34.239491003972944,True,True
21.134999999999998,120.05428489111713,-105.6769543626733,0.2618546680219888,4.870516506029664,119.959337,-105.76303500000002,5.0,1084,0.0690887296373597,90.31429830276886,1216.9075709777953,0.07820931567572524,0.004774463180438726,0.015890002557,5.0,35.298169997986406,True,True
21.184,120.37380600903585,-105.59102585825785,0.2627760044727263,4.813043591324128,120.265525,-105.679156,5.0,1087,0.0693315878429177,90.63176786020851,1216.5901014203557,0.06836156212645172,0.007054676505473978,0.017287102843,5.0,34.59239099902334,True,True
21.236,120.53240711309081,-105.54852544618606,0.26566521033785717,4.837336661828173,120.367526,-105.650922,5.0,1088,0.0694125507560662,90.73760435087691,1216.4842649296875,0.05605890628146685,0.007066744208895859,0.015778667422,5.0,36.20982299617026,True,True
21.284,120.85167273716542,-105.46136891004483,0.26851113148493067,4.872189843813162,120.671953,-105.56594199999999,5.0,1091,0.06965433529796947,91.05367039170685,1216.1681988888574,0.05316304153472329,0.007292598039698284,0.015940927918,5.0,34.74640900094528,True,True
21.335,121.01144476033444,-105.41717980747174,0.2716455731512546,4.876119396676231,120.87551699999999,-105.508674,5.0,1093,0.06981610289136969,91.26513652754049,1215.9567327530237,0.05297471477781868,0.005948543485479352,0.016626474482,5.0,35.9545059982338,True,True
21.384,121.33103585154055,-105.32759769165484,0.2759662445032513,4.882618008613138,121.181023,-105.42238700000001,5.0,1096,0.07005895203349649,91.58259423706468,1215.6392750434995,0.05060036304511159,0.0030225785727973076,0.014775299312,5.0,34.381366000161506,True,True
21.433,121.49028875883866,-105.28248817923193,0.2766848943641379,4.880312805105411,121.38466799999999,-105.36440800000001,5.0,1098,0.07022092738378495,91.79433195724613,1215.4275373233181,0.06504925940271693,0.0034242906335091305,0.014116837767,5.0,33.69066600134829,True,True
21.483999999999998,121.80911067851144,-105.19121413333413,0.2803866358815658,4.895383865197349,121.69058700000001,-105.27676000000001,5.0,1101,0.0704643658820971,92.1125600860646,1215.1093091944997,0.057132428232707595,0.002081243585344783,0.016231677042,5.0,34.56208500574576,True,True
21.535,121.96877742007334,-105.1451484229977,0.2824363119948349,4.868868304479381,121.79283999999998,-105.247033,5.0,1102,0.07054582602520162,92.21904656660554,1215.0028227139587,0.04911857224733521,0.0015574767540900147,0.014150212956,5.0,35.18703199370066,True,True
21.586,122.28664231841923,-105.05246178079157,0.2850524405233275,4.8701111449452466,122.09803400000001,-105.158056,5.0,1105,0.07078901381578376,92.53694696479654,1214.6849223157678,0.048339457414316334,0.001968426552845237,0.014263263959,5.0,36.42880199913634,True,True
21.637,122.44553269416859,-105.0057970551322,0.28623618982775634,4.871144761584934,122.30129699999999,-105.098104,5.0,1107,0.07095112863683259,92.74886700420608,1214.4730022763583,0.04793716581634926,0.00284675171886839,0.015095987806,5.0,37.39986700384179,True,True
21.683,122.76357811850691,-104.9119789971968,0.2875066787230042,4.874051151091875,122.606973,-105.0071,5.0,1110,0.07119510795872977,93.06780210944231,1214.154067171122,0.04684984840176518,0.0031095973058747894,0.016313471741,5.0,34.01320899865823,True,True
21.733999999999998,122.92237774462241,-104.86478081265615,0.2887690754579637,4.887764360701641,122.810975,-104.945815,5.0,1112,0.07135805565585711,93.28081090267607,1213.9410583778883,0.058235208087270215,0.006710703182050359,0.01798933057,5.0,34.49351599556394,True,True
21.787,123.23937670369105,-104.77038118060847,0.28992873431645255,4.865336199471638,122.912784,-104.91484799999999,5.0,1113,0.07143946066964772,93.38722531697225,1213.834643963592,0.04510695039664507,0.006540603516761223,0.017788653732,5.0,37.35781800060067,True,True
21.836,123.39783189915521,-104.72309383926158,0.29010622505395856,4.866839174877467,123.21660200000001,-104.821784,5.0,1116,0.07168253513254624,93.70497757073682,1213.5168917098274,0.042381433360480926,0.00942166949288925,0.020168458384,5.0,36.95932400296442,True,True
21.884999999999998,123.55533669064133,-104.67595481658486,0.29245348965244533,4.8026170199183245,123.41878999999999,-104.75915400000001,5.0,1118,0.07184445565572874,93.91664361972633,1213.305225660838,0.041708238796445814,0.010762866083986466,0.018907906297,5.0,35.56589999789139,True,True
21.934,123.87134450705027,-104.5804992259286,0.29485345184607825,4.867390284276361,123.72048899999999,-104.664865,5.0,1121,0.07208625858664858,94.23273369908088,1212.9891355814834,0.03695363181761097,0.010810293389916126,0.020622521222,5.0,34.50697100197431,True,True
21.986,124.02976574518571,-104.53222332317081,0.29756716863512217,4.871054837050016,123.922175,-104.601343,5.0,1123,0.07224801598306536,94.44418650519479,1212.7776827753696,0.05493816461306063,0.010591762480602895,0.022102840481,5.0,36.25602999818511,True,True
22.035,124.34653912704832,-104.43438648420076,0.3021310370929764,4.8389169722350855,124.22490800000001,-104.50558000000001,5.0,1126,0.07249091147052025,94.76170479834538,1212.460164482219,0.04289451657924891,0.007507916539764459,0.02038349368,5.0,35.22142599831568,True,True
22.088,124.50445010930993,-104.38503895104697,0.303063216596059,4.876593538547962,124.325972,-104.473421,5.0,1127,0.07257204323549453,94.8677620158131,1212.3541072647513,0.030844359270067054,0.007780892133423478,0.019434148908,5.0,38.30787300103111,True,True
22.136,124.82032685963519,-104.28537086449582,0.3081000997754765,4.901558543411943,124.628524,-104.376662,5.0,1130,0.0728150380523738,95.18541015455949,1212.0364591260047,0.02892846054681195,0.004168946936929707,0.020776686623,5.0,36.38754499843344,True,True
22.186999999999998,124.97894937846205,-104.23469246621248,0.310596268394403,4.894670504675811,124.83082900000001,-104.31137,5.0,1132,0.07297765804728258,95.39799056828656,1211.8238787122777,0.028040149771480647,0.005900747362287628,0.019501017056,5.0,37.306020996766165,True,True
22.235,125.29412564069547,-104.13289390518821,0.313905015657777,4.869704182591109,125.13343799999998,-104.212647,5.0,1135,0.07322115591249644,95.71629630281723,1211.505572977747,0.026314635005471668,0.004871019850362757,0.019060671932,5.0,35.6903629945009,True,True
22.285999999999998,125.45158563547834,-104.08164925703666,0.31532461252322513,4.870813350990964,125.33471000000002,-104.14630600000001,5.0,1137,0.07338327337009473,95.92821978878189,1211.2936494917824,0.04274312234033867,0.005707755312421181,0.019716153757,5.0,36.29254800034687,True,True
22.335,125.7665864757614,-103.9786446507401,0.3168395344882806,4.87031222806899,125.63743500000001,-104.045562,5.0,1140,0.07362733932561914,96.24726814339026,1210.974601137174,0.03236252091430867,0.006492458885791752,0.020795662985,5.0,35.561021002649795,True,True
22.384,125.92395942207858,-103.9267620966662,0.31874777335440085,4.882181558885299,125.73866299999999,-104.01165999999999,5.0,1141,0.07370900424887462,96.35402231702294,1210.8678469635413,0.022360964692759333,0.00737371058635361,0.020659558148,5.0,34.86397900269367,True,True
22.436,126.23788032762945,-103.8228076021887,0.3206949865441002,4.864787741739557,126.04035900000001,-103.909366,5.0,1144,0.07395270169016598,96.67258894176672,1210.5492803387976,0.019460097240637013,0.00892982517722496,0.019717446912,5.0,36.60239699820522,True,True
22.485,126.39476954614435,-103.7706581583011,0.32110630403495405,4.865574146623781,126.24053,-103.84070200000001,5.0,1146,0.07411458727693632,96.88420932111421,1210.33765995945,0.017781135536554377,0.010732082559529399,0.022606470843,5.0,35.74300100444816,True,True
22.534,126.70693856567978,-103.66643722690807,0.3254863315131924,4.85846598026233,126.540095,-103.737115,5.0,1149,0.07435706278229064,97.20117860447824,1210.0206906760861,0.014121702019767346,0.011395813871824867,0.023586122684,5.0,34.829214004275855,True,True
22.584,126.8635881316669,-103.6134617788686,0.3274188172646484,4.864598536231553,126.739075,-103.667834,5.0,1151,0.07451824151450266,97.41187496808872,1209.8099943124755,0.032166774564576235,0.011047890664955595,0.022635282159,5.0,34.99372099759057,True,True
22.634,127.0202365153615,-103.56000621126744,0.33084838929940585,4.868826523750331,126.83877,-103.632921,5.0,1152,0.07459904760208702,97.51750645295,1209.7043628276142,0.01014525160240869,0.009726551245908155,0.022299182835,5.0,34.239792003063485,True,True
22.685,127.33337603635015,-103.45187432874863,0.3357427585617075,4.8259882302423955,127.13823500000001,-103.527704,5.0,1155,0.07484186122885768,97.83491773602393,1209.3869515445404,0.007551297246800565,0.005903913670440186,0.020631788813,5.0,35.39089299738407,True,True
22.733999999999998,127.48952767013452,-103.39725302351593,0.336855735319866,4.874533710957387,127.33778899999999,-103.457265,5.0,1157,0.07500374729784046,98.04653874573007,1209.1753305348343,0.006966604963340177,0.006232188083321599,0.020352983782,5.0,34.93436999997357,True,True
22.785,127.80172271100474,-103.28703277553211,0.3421163291356552,4.876023251343093,127.637244,-103.350728,5.0,1160,0.07524689114737661,98.3643817032248,1208.8574875773395,0.0050806549478763325,0.002312920266494878,0.02120910088,5.0,35.85720500268508,True,True
22.834,127.95835356225716,-103.23088559619903,0.34487175162720907,4.8828856770715205,127.83716000000001,-103.278935,5.0,1162,0.07540938555946497,98.57679795234259,1208.6450713282218,0.036350727914342726,0.004152220788196992,0.020134031376,5.0,34.5558830013033,True,True
22.884,128.27016397902418,-103.11835610301057,0.3481565793287897,4.868552492945323,128.136661,-103.170395,5.0,1165,0.07565307959224839,98.89536012141025,1208.326509159154,0.022544296105285383,0.002549779274252373,0.019603788978,5.0,34.115920003387146,True,True
22.934,128.4257314456949,-103.06176700224181,0.3495644388054332,4.869096251636065,128.236186,-103.134117,5.0,1166,0.07573411459435817,99.00129084834535,1208.2205784322189,0.0031332291859788725,0.001898791787689369,0.019986441057,5.0,34.98836099606706,True,True
22.985,128.7368749389499,-102.9481041080965,0.35090575331596807,4.8682409606210575,128.535276,-103.02444100000001,5.0,1169,0.07597781085060966,99.31985592397909,1207.9020133565853,0.002330578466404391,0.0022519598039947297,0.021859269445,5.0,35.38196699810214,True,True
23.034,128.89225599986827,-102.89095699742037,0.3526070866627366,4.8818346387109255,128.735079,-102.950691,5.0,1171,0.07614073622253553,99.53283553322127,1207.689033747343,0.0017979592496643875,0.004309321586892789,0.02366881553,5.0,35.00543299742276,True,True
23.086,129.20230656584707,-102.77656848501775,0.35423308225074635,4.861169149326848,129.033197,-102.839085,5.0,1174,0.07638424843369922,99.8511600210913,1207.370709259473,-0.0001132231734838761,0.007203033515118751,0.024912245731,5.0,36.475319997407496,True,True
23.134,129.35724098344795,-102.71923663736698,0.3546089602279995,4.861706375406098,129.23148999999998,-102.763803,5.0,1176,0.07654650293412997,100.06326265244358,1207.1586066281207,-0.0318532641450736,0.010283368352896893,0.026667042361,5.0,34.95946699695196,True,True
23.186,129.66567446168028,-102.60482815774857,0.3591256497900509,4.813359341098453,129.529115,-102.649327,5.0,1179,0.07679044155531066,100.38214455281313,1206.8397247277512,-0.02106475296853638,0.012293724619222512,0.029987842091,5.0,36.95248099393211,True,True
23.237,129.8200783451893,-102.54691274430738,0.36117043229282064,4.858354316435395,129.628073,-102.61138100000001,5.0,1180,0.07687151722522272,100.48812844158874,1206.7337408389756,-0.007566014816705601,0.010005427752078688,0.027864517465,5.0,37.520463003602345,True,True
23.284,130.12911606641137,-102.42904733892564,0.36818324589538315,4.867158128342345,129.926218,-102.494958,5.0,1183,0.07711636466833713,100.80819837386532,1206.413670906699,-0.011461337669530685,0.00830101885789869,0.027007127395,5.0,34.86042100121267,True,True
23.334,130.28351959342584,-102.3693630386611,0.3708674100725711,4.835062144784634,130.12581200000002,-102.416699,5.0,1185,0.0772803674823868,101.0225864390146,1206.1992828415498,-0.012782735586456116,0.006227143143399783,0.02602406422,5.0,34.15573500387836,True,True
23.384999999999998,130.59142063013783,-102.2489236758176,0.3747403023554926,4.867662699499121,130.425787,-102.298107,5.0,1188,0.07752712483446964,101.34515304606306,1205.8767162345011,-0.014758642122661566,0.004929627283273952,0.026871651908,5.0,35.574476001784205,True,True
23.435,130.7454484828767,-102.18797631322974,0.3790744774460408,4.871966443646658,130.62631100000002,-102.218951,5.0,1190,0.07769204111289456,101.56073521182049,1205.6611340687439,-0.04599673037060568,0.0022750132484303798,0.027389499466,5.0,35.63315599603811,True,True
23.483,130.8994106166881,-102.12626953688047,0.38240328321148603,4.910045021412359,130.72685900000002,-102.178828,5.0,1191,0.07777485629661632,101.66899303109005,1205.5528762494741,-0.015406411474627768,0.0013247365404298606,0.025193157036,5.0,33.88241400534753,True,True
23.532,131.20720469750438,-102.0018066139431,0.3861016823222564,4.864635184001789,131.029202,-102.057337,5.0,1194,0.07802411740267365,101.99483260008925,1205.227036680475,-0.015414391323959904,-0.0009478540952296832,0.025304135405,5.0,32.089694002934266,True,True
23.588,131.51331217078715,-101.87687521415782,0.3887676611078983,4.861034581323425,131.230054,-101.975932,5.0,1196,0.07818990541392289,102.21155431405879,1205.0103149665056,-0.03451936081738362,-0.0003423033694476274,0.026805553061,5.0,38.24691000045277,True,True
23.637,131.66645088973695,-101.81416581972869,0.38870758809285444,4.867637057089652,131.532184,-101.85271999999999,5.0,1199,0.0784395094853513,102.53784221489148,1204.6840270656728,-0.030653226728189667,-0.00034632820461499847,0.029818226811,5.0,37.59653399902163,True,True
23.685,131.8192034829699,-101.75141465973205,0.3899114239165565,4.883117178886999,131.633511,-101.811221,5.0,1200,0.07852327169292056,102.64733800444523,1204.5745312761192,-0.015273130213742915,0.0010920437276111805,0.032074412089,5.0,35.11187199910637,True,True
23.736,132.12434592681578,-101.62577848311984,0.3909713431766382,4.851057300494247,131.935577,-101.686079,5.0,1203,0.07877339195550064,102.9743006816401,1204.2475685989243,-0.016363787949112016,0.004327519011479097,0.03558362092,5.0,36.25516799365869,True,True
23.788,132.27674299962004,-101.56294504167121,0.39138360195075717,4.850709912256707,132.136239,-101.601911,5.0,1205,0.0789398514052536,103.19190011470559,1204.0299691658588,-0.026666494712298296,0.0074659776349750295,0.038291867469,5.0,38.72617599699879,True,True
23.834,132.58066872519245,-101.43678111992861,0.3954922531559435,4.825629619325191,132.43733899999998,-101.474559,5.0,1208,0.07918994269678696,103.51882492031463,1203.7030443602496,-0.0267157566905017,0.009504457111753073,0.042470466933,5.0,34.99642599490471,True,True
23.887,132.7321287522984,-101.37403901461316,0.3996037319508298,4.847518045363545,132.53740200000001,-101.43186700000001,5.0,1209,0.07927316480142015,103.62761467549868,1203.5942546050655,-0.02148009373505984,0.007527696724901833,0.041622431646,5.0,37.557291994744446,True,True
23.935,133.0356931599287,-101.2445317713693,0.407747248668735,4.856724848424816,132.837444,-101.302766,5.0,1212,0.0795230374014552,103.95425360279849,1203.267615677766,-0.024922454953956296,0.007094006889245996,0.039966338625,5.0,35.917967004934326,True,True
23.986,133.18729400959617,-101.17875847366363,0.41158449923101,4.860864736952183,133.038065,-101.214787,5.0,1214,0.07969061745219927,104.17331790998628,1203.048551370578,-0.029839186469059854,0.00780535717292441,0.038576356475,5.0,36.595614001271315,True,True
24.035999999999998,133.48938298027917,-101.04575905394347,0.4183934226993352,4.855097649359624,133.338396,-101.08094200000001,5.0,1217,0.0799421481807954,104.50212437920322,1202.719744901361,-0.03167538388436866,0.007876827135146147,0.038043190562,5.0,37.020497999037616,True,True
24.085,133.64036884241025,-100.97829004965219,0.42333712295903575,4.863976031416263,133.43843999999999,-101.035834,5.0,1218,0.08002609952599704,104.61186741360633,1202.6100018669579,-0.029860257285337376,0.0036970839270482614,0.037310031587,5.0,35.35303199896589,True,True
24.134999999999998,133.94201226618875,-100.84065784394328,0.43214193254236155,4.893116083716085,133.739011,-100.899374,5.0,1221,0.08027861985911439,104.94196751549534,1202.2799017650689,-0.03151619701406155,0.0038101977934070774,0.034425508854,5.0,35.77421900263289,True,True
24.185,134.09270388226798,-100.77096859624329,0.43542632200623704,4.860807729982323,133.939579,-100.806308,5.0,1223,0.0804477635595585,105.16307585976693,1202.0587934207974,-0.03443591966642737,0.004025287915114362,0.033658411593,5.0,35.78070200455841,True,True
24.236,134.39196809965364,-100.63084321396984,0.4400266721554077,4.860537103336839,134.23894099999998,-100.665821,5.0,1226,0.08070073361995253,105.49376385498724,1201.728105425577,-0.03540112815193595,0.0034423023903151773,0.034372400087,5.0,36.60198600118747,True,True
24.288,134.54154403945404,-100.5604569239884,0.4404524603031522,4.886420576201146,134.338502,-100.618629,5.0,1227,0.08078501869812638,105.6039431524301,1201.6179261281343,-0.03401076202000575,0.00345505801022572,0.035758327421,5.0,38.51646399562014,True,True
24.335,134.8401618382713,-100.41890914903705,0.44454921822580273,4.854590093037065,134.538037,-100.523451,5.0,1229,0.08095413505602957,105.82501575393422,1201.3968535266301,-0.03717173302346302,0.006877882120403189,0.038656515877,5.0,36.48873399652075,True,True
24.384,134.98905205427593,-100.34785200333516,0.4459218172921375,4.853920580524351,134.835422,-100.379242,5.0,1232,0.0812069662545808,106.15552222591683,1201.0663470546474,-0.0399493276484762,0.010646336416142876,0.041057390657,5.0,34.9979379971046,True,True
24.436999999999998,135.28652623785558,-100.2052999756614,0.448407127239308,4.853795591192399,134.934013,-100.330812,5.0,1233,0.08129099464797931,106.26536597940787,1200.9565033011563,-0.039662331562124474,0.01188804176764835,0.042327309118,5.0,37.32392600068124,True,True
24.488,135.43510798955137,-100.13361841828699,0.450662268025012,4.855454137208363,135.228875,-100.184325,5.0,1236,0.0815428609317023,106.59461109362496,1200.6272581869393,-0.04460346284489223,0.015698865569835796,0.046302228029,5.0,38.609677998465486,True,True
24.537,135.5824483129059,-100.06221933676218,0.45466230575253475,4.802504302209034,135.425019,-100.085675,5.0,1238,0.08171081623824593,106.81416594340052,1200.4077033371639,-0.04899345943296079,0.01657818151987822,0.046721103185,5.0,37.93596899777185,True,True
24.588,135.87840587392856,-99.91656744931852,0.4632169725781189,4.859413637783973,135.717413,-99.936824,5.0,1241,0.08196180899463522,107.14226916358362,1200.0796001169806,-0.05476503117523126,0.017040298944773102,0.044936470912,5.0,38.677042997733224,True,True
24.637,136.02619081345657,-99.84241156124726,0.4675375406862626,4.863952867351111,135.815179,-99.88624200000001,5.0,1242,0.08204601506509004,107.25234518040835,1199.969524100156,-0.056075315679467316,0.015272167321123131,0.043459857914,5.0,37.22683399973903,True,True
24.686,136.3209374563997,-99.69243139223302,0.4743356291208575,4.86699576971063,136.108094,-99.733154,5.0,1245,0.08229884739674953,107.58285313361483,1199.6390161469494,-0.061159528558225824,0.013352872934962345,0.042329630651,5.0,36.377327000082005,True,True
24.737,136.46774850449273,-99.61658496727296,0.47959668229417135,4.866687886206723,136.303356,-99.630041,5.0,1247,0.08246776727410046,107.80366889144415,1199.41820038912,-0.06482027963626143,0.01258764736254836,0.042423069864,5.0,37.456513004144654,True,True
24.785999999999998,136.76093077779686,-99.4622119961965,0.4897765290013958,4.875122710957427,136.595296,-99.473933,5.0,1250,0.08272102069971211,108.13472730787392,1199.0871419726905,-0.06862380740524943,0.010680808225505878,0.03857049375,5.0,36.62010999687482,True,True
24.837,136.90787948273936,-99.38337932165464,0.4941467606490386,4.912280756531651,136.692562,-99.421161,5.0,1251,0.08280567324058524,108.24538696059344,1198.976482319971,-0.06882624480709862,0.009063474473609556,0.037196619232,5.0,37.66571400046814,True,True
24.884999999999998,137.19874539394652,-99.2253490950749,0.5009915881022348,4.86220177084808,136.984507,-99.261165,5.0,1254,0.08306034496688229,108.57829941069637,1198.6435698698679,-0.07132723878183332,0.005642928174134809,0.036123255361,5.0,35.95481599768391,True,True
24.934,137.3436296177358,-99.1459000594831,0.5024581106267628,4.861975166702715,137.178026,-99.154225,5.0,1256,0.08322948328200959,108.79940071516405,1198.4224685654003,-0.07408056550632007,0.005091523240025708,0.036683728768,5.0,34.3396979951649,True,True
24.987,137.63306349542682,-98.98637747499342,0.5053792595479615,4.873729820109665,137.46821200000002,-98.992652,5.0,1259,0.08348356070805121,109.13153628297617,1198.0903329975881,-0.0762807948738516,0.007804538595533206,0.041061572045,5.0,37.677374995837454,True,True
25.037,137.77759338108098,-98.90628248667751,0.5071234334013163,4.858276839653172,137.564522,-98.938516,5.0,1260,0.08356807752199705,109.2420185104881,1197.9798507700762,-0.07540771742589648,0.008099095692021052,0.042025729917,5.0,37.38215399789624,True,True
25.086,138.0659361271955,-98.74542132340913,0.5107219410740335,4.859447101239358,137.852596,-98.774814,5.0,1263,0.08382154526874644,109.57335709219616,1197.6485121883682,-0.07880436773057066,0.010603215733503646,0.04503913338,5.0,36.714997004310135,True,True
25.137,138.20992584713014,-98.66449090220189,0.5135583119473452,4.8620867980733085,138.043836,-98.66510600000001,5.0,1265,0.08399020339686934,109.79383068571035,1197.428038594854,-0.08330046096132654,0.011467242182118476,0.045995087537,5.0,37.637040004483424,True,True
25.186,138.4959302978164,-98.50265239268336,0.5214744878680374,4.848024689707485,138.139354,-98.610052,5.0,1266,0.0840745410649774,109.90407872986533,1197.3177905506989,-0.08245046516071955,0.009955385025374852,0.045952181713,5.0,36.66233900003135,True,True
25.237,138.63945516073633,-98.42031860669196,0.5252688278956544,4.867417895462113,138.424601,-98.44501600000001,5.0,1269,0.08432664019402171,110.23362822457862,1196.9882410559858,-0.08582316829063173,0.005754385152227481,0.044632324882,5.0,37.63305299798958,True,True
25.288,138.92546806748376,-98.25309470480036,0.5332592087768568,4.860858940367949,138.614995,-98.332971,5.0,1271,0.08449563694964443,110.45454447936612,1196.7673248011981,-0.0907077938110145,0.008089594513617016,0.043950761418,5.0,38.84066000318853,True,True
25.337,139.06804208696983,-98.16838923856442,0.5377986577151433,4.880367395662982,138.900239,-98.163628,5.0,1274,0.08474940026231244,110.78626943130682,1196.4355998492574,-0.09295588800035624,0.005337019223847328,0.042627960588,5.0,37.722540997492615,True,True
25.384,139.21024067865153,-98.08321443980692,0.5414779155554028,4.866822012510469,138.995228,-98.106751,5.0,1275,0.08483409546072909,110.89698484690012,1196.3248844336642,-0.09035027256715468,0.0027145235767243037,0.041322325866,5.0,34.71832600189373,True,True
25.436999999999998,139.4944298672344,-97.91133983165207,0.5481156673710855,4.885829011630248,139.279547,-97.935159,5.0,1278,0.08508813537502834,111.22907137854224,1195.9927979020222,-0.09129976293031461,0.0026454072464439093,0.041901843965,5.0,37.33930399903329,True,True
25.488,139.63613010905905,-97.82445706206562,0.5517492301130098,4.902175846571106,139.468716,-97.819323,5.0,1280,0.08525782152794584,111.45088882855009,1195.770980452014,-0.09554213874220432,0.004036398842701239,0.041488554162,5.0,38.82984900701558,True,True
25.535999999999998,139.9191554371693,-97.648792773886,0.5583908945988564,4.872673459514285,139.752467,-97.643152,5.0,1283,0.085513319672285,111.78488159039084,1195.4369876901735,-0.09675660932049185,0.003053663108156801,0.041005436398,5.0,36.672096997790504,True,True
25.585,140.05948284266628,-97.56088950301181,0.5610111251015886,4.867498084838385,139.846424,-97.58428,5.0,1284,0.08559813889748534,111.89575913650818,1195.3261101440562,-0.09334156198174477,0.0023738888195001806,0.04183009572,5.0,36.4758610012359,True,True
25.637,140.33899413597425,-97.38413679878452,0.5669742908099756,4.862318912528325,140.127978,-97.40641600000001,5.0,1287,0.08585289990660334,112.2287882990672,1194.993080981497,-0.09436439503530063,0.0026407937960719607,0.043372565064,5.0,37.78177100321045,True,True
25.686,140.47832194917171,-97.29506234992976,0.5701597537364395,4.867666860878253,140.314999,-97.28666700000001,5.0,1289,0.08602278212072094,112.45086204456354,1194.7710072360007,-0.10037991943370261,0.005687007490463802,0.043745319089,5.0,36.86469700187445,True,True
25.735,140.75587418424854,-97.11564259305544,0.5785176087636558,4.863225585463169,140.593851,-97.105357,5.0,1292,0.08627722558029782,112.78347609941784,1194.4383931811465,-0.10301658574626221,0.00591268757895369,0.043535723023,5.0,35.142259002896026,True,True
25.785999999999998,140.89409183620182,-97.02493538414548,0.5829269860191483,4.866729311409091,140.68625500000002,-97.044684,5.0,1293,0.08636178873628685,112.89401890626208,1194.3278503743022,-0.09755876603704416,0.0033270664609643674,0.042369245359,5.0,36.92090300319251,True,True
25.835,141.16865041390528,-96.84224302671338,0.5921533788130227,4.7932085413659165,140.96299,-96.86163499999999,5.0,1296,0.08661560734937436,113.22581614812054,1193.9960531324436,-0.09813133445426378,-0.0005470128194078328,0.0403422848,5.0,35.31115399528062,True,True
25.884,141.30518650383004,-96.74987781157132,0.5966782744550367,4.8750330092052785,141.145771,-96.739428,5.0,1298,0.08678380516256581,113.44568800788957,1193.7761812726746,-0.10532994492888013,-0.0016702924309761613,0.039426085483,5.0,34.81200099486159,True,True
25.936999999999998,141.57885274027774,-96.56228302236543,0.6051106747639328,4.8825660651546565,141.421426,-96.554344,5.0,1301,0.08703779958515911,113.77771507177881,1193.4441542087854,-0.10415510853237181,-0.0070972542115894655,0.036892245671,5.0,37.33478600042872,True,True
25.987,141.71520081840973,-96.46773604616646,0.6079820464576716,4.883803263282399,141.51329199999998,-96.49221899999999,5.0,1302,0.08712263622023929,113.8886153764718,1193.3332539040925,-0.09477544150092573,-0.010149779895374689,0.036304497901,5.0,37.84708300372586,True,True
26.037,141.98709925765488,-96.27701569794185,0.6164764126103659,4.884644220160435,141.696396,-96.367726,5.0,1304,0.08729201647250441,114.11003294645703,1193.1118363341072,-0.10176261852782956,-0.008663220827077822,0.037104564491,5.0,37.7685260027647,True,True
26.086,142.12242442455852,-96.18057524157189,0.6216893281337935,4.888359497811553,141.970632,-96.179732,5.0,1307,0.08754636228190714,114.44251935086814,1192.779349929696,-0.0986675653896094,-0.012510290693114268,0.035106435735,5.0,36.68984999967506,True,True
26.134999999999998,142.25743806902648,-96.08347316289802,0.6259138407653566,4.891193097677148,142.061823,-96.116476,5.0,1308,0.08763126181107736,114.55350187209108,1192.6683674084732,-0.08723701838564189,-0.014164666546482074,0.033352028422,5.0,35.07411100144964,True,True
26.185,142.52689006494109,-95.88674127554076,0.6358563076824719,4.877704408888508,142.33543,-95.924685,5.0,1311,0.08788686749246154,114.88763520870883,1192.3342340718555,-0.08258112566706567,-0.015782429419263,0.03018166069,5.0,35.344427000381984,True,True
26.237,142.6600470867896,-95.78800972794991,0.6399979785358684,4.872552635212699,142.516186,-95.796099,5.0,1313,0.08805656092647093,115.10946217671923,1192.112407103845,-0.09127211579376115,-0.014591947181865628,0.029387943109,5.0,37.53652200248325,True,True
26.285999999999998,142.92446974616627,-95.58885394490967,0.6513557943105096,4.8658024489845495,142.785723,-95.601502,5.0,1316,0.08831087391565182,115.4419056778186,1191.7799636027457,-0.0875725794531798,-0.01595446515029142,0.02617347233,5.0,36.18802200071514,True,True
26.334,143.05564007644892,-95.48824349263272,0.6572331073340991,4.864300169511863,142.87551000000002,-95.535975,5.0,1317,0.0883959055910968,115.55306094354184,1191.6688083370225,-0.07160624690003602,-0.019062613018747676,0.023403236824,5.0,34.86703400267288,True,True
26.384999999999998,143.31656469637852,-95.28475982645408,0.6662959289105964,4.86598231962183,143.14229,-95.338148,5.0,1320,0.08864997635476429,115.8851878021528,1191.3366814784115,-0.06530225175223112,-0.019560084757319185,0.017449131186,5.0,35.54127399547724,True,True
26.435,143.44643529232306,-95.18237792392966,0.6688935590023375,4.867154460916218,143.318488,-95.205334,5.0,1322,0.08881876771544386,116.10583556017876,1191.1160337203855,-0.0794491095276387,-0.017378151222022353,0.017768848781,5.0,35.44559599686181,True,True
26.486,143.7055287686874,-94.97679248008089,0.6732713153512176,4.817277614916838,143.58093200000002,-95.004587,5.0,1325,0.08907153206078527,116.43625464018344,1190.7856146403808,-0.07519811882144388,-0.01438985999977005,0.017903588294,5.0,36.156574002234265,True,True
26.535,143.83384164938298,-94.87410830693759,0.6734849840580447,4.850807571622204,143.667969,-94.937314,5.0,1326,0.08915568379036297,116.54625962142518,1190.6756096591391,-0.05422190191133121,-0.013748431143001394,0.019106550795,5.0,35.440556006506085,True,True
26.585,144.09254795795454,-94.66699989387777,0.676051578101423,4.8780942597479084,143.927333,-94.73534599999999,5.0,1329,0.08940715323743056,116.87498598208784,1190.3468832984765,-0.04995288010070954,-0.011002079217038663,0.021762346054,5.0,35.104388000036124,True,True
26.633,144.2218567816795,-94.56320278573354,0.677382177488307,4.846171657835081,144.100737,-94.599435,5.0,1331,0.08957569362698728,117.09530566517344,1190.1265636153908,-0.06805935126297634,-0.00950503009071113,0.023152372722,5.0,33.49206499842694,True,True
26.684,144.48019872646938,-94.354706690296,0.6801815701840975,4.88830688780728,144.359645,-94.394205,5.0,1334,0.08982843051782055,117.42568885604467,1189.7961804245197,-0.06548049242959812,-0.005681893220339074,0.024946259042,5.0,34.62117399612907,True,True
26.735,144.60905367256058,-94.25033523274635,0.6825835270884053,4.884373521176296,144.44585800000002,-94.325395,5.0,1335,0.08991281281174748,117.53599523604602,1189.6858740445182,-0.04434330680312755,-0.005876916982762381,0.025048720988,5.0,35.046860997681506,True,True
26.782999999999998,144.86691488308085,-94.0400937625725,0.6868777199705636,4.931644006946776,144.70453600000002,-94.118371,5.0,1338,0.0901662669848673,117.86731607400866,1189.3545532065557,-0.041977276137616065,-0.007231917847436264,0.024495373826,5.0,33.958776999497786,True,True
26.837,144.99590522290976,-93.93387682726302,0.6899121074057134,4.8833588252494025,144.877264,-93.979062,5.0,1340,0.09033602035334146,118.08922138966211,1189.1326478909023,-0.06190299074933146,-0.006425158124789387,0.024432224252,5.0,37.780088001454715,True,True
26.884999999999998,145.25116233906226,-93.72189710526041,0.6959194633656677,4.877185978751152,144.963369,-93.909181,5.0,1341,0.09042085197902376,118.20011514596065,1189.0217541346037,-0.039691618444992194,-0.0074741238020146206,0.023467618172,5.0,35.92901900265133,True,True
26.935,145.37811422608232,-93.61539887207687,0.7000249645089415,4.874359612072039,145.219817,-93.699565,5.0,1344,0.09067422680017682,118.53133225329698,1188.6905370272673,-0.037169211088235746,-0.0075844349772831166,0.021334671353,5.0,35.460614002658986,True,True
26.985,145.50475262997614,-93.50816854785047,0.7048924835729294,4.8748570680261025,145.39038100000002,-93.558819,5.0,1346,0.0908433923504816,118.75246916018428,1188.46940012038,-0.0578943491766047,-0.0076142975849080585,0.019484553901,5.0,35.112412995658815,True,True
27.034,145.75623620655088,-93.29216672436475,0.7138404919465112,4.90356504272458,145.644388,-93.346317,5.0,1349,0.09109673520339291,119.08364447793588,1188.1382248026284,-0.055917556099664985,-0.008464782094148138,0.013818030754,5.0,34.33159399719443,True,True
27.086,145.88147144414768,-93.18343325339154,0.7168859560758127,4.87841787702359,145.72876200000002,-93.27488000000001,5.0,1350,0.09118130702548152,119.194198613295,1188.0276706672694,-0.030954974378007923,-0.01083246414296557,0.011634396485,5.0,36.112111003603786,True,True
27.134,146.13107744957168,-92.9651784826969,0.7199234674466672,4.880275992250489,145.979586,-93.06116999999999,5.0,1353,0.0914333853766896,119.52372094676639,1187.698148333798,-0.027478538379185874,-0.009784259269826734,0.010579938676,5.0,34.879808001278434,True,True
27.185,146.25524570819496,-92.856288229598,0.7197802889204112,4.850521524592046,146.145749,-92.91806700000001,5.0,1355,0.09160113908443901,119.74301226218932,1187.478857018375,-0.04934314738512512,-0.007980282737082067,0.011555212462,5.0,35.497652999765705,True,True
27.238,146.5039843338831,-92.63773923775068,0.7208266034467945,4.881914471178344,146.393077,-92.704451,5.0,1358,0.0918511404264117,120.06981948376551,1187.1520497967988,-0.04500948378249119,-0.007162294178844064,0.01396352103,5.0,38.11968199443072,True,True
27.285,146.6287659323836,-92.52814100274465,0.7202250689546565,4.88488576022269,146.475675,-92.632866,5.0,1359,0.09193475408987731,120.17912109321843,1187.042748187346,-0.022226640688605182,-0.006643805697504668,0.01522610422,5.0,35.36509499826934,True,True
27.334,146.8783106019657,-92.30908055618843,0.7200852251460357,4.886644208095198,146.723869,-92.41790300000001,5.0,1362,0.09218593056501365,120.50746447456544,1186.7144048059988,-0.020117661204632816,-0.0055919533339072736,0.018053354715,5.0,35.072388003754895,True,True
27.384999999999998,147.0031851667157,-92.19937101223177,0.7208771950915951,4.888980685434767,146.889208,-92.274011,5.0,1364,0.09235360269600867,120.72664915107103,1186.4952201294932,-0.036723657976454646,-0.004439566339760503,0.019716715223,5.0,36.03005800687242,True,True
27.436999999999998,147.25240059679177,-91.97988580849685,0.7244933989429153,4.889115162453704,147.13757900000002,-92.05781400000001,5.0,1367,0.09260550037336553,121.05593530373288,1186.1659339768314,-0.03354005894002729,-0.004456861905100418,0.020261184571,5.0,38.11496399430325,True,True
27.485,147.37747520385537,-91.86915283795693,0.7263077035050963,4.916918112851159,147.220412,-91.985292,5.0,1368,0.09268972040050506,121.16602956504109,1186.0558397155232,-0.01702446399523247,-0.005001400017657698,0.018405522008,5.0,35.76617500220891,True,True
27.535999999999998,147.6252505541355,-91.64821704252017,0.7301464774137564,4.878293329078032,147.46833,-91.766649,5.0,1371,0.09294259098964462,121.49658752926217,1185.7252817513022,-0.016154043097722587,-0.002723496775367984,0.016885112846,5.0,36.587479000445455,True,True
27.584,147.74864008073007,-91.53747614140161,0.7323922471562035,4.877107585858141,147.632542,-91.620518,5.0,1373,0.09311074748041528,121.71640537145906,1185.5054639091052,-0.028642662923146604,-0.001331117725499098,0.0161081215,5.0,34.72312599478755,True,True
27.636,147.99457714721106,-91.31479141548637,0.7388927818786523,4.879529286893591,147.878861,-91.39974000000001,5.0,1376,0.09336378867352799,122.04718635292483,1185.1746829276394,-0.027655522556555096,-0.002459673878631552,0.012289825621,5.0,36.52187600528123,True,True
27.685,148.1170616101579,-91.20294742213895,0.7409286820684435,4.880481980298123,147.960695,-91.325754,5.0,1377,0.09344818218167893,122.15750739240505,1185.0643618881593,-0.014631764829173907,-0.0031907342770822744,0.010518789117,5.0,35.66514499834739,True,True
27.733999999999998,148.23950618759594,-91.0905906273378,0.7433335040419324,4.897710237243944,148.123659,-91.177775,5.0,1379,0.09361657377177468,122.37763256158115,1184.8442367189832,-0.02602261303309808,-0.0014597796727620072,0.0097076377442,5.0,34.57748299842933,True,True
27.784,148.48366222021698,-90.86555444932608,0.7459412180118887,4.887223553300618,148.366988,-90.95494599999999,5.0,1382,0.09386897330261393,122.70757474809037,1184.514294532474,-0.023844708883550947,-0.0017483239496876024,0.0071029905587,5.0,34.371518006082624,True,True
27.838,148.72644797772543,-90.64086150149767,0.7457895093966975,4.880224377231311,148.447555,-90.88083,5.0,1383,0.09395271767555795,122.81704722383198,1184.4048220567324,-0.013253581642433086,-0.0015445935979134795,0.0073327173353,5.0,38.24383399478393,True,True
27.884,148.84840545003794,-90.52810712076723,0.7464319104364564,4.887243936540368,148.687961,-90.658996,5.0,1386,0.09420295580481736,123.14416397892774,1184.0777053016366,-0.01275154479853301,-0.0006892901060031598,0.0086001960653,5.0,34.394381000311114,True,True
27.936,148.97049124033975,-90.4151246601864,0.7463059647342632,4.893350726771021,148.848066,-90.511216,5.0,1388,0.09436963140282653,123.36204596572074,1183.8598233148437,-0.016894531277940314,0.0002922429851692776,0.0086042190915,5.0,37.02354399865726,True,True
27.983999999999998,149.21475832877942,-90.1892803166656,0.746024479598885,4.889304020859325,149.088549,-90.28798,5.0,1391,0.09462064129671732,123.69017158842057,1183.5316976921438,-0.01469333134938913,0.002171838676462645,0.0095844758615,5.0,34.06957400147803,True,True
28.035,149.33701181606034,-90.07621282359476,0.7458623349386497,4.897509858766048,149.168602,-90.213708,5.0,1392,0.09470417783610674,123.79937237959444,1183.42249690097,-0.01358594422142726,0.002929791780345692,0.010339694182,5.0,35.44770900043659,True,True
28.087,149.58127168086625,-89.85018899747978,0.7473915300152242,4.897906891342554,149.409663,-89.989846,5.0,1395,0.09495583770180496,124.12834765965536,1183.0935216209089,-0.014117111766182234,0.001139094591837253,0.010514612427,5.0,37.659492998500355,True,True
28.134999999999998,149.70380906276657,-89.73663397127585,0.7493098344339393,4.9133654639382165,149.570957,-89.84073599999999,5.0,1397,0.09512387195639185,124.34800571203961,1182.8738635685247,-0.013942904587360305,-0.002119829901197967,0.0097350646719,5.0,35.61672599607846,True,True
28.185,149.9472730087087,-89.50930593082072,0.7522402925147936,4.889170382544783,149.81333700000002,-89.616061,5.0,1400,0.09537669452795484,124.6785009066345,1182.5433683739298,-0.013461908322329418,-0.0029217575190649825,0.0063750362401,5.0,35.1418680002098,True,True
28.235,150.06858820553592,-89.3956513531044,0.7533476554831924,4.889569463387026,149.974322,-89.466424,5.0,1402,0.09554482930886664,124.89829036922909,1182.3235789113353,-0.05070017673331811,-0.002691769318825976,0.0056724869162,5.0,35.34246300114319,True,True
28.285999999999998,150.3108159032506,-89.16774293017129,0.7571678283046599,4.911862274313587,150.216318,-89.240812,5.0,1405,0.09579792461046521,125.22914208249091,1181.9927271980735,-0.04890098693210704,-0.003950738417157318,0.0032956617337,5.0,35.814604998449795,True,True
28.336,150.43148343992132,-89.05336893613267,0.7586183465754537,4.892702043837403,150.29741,-89.165146,5.0,1406,0.09588276944828611,125.34005310998594,1181.8818161705783,-0.01105910547388506,-0.005463552636101987,0.0014181737251,5.0,36.304921995906625,True,True
28.384,150.6729346153856,-88.82405847954468,0.7604240043167965,4.8934567227400265,150.539007,-88.938556,5.0,1409,0.09613615284233733,125.67128142400225,1181.550587856562,-0.009267905356579452,-0.004412192436948459,-0.00094380191876,5.0,34.29191900067963,True,True
28.431,150.79349624636754,-88.70942472890262,0.7602286202640977,4.896135887222033,150.699804,-88.78705500000001,5.0,1411,0.09630515693296406,125.89220726726737,1181.329662013297,-0.04572987347422978,-0.004546182451154568,-0.0016078536455,5.0,31.853133004915435,True,True
28.482,150.91412518269166,-88.59485555270102,0.7590079478183043,4.896408813075703,150.939381,-88.56109000000001,5.0,1414,0.09655708708328328,126.2215358692958,1181.0003334112685,-0.04216596799691469,-0.0028251634089939692,-0.00051124643214,5.0,32.69424400059506,True,True
28.535,151.15460946196987,-88.36709158515724,0.7564725706761565,4.894222873765985,151.01848999999999,-88.486427,5.0,1415,0.09664030070234507,126.33031453195535,1180.891554748609,-0.0066790224877106355,-0.0013769825989515816,0.0018859782885,5.0,35.078579996479675,True,True
28.583,151.2757149669251,-88.25282443197881,0.7558361797683969,4.899025359285771,151.177786,-88.336745,5.0,1417,0.096807514992683,126.54890070914134,1180.6729685714229,-0.03818464541891177,-0.00359775217990288,0.0018347055733,5.0,33.78414100006921,True,True
28.633,151.51863893818364,-88.02447792471776,0.753070424325503,4.905539766489464,151.41821000000002,-88.112843,5.0,1420,0.09705883889404342,126.87743680927257,1180.3444324712918,-0.03331864978525306,-0.004045435696639288,0.0034924995566,5.0,33.32150600181194,True,True
28.684,151.6400534132301,-87.91076875572168,0.7510377928018013,4.901180778160587,151.498376,-88.038131,5.0,1421,0.09714266794374181,126.98701997631932,1180.234849304245,-0.003799172693090267,-0.0034477164043473785,0.0040485757037,5.0,34.563506997074,True,True
28.733999999999998,151.88349964744947,-87.68351108986754,0.7499303279717194,4.881309486160813,151.739264,-87.814162,5.0,1424,0.09739428650451899,127.31594126168416,1179.90592801888,-0.0028872077545824765,-0.002803061166454235,0.0059197764307,5.0,34.55488100007642,True,True
28.79,152.12794806898756,-87.45533974430579,0.753482545550914,4.891199949498484,151.900586,-87.665103,5.0,1426,0.09756230993341677,127.53558516249085,1179.6862841180734,-0.025115756330487463,-0.0035007141636720362,0.0056429170242,5.0,40.6075420032721,True,True
28.833,152.2491926077498,-87.34149913447892,0.7542609077566512,4.89135921515779,152.143279,-87.440038,5.0,1429,0.09781551078610946,127.86657485445122,1179.355294426113,-0.021660582275367966,-0.00511307207317202,0.0011626291786,5.0,33.258909003052395,True,True
28.884,152.37034768269876,-87.22758146763677,0.7549684147237643,4.891156479855219,152.22383100000002,-87.365193,5.0,1430,0.09789962531309389,127.97653120364944,1179.2453380769148,7.336410363872016e-05,-0.0052658330224084615,0.00028844162123,5.0,34.91279999434482,True,True
28.934,152.61229568683385,-86.99950471213229,0.7569740062007105,4.891461093386797,152.465873,-87.139814,5.0,1433,0.09815262485191506,128.30725773371438,1178.91461154685,0.0017752592161654017,-0.005408728451554268,-0.0019143731074,5.0,34.2271690024063,True,True
28.983999999999998,152.7332471983395,-86.88511549761354,0.7580512337237538,4.892806687634179,152.627941,-86.988646,5.0,1435,0.09832216406228211,128.52888309720674,1178.6929861833576,0.019044354891640067,-0.0060449438027356805,-0.0031902903488,5.0,34.780232002958655,True,True
29.035,152.9749831176353,-86.6560479276623,0.758965406108561,4.897603923138774,152.871216,-86.76116999999999,5.0,1438,0.09857694766108216,128.86194178949216,1178.359927491072,0.019688263699739795,-0.005227239457709754,-0.0052711621667,5.0,35.701674001757056,True,True
29.085,153.09574518899805,-86.54151439122987,0.7590515534358129,4.899645313506638,152.952554,-86.68486,5.0,1439,0.09866226649995628,128.97347244153005,1178.2483968390343,0.005685024488155495,-0.0057109892410998064,-0.0059800829742,5.0,35.268023995740805,True,True
29.136,153.33633838611516,-86.31335758601027,0.7574042384358796,4.845515300069769,153.195119,-86.457647,5.0,1442,0.09891651603023596,129.30583298776597,1177.9160362927983,0.0077996721197948074,-0.006962040076330833,-0.0067326923486,5.0,36.15127399825724,True,True
29.184,153.456857190103,-86.19896394749375,0.7569391148978443,4.898907791896539,153.355636,-86.30724599999999,5.0,1444,0.09908478806030499,129.52580186546044,1177.696067415104,0.0202422672941937,-0.006623132233948503,-0.0055219772344,5.0,34.20341399760218,True,True
29.235,153.69943129036287,-85.97004070421313,0.7555598314315033,4.908945962257963,153.599182,-86.082939,5.0,1447,0.09933807505617488,129.85690416566592,1177.3649651148985,0.021219345859321344,-0.014308813422271083,-0.0056869237776,5.0,35.33547899860423,True,True
29.285,153.82102602706271,-85.85555334510778,0.7544530924928006,4.913703580398944,153.68067299999998,-86.008278,5.0,1448,0.0994226220721644,129.96742587394985,1177.2544434066144,0.015521895516045,-0.013875939112386604,-0.0054809822976,5.0,35.40500999952201,True,True
29.335,154.06463644078445,-85.62726133512048,0.7509186657581501,4.9118865490741435,153.925147,-85.784307,5.0,1451,0.09967625748877029,130.29898363736115,1176.9228856432032,0.019689532531724816,-0.011137394350349439,-0.0044922618787,5.0,36.05130800133338,True,True
29.384999999999998,154.18661466293912,-85.51330225408104,0.7500645272827212,4.872082919829017,154.088126,-85.63494399999999,5.0,1453,0.09984537108293702,130.52005262604854,1176.7018166545158,0.024714018932398298,-0.009935504911959825,-0.0027573949603,5.0,35.49140100221848,True,True
29.433,154.30866653820394,-85.39956834415737,0.7508757976850089,4.9126216100691975,154.169823,-85.56019599999999,5.0,1454,0.09993007927031508,130.63078502109624,1176.591084259468,0.02335696430586839,-0.010124769549404444,-0.0027447878449,5.0,33.843110999441706,True,True
29.485,154.55333288868934,-85.17092980957054,0.7520917012582692,4.900333073074261,154.415598,-85.335577,5.0,1457,0.100184783799465,130.96374035180582,1176.2581289287584,0.026707949491498746,-0.011493283104277108,-0.0058082733877,5.0,35.917316999984905,True,True
29.535,154.6749758537022,-85.0571132716678,0.7522750216955559,4.899046174974197,154.57890600000002,-85.186314,5.0,1459,0.10035403134411376,131.18498444349274,1176.0368848370715,0.029843882744678796,-0.011567303278475993,-0.0062962028915,5.0,35.72602000349434,True,True
29.586,154.918048844661,-84.82958373554683,0.752111838670167,4.894972843694401,154.82452,-84.96200400000001,5.0,1462,0.10060848527677257,131.51761218898878,1175.7042570915755,0.03364189426307893,-0.012734420277864533,-0.0076611474993,5.0,36.45105499890633,True,True
29.634999999999998,155.03980893420763,-84.71582123031911,0.7510271241715094,4.897452229354478,154.906731,-84.886943,5.0,1463,0.10069364523798026,131.62893515266654,1175.5929341278977,0.03475035862066926,-0.012382105118413644,-0.0073586909361,5.0,35.10625199851347,True,True
29.685,155.2832754849475,-84.48855769347423,0.7509246379934517,4.896977354594851,155.154027,-84.661016,5.0,1466,0.10094988348835858,131.96389539730728,1175.257973883257,0.03826042354111763,-0.009103109031459944,-0.0064830726639,5.0,35.24271600326756,True,True
29.736,155.40497770039914,-84.37502645638239,0.7504806894383066,4.897828556746356,155.319024,-84.509745,5.0,1468,0.10112112127717597,132.18774117969662,1175.0341281008677,0.04155548443077802,-0.008969680244509615,-0.0063309420067,5.0,36.11444499983918,True,True
29.782999999999998,155.64762299917436,-84.14916245878157,0.749252025411186,4.831660377204944,155.566461,-84.282912,5.0,1471,0.10137790696328751,132.52341704429983,1174.6984522362645,0.045073431665202106,-0.008017542182245041,-0.0052012077605,5.0,33.91150900279172,True,True
29.835,155.76922154205687,-84.03634955245764,0.7485872692213662,4.896077155875232,155.648517,-84.207746,5.0,1472,0.10146303363288547,132.6346964884573,1174.587172792107,0.043872060287248466,-0.008543897067910144,-0.0052079108575,5.0,35.532377994968556,True,True
29.881999999999998,156.0136695611378,-83.80972221320951,0.7467128213204512,4.9061123751194735,155.89638100000002,-83.980622,5.0,1475,0.1017202107823599,132.97088408252952,1174.2509851980349,0.04588670189634402,-0.005751065353697182,-0.0032310656043,5.0,32.285370005411096,True,True
29.934,156.1361976760192,-83.6964155751289,0.7459140534252005,4.907706624413981,156.06252,-83.828703,5.0,1477,0.10189242765814503,133.19600974881502,1174.0258595317493,0.05240835471771092,-0.00713113836550594,-0.0020012787666,5.0,34.78578200156335,True,True
29.983,156.38144658904943,-83.47049485080426,0.7419924190946161,4.902071089215314,156.312636,-83.601422,5.0,1480,0.10215095826086941,133.5339666065746,1173.6879026739898,0.05680395088352497,-0.008348312992027651,-3.4121072641e-05,5.0,33.62055600155145,True,True
30.037,156.50420612796336,-83.35801356864155,0.7398028565559444,4.868167410194853,156.396298,-83.525405,5.0,1481,0.10223743129242634,133.6470060445288,1173.5748632360355,0.050684966734688024,-0.005555070790296934,0.0027142287858,5.0,37.33401499630418,True,True
30.086,156.75039442208816,-83.13199829640445,0.7450835317577881,4.900462645266541,156.64828300000002,-83.297862,5.0,1484,0.10249715610736164,133.9865240026071,1173.235345277957,0.05304012409718419,-0.007367546215521159,0.0029804976995,5.0,36.753589993168134,True,True
30.133,156.8724691681566,-83.01922910086968,0.7464147424880275,4.888757909634279,156.817142,-83.145484,5.0,1486,0.10267114926002978,134.21397165687995,1173.0078976236844,0.06809628006405583,-0.01197138566927336,0.00085329921866,5.0,33.54438299720641,True,True
30.183,157.11629747914537,-82.79352639471293,0.7474297567784054,4.884547547641418,157.070422,-82.91828199999999,5.0,1489,0.10293143588770809,134.55422402886234,1172.667645251702,0.07690806418081524,-0.0175147949445722,-0.0063333871206,5.0,33.82577899901662,True,True
30.230999999999998,157.23800204695306,-82.68075369089037,0.7475588813217507,4.880876439362034,157.15521999999999,-82.842584,5.0,1490,0.10301839135159795,134.6678941129126,1172.5539751676517,0.06252020818407825,-0.01907738067015119,-0.0056723011462,5.0,31.932641999446787,True,True
30.285,157.48178516031288,-82.45538940955717,0.7452834720768102,4.877431775301707,157.240323,-82.766738,5.0,1491,0.10310559629711463,134.78189032480142,1172.4399789557629,0.06575920480473166,-0.0198296533657083,-0.0035045393113,5.0,35.878434995538555,True,True
30.337,157.6037692812141,-82.34279304356002,0.7449474970764028,4.876381429791283,157.496278,-82.538399,5.0,1494,0.10336798790006561,135.12489436649452,1172.0969749140697,0.07143015927199632,-0.01436643301204299,0.0058245804544,5.0,37.15453900076682,True,True
30.384,157.7256713376541,-82.23056829604471,0.7431520413428485,4.87467342501437,157.666113,-82.385536,5.0,1496,0.10354278408218043,135.35339175842176,1171.8684775221425,0.07558901770285982,-0.010501737604569072,0.0070358579066,5.0,34.31042400188744,True,True
30.434,157.96931169066715,-82.00734180264504,0.7407970572104052,4.7973043192024365,157.919219,-82.155964,5.0,1499,0.10380418621087584,135.69510233772888,1171.5267669428354,0.080615470667216,-0.002130017847915333,0.012334649855,5.0,35.04930499912007,True,True
30.483999999999998,158.09115381320882,-81.89639555391855,0.740982703364429,4.875350044656734,158.00306899999998,-82.079424,5.0,1500,0.10389103496187632,135.80863292435643,1171.4132363562078,0.07598200327231942,-0.0006478456023621959,0.012203466054,5.0,34.642786005861126,True,True
30.534,158.3359509909304,-81.67249821780793,0.7418208430012094,4.883260169173553,158.25409399999998,-81.848874,5.0,1503,0.10415176591544277,136.14946612885686,1171.0724031517075,0.0748043379331941,0.005662864349323726,0.016584270977,5.0,34.91824000229826,True,True
30.584,158.4583832629431,-81.56018931541459,0.7432847098633946,4.886838263888571,158.421472,-81.693414,5.0,1505,0.10432651554236516,136.37790266281843,1170.843966617746,0.08804154097349795,0.008118202183754253,0.015928257287,5.0,34.453430998837575,True,True
30.636,158.7027892367367,-81.33514033357399,0.7448717239447222,4.887730233842136,158.588673,-81.537377,5.0,1507,0.10450146678012051,136.60660274686992,1170.6152665336945,0.0709456960045296,0.007008368188899716,0.01330206094,5.0,36.819082000874914,True,True
30.686,158.82462848334518,-81.22256662477822,0.7451232659884331,4.864010633210139,158.75563400000001,-81.38110999999999,5.0,1509,0.10467640402194608,136.83528453513594,1170.3865847454283,0.0700412680901389,0.008113743472647705,0.014453198078,5.0,36.11381399969105,True,True
30.735,159.06858978078114,-80.99582571776924,0.7515865208700914,4.906736427251586,159.006496,-81.145887,5.0,1512,0.10493947536325195,137.17917714567193,1170.0426921348924,0.07008131158284363,0.006966626964227007,0.015239655365,5.0,35.377398002310656,True,True
30.785,159.1897136729027,-80.8824272477375,0.7533273582905929,4.875199758521942,159.090495,-81.066604,5.0,1513,0.10502783523517599,137.29468310261788,1169.9271861779464,0.06648617345286781,0.005262896453978261,0.013085501563,5.0,35.94216399505967,True,True
30.834,159.43112163996744,-80.65536971843422,0.7563179566270879,4.872684383728773,159.340408,-80.830304,5.0,1516,0.10529094224805095,137.63862234380912,1169.5832469367551,0.06508734374891895,0.0030493142879075563,0.013175345241,5.0,34.1969520013663,True,True
30.886,159.55148971141114,-80.54171252290485,0.7574146919397184,4.870061014885721,159.507076,-80.672512,5.0,1518,0.10546651588654848,137.86813604372225,1169.3537332368421,0.07786477140040668,0.002020208403795909,0.013465282673,5.0,36.59931100264657,True,True
30.935,159.79229258828687,-80.31425185086061,0.7574095475525078,4.865893042732514,159.674521,-80.51386600000001,5.0,1520,0.10564297031313495,138.09880112908743,1169.123068151477,0.06401360180747381,0.002706141102804871,0.015566252726,5.0,35.2558609956759,True,True
30.983999999999998,159.91255463565645,-80.20038522471188,0.7582826315809549,4.865287174983111,159.84122,-80.354925,5.0,1522,0.1058191666559314,138.3291288416782,1168.892740438886,0.063625440492461,0.005635028105354323,0.016774980853,5.0,34.15167700586608,True,True
31.035,160.1526416145312,-79.9731231549344,0.7575939901345273,4.863903189890301,160.08992,-80.11614399999999,5.0,1525,0.10608291126271933,138.6739015595762,1168.547967720988,0.06444584875048924,0.008926957579388883,0.019621275116,5.0,35.62001200043596,True,True
31.085,160.27224439896,-79.85966543496521,0.7583155262370607,4.831065742870338,160.172381,-80.036575,5.0,1526,0.10617057102630882,138.78849231959634,1168.433376960968,0.059322127946573454,0.010713297156745405,0.020934917014,5.0,35.13672899862286,True,True
31.136,160.51134176387094,-79.63306934345827,0.761507717025384,4.866148741511465,160.336604,-79.877624,5.0,1528,0.10634540663533808,139.01704125124837,1168.2048280293159,0.06681817345704837,0.012501307303794729,0.021936805937,5.0,36.275415994168725,True,True
31.185,160.63106171715575,-79.51869169255374,0.7642397179847923,4.870310408552983,160.58185600000002,-79.63780899999999,5.0,1531,0.10660780749243691,139.36005739016593,1167.8618118903983,0.07067334604360992,0.01590674404010084,0.022326804198,5.0,35.18186300061643,True,True
31.236,160.75060043797512,-79.40394318367967,0.7662052794062703,4.873931062114778,160.66357299999999,-79.557209,5.0,1532,0.10669561062038393,139.4748355592095,1167.747033721355,0.05025201083695133,0.014382300784678392,0.020622645171,5.0,36.81062599935103,True,True
31.284,160.98895510543016,-79.17380275771721,0.7692428120613648,4.87460405418669,160.90888,-79.315376,5.0,1535,0.10695912272240023,139.8193043417853,1167.402564938779,0.0471168037725227,0.010405725346503747,0.019756367524,5.0,34.537349005404394,True,True
31.333,161.10769023642916,-79.05861253798639,0.7696477239769798,4.855229223596841,160.990429,-79.23454699999999,5.0,1536,0.10704695763118299,139.9341240554324,1167.2877452251319,0.0442312377699493,0.011109129051487976,0.020285509781,5.0,33.48205700604012,True,True
31.386,161.34492976078562,-78.82673955603204,0.7770500911954726,4.910232178245336,161.23575,-78.99183599999999,5.0,1539,0.10731094981358377,140.2792204095858,1166.9426488709785,0.04113230504812218,0.009638441714916901,0.020244680638,5.0,36.04911299771629,True,True
31.436999999999998,161.4631572906001,-78.7102764042919,0.7790370069206427,4.862986746750797,161.399565,-78.828391,5.0,1541,0.10748797250281349,140.51062834030574,1166.7112409402584,0.05466019238158194,0.007910154025757787,0.019155148543,5.0,37.45301700109849,True,True
31.485,161.69796214264414,-78.47763060179578,0.7826163889000167,4.859274012724852,161.643543,-78.583873,5.0,1544,0.10775221156540758,140.85604742164693,1166.3658218589173,0.06367193039325242,0.0067905574669619995,0.019561556795,5.0,35.69766599684954,True,True
31.535999999999998,161.8149605610703,-78.36109404741273,0.7844626402896804,4.856805497114127,161.724854,-78.502155,5.0,1545,0.10784039802661496,140.9713266923117,1166.2505425882525,0.03639530325916461,0.005634034024027734,0.019241987077,5.0,36.25968699634541,True,True
31.584,162.04866605917624,-78.12759999288635,0.7861622022269839,4.852473917055468,161.969482,-78.255612,5.0,1548,0.10810608593424685,141.31863973557148,1165.9032295449929,0.03911832130750001,0.006330271600077264,0.021184888247,5.0,34.10154399898602,True,True
31.634999999999998,162.1651709260094,-78.01061900464396,0.788187673401925,4.850446234913546,162.050639,-78.173358,5.0,1549,0.10819448074509173,141.43419136543883,1165.7876779151254,0.03346450797369885,0.0071958491561736615,0.021338396882,5.0,35.83437199995387,True,True
31.685,162.39752627130383,-77.7769008043656,0.788406697198815,4.848109233894603,162.292992,-77.925661,5.0,1552,0.10845957621786934,141.78072996490098,1165.4411393156633,0.030592085015666348,0.010206651441724723,0.023290679804,5.0,35.22685699863359,True,True
31.737,162.5136534970329,-77.66001512547957,0.7889415294133285,4.849292114031773,162.453498,-77.760385,5.0,1554,0.10863581823402664,142.0111173827079,1165.2107518978564,0.058357571977247946,0.013277810710413451,0.025486530499,5.0,37.22375800134614,True,True
31.787000000000003,162.74438388274703,-77.42700689946598,0.7932663005203915,4.849787037817263,162.61282,-77.595507,5.0,1556,0.10881121132196026,142.24039506297538,1164.981474217589,0.024083692565944857,0.012698621137475996,0.025973216072,5.0,37.15385800023796,True,True
31.837999999999997,162.86002625486125,-77.30928003830742,0.7961400449043664,4.8542050522653835,162.771836,-77.429458,5.0,1558,0.10898708773969934,142.47030456253464,1164.7515647180296,0.027561324995345873,0.0159420773786616,0.02651149689,5.0,38.93659899767954,True,True
31.883999999999997,163.09068427327273,-77.07262603994295,0.8011881785183448,4.861740271839299,163.01016299999998,-77.178484,5.0,1561,0.10925185047964356,142.81640820636036,1164.405461074204,0.03695122240028241,0.0131036475645816,0.02296147028,5.0,34.13600799831329,True,True
31.934,163.20547962116703,-76.95403719410587,0.8031176982233299,4.862363525613368,163.089576,-77.094736,5.0,1562,0.1093401392131059,142.93182116955342,1164.290048111011,0.014380871712074248,0.01161202985757459,0.02228722639,5.0,34.821269000531174,True,True
31.983999999999998,163.31997406634156,-76.83509000331826,0.8040152650668595,4.8338509969915044,163.248078,-76.927181,5.0,1564,0.10951657903514474,143.16246716353456,1164.0594021170298,0.050357492402306026,0.01080789405851057,0.023302429664,5.0,34.679413998674136,True,True
32.035000000000004,163.54838753259085,-76.5959460610179,0.8114086156629339,4.900972515876882,163.406533,-76.75931,5.0,1566,0.10969316992053474,143.393310630832,1163.8285586497323,0.009408089853454905,0.007027253732429184,0.022515675461,5.0,35.838499999954365,True,True
32.085,163.66264216094234,-76.4754972441831,0.8133259636073491,4.855728132281852,163.565127,-76.58985200000001,5.0,1568,0.10987071831615296,143.6254057764398,1163.5964635041246,0.01781424567113004,0.008214243161517754,0.022101940475,5.0,35.692928002390545,True,True
32.133,163.88908294846246,-76.23532945352288,0.8163907969451746,4.852578875032195,163.80195700000002,-76.336007,5.0,1571,0.11013629541880628,143.9725739730084,1163.249295307556,0.032492797218477774,0.005963614101841763,0.023917198334,5.0,33.9086239982862,True,True
32.185,164.00201492444756,-76.11517112192192,0.8166193563818008,4.8513572890919505,163.8807,-76.25143299999999,5.0,1572,0.11022469367992753,144.08813011315246,1163.133739167412,0.0048254317547606965,0.005055250250745491,0.024466381276,5.0,35.64278400153853,True,True
32.234,164.22818858493088,-75.87487972192977,0.8162647642785595,4.8464932182000044,164.117176,-75.996698,5.0,1575,0.11049058470794441,144.43570867982163,1162.7861606007427,0.0026107445248784475,0.009071790189174145,0.030806814056,5.0,34.82716999860713,True,True
32.285000000000004,164.34103767035705,-75.75449916643052,0.8184722705392954,4.844993675271776,164.195625,-75.911702,5.0,1576,0.11057906681818111,144.55137442936314,1162.670494851201,0.0009161610693830024,0.010482064478883224,0.031533369288,5.0,35.19811300066067,True,True
32.336000000000006,164.56598965622328,-75.51390532032612,0.8190199067929173,4.845927058448461,164.430013,-75.656014,5.0,1579,0.1108444107190839,144.89823777950346,1162.3236315010608,-0.002641807712542544,0.010914987600775916,0.033651086744,5.0,36.37394999532262,True,True
32.387,164.67841870967527,-75.39358133393534,0.8197456067232632,4.846035011728166,164.585477,-75.485947,5.0,1581,0.11102067510926364,145.12865444512184,1162.0932148354425,-0.03407967492406511,0.011139771078725325,0.036282102925,5.0,37.393857004644815,True,True
32.437000000000005,164.90165581313605,-75.15395647483868,0.825613415714899,4.840296516686488,164.81784,-75.231726,5.0,1584,0.111284145246626,145.47306837058426,1161.74880090998,-0.050341673403555984,0.009593783902003938,0.039094159533,5.0,37.20647600130178,True,True
32.486000000000004,165.01310602562128,-75.03276044905223,0.8296668473737305,4.842611065357432,164.895038,-75.14657,5.0,1585,0.11137207174604162,145.58800781350965,1161.6338614670547,-0.009917432190144357,0.010463856143595685,0.038203924708,5.0,36.177162000967655,True,True
32.535000000000004,165.23483919402332,-74.78879768629443,0.8371563368052553,4.849045049846938,165.125621,-74.888933,5.0,1588,0.11163656719548948,145.93376204935308,1161.2881072312111,-0.022131466346572166,0.011172594777073108,0.034473859672,5.0,35.30702699936228,True,True
32.585,165.3449192509365,-74.6664514765189,0.8406089228152717,4.85239258321416,165.20228,-74.802437,5.0,1589,0.11172498180242271,146.04933955710004,1161.1725297234643,-0.015358457201616835,0.009062767880698264,0.033042513707,5.0,36.287759001425,True,True
32.637,165.56414086716583,-74.42035892978777,0.8468327356047465,4.847758801833126,165.431002,-74.542076,5.0,1592,0.11199009187672097,146.39589724398934,1160.825972036575,-0.018862078882951876,0.00993389379945775,0.03436062341,5.0,37.54782400210388,True,True
32.694,165.67307871355948,-74.29653122275109,0.8518686333731315,4.851532077998515,165.582773,-74.367639,5.0,1594,0.1121669717456855,146.62711847693524,1160.594750803629,-0.05591553782963714,0.012170358928941916,0.032313203358,5.0,44.65149900352117,True,True
32.734,165.89011658825183,-74.04676053466714,0.858275200354711,4.842406908509718,165.734139,-74.19113399999999,5.0,1596,0.11234484568209568,146.85963917658566,1160.3622301039786,-0.02373480211104116,0.008839916748526022,0.028917856537,5.0,34.759542999381665,True,True
32.786,165.99756785725532,-73.92207136047458,0.8606574066627759,4.840083854445059,165.884545,-74.014426,5.0,1598,0.11252236041279917,147.0916903146807,1160.1301789658837,-0.03281104581979307,0.008831421819094576,0.029640095519,5.0,36.46955900330795,True,True
32.838,166.2117511562698,-73.67237394210689,0.8621675217032118,4.849730386621401,165.959428,-73.926091,5.0,1599,0.11261094818127569,147.20749418298396,1160.0143750975803,-0.026516053089800207,0.007374180256884966,0.030083148788,5.0,38.581034998060204,True,True
32.887,166.3188563133591,-73.54732037614063,0.8628547845496684,4.835400468074883,166.18398,-73.660504,5.0,1602,0.11287700335757478,147.55528732787744,1159.6665819526868,-0.02888898988641193,0.007982365279133763,0.034428853478,5.0,37.65314100019168,True,True
32.937000000000005,166.53209114832268,-73.29695714258114,0.8673556879217627,4.8355970579770755,166.258915,-73.571505,5.0,1603,0.11296600480935552,147.67163197204295,1159.5502373085214,-0.030418877676630467,0.009373940172443529,0.036225594382,5.0,37.475969998922665,True,True
32.986000000000004,166.63832710246479,-73.17154620916465,0.8685541607516625,4.837442615422747,166.48136,-73.30453100000001,5.0,1606,0.11323183700224833,148.01913362815122,1159.2027356524131,-0.03429031802192248,0.012084511316166946,0.037305166918,5.0,36.14214700064622,True,True
33.036,166.74445016658902,-73.04596704496502,0.8699289047163568,4.838892093519416,166.628325,-73.12646600000001,5.0,1608,0.11340845631309443,148.25001425382652,1158.9718550267378,-0.046176480074208694,0.012781293922621728,0.038777684637,5.0,36.85368700098479,True,True
33.087,166.9551521692943,-72.79569225975646,0.8763175096120097,4.817139368721347,166.848332,-72.859337,5.0,1611,0.11367318952099983,148.59607929272525,1158.625789987839,-0.06085756047761284,0.009641530985823987,0.04109970235,5.0,38.01223199843662,True,True
33.136,167.0605084450668,-72.66933546389399,0.8795408758849309,4.840720692322075,166.921114,-72.771119,5.0,1612,0.11376067752498889,148.71044552483946,1158.5114237557248,-0.04191320603685659,0.008426069483360443,0.039212698691,5.0,36.47836500022095,True,True
33.187000000000005,167.26967718869662,-72.41462694172388,0.8872925477947827,4.85088317657457,167.138874,-72.501621,5.0,1615,0.11402572898395912,149.05692658849006,1158.1649426920742,-0.04847731097149638,0.011096051110082605,0.037885135582,5.0,37.77503900346346,True,True
33.237,167.37361826874252,-72.2867297999377,0.8901514707814168,4.851919114758302,167.211263,-72.41121,5.0,1616,0.11411432923766465,149.17274677775774,1158.0491225028065,-0.04780346705895375,0.009376008299419425,0.03686218609,5.0,37.395148996438365,True,True
33.285000000000004,167.58061418699722,-72.02984905136287,0.8962381681267051,4.851731460552697,167.427377,-72.13917099999999,5.0,1619,0.11438011002295313,149.5201812327214,1157.701688047843,-0.05114883943377429,0.010706580791604026,0.038418422038,5.0,35.42012800608063,True,True
33.336000000000006,167.68329207089195,-71.90069448265069,0.9019762076583593,4.852767082056071,167.570637,-71.95711800000001,5.0,1621,0.11455732615538408,149.75184203662445,1157.47002724394,-0.07341219307938704,0.010062646550860421,0.037240035199,5.0,36.111369998252485,True,True
33.386,167.88758093390175,-71.63970284952163,0.9107104946013207,4.85049261881814,167.713271,-71.773597,5.0,1623,0.1147351320214808,149.98427375327248,1157.237595527292,-0.0554491807926002,0.0065702818034703014,0.032400973814,5.0,36.227476004569326,True,True
33.435,167.98831568175459,-71.50942967381111,0.9143647315990884,4.842780597730574,167.85543700000002,-71.588578,5.0,1625,0.11491362559720623,150.21760445898684,1157.0042648215774,-0.0603902535620389,0.0062731461592262505,0.032147774032,5.0,35.81193999707466,True,True
33.486000000000004,168.18853586868173,-71.24826194582889,0.9180965084317338,4.840437859559117,168.066591,-71.311943,5.0,1628,0.11517984892598455,150.56561741647852,1156.6562518640858,-0.07048952417761115,0.0028377106994779133,0.031799113786,5.0,36.63017899816623,True,True
33.538000000000004,168.28852019628502,-71.11742582778338,0.9182714128781094,4.839379621153578,168.13685700000002,-71.21956,5.0,1629,0.11526863924063567,150.68168605757077,1156.5401832229936,-0.0585118746707376,0.0026440993518090927,0.034232088055,5.0,38.987043997622095,True,True
33.586000000000006,168.48780049340994,-70.85546944452885,0.9226825357015562,4.840507867111997,168.347203,-70.941513,5.0,1632,0.11553534895884021,151.0303348339574,1156.191534446607,-0.061013960871159026,0.006114635132566715,0.037906402906,5.0,36.238006003259216,True,True
33.634,168.5869696952036,-70.72419108369752,0.9249494539623393,4.842132647509322,168.416968,-70.848336,5.0,1633,0.1156243932449344,151.1467354720742,1156.0751338084901,-0.06104828760037256,0.006407980059787377,0.038466269333,5.0,34.64420799718937,True,True
33.689,168.78467197528033,-70.46085258049746,0.9291151394038991,4.847762300687013,168.555445,-70.662304,5.0,1635,0.11580180260240182,151.37864886397062,1155.8432204165938,-0.0694537078654829,0.007184680760165207,0.039073307233,5.0,39.40046600473579,True,True
33.735,168.88249013550936,-70.32956374456707,0.9324831399916614,4.7699511535969075,168.762752,-70.38258499999999,5.0,1638,0.11606814230509072,151.72681394798323,1155.4950553325812,-0.08127914537701315,0.004013010424529284,0.040944335458,5.0,35.68082599667832,True,True
33.787000000000006,169.07811439154864,-70.06507079417744,0.9390972875514747,4.856452988006371,168.83123500000002,-70.29020200000001,5.0,1639,0.11615611359947416,151.84181194787018,1155.3800573326942,-0.06462534991350469,0.0014924310485495695,0.040534780469,5.0,37.70063899719389,True,True
33.837,169.17549545740982,-69.93151246620982,0.9425070252946336,4.8625904984336215,169.036777,-70.009229,5.0,1642,0.11642242635145011,152.18994180132145,1155.0319274792428,-0.06947723308394535,0.0030212358653911586,0.039855638433,5.0,37.92266499658581,True,True
33.888000000000005,169.2725283435134,-69.79757794727198,0.9459540624316224,4.839060953174903,169.105174,-69.915063,5.0,1643,0.11651145840170994,152.30632644448798,1154.9155428360764,-0.06665108403463826,0.0016678495609139254,0.039333824749,5.0,38.211093000427354,True,True
33.935,169.4651024774439,-69.5284518943868,0.9531188418805376,4.838147677669244,169.309195,-69.630814,5.0,1646,0.11677911715640273,152.6562158221268,1154.5656534584375,-0.06757501473052807,0.0026282931143031263,0.03910497489,5.0,36.02376599883428,True,True
33.986000000000004,169.56072959404418,-69.39337933518117,0.9577143073910462,4.872059304532417,169.376964,-69.535431,5.0,1647,0.1168686250232771,152.77322246317763,1154.4486468173866,-0.06783440675785404,0.0001790879519738553,0.038502064661,5.0,36.943294006050564,True,True
34.037000000000006,169.75112436385888,-69.12057293281163,0.96570995198355,4.924696581559227,169.579405,-69.247786,5.0,1650,0.11713770182632227,153.12496554463436,1154.09690373593,-0.06849764692390903,0.0014983477725452055,0.036926925171,5.0,37.787121000292245,True,True
34.085,169.84520814412534,-68.98393629130264,0.969868421507343,4.864309198473147,169.713999,-69.053122,5.0,1652,0.11731874510003283,153.36162927131497,1153.8602400092493,-0.07699299305009691,0.002486387851265537,0.036012709741,5.0,35.65073900244897,True,True
34.135000000000005,170.03112789676152,-68.71049068779526,0.9769460777296279,4.861028128554729,169.913523,-68.76123299999999,5.0,1655,0.11758921684822632,153.71519585557604,1153.5066734249883,-0.08961862418171128,5.2504193587488146e-05,0.035027860987,5.0,35.50065899617039,True,True
34.185,170.1234823429275,-68.57341343242561,0.9793546047442447,4.879073563584358,169.97983100000002,-68.663495,5.0,1656,0.11767956712972466,153.83330371944632,1153.388565561118,-0.06956986624041665,-0.0015242632615515284,0.035348721385,5.0,35.609192003903445,True,True
34.237,170.30682110837893,-68.29838510754938,0.9856103394083886,4.888490473338074,170.178324,-68.36869399999999,5.0,1659,0.11795143969691392,154.18870148493357,1153.0331677956308,-0.07690824074118797,0.000226653828627299,0.036640173507,5.0,37.84736399393296,True,True
34.285000000000004,170.39804081447943,-68.16046597005325,0.9885444294673578,4.8642154071156485,170.243886,-68.26994300000001,5.0,1660,0.11804211540524084,154.30723475387103,1152.9146345266934,-0.06818761902120644,0.00019249091793582807,0.036597038348,5.0,35.13554600067437,True,True
34.336000000000006,170.57909439946377,-67.88366908869973,0.9943049459525974,4.869927471295714,170.43945300000001,-67.972468,5.0,1663,0.11831445105994116,154.66323787748013,1152.5586314030843,-0.07004323319935828,9.27254115286047e-05,0.037367211078,5.0,36.4530980004929,True,True
34.385000000000005,170.66913878344965,-67.7447401008621,0.9972765960096943,4.873807873544706,170.50439599999999,-67.87304499999999,5.0,1664,0.11840529566735859,154.7819919350024,1152.4398773455619,-0.06837459104840711,-0.0017253904124148178,0.037713987413,5.0,35.680153996509034,True,True
34.436,170.8469489186596,-67.46757902284502,1.0030904905359743,4.875189206994351,170.698199,-67.574896,5.0,1667,0.11867732462040888,155.13759413150723,1152.084275149057,-0.06745623517446314,-0.003504392365207387,0.038733780664,5.0,36.46380799909821,True,True
34.487,170.93594411100372,-67.32753112844304,1.0062176406684527,4.881590657881141,170.76304199999998,-67.474941,5.0,1668,0.11876846856638401,155.25673949093846,1151.9651297896257,-0.06654830481173754,-0.006197417704111974,0.038217220825,5.0,37.30494000046747,True,True
34.537000000000006,171.11270133443503,-67.0464843425753,1.012816666298227,4.884664958213629,170.892025,-67.273958,5.0,1670,0.11895115488881419,155.49555104683762,1151.7263182337267,-0.06927458698926632,-0.0025520278155317655,0.038262791744,5.0,37.35887099901447,True,True
34.588,171.2003972423222,-66.90533878231345,1.0168400799879371,4.88704370763733,171.083713,-66.970359,5.0,1673,0.1192258217178036,155.85460153245853,1151.3672677481059,-0.08145791131329051,-0.0017518789235904109,0.037893978507,5.0,38.65316899464233,True,True
34.635000000000005,171.2875207443373,-66.76424507955943,1.0199740956416725,4.877652353020283,171.14737399999999,-66.868638,5.0,1674,0.11931761908033299,155.97460105229922,1151.247268228265,-0.0644857476406912,-0.003764153580233298,0.036847359611,5.0,35.522669000783935,True,True
34.687000000000005,171.46136511098968,-66.48069300326533,1.0232361331071143,4.927397818700179,171.337141,-66.562511,5.0,1677,0.11959314627305966,156.334776224213,1150.8870930563512,-0.07076442948432007,-0.0004531825076865559,0.038749761134,5.0,37.513821000175085,True,True
34.736000000000004,171.5483075194388,-66.33773150087175,1.0252263722108481,4.876983256295282,171.4,-66.45973199999999,5.0,1678,0.11968530911855173,156.45525351137536,1150.766615769189,-0.06334015692718203,0.0005667955986048412,0.039425535056,5.0,36.3376929963124,True,True
34.788000000000004,171.71958800712636,-66.05402015328002,1.0297939480739482,4.8712940978198915,171.58641599999999,-66.149671,5.0,1681,0.11996206942584854,156.81704063762257,1150.4048286429418,-0.0664602088438874,0.006832901589105322,0.0411169164,5.0,38.17860299750464,True,True
34.836000000000006,171.80465522849616,-65.91205479702388,1.031439338730165,4.868942007320152,171.647761,-66.04611899999999,5.0,1682,0.12005414158320735,156.93739937527383,1150.2844699052905,-0.06590171243654351,0.0074873844832232805,0.041633701414,5.0,37.354412001150195,True,True
34.887,171.9743749338712,-65.62779653001327,1.0342073777682814,4.867948330469064,171.830704,-65.733623,5.0,1685,0.12033114768155158,157.2995078049535,1149.9223614756108,-0.06920073089318149,0.013813476259142199,0.044970928453,5.0,37.668058001145255,True,True
34.936,172.05880428962033,-65.48531051255608,1.0372412274111675,4.869490769157325,171.89101000000002,-65.629041,5.0,1686,0.12042349901748857,157.4202314909476,1149.8016377896167,-0.07176909173340054,0.015548948225074355,0.045129276489,5.0,36.55086100479821,True,True
34.988,172.22610332984573,-65.19987039216898,1.0448819040337913,4.870270570834066,172.06999199999998,-65.313156,5.0,1689,0.12070123970223136,157.78330018803234,1149.438569092532,-0.0779237799205613,0.018930657871768286,0.043694595514,5.0,38.15282499999739,True,True
35.037000000000006,172.30888166276202,-65.05654678844635,1.0494752886554255,4.871348131220888,172.129066,-65.20751700000001,5.0,1690,0.12079382875951765,157.90433462857305,1149.3175346519913,-0.08103422289389466,0.016698123851961455,0.042105604048,5.0,37.39868499542354,True,True
35.086000000000006,172.47190990923067,-64.77015906355665,1.0588139817316362,4.873461741418941,172.305373,-64.889978,5.0,1693,0.1210716712822201,158.26753645046577,1148.9543328300986,-0.08596896892960687,0.011266752154662996,0.037806743781,5.0,36.682958001620136,True,True
35.136,172.5527826899024,-64.62539101090954,1.0633992257174782,4.878479688374912,172.42235300000002,-64.678166,5.0,1695,0.12125677256169479,158.5095048910269,1148.7123643895375,-0.1044921575766928,0.010089465915073426,0.035705082169,5.0,36.18863400333794,True,True
35.187000000000005,172.7129963339875,-64.334533421255,1.0716773327088347,4.852749144639228,172.538718,-64.464689,5.0,1697,0.12144276421688942,158.75263725020102,1148.4692320303634,-0.09038971152290715,0.00669106315822976,0.032189322663,5.0,37.12160699797096,True,True
35.236000000000004,172.7919731867458,-64.18855607648803,1.0762185798517316,4.8873552243607294,172.65408200000002,-64.250602,5.0,1699,0.12162880118672009,158.99582884565837,1148.2260404349058,-0.10254453775346713,0.006886467543472108,0.031068295889,5.0,36.66575499664759,True,True
35.286,172.94896450840525,-63.89561866529723,1.0820413501004438,4.891735000797058,172.769074,-64.035455,5.0,1701,0.12181541800190096,159.23977842763827,1147.982090852926,-0.09274352006673925,0.0012123785113846708,0.028056335837,5.0,36.38439999485854,True,True
35.336000000000006,173.02697863609146,-63.74859839659714,1.0841895835833864,4.895705471075638,172.883873,-63.820273,5.0,1703,0.12200198892290885,159.48366801575162,1147.7382012648127,-0.09956843749679843,-2.013389927002507e-05,0.028557135908,5.0,36.94073900260264,True,True
35.389,173.18230257289085,-63.45324394516742,1.0891746837927285,4.884527885199303,172.94110600000002,-63.712138,5.0,1704,0.12209558208243645,159.60601504070115,1147.6158542398632,-0.09295195390171634,-0.0002774385519588307,0.029370308407,5.0,39.60984699369874,True,True
35.435,173.259054442934,-63.30596990343931,1.0913955890214644,4.883781772288135,173.112154,-63.386869999999995,5.0,1707,0.1223767137255152,159.97351647268047,1147.2483528078837,-0.09657288892702073,0.0006871755090367415,0.028843454708,5.0,36.04072799498681,True,True
35.485,173.33544302297307,-63.15861543344727,1.092922565247867,4.884942180022769,173.168565,-63.278515000000006,5.0,1708,0.12247016363084504,160.09567623260983,1147.1261930479545,-0.09296993003453503,0.00021107850278312412,0.029268132757,5.0,35.29203800280811,True,True
35.536,173.48808020609127,-62.86335899886084,1.0940537800504653,4.885777704126786,173.337086,-62.952436999999996,5.0,1711,0.12275095061398159,160.46272711757524,1146.759142162989,-0.09494048666313497,0.0024804101128035327,0.031258137177,5.0,36.60821900120936,True,True
35.585,173.56409106243362,-62.71566976192767,1.096352772410745,4.889107937579289,173.393192,-62.843038,5.0,1712,0.12284500292857617,160.58567436006973,1146.6361949204945,-0.09377086192421197,0.00416666864837989,0.033027325042,5.0,36.03287299483782,True,True
35.635000000000005,173.7153552428988,-62.41954910057757,1.1008835469239424,4.891899629314424,173.559209,-62.5148,5.0,1715,0.12312638980636649,160.95350944044583,1146.2683598401186,-0.09643163040522804,0.007885164486887586,0.032366418103,5.0,35.42260299582267,True,True
35.686,173.79045850969263,-62.27119187033058,1.1039543748872924,4.893797256274675,173.613952,-62.405325,5.0,1716,0.12322002290229947,161.07590867113785,1146.1459606094265,-0.09709022652536517,0.006723784181330572,0.032027713937,5.0,36.564866997650824,True,True
35.734,173.93857279037923,-61.97498180807448,1.1108134380212327,4.891875817620987,173.777788,-62.077337,5.0,1719,0.12350048881745092,161.4425398490116,1145.7793294315527,-0.09846529126988045,0.0006860789780569476,0.029612870274,5.0,34.28831299970625,True,True
35.784000000000006,174.01222069091196,-61.82569013782896,1.1137800876679071,4.89811474731159,173.83199399999998,-61.968394999999994,5.0,1720,0.12359357368766753,161.56422242705793,1145.6576468535063,-0.09824418101903645,-0.0030334732126555686,0.028011256179,5.0,35.03232399816625,True,True
35.836000000000006,174.15837581769085,-61.5258893329782,1.1201366180879557,4.907951111725115,173.99555,-61.640187,5.0,1723,0.12387409487932226,161.93092586358563,1145.2909434169787,-0.09646295760455986,-0.006286254235935651,0.025350248522,5.0,37.03314300219063,True,True
35.884,174.23061678382547,-61.37595963708524,1.1234246281128928,4.893432987228161,174.049912,-61.530356000000005,5.0,1724,0.12396784197853304,162.05347412185557,1145.1683951587088,-0.09525232135201826,-0.00870266570533662,0.024731846714,5.0,34.64892700139899,True,True
35.935,174.37395425621335,-61.074467899494266,1.1293764598638032,4.912780953191575,174.21248899999998,-61.200782999999994,5.0,1727,0.1242489657075738,162.42096520843134,1144.8009040721329,-0.09155858558687634,-0.013885215050061905,0.021513622796,5.0,35.40454000176396,True,True
35.987,174.44515635084628,-60.92397622002814,1.1308181828287793,4.909485704610528,174.32086,-60.98038100000001,5.0,1729,0.1244368481321613,162.6665692227056,1144.5553000578586,-0.10803399788626972,-0.015953121759238797,0.02120772283,5.0,37.9128659988055,True,True
36.035000000000004,174.58735128886704,-60.62085875941326,1.1339700844306921,4.899114444647954,174.42949099999998,-60.759437,5.0,1731,0.1246251905318156,162.91277452644647,1144.3090947541177,-0.08396698608257219,-0.015176773864003401,0.022404269116,5.0,35.47443899878999,True,True
36.086000000000006,174.657668765175,-60.469798379774375,1.1362078427106697,4.90192609802985,174.53698400000002,-60.537903,5.0,1733,0.12481355626763606,163.1590103357341,1144.0628589448302,-0.09704906907149942,-0.013342094456851417,0.022424792702,5.0,36.14555400417885,True,True
36.136,174.79741517806622,-60.16705640898133,1.140078806401536,4.906011312717582,174.643466,-60.316385,5.0,1735,0.12500157470870193,163.40479215372346,1143.8170771268408,-0.07693915601973887,-0.013600786765191053,0.021584933593,5.0,36.50713900424307,True,True
36.186,174.8670048665318,-60.01534064708849,1.1419774783022125,4.93735590338809,174.749348,-60.094007999999995,5.0,1737,0.125189987812439,163.65108988338758,1143.5707793971767,-0.08744440326261103,-0.012256598020930376,0.021609752637,5.0,36.623517000407446,True,True
36.237,175.0050396747745,-59.711444968020544,1.1460555256689076,4.911437615927797,174.802301,-59.982231999999996,5.0,1738,0.12528460423520402,163.7747745404191,1143.4470947401453,-0.0726826860826959,-0.011727737580504716,0.021581447394,5.0,37.39410699927248,True,True
36.286,175.07377764063756,-59.559003544029444,1.1480641352995062,4.911392824003316,174.958786,-59.646399,5.0,1741,0.12556803159508817,164.14527698361212,1143.0765922969522,-0.07981466272480874,-0.006752986729019916,0.020765305662,5.0,36.972167996282224,True,True
36.333000000000006,175.14214223221114,-59.40671271446596,1.1498078948313366,4.91440115239087,175.010408,-59.533792000000005,5.0,1742,0.1256627940950529,164.2691525959537,1142.9527166846106,-0.06811737424023923,-0.006230701910691749,0.020635195938,5.0,33.81623099994613,True,True
36.386,175.27740621187195,-59.10260983962374,1.1529216933581163,4.883902557086765,175.163764,-59.197342000000006,5.0,1745,0.12594564754466475,164.63890481108777,1142.5829644694766,-0.07351182412745638,-0.006839102115599349,0.0204074883,5.0,36.968070999137126,True,True
36.436,175.3450667731848,-58.95005827024584,1.1545538974907998,4.913211142691409,175.214247,-59.085574,5.0,1746,0.12603946497898486,164.7615450129508,1142.4603242676135,-0.06453551464734943,-0.008127369000736628,0.020726438789,5.0,36.689871005364694,True,True
36.486000000000004,175.47969459350594,-58.643792519809985,1.1581819535779996,4.922973591765142,175.366759,-58.749138,5.0,1749,0.12632204192113866,165.13093577148868,1142.0909335090755,-0.06625310285021543,-0.008272911515690318,0.020219428641,5.0,36.82514400134096,True,True
36.537000000000006,175.54671760967443,-58.490253063123546,1.1600318260371945,4.928055226518016,175.417294,-58.636548,5.0,1750,0.12641644906159083,165.254346850104,1141.9675224304603,-0.059914921752381785,-0.008765075208699624,0.020203936709,5.0,37.2852730070008,True,True
36.585,175.6796544032002,-58.183222838471494,1.1636274433588902,4.92735518290008,175.568028,-58.298588,5.0,1753,0.1266995312959398,165.6243981376498,1141.5974711429144,-0.059294297935979456,-0.009481029896600823,0.019663589001,5.0,35.39667500444921,True,True
36.634,175.7457674089419,-58.02926331233695,1.1655447818283866,4.88727193257873,175.618351,-58.185706999999994,5.0,1754,0.12679407542048737,165.74798828487036,1141.473880995694,-0.05502009244022087,-0.011452832404326596,0.019471283122,5.0,34.74973500124179,True,True
36.685,175.87784076460056,-57.72086206217204,1.1684561319017854,4.916750484321467,175.769114,-57.84650799999999,5.0,1757,0.12707803230704046,166.11918293690536,1141.102686343659,-0.05178566277857907,-0.012304066606034336,0.018822439985,5.0,36.08232500118902,True,True
36.735,175.9431394999563,-57.56694266666523,1.1706592652315824,4.91947200598344,175.818912,-57.732868999999994,5.0,1758,0.12717294442926816,166.24325413874124,1140.978615141823,-0.049182310365293254,-0.010270254100694931,0.019209335159,5.0,35.1159190031467,True,True
36.785000000000004,176.07283669119633,-57.25833234085468,1.1750281456573686,4.925184281847551,175.967125,-57.392903000000004,5.0,1761,0.1274566524834846,166.614123511704,1140.6077457688602,-0.045569836707591974,-0.011424016049241814,0.017392762491,5.0,36.091112000576686,True,True
36.833000000000006,176.13717473183138,-57.103750491431455,1.1771532591800051,4.928619615785423,176.016381,-57.279196999999996,5.0,1762,0.12755144598084545,166.73803964451972,1140.4838296360447,-0.04356196648831514,-0.012395925505603866,0.016732266934,5.0,33.90558799583232,True,True
36.885000000000005,176.26516844504954,-56.79385720811141,1.1810477883291137,4.929195273768092,176.163974,-56.936175,5.0,1765,0.12783711077164325,167.11146690633407,1140.1104023742303,-0.03933772193291109,-0.012651126947925917,0.01515327221,5.0,35.7698910011095,True,True
36.936,176.32863615427618,-56.638773858824656,1.1830732713945216,4.931643973378551,176.212845,-56.821783999999994,5.0,1766,0.12793226923886983,167.23586013573987,1139.9860091448245,-0.03721618039198824,-0.0132309521650944,0.014602946614,5.0,36.107974003243726,True,True
36.984,176.45489545343335,-56.327979794829176,1.1864220682875983,4.933151650375659,176.358808,-56.477216000000006,5.0,1769,0.12821853213528306,167.61006925429484,1139.6118000262695,-0.032861065634518176,-0.013112657923946891,0.012814005076,5.0,34.753012005239725,True,True
37.037000000000006,176.51711424797347,-56.1733799257854,1.1865942668328215,4.8749928715895425,176.407173,-56.362201,5.0,1770,0.12831397904116185,167.73483953701472,1139.4870297435496,-0.03079929024493779,-0.012955587915250089,0.012788039937,5.0,37.84649199951673,True,True
37.086000000000006,176.64215204206474,-55.86300555894702,1.1889580775329691,4.930172694007088,176.50256000000002,-56.132408,5.0,1772,0.12850431044531566,167.98364491093548,1139.2382243696288,-0.04348016601436738,-0.007332728812755818,0.013839686283,5.0,36.18279300280847,True,True
37.135000000000005,176.70456681825547,-55.707333736421155,1.189751605090453,4.935612733142973,176.598024,-55.90105500000001,5.0,1774,0.12869576628935334,168.2339201772631,1138.9879491033012,-0.02643753250287685,-0.007278482573308764,0.013083694952,5.0,36.00366899627261,True,True
37.186,176.76694723919556,-55.5514390751082,1.189981531518086,4.938345624954338,176.69278400000002,-55.668893999999995,5.0,1776,0.1288875893551742,168.48467548393657,1138.7371937966277,-0.04020507607466245,-0.005004767748624683,0.01312913178,5.0,36.896988000080455,True,True
37.234,176.8914875314731,-55.23995319216536,1.1900372008301712,4.936755797014783,176.78690600000002,-55.436403000000006,5.0,1778,0.12907946247579644,168.73549622334107,1138.4863730572233,-0.02435334466024235,-0.0017875225233652259,0.013835234825,5.0,34.83637799945427,True,True
37.285000000000004,176.9537749624647,-55.084018737051785,1.1909627483582366,4.938599409071557,176.879739,-55.20385699999999,5.0,1780,0.12927100678670583,168.98588713549813,1138.2359821450661,-0.037960019502281304,0.0015709428713268636,0.014782856111,5.0,35.800950005068444,True,True
37.335,177.0783980109232,-54.77200919767847,1.1930571595832624,4.924653175378264,176.972424,-54.970203000000005,5.0,1782,0.12946329687416264,169.23725294306752,1137.9846163374968,-0.024353419022463314,-0.0033781611810699275,0.014271011544,5.0,35.860160998709034,True,True
37.386,177.13999190136528,-54.61638730541922,1.1946543701115147,4.922459790658608,177.06628,-54.736842,5.0,1784,0.12965571477778637,169.48878583472558,1137.7330834458387,-0.03719647807643905,0.0023287513522700642,0.013106278248,5.0,37.10301299724961,True,True
37.435,177.26248958159456,-54.30492620935567,1.1973453033680221,4.92129920629329,177.157787,-54.50376800000001,5.0,1786,0.12984726127746227,169.73917960808606,1137.4826896724783,-0.024859885266969268,0.0013507374374936987,0.010916677151,5.0,36.13781899912283,True,True
37.486000000000004,177.32346005008358,-54.14913376450161,1.1983660941486578,4.919924748986253,177.24901699999998,-54.270328000000006,5.0,1788,0.13003899118911522,169.98981314159403,1137.2320561389702,-0.03712878324751706,0.0023481195297594404,0.01003216204,5.0,37.09027000149945,True,True
37.535000000000004,177.44492182314426,-53.83726913946674,1.2010444240667035,4.914807488929474,177.33972,-54.036061,5.0,1790,0.13023116458533582,170.24102640782752,1136.9808428727367,-0.02622689567891874,0.003451346621262452,0.0090119248503,5.0,35.96946499601472,True,True
37.585,177.5049774956017,-53.68142820494058,1.2046350229149094,4.912472293280805,177.43013100000002,-53.801152,5.0,1792,0.1304237156522094,170.49273337339795,1136.7291359071664,-0.039028402638899444,0.00250520104522467,0.0075367928763,5.0,35.52409200347029,True,True
37.634,177.62352714341512,-53.36895480941665,1.2105082043617827,4.9125257814663,177.520545,-53.566314,5.0,1794,0.1306162168416342,170.74437513807658,1136.4774941424878,-0.02603947718784849,-0.007061421252447353,0.00053847394755,5.0,34.23399099847302,True,True
37.683,177.68207660616525,-53.21352648443284,1.2097898107428564,4.8531153366292425,177.611699,-53.332264,5.0,1796,0.13080836032171547,170.9955492972785,1136.2263199832857,-0.03855023310302595,-0.009284623512617607,-0.00050524173058,5.0,33.48801800166257,True,True
37.734,177.7988889367622,-52.901933849199025,1.2133129544860646,4.9026123966392365,177.70198,-53.099491,5.0,1798,0.1309993519359831,171.24521771229834,1135.9766515682659,-0.020863002047395596,-0.011306957543453677,-0.0005745526951,5.0,34.68539500318002,True,True
37.783,177.85714498950927,-52.745669548339414,1.2140909733499379,4.905647297164652,177.792429,-52.865791,5.0,1800,0.1311910506288605,171.49581043594017,1135.726058844624,-0.03671561426961508,-0.011505751285770582,-0.0020990573371,5.0,34.012358002655674,True,True
37.834,177.9743461787524,-52.43306631942706,1.2094455787927663,4.91005796419894,177.882749,-52.632056000000006,5.0,1802,0.13138273869854145,171.7463892727073,1135.475480007857,-0.0151776065473335,-0.009619588211835506,-0.00049470632149,5.0,34.9474049944547,True,True
37.883,178.03326260213944,-52.277416854306544,1.2082491752226199,4.901561937155071,177.97290800000002,-52.398468,5.0,1804,0.13157427749570738,171.9967729771783,1135.225096303386,-0.03462819754623082,-0.005714765213954642,0.0023267327668,5.0,33.98690999893006,True,True
37.935,178.1520139748868,-51.96545175692536,1.2054359114034174,4.8852761910022,178.017503,-52.282061999999996,5.0,1805,0.13166963683179653,172.1214287867541,1135.1004404938103,-0.01305613864348389,-0.0032397333304858833,0.0035997645963,5.0,36.070724003366195,True,True
37.984,178.21182930599443,-51.80947010121416,1.2050884385165421,4.903840531224355,178.152237,-51.93097,5.0,1808,0.13195731334601926,172.49748581742446,1134.72438346314,-0.03448247817168423,-0.0024461127469384003,0.0060087641573,5.0,34.57243400043808,True,True
38.041000000000004,178.33082998042158,-51.49860102519656,1.2053361809681804,4.896111492204817,178.197412,-51.81397,5.0,1809,0.1320532560663323,172.62290423961593,1134.5989650409483,-0.01183286363478731,-0.002549053698144732,0.0060707806743,5.0,41.843059996608645,True,True
38.083000000000006,178.39031713840828,-51.343097615980355,1.2055047479218184,4.897629643434081,178.332537,-51.464215,5.0,1812,0.13234008558021784,172.9978540529222,1134.2240152276422,-0.034428369764761366,-0.004135538844215247,0.0052894514095,5.0,33.913963998202235,True,True
38.136,178.44980390859666,-51.18752891698776,1.2056251708097445,4.899661912363852,178.377699,-51.347743,5.0,1813,0.13243564801707533,173.1227753602641,1134.0990939203002,-0.010081773599451877,-0.004806404708302736,0.0049324612956,5.0,36.935941003321204,True,True
38.184000000000005,178.5688344651213,-50.87598843823609,1.2064231045035745,4.9015965439477975,178.513675,-50.997912,5.0,1816,0.13272276694881285,173.49810350691584,1133.7237657736484,-0.034251829605060374,-0.0065937472258870145,0.0042526633742,5.0,34.61558499839157,True,True
38.232,178.62803082045255,-50.72039028824497,1.2079535762755753,4.89982759359857,178.55933000000002,-50.880894,5.0,1817,0.13281885536761648,173.62371238936052,1133.5981568912039,-0.007065664214146051,-0.007972588276921488,0.0036036432195,5.0,32.29955699498532,True,True
38.284000000000006,178.74562138400776,-50.40846295852665,1.2116612219498755,4.899119381384227,178.696549,-50.530862,5.0,1820,0.13310646336610915,173.99967985477016,1133.222189425794,-0.034864288802821,-0.015087484951631147,-0.00067855670432,5.0,34.29792200040538,True,True
38.331,178.80398945835384,-50.25336248497283,1.2103521394435413,4.820383200082921,178.742538,-50.414511,5.0,1821,0.13320217024473335,174.1247899795483,1133.097079301016,-0.0006348777848377325,-0.01797716037646868,-0.0016147088435,5.0,31.90789499785751,True,True
38.382000000000005,178.9206232595132,-49.942840013625016,1.210463791823266,4.892307419727824,178.879728,-50.066860999999996,5.0,1824,0.13348807459138215,174.49853039400998,1132.7233388865543,0.036260729061989995,-0.01315549645709968,0.00010598557078,5.0,32.53569799562683,True,True
38.431000000000004,178.97924014908108,-49.78714609984358,1.2109495008629867,4.894542368719414,178.925352,-49.950441,5.0,1825,0.1335837283280818,174.62357105050216,1132.598298230062,0.007170810523109918,-0.01266797621459892,-0.00033210567354,5.0,31.882878000033088,True,True
38.482,179.09698239386003,-49.47549024355033,1.2062964811674577,4.899856525186602,179.061628,-49.600811,5.0,1828,0.13387078726237323,174.9988207671803,1132.2230485133841,0.038610931140694145,-0.009472537173474294,0.00029841584712,5.0,32.41357899969444,True,True
38.533,179.15651282702373,-49.31985222873413,1.2052601704029655,4.867761568926784,179.106864,-49.484237,5.0,1829,0.1339664429182137,175.12386393241533,1132.098005348149,0.01237370580987198,-0.005345116954007523,0.0038099505448,5.0,33.83810199738946,True,True
38.584,179.27616699388145,-49.009135655678406,1.2012719348865444,4.901169803376614,179.24143,-49.134758000000005,5.0,1832,0.13425292183971416,175.49835544368864,1131.7235138368756,0.039120817559279576,0.0008823638671948686,0.0072038358462,5.0,34.86720499495277,True,True
38.635000000000005,179.33620359242877,-48.85339301939842,1.2009246421442614,4.900338531304554,179.286382,-49.017841,5.0,1833,0.13434874397951757,175.62361624040093,1131.5982530401634,0.012655724993063496,0.002796039860448296,0.0082315742655,5.0,35.22775800229283,True,True
38.685,179.45617683097052,-48.54366778670106,1.2016237282809683,4.88359739171443,179.420951,-48.66831,5.0,1836,0.13463526062880868,175.99815707026724,1131.223712210297,0.039042144253949744,0.000916469164825795,0.0081501900691,5.0,35.78130299865734,True,True
38.733000000000004,179.51605520597457,-48.38880769065317,1.2020384513058728,4.883161165604342,179.465911,-48.552085,5.0,1837,0.1347305910606273,176.1227750955485,1131.099094185016,0.012117184935302089,-0.00014499960459879446,0.0072642054357,5.0,33.679555999697186,True,True
38.786,179.63573321847446,-48.07916067157677,1.201625835702172,4.8839534545292995,179.510884,-48.435972,5.0,1838,0.1348258451813408,176.2472933652843,1130.97457591528,0.01218942638730597,-0.0005193771720399809,0.0066183195332,5.0,36.2168270003167,True,True
38.833000000000006,179.6960059522483,-47.92406716362913,1.2007672508234815,4.90985338555374,179.645555,-48.087039000000004,5.0,1841,0.1351119629861211,176.62131281688366,1130.6005564636807,0.012002952496295929,0.0006068074972391813,0.0072188335401,5.0,33.602862000407185,True,True
38.886,179.7560175217315,-47.76919249365366,1.2016190622079193,4.880495802727368,179.690701,-47.970361,5.0,1842,0.13520766794991518,176.74642043855397,1130.4754488420103,0.011743786818051067,0.0009991630706669419,0.0080133418504,5.0,36.68962999654468,True,True
38.935,179.87538032264257,-47.45929425352542,1.2041708815978645,4.881536755871789,179.826208,-47.620643,5.0,1845,0.13549457652575453,177.1214736033753,1130.100395677189,0.012085747076551119,-0.0039097615533201235,0.0056554061555,5.0,35.429274998023175,True,True
38.983000000000004,179.9346695546912,-47.30513986190437,1.2034050692095215,4.790864643548767,179.871601,-47.504498999999996,5.0,1846,0.13558996924703057,177.2461730547975,1129.9756962257668,0.012968369062340428,-0.006333705925709587,0.0048618568365,5.0,33.085575996665284,True,True
39.034000000000006,180.05295254453867,-46.996676000100166,1.203012172399856,4.87664334402875,180.007164,-47.157534999999996,5.0,1849,0.13587492999310335,177.61867997395038,1129.603189306614,0.015152221170832925,-0.003246465353311301,0.0065949882669,5.0,34.46236899617361,True,True
39.083000000000006,180.11256215565874,-46.84191983504475,1.2032371575091072,4.878504933969441,180.052347,-47.041349,5.0,1850,0.13597029429744656,177.74334227813654,1129.4785270024277,0.015595467438877042,-0.0027265102622533455,0.0063279068767,5.0,33.42878699913854,True,True
39.134,180.23216424297294,-46.531982089525,1.2009849984918515,4.887364060758085,180.187475,-46.692442,5.0,1853,0.13625651962060228,178.1175022801076,1129.1043670004567,0.01621231852349142,-0.00036863948710319505,0.0071207346462,5.0,34.72648200113326,True,True
39.187000000000005,180.29229703563158,-46.377012445753536,1.200418976621161,4.888079043718197,180.232412,-46.576023,5.0,1854,0.13635198214140157,178.2422929749931,1128.9795763055713,0.016071615710201822,0.0016641543060984532,0.0087052266149,5.0,37.90793799998937,True,True
39.235,180.4129529817327,-46.0677044531645,1.1975761258294004,4.886523246904719,180.36624,-46.227298,5.0,1857,0.13663772058429158,178.61581651643309,1128.6060527641312,0.014614537104300893,0.007834151745701678,0.011276275134,5.0,35.229211003752425,True,True
39.283,180.47369044356802,-45.91219610671518,1.1975144350370301,4.9084965347080285,180.410847,-46.110679,5.0,1858,0.1367332353747614,178.74067553937496,1128.4811937411894,0.01327306301157266,0.009269926939375672,0.012229555125,5.0,33.391497003322,True,True
39.336000000000006,180.59404696481647,-45.60379893301614,1.202182406975424,4.867936813192857,180.544445,-45.761216,5.0,1861,0.13701943777609235,179.11480557743542,1128.107063703129,0.010857749632358955,0.00642192261505059,0.012146654373,5.0,37.031288993603084,True,True
39.384,180.6535217544927,-45.44936445390825,1.2041610317870888,4.866279399076505,180.588943,-45.645221,5.0,1862,0.13711447697664503,179.23904289883683,1127.9828263817276,0.010025717733676397,0.0028635801927392457,0.007654089761,5.0,34.98142799799098,True,True
39.432,180.77226714914454,-45.140571044733676,1.2027088183518733,4.869397013435519,180.72176000000002,-45.296608,5.0,1865,0.13739985848706027,179.61209985033992,1127.6097694302243,0.00908696466647783,0.0036187377600755966,0.0059553539513,5.0,32.655502000125125,True,True
39.486000000000004,180.83215047010285,-44.9860005149721,1.202155939480855,4.902318291804423,180.765951,-45.180155,5.0,1866,0.13749514131272994,179.7366556438222,1127.4852136367422,0.008116871824770526,0.005677385157143888,0.0079670215798,5.0,36.79813299822854,True,True
39.538000000000004,180.95111892649294,-44.67669092415301,1.2045348269320604,4.878024028044626,180.89890400000002,-44.829901,5.0,1869,0.13778173307584385,180.11129466412035,1127.110574616444,0.00737565980640287,0.005072139205736903,0.0081237147345,5.0,38.77615999954287,True,True
39.583000000000006,181.0103655275865,-44.5220884710543,1.2054689087433628,4.872834541308061,180.94324699999999,-44.71287,5.0,1870,0.13787747056250726,180.23644480039673,1126.9854244801677,0.0055641592673516885,0.002624387160059527,0.0067604308749,5.0,33.87739600293571,True,True
39.634,181.06920471652245,-44.367801047698194,1.2059935207530241,4.777658849546752,181.032346,-44.479731,5.0,1872,0.13806839798741913,180.48602930568694,1126.7358399748773,0.047721028086545034,0.0007752020540872095,0.0062131392183,5.0,34.40678500192007,True,True
39.685,181.18703997971815,-44.05999327731391,1.207535006864548,4.872152412380803,181.12094,-44.247648999999996,5.0,1874,0.13825843223826442,180.73444623430424,1126.4874230462601,0.004908904413316732,-0.0015632896742916458,0.0045964214979,5.0,35.56984799797647,True,True
39.734,181.24592905634395,-43.905086448126276,1.2076225938531773,4.8768180166665465,181.210257,-44.013388,5.0,1876,0.13845022101094,180.98515671222825,1126.236712568336,0.05206805070554012,-0.0012492615740451463,0.0054516841551,5.0,34.1544429975329,True,True
39.784000000000006,181.36342671805164,-43.59454697740889,1.21089702390397,4.883804169483534,181.299965,-43.778432,5.0,1878,0.13864261314136075,181.23665591259174,1125.9852133679726,0.00563184058271669,-0.00332916581024012,0.0044324536361,5.0,34.318388999963645,True,True
39.833000000000006,181.4218632723672,-43.43903047819894,1.2117392001529284,4.885484282092683,181.38996799999998,-43.542934,5.0,1880,0.13883547312299802,181.488766698297,1125.7331025822673,0.05803739384630858,-0.005272745253367184,0.0036424077758,5.0,33.483168997918256,True,True
39.885000000000005,181.53882715331378,-43.12844756994763,1.2091570636337423,4.884229842928295,181.479532,-43.307574,5.0,1882,0.1390281150521611,181.74059244103938,1125.481276839525,0.007825204687172202,-0.002930258722447121,0.0045004275893,5.0,35.118845000397414,True,True
39.935,181.5977286363164,-42.97270534475082,1.209586575933482,4.916514308323633,181.524504,-43.189376,5.0,1883,0.139124857936358,181.86705685495886,1125.3548124256054,0.008067866165605788,-0.00021984435908350974,0.0069026923436,5.0,36.06673600006616,True,True
39.983000000000004,181.71436647614138,-42.66286503125433,1.213935084513933,4.865721061797129,181.659434,-42.834391,5.0,1886,0.13941537067489423,182.24682146007802,1124.9750478204862,0.008935744332761482,-0.0035641944063651287,0.0076716832777,5.0,33.69367199775297,True,True
40.033,181.77195424122345,-42.50778344541191,1.2163006840286503,4.865266986606441,181.704507,-42.716251,5.0,1887,0.13951209960592734,182.37326763411662,1124.8486016464476,0.009777705563054354,-0.007236067537856439,0.0040735859589,5.0,33.34784599428531,True,True
40.082,181.88640084705568,-42.19752750661091,1.2180655532195845,4.8647159425260815,181.839578,-42.360554,5.0,1890,0.1398031591562313,182.75374704353692,1124.4681222370273,0.01245455235965011,-0.009374099904686961,0.0021303852037,5.0,32.487518998095766,True,True
40.14,181.94388818680744,-42.04219970168172,1.216626420572664,4.897894738357421,181.884732,-42.241426000000004,5.0,1891,0.1399006165574703,182.88114548975977,1124.3407237908045,0.014001541655814041,-0.009611723059655297,0.002923562356,5.0,40.34416999638779,True,True
40.184000000000005,182.0587167162279,-41.731585897034634,1.2174889473499722,4.865099428473605,182.020666,-41.8829,5.0,1894,0.14019393363319388,183.26457598577906,1123.9572932947854,0.019710193521665652,-0.00774565540137484,0.0071377614965,5.0,34.61789900029544,True,True
40.233000000000004,182.11589232417882,-41.576470511202416,1.21785002737383,4.864713774299976,182.066067,-41.762926,5.0,1895,0.14029206317928083,183.39285307444652,1123.8290162061178,0.018002475064170794,-0.009130487898149742,0.0066573974443,5.0,33.36561899777735,True,True
40.286,182.22977817462942,-41.26804870684155,1.2191561929163393,4.855261628716669,182.202156,-41.404702,5.0,1898,0.14058520633809238,183.77605622247495,1123.4458130580892,0.033827998570289716,-0.009686275951019674,0.009098879186,5.0,36.751827006810345,True,True
40.333000000000006,182.28668985323247,-41.11288063699859,1.2196409124012426,4.862099009813772,182.247391,-41.285589,5.0,1899,0.1406826749910483,183.90346937718826,1123.318399903376,0.02269371437810004,-0.01135084574926104,0.0081945789799,5.0,34.02236599504249,True,True
40.383,182.40036406490742,-40.8020334047697,1.222356181650738,4.869696239113959,182.384449,-40.925368,5.0,1902,0.14097750955159902,184.28888356255987,1122.9329857180044,0.05203797434733449,-0.013634411253869771,0.010233919706,5.0,34.05810299591394,True,True
40.434000000000005,182.4567805112104,-40.6462730904344,1.224508822387139,4.872718824167335,182.430389,-40.805045,5.0,1903,0.1410760351591028,184.417678391373,1122.8041908891914,0.030175593335412195,-0.016539140157903365,0.008602749299,5.0,34.43747200071812,True,True
40.485,182.56896979028124,-40.33461749100084,1.2251844389692248,4.874752557992007,182.47643,-40.684642,5.0,1904,0.14117464551152695,184.54658400059927,1122.675285279965,0.03206137007999432,-0.019012940742432427,0.0074047408399,5.0,35.90919300040696,True,True
40.534000000000006,182.62520468920772,-40.178672977840165,1.2244467964364214,4.875238551684593,182.613755,-40.323575,5.0,1907,0.14147015866110285,184.9328852523849,1122.2889840281794,0.04612647414507685,-0.01429594962611791,0.010167306064,5.0,34.80156300065573,True,True
40.583000000000006,182.68114826497194,-40.02277279862836,1.2264153813148542,4.915362908074975,182.659312,-40.202639000000005,5.0,1908,0.14156901883398326,185.062117432375,1122.1597518481892,0.04036006914479332,-0.01361590304362359,0.011892308662,5.0,33.198746998095885,True,True
40.634,182.79249590743783,-39.711050824277486,1.229277385093744,4.862262491922309,182.795302,-39.839878000000006,5.0,1911,0.1418653826174883,185.44953065143554,1121.7723386291289,0.06419104049494853,-0.012733129265258825,0.011997261575,5.0,35.01083299488528,True,True
40.683,182.84775546155163,-39.55522695420485,1.2306900662265223,4.863175972264387,182.840104,-39.718821999999996,5.0,1912,0.14196412675466696,185.57861114701873,1121.6432581335455,0.04823817626650524,-0.011795687614114314,0.011423438313,5.0,33.964378002565354,True,True
40.736000000000004,182.95775666405976,-39.243362910881075,1.2324265300837653,4.865816993865769,182.928827,-39.476186,5.0,1914,0.14216175880147544,185.83696008067744,1121.3849091998868,0.05054434570289417,-0.008664677407716592,0.0112549661,5.0,36.901487001159694,True,True
40.784000000000006,183.01300724177037,-39.08707415867523,1.2316234421866303,4.899612180158929,183.016428,-39.232112,5.0,1916,0.14236013268275854,186.09627875658478,1121.1255905239796,0.05974034362694512,-0.004107493188157285,0.013155929428,5.0,34.854300996812526,True,True
40.836000000000006,183.1229637049369,-38.77462130618501,1.2335211539059563,4.8630562614938375,183.103277,-38.986853,5.0,1918,0.1425591672593545,186.35646110785402,1120.8654081727102,0.051703201698246506,0.001046702486301676,0.016248033437,5.0,36.29705700586783,True,True
40.886,183.17763791761985,-38.61860806602808,1.2341004485369664,4.865662839633789,183.189156,-38.74112,5.0,1920,0.1427582974480342,186.61676844533008,1120.6051008352342,0.07418731321339735,0.002001739889356813,0.01692349076,5.0,36.251621997507755,True,True
40.933,183.28639683297484,-38.30823271340409,1.2365649653859494,4.8371791703030915,183.274296,-38.495149,5.0,1922,0.14295741401114542,186.87705797116504,1120.3448113093993,0.050419155360563316,0.004897064609602264,0.019949947595,5.0,33.87538200331619,True,True
40.984,183.340597932823,-38.152266266696415,1.2379526149971296,4.858202826490411,183.316375,-38.373177,5.0,1923,0.14305611676364147,187.00608436778606,1120.2157849127782,0.04936305738229289,0.003545832396567139,0.017497881726,5.0,34.36607899493538,True,True
41.035000000000004,183.44832035412372,-37.83964285917959,1.241621792269056,4.864132008172141,183.442455,-38.002182,5.0,1926,0.14335586218907204,187.3979181431257,1119.8239511374386,0.048296613141220524,0.006692532872174972,0.020000060127,5.0,35.821999998006504,True,True
41.085,183.50152914290788,-37.68294691622636,1.2455299422897217,4.867916218763896,183.484247,-37.878036,5.0,1927,0.1434560682887988,187.52890974812388,1119.6929595324405,0.04626725225643153,0.00507505715015677,0.019035120601,5.0,35.17804599687224,True,True
41.136,183.60675262236327,-37.36940224128759,1.24902931269156,4.87045875504436,183.608946,-37.504923,5.0,1930,0.14375701152275397,187.92230932496207,1119.2995599556023,0.05852165912487314,0.00427300107805495,0.018853321932,5.0,36.26942499977304,True,True
41.186,183.65911371488286,-37.212308382992276,1.2485664595259927,4.838269849390671,183.649555,-37.380871,5.0,1931,0.14385686423581015,188.05283897517612,1119.169030305388,0.04431225516445477,0.005140123073209768,0.0186374577,5.0,36.48017899831757,True,True
41.236000000000004,183.7630506762787,-36.897701333834135,1.2536671927628171,4.856054086399974,183.77218100000002,-37.006549,5.0,1934,0.14415818753368584,188.44673537988294,1118.7751339006813,0.07822942136778097,0.005021866543725828,0.020522737517,5.0,36.232847000064794,True,True
41.287000000000006,183.81441413378948,-36.74074346114496,1.2553665230829039,4.85819032485452,183.812615,-36.882054,5.0,1935,0.14425832093736193,188.57763195501383,1118.6442373255504,0.05197558313347982,0.0040939874244263486,0.019651840469,5.0,37.860809003177565,True,True
41.334,183.86554046689332,-36.58364499292119,1.2569147690011448,4.859954425306101,183.85281,-36.757446,5.0,1936,0.14435848028082315,188.70856243919914,1118.5133068413652,0.04166287944183121,0.00417916181924749,0.019495721871,5.0,35.00805899966508,True,True
41.386,183.96722872047687,-36.26913309997521,1.2590350336327896,4.864207571173823,183.971766,-36.383140000000004,5.0,1939,0.14465893028967905,189.1013172614011,1118.1205520191631,0.07022340663489654,0.009392737647866856,0.020905407544,5.0,36.30782700201962,True,True
41.436,184.01818016285534,-36.111449749111124,1.2593323299051424,4.892843303836556,184.010719,-36.257814,5.0,1940,0.14475932642112016,189.23255728001206,1117.9893120005522,0.04493914148321421,0.011144618024296449,0.021782819252,5.0,36.68257699609967,True,True
41.485,184.11897064978575,-35.796199743718454,1.2635251119978568,4.863432014302468,184.088162,-36.006503,5.0,1942,0.14496049565016025,189.4955300956396,1117.7263391849247,0.033909104419884914,0.013025764449458244,0.021657321637,5.0,36.01423800137127,True,True
41.534000000000006,184.16884025119683,-35.6385776746146,1.2651320134536486,4.865286950139118,184.164798,-35.755072,5.0,1944,0.14516157166998653,189.7583810661444,1117.4634882144198,0.06157627246780566,0.011672196553353498,0.021318791484,5.0,34.81008900416782,True,True
41.583000000000006,184.26766378650058,-35.324491151999084,1.2689244537720872,4.822740043253162,184.24086200000002,-35.503989000000004,5.0,1946,0.14536226581402384,190.0207328402665,1117.201136440298,0.028073343140285117,0.01127716877234164,0.022097467723,5.0,33.75774199957959,True,True
41.634,184.3168587892781,-35.16690031465091,1.2709902404055062,4.863268453095766,184.278557,-35.379247,5.0,1947,0.14546195279851984,190.1510458464823,1117.070823434082,0.02614512387706113,0.009646598131940465,0.020943566427,5.0,34.45739000017056,True,True
41.682,184.41402258828572,-34.85036015001639,1.2762746636359037,4.871913926362666,184.391322,-35.001884999999994,5.0,1950,0.14576324084151374,190.54489616523668,1116.6769731153277,0.026599809532590588,0.008663871942920842,0.021852033062,5.0,32.97499899781542,True,True
41.734,184.46198287428328,-34.69169971931916,1.278698808885893,4.875361238632291,184.428808,-34.875733000000004,5.0,1951,0.14586391516328978,190.67649984033733,1116.545369440227,0.021385375686452768,0.006048932160319431,0.020353824514,5.0,34.640672005480155,True,True
41.784000000000006,184.55667235150557,-34.374165656617485,1.2832086318641862,4.8781668681335475,184.540849,-34.497112,5.0,1954,0.14616596846508048,191.07135052212652,1116.1505187584378,0.0474766874867651,0.004579104223101371,0.021189754953,5.0,34.12447700247867,True,True
41.835,184.60361120182824,-34.21518443155194,1.2831469878725679,4.836789380626788,184.577276,-34.371106,5.0,1955,0.14626630773692476,191.20251621262904,1116.0193530679353,0.02082959024799857,0.005689316895141516,0.021424921588,5.0,35.49600000405917,True,True
41.886,184.6965999476668,-33.89656426686709,1.2896063402613454,4.865538685852177,184.650776,-34.118539,5.0,1957,0.14646753176892627,191.46556066788622,1115.7563086126781,0.01790250636588259,0.0019934162501247243,0.0216586043,5.0,36.46571200079052,True,True
41.934000000000005,184.74235389250023,-33.73759042923374,1.291526592661191,4.86597632007278,184.72365200000002,-33.86486,5.0,1959,0.14666944038803445,191.72950003038068,1115.4923692501836,0.041677020923020995,0.0029456923827382298,0.020893998297,5.0,34.44019800372189,True,True
41.985,184.83305523446924,-33.419335253555154,1.2946930736354005,4.867406714966824,184.795426,-33.612119,5.0,1961,0.14687042752599155,191.99223481256232,1115.229634468002,0.016389373889980654,0.0030174628928540947,0.021426269465,5.0,35.88175100594526,True,True
42.037000000000006,184.87812531933534,-33.26018082798662,1.2953541755572755,4.868142073187958,184.830898,-33.485595,5.0,1962,0.1469709478605045,192.12363719214503,1115.0982320884193,0.015598325231355896,0.004403604812349471,0.021925565615,5.0,37.63677100505447,True,True
42.085,184.96837797269012,-32.94132956104021,1.295939340630027,4.864589058739175,184.935591,-33.104337,5.0,1965,0.14727339962642347,192.51900875495684,1114.7028605256075,0.012734099868789477,0.010652923759121968,0.026800905813,5.0,35.64875599840889,True,True
42.133,185.01304646994197,-32.781892654451255,1.2984607190297517,4.862654846667725,184.970026,-32.977174,5.0,1966,0.14737418047030526,192.65075167808368,1114.5711176024806,0.010872439106391227,0.011684845675877131,0.027342872799,5.0,33.69384299730882,True,True
42.187000000000005,185.10162125313437,-32.46338898114479,1.3003140452925142,4.864703566939266,185.038392,-32.722204,5.0,1968,0.1475761175259817,192.91472821348205,1114.3071410670823,0.06484698423306592,0.011068619256242584,0.027116033514,5.0,37.77460799756227,True,True
42.236000000000004,185.1453198610674,-32.305206967053394,1.302783915386683,4.790537679901328,185.105982,-32.4674,5.0,1970,0.14777777905554976,193.17834457512598,1114.0435247054384,0.005235984828956717,0.013125280585255084,0.029410053571,5.0,36.62502999941353,True,True
42.286,185.1891383395762,-32.14665386794114,1.3055690955265067,4.8603383948296335,185.13928,-32.340503000000005,5.0,1971,0.14787813922495205,193.30953758337336,1113.912331697191,0.0030515198448549524,0.012305240260871653,0.028807781301,5.0,36.96573599881958,True,True
42.334,185.27535776461156,-31.82741237748291,1.309888640098792,4.864924481129059,185.238297,-31.957513,5.0,1974,0.14818075282685608,193.70512070172407,1113.5167485788402,-0.030235269143580948,0.01319243416594773,0.029498529601,5.0,34.37405300064711,True,True
42.385000000000005,185.3176846349904,-31.667420339600884,1.3149915445071572,4.8682248988999115,185.271064,-31.829328999999998,5.0,1975,0.14828196423034387,193.83742646178388,1113.3844428187804,-0.0036885286147427983,0.011190981871776806,0.028208174401,5.0,35.611175997473765,True,True
42.435,185.40068775737052,-31.34688964211696,1.3193622047318614,4.873614297977783,185.36861399999998,-31.444688,5.0,1978,0.14858552271435993,194.23424475069532,1112.987624529869,-0.06309927088372924,0.007844221714304211,0.025662896387,5.0,35.534893002477475,True,True
42.494,185.48231124830883,-31.026166074946,1.3251598928853399,4.870081973990887,185.40026699999999,-31.316503000000004,5.0,1979,0.14868652718100653,194.36627999839078,1112.8555892821735,-0.030389555046245312,0.009436052798619698,0.02618538566,5.0,44.82247799751349,True,True
42.536,185.52242832542777,-30.864421808928427,1.3292581882870642,4.882021495746812,185.463907,-31.060006,5.0,1981,0.14888869198080562,194.63055424588688,1112.5913150346773,-0.009818009313189912,0.003194534760738499,0.02452602344,5.0,36.40568999981042,True,True
42.584,185.56172861489037,-30.70382978512869,1.3322698780591797,4.862037648318127,185.526881,-30.802360999999998,5.0,1983,0.14909158755312107,194.89578377519783,1112.3260855053666,-0.062220336833684775,0.0031026554555415586,0.023237536907,5.0,34.571903001051396,True,True
42.635000000000005,185.63916016448593,-30.382380529541358,1.3365153166208106,4.862075397874761,185.588752,-30.545976,5.0,1985,0.14929334739931802,195.15952865848917,1112.0623406220752,-0.01088313939898766,0.0019684947283797882,0.022573569103,5.0,35.34427699923981,True,True
42.684000000000005,185.67748360360656,-30.221606030776293,1.3373652634574709,4.864548551311433,185.6192,-30.417640000000002,5.0,1986,0.14939424724292857,195.2914271406639,1111.9304421399004,-0.01141512423473708,0.0030525455889369724,0.022948197793,5.0,34.747081001114566,True,True
42.735,185.7541568766222,-29.899478008848586,1.3381799089678732,4.8628679826727215,185.708519,-30.031169000000002,5.0,1989,0.14969768375103717,195.68808598000157,1111.5337833005628,-0.03019050264958269,0.009427859359412594,0.027501874875,5.0,35.761206003371626,True,True
42.789,185.79207692022328,-29.738405204335017,1.3406403548570456,4.86383005607708,185.737841,-29.902316,5.0,1990,0.14979877383831178,195.82023315285443,1111.40163612771,-0.015294687273619129,0.010064599297917809,0.028253524985,5.0,39.527483997517265,True,True
42.838,185.86696902929845,-29.41628415387651,1.34377656511088,4.868048949705275,185.82480800000002,-29.51505,5.0,1993,0.1501024031897407,196.21714408119777,1111.0047251993665,-0.06253954359225848,0.009581675854301253,0.028536056641,5.0,39.014855996356346,True,True
42.886,185.90378538408183,-29.255578908283535,1.345833039437087,4.792960640281331,185.85333899999998,-29.385994,5.0,1994,0.15020351236050813,196.3493162004098,1110.8725530801546,-0.03321552529375082,0.010533703343911682,0.029129091563,5.0,36.1867510000593,True,True
42.938,185.97711304917686,-28.934279070233206,1.3507901952879096,4.869633299311315,185.909633,-29.128987,5.0,1996,0.15040477889251674,196.6124162126057,1110.6094530679586,-0.023513975574928046,0.007505277737765326,0.028230764329,5.0,38.769717000832316,True,True
42.989000000000004,186.01308300681552,-28.772540558286792,1.3540203745459753,4.873005295422357,185.965401,-28.870034999999998,5.0,1998,0.15060741403216849,196.87730529864317,1110.344563981921,-0.0653029299193408,0.008903839465123298,0.02886123318,5.0,39.487048001319636,True,True
43.037000000000006,186.08336733704598,-28.448296755524552,1.3605250889857008,4.882026086841251,185.99311699999998,-28.740391,5.0,1999,0.1507088302819096,197.00987883820517,1110.2119904423591,-0.0378448877154362,0.006619325599560355,0.027652191447,5.0,37.539017997914925,True,True
43.085,186.11787723544327,-28.286162241130288,1.3619408002654199,4.881956916189431,186.048245,-28.480829999999997,5.0,2001,0.1509118185871046,197.27522958996425,1109.9466396906,-0.02766205843143172,0.0020310447897138317,0.025494844666,5.0,35.47551300289342,True,True
43.137,186.18598676783336,-27.961598389561058,1.3672945356498958,4.878877341557093,186.102228,-28.221952,5.0,2003,0.1511141156212137,197.5396766970423,1109.682192583522,-0.06608973926388768,0.006098471094773572,0.026804732413,5.0,37.94940399529878,True,True
43.185,186.2192879651032,-27.798069594110704,1.3715585515661346,4.919938819838592,186.155719,-27.96295,5.0,2005,0.15131642893061592,197.8041450795394,1109.4177242010248,-0.029387965448714384,0.0002860678892360191,0.025904913512,5.0,35.495218995492905,True,True
43.235,186.25184828213756,-27.635407855410367,1.375016809542265,4.869465080057647,186.182279,-27.832648,5.0,2006,0.15141815716303297,197.93712644967823,1109.284742830886,-0.029406260392383213,-0.0012459741613408681,0.023747741299,5.0,35.13328199915122,True,True
43.286,186.31539468533492,-27.310386212994597,1.380310504623051,4.868991519619959,186.2605,-27.443845,5.0,2009,0.15172154377808814,198.33372006772535,1108.888149212839,-0.03728969707073371,-0.002957088543987574,0.022442588476,5.0,36.213971994584426,True,True
43.335,186.3466381752537,-27.147874788182975,1.381720315366233,4.870096651347508,186.286032,-27.314453999999998,5.0,2010,0.15182243406410678,198.4656060560069,1108.7562632245574,-0.028049280817382123,-0.0028012045002481223,0.02233723478,5.0,35.12811299879104,True,True
43.387,186.4089620555504,-26.82241195598135,1.3822721869094146,4.869145958804049,186.36029299999998,-26.925315,5.0,2013,0.15212549097301403,198.861768674967,1108.3601006055974,-0.062341429080966196,0.004526992508291805,0.025926655088,5.0,37.2023289965,True,True
43.438,186.4398121888406,-26.659581293600425,1.3844138637837289,4.873794650443068,186.384454,-26.795526000000002,5.0,2014,0.1522264827847308,198.99378737986143,1108.2280819007028,-0.036379931499282515,0.0056260349414198885,0.027123023371,5.0,38.47253199637635,True,True
43.485,186.50068530471944,-26.334070521353805,1.3872237055799104,4.8745611168151255,186.43229,-26.535414000000003,5.0,2016,0.15242880044899193,199.25826145512534,1107.9636078254389,-0.03054014105710419,0.0034271359645776656,0.027331327741,5.0,35.25132300273981,True,True
43.536,186.53076040733222,-26.17119665180932,1.3886284280511032,4.832154919103751,186.479403,-26.275598,5.0,2018,0.15263079613975963,199.5223146395973,1107.699554640967,-0.06222517374538083,0.006971834255949716,0.028384283258,5.0,36.324920001788996,True,True
43.586000000000006,186.5902856763502,-25.846984804190758,1.39373488526424,4.877804150600505,186.52545,-26.016837,5.0,2020,0.15283185329406124,199.78514094867572,1107.4367283318886,-0.03365175411870443,0.004153998554149219,0.028033978392,5.0,36.89502499764785,True,True
43.634,186.61934602389607,-25.68358434258291,1.3966377672822852,4.881415994808411,186.548157,-25.886546,5.0,2021,0.15293302577308573,199.91739582582585,1107.3044734547384,-0.03475745807757094,0.005020692107649438,0.027972319642,5.0,34.95108100469224,True,True
43.684000000000005,186.67598514139644,-25.35610031970369,1.402456785814894,4.890061393151516,186.615589,-25.494999,5.0,2024,0.15323696136204337,200.31470707456393,1106.9071622060003,-0.040843154805366,0.0018657767089034216,0.026243496221,5.0,34.92159700545017,True,True
43.736000000000004,186.7036901862068,-25.192450134719756,1.4038281433545305,4.889404663335787,186.63785,-25.364299,5.0,2025,0.15333838424367616,200.44728928347976,1106.7745799970846,-0.03624315374045133,0.0005338343611667185,0.025699528472,5.0,36.95885399793042,True,True
43.787000000000006,186.7582838652783,-24.864773960868877,1.4085061482861867,4.887223451694732,186.702644,-24.973091,5.0,2028,0.15364172858045602,200.84382763444083,1106.3780416461234,-0.06231463038548633,0.002351507855544721,0.027642565423,5.0,37.137838000489864,True,True
43.836000000000006,186.78479185518518,-24.700118210275104,1.4129274946751378,4.953275387059957,186.724323,-24.842903,5.0,2029,0.15374269128788454,200.97580829357315,1106.246060986991,-0.04039405030172194,-0.00022367897441588624,0.026174326169,5.0,36.74168799625477,True,True
43.884,186.81074525816373,-24.535369446543964,1.4162969584558482,4.870492475000085,186.74547900000002,-24.711838,5.0,2030,0.15384425130847418,201.1085697735325,1106.1132995070318,-0.03693800926498333,-0.002304309381364611,0.023645751702,5.0,34.689573003561236,True,True
43.936,186.86086054737993,-24.207467228490874,1.421734923455793,4.87800179452463,186.808049,-24.320164000000002,5.0,2033,0.1541476739833093,201.5052105297126,1105.7166587508518,-0.05842260855626255,-0.0037074806367058954,0.02215251181,5.0,36.62123299727682,True,True
43.984,186.88534778382308,-24.043525859470076,1.4236109106914285,4.87721477347891,186.828284,-24.189906,5.0,2034,0.15424851404891282,201.63703086876922,1105.584838411795,-0.037008488017016034,-0.0033987519868841076,0.02191355911,5.0,34.10452000389341,True,True
44.034000000000006,186.9339653564157,-23.715290619194338,1.424283843657041,4.877473403049447,186.867477,-23.929102,5.0,2036,0.15445026467486153,201.9007636991504,1105.321105581414,-0.03460681631736333,0.0007503771353567501,0.024131055908,5.0,35.04530799546046,True,True
44.085,186.95790770453146,-23.55112602297625,1.426663935908557,4.897770504131926,186.905529,-23.667548,5.0,2038,0.1546524549640878,202.16507126698315,1105.056798013581,-0.055569632477972024,0.004087011171640675,0.025918307873,5.0,35.50122000160627,True,True
44.135000000000005,187.00502491635154,-23.22279569324287,1.4299725441465643,4.8816590887883615,186.94287,-23.405723000000002,5.0,2040,0.15485477286394564,202.4295456502242,1104.79232363034,-0.03576525753345653,0.0008821088438115687,0.025487290078,5.0,35.52958299405873,True,True
44.184000000000005,187.02820957830622,-23.058481643693693,1.4313025811187823,4.884565153979773,186.961368,-23.274936,5.0,2041,0.15495581819367926,202.5616343150407,1104.6602349655236,-0.03605795793392063,0.0014731614601593002,0.0260383602,5.0,34.56740500405431,True,True
44.243,187.07402564678455,-22.731786119880457,1.4359939220061624,4.882322976742657,187.01531799999998,-22.883509,5.0,2044,0.15525808334606117,202.95676193255574,1104.2651073480085,-0.037946096653392464,0.0019329167817518922,0.026411969779,5.0,43.14259999955539,True,True
44.285000000000004,187.09626133418882,-22.567116482500538,1.438079486573315,4.88806843410651,187.032884,-22.752301,5.0,2045,0.15535935049927807,203.08914056988064,1104.1327287106838,-0.0380806949546141,0.002201723223399732,0.026234443767,5.0,35.19673099799547,True,True
44.335,187.1394185452725,-22.237093838824354,1.443231292440975,4.896551306693477,187.084911,-22.357971,5.0,2048,0.15566361978610202,203.48688803576732,1103.734981244797,-0.055268648463404624,-2.6025455651002005e-05,0.025472025648,5.0,35.58625900041079,True,True
44.386,187.16047166422317,-22.072171785272403,1.4445564971436293,4.896350635023498,187.102053,-22.226344,5.0,2049,0.15576516224448952,203.61962655803197,1103.6022427225323,-0.03888113949280863,-0.0011967962585051062,0.025173452108,5.0,37.039224000182,True,True
44.434000000000005,187.20194490598945,-21.74203036553777,1.4479446193689913,4.894927033452165,187.135378,-21.963889,5.0,2051,0.15596754765692777,203.88418919519464,1103.3376800853696,-0.03863561460771581,0.0014719439991357497,0.027197578801,5.0,34.308431000681594,True,True
44.484,187.22189303514963,-21.576711489857477,1.452790655442164,4.926355763945693,187.16817700000001,-21.701254000000002,5.0,2053,0.15617001918160492,204.14886440015917,1103.073004880405,-0.0529432097759562,-4.9285727413028724e-05,0.026670322706,5.0,34.9516330024926,True,True
44.535000000000004,187.25998862246166,-21.24521592400343,1.4595658569307874,4.88509882632332,187.200301,-21.437095000000003,5.0,2055,0.15637358456205852,204.41496951731654,1102.8068997632477,-0.03750865412496898,-0.006134780393474593,0.021971824221,5.0,35.519955003110226,True,True
44.586000000000006,187.27819641198255,-21.080134237816686,1.4622396337893588,4.8845414588654466,187.216055,-21.305974,5.0,2056,0.1564746110383321,204.5470335364777,1102.6748357440865,-0.03648726862824198,-0.007466069113593932,0.021242698596,5.0,36.85791500174673,True,True
44.634,187.3135747644651,-20.750021294962988,1.4652751882309893,4.885062187604418,187.261484,-20.912759,5.0,2059,0.15677741477426593,204.9428652021903,1102.279004078374,-0.03457210405695568,-0.004369247168131807,0.020703865495,5.0,35.081385998637415,True,True
44.683,187.33105413100824,-20.58473672415157,1.4655775903438746,4.883522950078152,187.275867,-20.781545,5.0,2060,0.1568783922321352,205.07486514342133,1102.147004137143,-0.03413268417318936,-0.0024652139465004552,0.022317455605,5.0,33.25774800032377,True,True
44.737,187.3652395589371,-20.25431164565037,1.4695632208399256,4.8859595859108,187.303798,-20.518575,5.0,2062,0.1570806909390597,205.3393144372402,1101.8825548433242,-0.07155606487396426,0.0015522242188437119,0.024516933419,5.0,37.25834399665473,True,True
44.787000000000006,187.38190198989795,-20.08908747568985,1.4710270576160884,4.887471730139996,187.331023,-20.25532,5.0,2064,0.15728315011135063,205.60397349489537,1101.617895785669,-0.033935508305962994,-0.001626976229005983,0.024421935749,5.0,37.410017001093365,True,True
44.837,187.41446988006754,-19.759692151268634,1.4735315239250428,4.827813235504567,187.344499,-20.123816,5.0,2065,0.15738427501057686,205.7361661746927,1101.4857031058716,-0.033750886657645654,-0.0012665910555460513,0.024923455634,5.0,37.85961699759355,True,True
44.886,187.4303544248527,-19.594828087011663,1.4755850260501848,4.888597488576113,187.383272,-19.730182,5.0,2068,0.1576868550809024,206.1317054598307,1101.0901638207336,-0.042943646195987936,0.0015603620002462293,0.026932589537,5.0,36.703546000353526,True,True
44.936,187.44599817476677,-19.429157675038805,1.4777707917414746,4.896951163622456,187.395758,-19.598336,5.0,2069,0.1577881660398581,206.26414136097537,1100.957727919589,-0.03412035427872046,0.0014420466802116394,0.026471978029,5.0,36.6914039987023,True,True
44.986000000000004,187.47624370643962,-19.097217203745377,1.482112726785929,4.902993155966061,187.43233700000002,-19.202083,5.0,2072,0.15809258101326373,206.66207927154767,1100.5597900090165,-0.06768056462840254,0.00032221920670405524,0.026380635083,5.0,36.313708005764056,True,True
45.035000000000004,187.4909643464516,-18.93140196405094,1.483831143597941,4.894097409869275,187.44428,-19.069827,5.0,2073,0.15819416602152697,206.7948734159404,1100.426995864624,-0.042093963825848436,-0.0009345340891369069,0.026103833209,5.0,35.44779000367271,True,True
45.088,187.51944957875918,-18.599519256192522,1.4861640876851572,4.890271371194753,187.467236,-18.806106,5.0,2075,0.15839667102107602,207.05959237998957,1100.1622769005749,-0.034573578132622886,0.0023528713150056113,0.02809678893,5.0,38.31088099832414,True,True
45.137,187.5332125124318,-18.433477620064462,1.4911278577794567,4.898842702499661,187.48968100000002,-18.542319,5.0,2077,0.15859919233048786,207.32433266464807,1099.8975366159161,-0.06448284725282076,0.0007451300029241992,0.028204816007,5.0,37.148648996662814,True,True
45.183,187.55838613092644,-18.1002967039568,1.4991087653500572,4.889877381629065,187.51126000000002,-18.276971,5.0,2079,0.15880284871911132,207.59055674967536,1099.6313125308889,-0.03392397303961913,-0.004629096436321589,0.022702435668,5.0,33.82015900569968,True,True
45.234,187.57004292959363,-17.934461597465614,1.5021325448335348,4.889273825079534,187.52178600000002,-18.145192,5.0,2080,0.15890397823882602,207.72275546947625,1099.4991138110881,-0.03297985519593409,-0.007278765643586205,0.021373059445,5.0,34.84759899583878,True,True
45.285000000000004,187.59206105798702,-17.602848308365136,1.5064033029859032,4.889320194598392,187.55171299999998,-17.750181,5.0,2083,0.15920702094609612,208.11889952374574,1099.1029697568185,-0.03480585108001057,-0.005439522942756625,0.019994199118,5.0,35.37697799765738,True,True
45.334,187.6027121138091,-17.436796993161618,1.507027139357547,4.888108499772878,187.56094,-17.618398000000003,5.0,2084,0.1593080792513851,208.25100515049192,1098.9708641300724,-0.02999157760197149,-0.004585027070295844,0.020884603207,5.0,34.143664001021534,True,True
45.389,187.6231942140067,-17.10491333386441,1.5113078429469342,4.8896845332551715,187.58709199999998,-17.222273,5.0,2087,0.15961176742385347,208.6479929709844,1098.5738763095799,-0.05525403631892993,-0.0020825381262374876,0.022628629855,5.0,39.48445300193271,True,True
45.434000000000005,187.63294185302635,-16.938989088061902,1.5129448059091675,4.891524335979235,187.595472,-17.089937,5.0,2088,0.15971320472673653,208.78059403167399,1098.4412752488904,-0.0315089150154623,-0.0037346127406543417,0.022391593426,5.0,34.97887300181901,True,True
45.485,187.65176477140355,-16.60767671279879,1.5152543527866547,4.805500634529832,187.61194799999998,-16.82591,5.0,2090,0.15991557334053086,209.04513470928194,1098.1767345712824,-0.027334230914305375,-0.0035501094750518547,0.023455711588,5.0,35.49888600537088,True,True
45.536,187.66060658107386,-16.442762879091028,1.5168807356763268,4.891772549282275,187.627161,-16.562983,5.0,2092,0.16011704407106306,209.30850165425355,1097.9133676263107,-0.05101836464469165,-0.00011722485974008379,0.024779662516,5.0,36.65868299867725,True,True
45.584,187.66940482976423,-16.27658974581689,1.5188399359724924,4.896449770142274,187.63440400000002,-16.430865,5.0,2093,0.1602182636059949,209.44081804391485,1097.7810512366495,-0.028777331040181445,0.0004661474597162929,0.024644625398,5.0,34.50166200491367,True,True
45.637,187.6861367914353,-15.943462419707146,1.5223634046758487,4.9075390681509985,187.647951,-16.166026000000002,5.0,2095,0.16042112541272893,209.70600343411937,1097.515865846445,-0.027227109122467025,0.0010848515809707138,0.024707021752,5.0,37.80805099813733,True,True
45.687000000000005,187.7018775724681,-15.610195214728103,1.5245251921997305,4.908233696909953,187.660516,-15.900823,5.0,2097,0.16062422834160217,209.97150402445737,1097.250365256107,-0.049744799393838794,0.002326233405853806,0.025039012343,5.0,37.34750999865355,True,True
45.737,187.709401078328,-15.443470276490325,1.5258812876901664,4.880761858296874,187.671783,-15.636282999999999,5.0,2099,0.16082678091974206,210.23628518428103,1096.9855840962832,-0.029045122363680554,0.006903209844585589,0.026723629514,5.0,37.322252996091265,True,True
45.784000000000006,187.71656992159666,-15.276951227451342,1.5300605960174367,4.905123606778273,187.677003,-15.503679,5.0,2100,0.16092829903755573,210.36899188801524,1096.852877392549,-0.02999393681974134,0.005482586290085578,0.027166345204,5.0,34.97689999494469,True,True
45.836000000000006,187.72880512843025,-14.942527978426371,1.5377813832531806,4.8971013491693975,187.692148,-15.105501,5.0,2103,0.16123311819657954,210.76745815886687,1096.4544111216974,-0.031117239076637354,0.0006092640868242682,0.022383498826,5.0,36.12850300123682,True,True
45.886,187.73407640463083,-14.776111897885295,1.54041726623499,4.896922000952827,187.696802,-14.973228,5.0,2104,0.16133436715273042,210.89981300858912,1096.3220562719753,-0.030944223461476728,-0.001520619854559424,0.021351093153,5.0,36.939568002708256,True,True
45.935,187.74357819921536,-14.44339508601464,1.543549329816534,4.897286914747535,187.709621,-14.577225,5.0,2107,0.16163746086441544,211.29602373694522,1095.925845543619,-0.043790366852806226,-0.002164789608520845,0.020719561349,5.0,35.56779400241794,True,True
45.985,187.74819095845424,-14.276808662310916,1.543483607362646,4.915774937367128,187.713524,-14.445160000000001,5.0,2108,0.16173853220083032,211.42814639826415,1095.7937228823002,-0.029990281481673837,-0.002045339427538373,0.022086710561,5.0,35.81736100022681,True,True
46.036,187.75654045612285,-13.94384009383343,1.547829760243823,4.915547419815533,187.724394,-14.048333,5.0,2111,0.16204221145966857,211.82512256666442,1095.3967467138998,-0.06817895150243825,0.00028404702796480663,0.024568459484,5.0,36.56090000004042,True,True
46.085,187.76026071404885,-13.777422142544312,1.5497983600787317,4.898102982214065,187.727676,-13.915709,5.0,2112,0.16214369737124829,211.9577871697053,1095.264082110859,-0.040305275926768976,-0.0016438250170409674,0.023494311651,5.0,35.83104599965736,True,True
46.138000000000005,187.76704754792024,-13.44464212016589,1.551741891878253,4.842549283180888,187.733994,-13.651292000000002,5.0,2114,0.16234602914270715,212.22227968620663,1094.9995895943578,-0.028835487030507603,-0.0020485821097726564,0.024191965284,5.0,38.41930300404783,True,True
46.186,187.76958998771428,-13.28014957886878,1.5528032737793402,4.885308165614497,187.73911,-13.387723999999999,5.0,2116,0.16254769191251006,212.48589766911266,1094.7359716114515,-0.06340488141313762,0.0021489888337100638,0.025081898227,5.0,36.43454400298651,True,True
46.238,187.7745475546534,-12.94708940410868,1.5578268975460718,4.904481969939319,187.743064,-13.123133,5.0,2118,0.1627501217359418,212.75051836129725,1094.471350919267,-0.029066316057428876,0.002007742091068465,0.023986336746,5.0,38.53951700148173,True,True
46.287000000000006,187.77661398347092,-12.780234745725267,1.5588609475808246,4.907596579154688,187.744679,-12.99048,5.0,2119,0.16285160629167006,212.88318119193946,1094.3386880886248,-0.02940763520981369,0.0015905697565465893,0.023502052096,5.0,38.04560400021728,True,True
46.337,187.78035084400338,-12.446629002278144,1.5599035914814616,4.907670442179135,187.748331,-12.592054,5.0,2122,0.16315640764723832,213.28162418972462,1093.9402450908397,-0.03692315817434818,0.005230447880084199,0.02465494222,5.0,37.53775499353651,True,True
46.385000000000005,187.78206863526532,-12.27973591787652,1.560828171724772,4.908281256102041,187.748806,-12.46002,5.0,2123,0.16325741181303458,213.41365904414192,1093.8082102364224,-0.03150738415840552,0.0077008629798380746,0.026135573491,5.0,35.243439000623766,True,True
46.435,187.7843994878191,-11.945609675223574,1.5686087405024942,5.016564755511182,187.749176,-12.32732,5.0,2124,0.1633589251972141,213.54635955996608,1093.6755097205983,-0.03289335372875041,0.00858031465776854,0.026598303416,5.0,36.00590299902251,True,True
46.485,187.7844851258984,-11.776493112440832,1.5722903385840616,4.9270873232087915,187.74956,-11.928419,5.0,2127,0.16366407753957984,213.9452613753688,1093.2766079051955,-0.03884982916485666,0.0033931379670408823,0.021330714344,5.0,35.71663299953798,True,True
46.537000000000006,187.78283272777068,-11.448447970067328,1.5790090531519072,4.7255004884149345,187.74931,-11.794514,5.0,2128,0.16376651250989435,214.079166608743,1093.1427026718213,-0.03522859079410892,0.0009198705616002556,0.019690022304,5.0,37.2626210009912,True,True
46.585,187.78125709541558,-11.283999628594065,1.580899309562351,4.865228239160809,187.747602,-11.403830000000001,5.0,2131,0.16406538144345334,214.4698546147399,1092.7520146658244,-0.0568503951805149,-0.001594676670398698,0.018682692424,5.0,35.938006003561895,True,True
46.635000000000005,187.77940975710985,-11.11869203106944,1.5826923634825174,4.862553940018966,187.746635,-11.272781,5.0,2132,0.16416563417846233,214.60090718239883,1092.6209620981654,-0.03639432810888908,-0.0019878757898008637,0.018791871904,5.0,35.56141299486626,True,True
46.686,187.77468772181066,-10.788182365851027,1.587064637490349,4.866475802557523,187.744131,-11.010622999999999,5.0,2134,0.16436618928583727,214.86307720475526,1092.358792075809,-0.03376906007206551,-0.0034554228261387543,0.014141906785,5.0,36.67145600047661,True,True
46.736000000000004,187.77190110889813,-10.622758678260709,1.5881297417121856,4.870758257450571,187.74086599999998,-10.748041,5.0,2136,0.16456707514467603,215.12567959265849,1092.0961896879057,-0.052490362149875555,-0.0020592770632399393,0.014260626343,5.0,36.5664109995123,True,True
46.785000000000004,187.7657964998749,-10.291463667243136,1.590365090444632,4.879268870610546,187.736661,-10.484544,5.0,2138,0.16476867109490254,215.38921022755298,1091.8326590530114,-0.03278297698581156,-0.0008503820030503206,0.01496537089,5.0,35.13554699748056,True,True
46.835,187.76237588315487,-10.129442750464948,1.5916577078575604,4.723082825123295,187.73423300000002,-10.352552000000001,5.0,2139,0.16486965955968372,215.52122455726,1091.7006447233043,-0.032644366699789824,-0.0014836061499732267,0.015495756934,5.0,35.339317000762094,True,True
46.886,187.75275471091092,-9.801046289152442,1.5935045816943458,4.931580395610198,187.724052,-9.961848,5.0,2142,0.16516864758639133,215.91206824442523,1091.309801036139,-0.03397154454843706,0.007635741189486289,0.015422720788,5.0,36.99441000208026,True,True
46.935,187.74834054127768,-9.63405407003456,1.5942233686791363,4.847403636872012,187.720374,-9.829062,5.0,2143,0.16527026532341854,216.044905172574,1091.1769641079902,-0.03304876270071576,0.003240568811047062,0.015778144073,5.0,35.642233000544365,True,True
46.984,187.7404364930486,-9.304408902439238,1.5952702226743125,4.846244632975614,187.710771,-9.434721000000001,5.0,2146,0.1655720181659555,216.4393630874559,1090.7825061931085,-0.048190977516855464,0.00018749629930603362,0.017259111554,5.0,35.46540300158085,True,True
47.035000000000004,187.736365246581,-9.139674636804852,1.5957407207150782,4.844173235914203,187.707605,-9.303125,5.0,2147,0.16567271574619116,216.5709971665236,1090.6508721140408,-0.03285658748674374,-0.00029777328647195844,0.01802397257,5.0,36.32966900477186,True,True
47.085,187.7280056930201,-8.810414211598983,1.5966099516230385,4.840580637941322,187.70115900000002,-9.03983,5.0,2149,0.16587419179567278,216.8343710645422,1090.387498216022,-0.032671126047462445,-0.0005683894325470007,0.019523698421,5.0,35.185389999242034,True,True
47.138000000000005,187.72372348536285,-8.645859751700662,1.597017590068791,4.8396798703323425,187.694546,-8.776665,5.0,2151,0.16607557159483036,217.09761914203233,1090.124250138532,-0.047524313151814844,-0.0004410026989205562,0.020235426196,5.0,38.51471099915216,True,True
47.185,187.71497274039237,-8.317125161783649,1.5977990695402418,4.837570738080041,187.687811,-8.513349,5.0,2153,0.16627706923329483,217.36102126164147,1089.8608480189228,-0.03238133636890461,-0.0008741118993000896,0.021708139315,5.0,35.8314769982826,True,True
47.234,187.7105009108076,-8.1527108236945,1.5981783106465721,4.8396522585579715,187.684407,-8.381568,5.0,2154,0.16637791283121545,217.49284621822025,1089.7290230623441,-0.03224781345846264,-0.0009559452340139885,0.022221298136,5.0,34.458952002751175,True,True
47.284000000000006,187.7059622859446,-7.988213665563235,1.5986508206322514,4.842463887616945,187.67736299999999,-8.117704,5.0,2156,0.16657983572939045,217.75680424662312,1089.4650650339413,-0.048203722240838666,0.00015806119228756188,0.022698323461,5.0,34.21312299906276,True,True
47.335,187.6963523487917,-7.65890371675932,1.601635690684647,4.8497061478382175,187.669833,-7.853364999999999,5.0,2158,0.16678213211760143,218.021250509369,1089.2006187711954,-0.032341736659829944,0.000488490713373313,0.023153684974,5.0,35.57810399797745,True,True
47.385000000000005,187.6911302758645,-7.494057895002156,1.603313773588358,4.853983053112669,187.665836,-7.721003,5.0,2159,0.16688343269942407,218.1536728452984,1089.068196435266,-0.03245149717053356,-4.0028220590127006e-05,0.022262338753,5.0,35.88372500234982,True,True
47.435,187.6797309937878,-7.16395322678659,1.6074755705950332,4.862987960051026,187.652805,-7.323124000000001,5.0,2162,0.1671879659839259,218.55176541472304,1088.6701038658412,-0.03333946584039072,0.0002818241685744738,0.020518408023,5.0,35.845524005708285,True,True
47.484,187.67349537547116,-6.9986826819655175,1.6095197661247478,4.867681992299892,187.648091,-7.190239,5.0,2163,0.16728968443717357,218.68473400131776,1088.5371352792465,-0.032587182063751614,-0.0005190784375130875,0.019379917416,5.0,34.66977599600796,True,True
47.534000000000006,187.65999741393026,-6.667719129947741,1.61356333391889,4.876581598852485,187.632797,-6.790857000000001,5.0,2166,0.16759542824916004,219.08440899874367,1088.1374602818207,-0.05443396224298877,-0.0003668666909453222,0.017046610783,5.0,34.661441000935156,True,True
47.585,187.65274509427192,-6.502035794473653,1.615510094654596,4.880837117998671,187.62731100000002,-6.657501,5.0,2167,0.1676975293514957,219.21787779259452,1088.0039914879699,-0.0342463404650431,-0.0009428173763081915,0.016265942093,5.0,35.09199499967508,True,True
47.634,187.63730073915914,-6.170285632814489,1.6190634262120138,4.889016559916934,187.615756,-6.39047,5.0,2169,0.16790199422606392,219.4851587481298,1087.7367105324345,-0.03184671845737269,-0.0018710090986528982,0.014341091701,5.0,34.71640399948228,True,True
47.685,187.62914101531368,-6.00422642442078,1.6207067234145378,4.892964672246316,187.603425,-6.123032,5.0,2171,0.16810679663922462,219.75288094149488,1087.4689883390695,-0.058141822449470394,-0.0007791487870454361,0.013516770146,5.0,35.89304199704202,True,True
47.736000000000004,187.61203250117254,-5.671751091750058,1.6236522319649034,4.900625798385242,187.590318,-5.855207,5.0,2173,0.16831192294574765,220.02102653534655,1087.2008427452179,-0.031229394883793515,-0.001121244270918087,0.011960171127,5.0,36.17284600477433,True,True
47.785000000000004,187.6031151712266,-5.505339262571843,1.6249925393009825,4.904358076061021,187.583474,-5.721156,5.0,2174,0.16841460298830915,220.1552521325216,1087.0666171480427,-0.031107905877045507,-0.001140056065971784,0.011660539092,5.0,35.690213000634685,True,True
47.836000000000006,187.58463400551454,-5.172176238296815,1.6273834776569798,4.91157926426729,187.561778,-5.318486,5.0,2177,0.16872308492817667,220.5585064705945,1086.6633628099698,-0.03807872027821338,0.0005185361533044386,0.01005647199,5.0,36.25508899858687,True,True
47.884,187.5750951613119,-5.00542997703426,1.6284848281439217,4.915068836490468,187.554157,-5.184097,5.0,2178,0.16882605514118637,220.6931113849253,1086.528757895639,-0.0311171571065844,0.0007558956977020692,0.0098976974209,5.0,34.67963499861071,True,True
47.936,187.55548093013806,-4.6716188311884395,1.6304541796883767,4.9218016579810655,187.530311,-4.780441000000001,5.0,2181,0.16913538277002887,221.0974712261209,1086.1243980544434,-0.0678904148187744,0.0010978143034261478,0.0084752909521,5.0,36.54073299549054,True,True
47.984,187.54542531280433,-4.50455877342301,1.6313667883342,4.925056300587303,187.52223700000002,-4.645723,5.0,2182,0.16923862441110196,221.23243095715205,1085.9894383234123,-0.04213968395661204,0.00024368385272754978,0.0083736837484,5.0,34.91870199650293,True,True
48.035000000000004,187.524865953881,-4.170139226857017,1.6329990270646046,4.931354366443477,187.506048,-4.37603,5.0,2184,0.1694453058185647,221.50260941296102,1085.7192598676033,-0.03142780262570839,-0.0014907440292200036,0.0073692146092,5.0,35.42125099920668,True,True
48.085,187.51437820182431,-4.002783768488439,1.633757186603958,4.93440665772033,187.489877,-4.105987,5.0,2186,0.1696522536656619,221.773136164487,1085.4487331160774,-0.07307349111956281,-0.0024544237848864725,0.0069536940699,5.0,35.318749003636185,True,True
48.136,187.49302401886644,-3.6677902844605867,1.6351327322324336,4.940317937267194,187.481794,-3.970839,5.0,2187,0.16975582407209955,221.9085256647926,1085.3133436157718,-0.045631112656904685,-0.003244832452215185,0.006795515847,5.0,36.80699100368656,True,True
48.186,187.48217023050972,-3.500155991423372,1.635768450035632,4.94317941628901,187.465627,-3.700305,5.0,2189,0.169963146671635,222.17954230090143,1085.042326979663,-0.029287550730693158,-0.004655474341738408,0.005799047281,5.0,36.00712499610381,True,True
48.237,187.46013342966108,-3.164621809972455,1.6369750677207366,4.948717058420556,187.457538,-3.564925,5.0,2190,0.1700668945113114,222.31516374581705,1084.9067055347473,-0.028451262315205898,-0.005294294708773961,0.0056354388181,5.0,37.52770700521069,True,True
48.283,187.44895954488106,-2.9967254257167983,1.637520242544792,4.9513984885335285,187.433245,-3.1583490000000003,5.0,2193,0.17037847215460036,222.72246485510325,1084.499404425461,-0.027610429091009032,-0.006499122460009055,0.0043470997274,5.0,33.26015300262952,True,True
48.338,187.4376905975578,-2.828745056838989,1.6380392336060912,4.954020749722543,187.425139,-3.022684,5.0,2194,0.17048243840139848,222.85837180658478,1084.3634974739796,-0.02532622409116282,-0.007048431715129588,0.0042023156758,5.0,39.00729199813213,True,True
48.384,187.4148886604258,-2.49253847768974,1.6389462293051287,4.959108849246941,187.400799,-2.6152919999999997,5.0,2197,0.1707946413024019,223.2664902664293,1083.955379014135,-0.0520782555495081,-0.008054631787026256,0.0030170226291,5.0,34.650269997655414,True,True
48.434000000000005,187.40337343758605,-2.324314778488454,1.6393321243656367,4.961571729807298,187.392678,-2.479366,5.0,2198,0.17089880753820907,223.40265864791706,1083.8192106326474,-0.025823005344785776,-0.0084737924003071,0.002919549061,5.0,34.30333199503366,True,True
48.485,187.38015043274055,-1.9876329843598537,1.6399508541415218,4.966349378825467,187.376425,-2.207331,5.0,2200,0.17110728025402835,223.67517874118434,1083.54669053938,-0.018398868506565587,-0.00920369851380265,0.002060706809,5.0,35.75038600683911,True,True
48.533,187.36846152102308,-1.8191770556836593,1.640191131063211,4.968662518361537,187.360158,-1.935059,5.0,2202,0.17131593458636868,223.94793624753973,1083.2739330330246,-0.05624696612578341,-0.009479369669084026,0.0018714121049,5.0,33.938850996491965,True,True
48.582,187.34496426540517,-1.482041054564235,1.6405326942698903,4.973145817535433,187.343877,-1.662561,5.0,2204,0.1715247621354169,224.22092018656383,1083.0009490940006,-0.01354047865183659,-0.009918725330183342,0.0011807413116,5.0,32.5234449992422,True,True
48.633,187.33317255050142,-1.3133630812117516,1.6406404935263144,4.975316719718411,187.335732,-1.52623,5.0,2205,0.17162923873203575,224.357494278492,1082.8643750020724,-0.011851099145100246,-0.010063826674318932,0.0011613623516,5.0,33.35782499925699,True,True
48.684000000000005,187.3095360386233,-0.9757927592350013,1.6407309536265917,4.979521022232972,187.311279,-1.116922,5.0,2208,0.17194290988322078,224.7675320670835,1082.4543372134808,-0.029469371513264703,-0.010238475825015136,0.00055039156598,5.0,34.33203599706758,True,True
48.732,187.29770477589284,-0.8069027474738407,1.6407384716237419,4.98154531968648,187.303121,-0.980384,5.0,2209,0.17204754514215617,224.90431356586166,1082.3175557147026,-0.0066774271831266845,-0.010259589083787546,0.00057075131584,5.0,32.519357999262866,True,True
48.784000000000006,187.27402731699,-0.4689208284848861,1.6407381520753648,4.985456494688711,187.278633,-0.570485,5.0,2212,0.1723616691892172,225.31494338984675,1081.9069258907175,-0.06784684947687565,-0.010268584084403898,0.00010023033934,5.0,34.62795900122728,True,True
48.834,187.26218155302217,-0.2998317992676117,1.6407380531846198,4.987350007923411,187.27046399999998,-0.433759,5.0,2213,0.17246644851045353,225.45191321001528,1081.7699560705491,-0.03534192143010686,-0.010268044466508641,6.5286212244e-05,5.0,34.510728997702245,True,True
48.884,187.23847690456017,0.03853553956457956,1.6407380643574778,4.991017287869449,187.25412,-0.160173,5.0,2215,0.17267610975166853,225.72598696967202,1081.4958823108923,0.0020229712776806933,-0.010273268117799716,-0.00048798601995,5.0,34.690845997829456,True,True
48.933,187.22661813954704,0.20781117092314316,1.6407380617896057,4.992792891257788,187.245944,-0.023316,5.0,2216,0.17278098942640907,225.86308797413588,1081.3587813064285,0.0037650754873129483,-0.010269681625784788,-0.00058107202303,5.0,33.487387001514435,True,True
48.982,187.2147553941803,0.37714635682469355,1.6407345724087925,4.994528468470816,187.22958400000002,0.25052399999999997,5.0,2218,0.1729908453569184,226.13741623589587,1081.0844530446684,0.042815675820606885,-0.010272798724868082,-0.0006122515273,5.0,33.01630700298119,True,True
49.031000000000006,187.19102125961064,0.715990221555008,1.64071657093282,4.997882218416546,187.213215,0.524524,5.0,2220,0.17320082387714147,226.41190474961067,1080.8099645309537,0.008994186189372064,-0.01025977895489838,-0.0012509832198,5.0,31.55627899832325,True,True
49.083000000000006,187.17915094381314,0.8854963775668256,1.6407052253502257,4.999503398226195,187.205027,0.661583,5.0,2221,0.17330585835047835,226.549208110185,1080.6726611703793,0.010736357908115725,-0.010251231997165267,-0.0013950448219,5.0,33.59377600281732,True,True
49.134,187.155408546895,1.224670781211702,1.6406532723283056,5.002619951484631,187.18045,1.072981,5.0,2224,0.1736211311234795,226.9613395738408,1080.2605297067234,0.022242734837667626,-0.010219053680310175,-0.0018518800615,5.0,34.49852699850453,True,True
49.184000000000005,187.14353986080962,1.3943364356321954,1.6406166519799166,5.004117577932044,187.172253,1.210185,5.0,2225,0.17372627673223628,227.0987882130665,1080.1230810674979,0.015950708898819985,-0.010188678064238843,-0.0019943265198,5.0,34.79479000088759,True,True
49.231,187.11981425644794,1.7338181115530187,1.640521708989537,5.006988914345854,187.147651,1.622003,5.0,2228,0.17404187136596333,227.5113404201021,1079.710528860462,0.06011228536924096,-0.01010676122087828,-0.0023712004975,5.0,31.544876997941174,True,True
49.283,187.1079588860595,1.903631569638949,1.640472044116332,5.008368782246104,187.139447,1.759341,5.0,2229,0.17414711961908635,227.6489232382881,1079.5729460422763,0.03220034866360421,-0.010056501289848807,-0.0025166691297,5.0,34.31088599609211,True,True
49.333000000000006,187.08426512289265,2.243397693210582,1.640366798300891,5.011022969450203,187.123032,2.034112,5.0,2231,0.17435768898853046,227.92418412302604,1079.2976851575384,0.024526771842247712,-0.009955512844232572,-0.0031454088551,5.0,33.88235599413747,True,True
49.383,187.07242674921537,2.413348082718964,1.640315701717736,5.012300480400829,187.10661000000002,2.309005,5.0,2233,0.17456835183890346,228.1995672080786,1079.0223020724857,0.06930809647584003,-0.009899839340184347,-0.0029710406608,5.0,33.242119003261905,True,True
49.435,187.04877017077374,2.7533774808925626,1.640195715985925,5.014740174808979,187.090181,2.584014,5.0,2235,0.17477910358848892,228.47506650412586,1078.7468027764385,0.029573755226507667,-0.009792622127395845,-0.0036146949677,5.0,35.72038999845972,True,True
49.484,187.03695288703778,2.923454296419548,1.6401387242175087,5.0159216982600645,187.081964,2.721561,5.0,2236,0.17488451203116373,228.6128587255972,1078.6090105549672,0.031237585107331066,-0.009732944103169494,-0.0037739929907,5.0,34.9954350022017,True,True
49.532000000000004,187.01333797511978,3.2637275456458457,1.640035354795078,5.018198253812425,187.05730400000002,3.134362,5.0,2239,0.17520085994890405,229.0263956419687,1078.1954736385956,0.05194471781476536,-0.00961906674246027,-0.0040219794119,5.0,32.341945996449795,True,True
49.581,187.00153852595818,3.4339218158709146,1.6399948205057107,5.019281838355065,187.049081,3.272014,5.0,2240,0.17530634884535598,229.16429303437695,1078.0575762461874,0.03669099553502776,-0.009570719466656108,-0.0042191727234,5.0,31.874323001829907,True,True
49.633,186.9779518882091,3.774417653993715,1.6399210224122585,5.021292081157924,187.03263,3.547394,5.0,2242,0.17551738490144747,229.44016398210647,1077.7817052984578,0.039426020974032576,-0.009495288012627334,-0.0049347738273,5.0,33.33124500204576,True,True
49.685,186.9661642955588,3.9447153126360632,1.6398870820119453,5.0222064050815325,187.016174,3.8228690000000003,5.0,2244,0.17572849372950183,229.7161300589373,1077.505739221627,0.061712743899270416,-0.0094544700522885,-0.004665038924,5.0,35.58842300117249,True,True
49.730000000000004,186.9543802750001,4.11504300639047,1.6398542891584864,5.0230435145943,186.99971200000002,4.0984370000000006,5.0,2246,0.17593967384789805,229.9921893280621,1077.2296799525022,0.04426078992313339,-0.009392498142834604,-0.0054752792359,5.0,30.852854004479013,True,True
49.783,186.93082302603136,4.4557792878394125,1.6397912233758847,5.024535670828308,186.991479,4.236253,5.0,2247,0.17604528843416148,230.1302510249407,1077.0916182556236,0.04586166883421387,-0.009359204612835015,-0.005741520242,5.0,33.20489900215762,True,True
49.837,186.90728046488638,4.796610773869995,1.6397298338490125,5.025810545813657,186.975009,4.511951,5.0,2249,0.17625656818806185,230.40644053977545,1076.8154287407888,0.07146790568226427,-0.009328369898658373,-0.0055991268519,5.0,37.211145005130675,True,True
49.889,186.89551496095677,4.9670579499228396,1.6396993790276035,5.026385871021519,186.958535,4.787732,5.0,2251,0.176467911504871,230.6827131454347,1076.5391561351296,0.0506338742371903,-0.009266181954683095,-0.0066807334583,5.0,39.41864000080386,True,True
49.938,186.8719954701172,5.308009513049772,1.6396381014112176,5.027452903878822,186.950296,4.9256519999999995,5.0,2252,0.17657360578129194,230.8208790150299,1076.4009902655343,0.0522145300681894,-0.009237134166765415,-0.0070780653883,5.0,38.443428005848546,True,True
49.983000000000004,186.86024184295243,5.47851178877702,1.639607055354201,5.027927537691296,186.925572,5.3395269999999995,5.0,2255,0.17689077674614864,231.2354918365914,1075.986377443973,0.062159444478998606,-0.009178349806692854,-0.0079854055984,5.0,33.84701899631182,True,True
50.035000000000004,186.84849248079922,5.6490297242028555,1.639575416312521,5.028357912668493,186.917329,5.4775220000000004,5.0,2256,0.17699652847652067,231.37373281124798,1075.8481364693164,0.05692653262426799,-0.00914423665141273,-0.0084875946993,5.0,36.14305900555337,True,True
50.083000000000006,186.8250075735252,5.990107944393441,1.6395074554618705,5.029139309590564,186.89259199999998,5.891612,5.0,2259,0.17731386421264772,231.7885610254175,1075.4333082551468,0.09115802664418195,-0.009080852913704085,-0.0090819170413,5.0,33.53953400073806,True,True
50.135000000000005,186.81327352007614,6.1606671202177825,1.6394633216074501,5.0295384612780945,186.884344,6.029676,5.0,2260,0.1774196688608681,231.92687117544273,1075.2949981051215,0.07131929985132476,-0.00904530079169863,-0.0090448516245,5.0,35.40653300296981,True,True
50.184000000000005,186.78984498504508,6.501830576714415,1.6391155944407736,5.030434613802456,186.867846,6.305853,5.0,2262,0.17763131566591242,232.20354050756,1075.0183287730042,0.06466717548583562,-0.008931057272073772,-0.0095408619613,5.0,34.156927998992614,True,True
50.236000000000004,186.77820812472825,6.672441771295231,1.6386817920152126,5.030963585975314,186.859596,6.443964,5.0,2263,0.17773715629549597,232.34189769321006,1074.8799715873542,0.06617639980767845,-0.008655443625627868,-0.010212852552,5.0,36.585146001016255,True,True
50.285000000000004,186.7551523499002,7.013737828102643,1.6377308178865904,5.032167468462504,186.83483999999999,6.858389999999999,5.0,2266,0.17805474947458588,232.75706244245075,1074.4648068381136,0.06989617245867137,-0.007801737002631093,-0.011672481139,5.0,35.681576999195386,True,True
50.336000000000006,186.74376702099937,7.184427610812879,1.6370520800715178,5.032840227051808,186.82658600000002,6.996561,5.0,2267,0.17816063610382277,232.8954797598536,1074.3263895207108,0.07028223067969307,-0.00726723700200127,-0.012122442819,5.0,36.521998001262546,True,True
50.385000000000005,186.72136413624688,7.525903303305285,1.6354817415591123,5.034263268865311,186.801819,7.411157000000001,5.0,2270,0.17847835960006103,233.31081486252052,1073.9110544180437,0.0891177576721467,-0.0058603611320613425,-0.013313260276,5.0,35.41051099455217,True,True
50.436,186.71038269865093,7.696692223656268,1.6345145831010757,5.035003060096948,186.793562,7.5493820000000005,5.0,2271,0.17858428760161638,233.44928626272286,1073.7725830178415,0.07591956749743947,-0.005019573484450923,-0.01355303863,5.0,36.34323400183348,True,True
50.484,186.68893384658784,8.038378889729616,1.6323941788708949,5.036478948147564,186.77704599999998,7.825871,5.0,2273,0.17879617347713336,233.72626811299034,1073.495601167574,0.074855809484518,-0.0030410189937635224,-0.01450579952,5.0,34.691457003646065,True,True
50.535000000000004,186.67849446551125,8.209277309338555,1.6312064873389398,5.037214765467486,186.760527,8.102409,5.0,2275,0.17900809690686895,234.00329905495363,1073.2185702256106,0.09604912616329979,-0.001931485485457074,-0.014564130989,5.0,35.2101960015716,True,True
50.584,186.65823485755908,8.551185424800982,1.6287085400124197,5.03863167007736,186.744004,8.378994,5.0,2277,0.17922005640920083,234.2803771518037,1072.9414921287607,0.07553780784284958,0.0004559226068052702,-0.015341335097,5.0,34.72888700343901,True,True
50.636,186.64843357028104,8.72219431028238,1.627381557945507,5.039325761383144,186.735747,8.517303,5.0,2278,0.17932604855489298,234.41893240262445,1072.8029368779398,0.07537701159392433,0.0014329088459987815,-0.015428515293,5.0,36.41548899759073,True,True
50.687000000000005,186.62951558959074,9.064319553750178,1.6246520061196659,5.040638006420034,186.71953,8.793964,5.0,2280,0.1795380522935316,234.69606832614207,1072.5258009544223,0.10102272358704813,0.0008012289155079344,-0.015509499327,5.0,37.63060899655102,True,True
50.736000000000004,186.62041239064598,9.2354344753459,1.6232343883357712,5.041278021371341,186.704024,9.070694999999999,5.0,2282,0.1797500783987516,234.97323348774404,1072.2486357928203,0.0747806762245428,0.000532748341202538,-0.016289041847,5.0,36.501980997854844,True,True
50.786,186.6115504471659,9.406583654480901,1.6218185428596237,5.0419013603316305,186.696604,9.209091,5.0,2283,0.17985610077295572,235.11182825393672,1072.1100410266276,0.07472422519701998,0.00026331481250485567,-0.016427689709,5.0,36.99835800216533,True,True
50.837,186.59456172698847,9.748980375290326,1.618892994482503,5.043071084341642,186.675783,9.624409,5.0,2286,0.18017421050904442,235.52766825778295,1071.6942010227813,0.08650419458189632,-0.002115572680666311,-0.017180342353,5.0,37.34131900273496,True,True
50.886,186.5864467119296,9.920226837210771,1.617399543476149,5.043645631463095,186.669326,9.762891,5.0,2287,0.1802802617133521,235.66630071131746,1071.5555685692468,0.07604736681014852,-0.00236796825748975,-0.017330405708,5.0,36.09030099323718,True,True
50.937000000000005,186.57099212761256,10.262811905027624,1.6143173546746616,5.0447223545956215,186.657125,10.039916999999999,5.0,2289,0.18049238687707864,235.94359536436554,1071.2782739161987,0.0763301630771562,-0.002760305224202675,-0.018142987941,5.0,37.925561002339236,True,True
50.988,186.56366574997975,10.434149474714342,1.6127370762663285,5.0452558441969435,186.645852,10.317019,5.0,2291,0.18070454007732373,236.22092666736378,1071.0009426132006,0.09242515696068539,-0.004506130875141956,-0.018861909215,5.0,38.37065200059442,True,True
51.037000000000006,186.54983554023167,10.776910973430223,1.6094686099327422,5.046254167096162,186.63548500000002,10.594192,5.0,2293,0.1809167205089366,236.49829356780148,1070.7235757127628,0.07843009149334988,-0.004562617740938357,-0.018821326579,5.0,37.41694999916945,True,True
51.086000000000006,186.54334716288622,10.948333758616846,1.6077760577794369,5.046743158207929,186.630636,10.732803,5.0,2294,0.18102282016432708,236.63698935765106,1070.5848799229132,0.07928342816245754,-0.004498360143469604,-0.018736223758,5.0,36.45222799968906,True,True
51.134,186.53125307903792,11.291260636372847,1.6043008344340715,5.0476995054058325,186.617411,11.148729,5.0,2297,0.18134115675495213,237.05312591070836,1070.168743369856,0.0853197285700551,-0.005844975763135807,-0.020049686527,5.0,34.40978100115899,True,True
51.185,186.52565469580162,11.462763754500854,1.6025470466324263,5.048169804673197,186.613441,11.287399,5.0,2298,0.18144728014564993,237.19185272787072,1070.0300165526935,0.08205342362957052,-0.005670022942675601,-0.019883502886,5.0,35.270269007014576,True,True
51.236000000000004,186.51537611651165,11.805844082880693,1.5989002235992416,5.049040750686293,186.60284199999998,11.703489,5.0,2301,0.18176568463854953,237.60807804426628,1069.613791236298,0.10766480768366904,-0.006852673942337351,-0.021110925762,5.0,36.245981995307375,True,True
51.283,186.51071219481352,11.977420441339612,1.5970392429527114,5.049486115586336,186.599746,11.842210000000001,5.0,2302,0.18187183000491733,237.74683358850507,1069.4750356920592,0.09187359341926558,-0.006575648570517512,-0.020856534478,5.0,33.455247001256794,True,True
51.336000000000006,186.50235766479605,12.320640418071154,1.593174289976266,5.050291670500067,186.594208,12.119707,5.0,2304,0.18208415229539804,238.02438592995716,1069.1974833506072,0.08731008908599218,-0.005968374424906386,-0.020292514458,5.0,36.92494099959731,True,True
51.384,186.49868486272914,12.492283141881291,1.591207499396866,5.050721586151183,186.59176499999998,12.258609,5.0,2305,0.1821904261309816,238.16330941196435,1069.0585598686,0.08840297742337842,-0.005581738892912913,-0.019931133934,5.0,34.54569500172511,True,True
51.432,186.4953469758622,12.663947212344098,1.589264749488923,5.051138572495585,186.585744,12.676195,5.0,2308,0.18250990499352765,238.5809391678574,1068.6409301127069,0.09122297010861197,-0.006439520984947933,-0.020837440166,5.0,32.98353599529946,True,True
51.487,186.48966792531013,13.007334843079112,1.5854063204745221,5.051946843318698,186.584178,12.815672,5.0,2309,0.18261660898483678,238.72042495883625,1068.501444321728,0.09163984403879397,-0.0061042756223637085,-0.020512780911,5.0,37.11357299471274,True,True
51.535000000000004,186.48531098641777,13.350794529977867,1.5815317902380541,5.052685641139948,186.58283400000002,12.955283999999999,5.0,2310,0.18272341447230595,238.8600434278151,1068.3618258527492,0.09274555166372274,-0.005786387942156246,-0.020203786489,5.0,35.96223199565429,True,True
51.586000000000006,186.4836333518645,13.52254912613773,1.5795961806297532,5.053064908231012,186.580145,13.374901999999999,5.0,2313,0.18304442117249778,239.27967040649145,1067.9421988740728,0.09785019286122916,-0.006744366478865338,-0.021155770321,5.0,36.61453100357903,True,True
51.635000000000005,186.48228543223735,13.694319324030428,1.5776864671695243,5.053427060854445,186.579699,13.515025,5.0,2314,0.18315161315962847,239.41979411628034,1067.802075164284,0.09605378153188517,-0.006427958694584568,-0.020601072211,5.0,35.80880499794148,True,True
51.686,186.48057499221034,14.037900980028745,1.5738372926793538,5.054089302288408,186.579723,13.936103,5.0,2317,0.18347373014503143,239.8408724840658,1067.3809967964985,0.12080510718123452,-0.0074630545213887345,-0.018387512666,5.0,36.21774900238961,True,True
51.733000000000004,186.48021902544315,14.209710528284758,1.5718975738880219,5.054426128426546,186.580186,14.076689000000002,5.0,2318,0.18358127635865745,239.98145924647608,1067.2404100340882,0.10689650773604659,-0.007150711980768332,-0.016474150453,5.0,33.99956400244264,True,True
51.786,186.48049134445372,14.553365413312662,1.5681716278086901,5.055144601692705,186.5818,14.358185,5.0,2320,0.1837966190831583,240.26295996533403,1066.9589093152304,0.10179305942486802,-0.0065462117693195765,-0.012509971281,5.0,36.7880849953508,True,True
51.834,186.4810873598033,14.725210957236113,1.566505684276165,5.055509302574263,186.582951,14.499089000000001,5.0,2321,0.18390441157371368,240.40386866633224,1066.818000614232,0.10298591693231719,-0.0063531024374077205,-0.010620396551,5.0,34.3147029998363,True,True
51.885000000000005,186.48308630923762,15.06893450922916,1.5635728622278475,5.0562219016631085,186.587707,14.922410000000001,5.0,2324,0.18422826477035836,240.8272166474226,1066.3946526331417,0.10874104457163378,-0.006963057077641999,-0.0072763240761,5.0,35.44015599618433,True,True
51.934000000000005,186.48443365596452,15.2408122065276,1.5623679828479375,5.056566374641856,186.589559,15.063718,5.0,2325,0.1843363720007143,240.9685367831712,1066.253332497393,0.1065330600237673,-0.006033113505645282,-0.0059012879095,5.0,35.44691800198052,True,True
51.985,186.4876889522165,15.584595930228218,1.5603728547924056,5.057169165393418,186.59335900000002,15.346618,5.0,2327,0.18455280467137522,241.251462303486,1065.9704069770783,0.10825996659066488,-0.003943751410746987,-0.0036432325443,5.0,35.81214099540375,True,True
52.034000000000006,186.48955023221296,15.756498886062221,1.5596241968102038,5.0573780505134165,186.597149,15.629874,5.0,2329,0.18476950954833787,241.5347436578313,1065.687125622733,0.11845507867130224,-0.0028843777816192073,-0.0030627449239,5.0,34.921546997793484,True,True
52.087,186.4935660411903,16.100311697049236,1.558659562852468,5.057458782444175,186.600902,15.913463,5.0,2331,0.1849864687648612,241.81835749041258,1065.4035117901517,0.10957179038465495,-0.0014869726985509146,-0.0036168820919,5.0,37.30410899879644,True,True
52.135000000000005,186.49568513281898,16.27221919558865,1.5583079772653243,5.057560596030866,186.602769,16.055379000000002,5.0,2332,0.18509504121428352,241.9602857706988,1065.2615835098654,0.10978303130601459,-0.0010003539612712942,-0.0044215053593,5.0,35.29319200606551,True,True
52.184000000000005,186.50006837980382,16.616044844402495,1.5577955383797715,5.05781488873054,186.608363,16.481604,5.0,2335,0.1854211233566782,242.386547478419,1064.8353218021452,0.1166891384871423,-0.0003843127260276802,-0.0040191170932,5.0,34.4949100035592,True,True
52.235,186.50232499961982,16.787963155168367,1.5575482052993854,5.057931760420666,186.610231,16.623834,5.0,2336,0.18552993599946604,242.52878974472546,1064.693079535839,0.11043764681216932,-0.00013216588508146998,-0.0046806776772,5.0,35.33354800310917,True,True
52.284000000000006,186.50696199467023,17.131810384928638,1.5570832138752082,5.05816879122033,186.613971,16.908517,5.0,2338,0.18574773190129956,242.81349731064194,1064.4083719699224,0.11001271586044575,0.00034937287841696474,-0.0051386617056,5.0,34.19562100316398,True,True
52.332,186.50933804348142,17.30373913521281,1.5568754950645993,5.05827672912989,186.61771399999998,17.193487,5.0,2340,0.18596574736390625,243.0984918912027,1064.1233773893616,0.12676754920412642,0.0005785410932372947,-0.0044650412579,5.0,32.91213200282073,True,True
52.386,186.51418836593734,17.647604222090386,1.5565209168009804,5.058421599623469,186.61958700000002,17.336076000000002,5.0,2341,0.18607483466145078,243.2410931922136,1063.9807760883507,0.11489345167461086,0.0007855112188623892,-0.0048518839027,5.0,36.92934900027467,True,True
52.435,186.5166562420071,17.819539258651997,1.5563693772808833,5.05846951955444,186.62333600000002,17.621454,5.0,2343,0.18629316226970172,243.52649581638696,1063.6953734641775,0.10948176084509353,0.0011381801913410428,-0.0051503585156,5.0,35.37380199850304,True,True
52.484,186.51914893522928,17.99147515744165,1.5562321362394473,5.0584917806174925,186.625212,17.76424,5.0,2344,0.1864024002856631,243.6692941398085,1063.5525751407558,0.10927294362579518,0.0012885594244216314,-0.005394875365,5.0,34.56369799823733,True,True
52.538000000000004,186.52419983285807,18.33534552388713,1.5559929462296778,5.0584417727315785,186.630845,18.192971,5.0,2347,0.18673039969711772,244.09806214357315,1063.1238071369912,0.11311172579499285,0.0015500774144530105,-0.0045684765722,5.0,38.228096003877,True,True
52.584,186.52675434685733,18.507278021246076,1.5558878973863717,5.058376040897774,186.632724,18.336001,5.0,2348,0.18683982438250457,244.24110448534998,1062.9807647952143,0.10852614663196372,0.0016662002833931489,-0.0048379208897,5.0,34.93635499762604,True,True
52.634,186.53191399150492,18.851135570951467,1.555701604992218,5.058252600824432,186.63648500000002,18.622232999999998,5.0,2350,0.187058805348819,244.5273611934724,1062.694508087092,0.10789788568138378,0.0018679243126986655,-0.0050807284067,5.0,34.89640000043437,True,True
52.687000000000005,186.53451660263494,19.02306104277568,1.555618572515582,5.058196322112938,186.640249,18.908687,5.0,2352,0.1872779561564296,244.81383992185144,1062.4080293587128,0.12267290267683201,0.001953424803520676,-0.004227228498,5.0,37.81736800010549,True,True
52.737,186.5397622000717,19.366905309124682,1.5554685077769903,5.058075679525368,186.644016,19.195353,5.0,2354,0.18749726915618162,245.10053067134484,1062.1213386092195,0.10688370436125497,0.0021165459465182224,-0.0044999275966,5.0,38.089898000180256,True,True
52.784000000000006,186.54240346493194,19.538824412974797,1.5554004480354269,5.058036861197261,186.6459,19.338763,5.0,2355,0.18760698455954233,245.2439530460149,1061.9779162345494,0.10649838427770515,0.0021902195521223966,-0.0046854845656,5.0,34.84623599797487,True,True
52.833000000000006,186.54771930312256,19.88265945681076,1.5552762450805415,5.058000610437858,186.651558,19.769287,5.0,2358,0.18793635571495518,245.67451422348077,1061.5473550570835,0.12153245543219716,0.0023179366427572567,-0.0038724760635,5.0,33.65645399753703,True,True
52.885000000000005,186.550392670858,20.05457610377041,1.5552193305125208,5.0579951218546,186.653445,19.912889,5.0,2359,0.18804621801215798,245.8181286209937,1061.4037406595705,0.10996248570149257,0.00237902145999902,-0.0040928103482,5.0,35.715900994546246,True,True
52.933,186.5557673543472,20.398410491405617,1.555114599979032,5.058055567731399,186.657221,20.200229999999998,5.0,2361,0.18826604742002798,246.10549443047233,1061.116374850092,0.10448163581951517,0.002490984788970252,-0.0042955567735,5.0,33.5241849970771,True,True
52.984,186.55846776992377,20.570329548281567,1.555066395112844,5.058103652909822,186.65911,20.343967000000003,5.0,2362,0.18837601300086473,246.24924384261027,1060.972625437954,0.10404932558613966,0.002538867255746702,-0.0044253928069,5.0,34.77286900306353,True,True
53.034000000000006,186.56389259157604,20.914172052281604,1.5549765263894186,5.058193912597876,186.664781,20.77543,5.0,2365,0.18870610254217346,246.68074410982985,1060.5411251707344,0.10878807607955868,0.002633958387425306,-0.0035785427711,5.0,34.47964200313436,True,True
53.084,186.56661626132575,21.08609521517523,1.554934261760693,5.0582315620879115,186.666672,20.919332,5.0,2366,0.18881619435409522,246.82465853400268,1060.3972107465615,0.10290885217724399,0.002678021473906611,-0.0037649070366,5.0,34.54890099965269,True,True
53.135000000000005,186.572084742715,21.42994658649164,1.5548550582268397,5.058356236219608,186.670456,21.207254000000002,5.0,2368,0.18903646825801748,247.11260539844167,1060.1092638821226,0.10176742151229998,0.0027607877496720334,-0.0039358539202,5.0,35.61635599908186,True,True
53.184000000000005,186.57482895987715,21.601875611412744,1.5548177665420095,5.0584286766190445,186.674243,21.495326000000002,5.0,2370,0.1892568569293535,247.40070228935383,1059.8211669912105,0.12128799298448893,0.0027993366260035124,-0.0030966339129,5.0,34.937315998831764,True,True
53.236000000000004,186.58033629698267,21.945740461943974,1.5547470500623954,5.058570370447553,186.676136,21.639416,5.0,2371,0.1893670925654069,247.54480472357685,1059.6770645569875,0.10803886871740807,0.002836396340505587,-0.00328479051,5.0,36.75418200145941,True,True
53.284000000000006,186.5830989051354,22.117676693912838,1.5547135275225172,5.058661344085318,186.679926,21.927702,5.0,2373,0.18958764495871738,247.8331156354345,1059.3887536451298,0.09981814523684514,0.0029064669308569435,-0.0034469943532,5.0,34.54631700151367,True,True
53.335,186.5858672409089,22.289616114807316,1.5546812467707185,5.058762355120657,186.68182099999999,22.071896,5.0,2374,0.18969796016603782,247.977322086958,1059.2445471936062,0.09931534402117276,0.002939575629704372,-0.0035540639439,5.0,35.22387200064259,True,True
53.384,186.59142024940118,22.633505351893916,1.5546198130414637,5.058971220893246,186.68751,22.504673999999998,5.0,2377,0.19002905575155737,248.4101374771714,1058.8117318033928,0.10786093091056734,0.0030014775290729823,-0.0027293662457,5.0,34.822592002456076,True,True
53.435,186.5942045704669,22.805455011840657,1.5545903236918486,5.059065726546452,186.68940700000002,22.648996,5.0,2378,0.19013946888810693,248.55447194392482,1058.6673973366394,0.09920364646354922,0.0030309537161379296,-0.0028937710878,5.0,35.50271299900487,True,True
53.485,186.59978833324547,23.149364383289782,1.554533911122128,5.059284771238845,186.693202,22.93773,5.0,2380,0.19036036401361353,248.84323088280453,1058.3786383977597,0.09672141848759214,0.003091081809774021,-0.0030279771036,5.0,36.08181600429816,True,True
53.535000000000004,186.60258743963004,23.321324919796638,1.554507056115977,5.059409574194145,186.695101,23.082141,5.0,2381,0.190470845247709,248.98765436815924,1058.2342149124052,0.09618770517280414,0.0031179871589412933,-0.0031200759431,5.0,35.32118399743922,True,True
53.586000000000006,186.60819934344264,23.665258827352247,1.5544556129254945,5.0596658098149945,186.700798,23.515543,5.0,2384,0.19080241822063038,249.42109380962444,1057.80077547094,0.09796778654504175,0.003171617430407281,-0.0022963260822,5.0,36.938265002390835,True,True
53.636,186.6110118814864,23.83723207416154,1.554430767758173,5.059784944750945,186.702698,23.660065,5.0,2385,0.19091298437034443,249.5656282985328,1057.6562409820315,0.09455875839643443,0.00319582066945312,-0.0024488454293,5.0,36.89201999804936,True,True
53.686,186.6166497630549,24.18119141855015,1.5543832172539847,5.0600599266970985,186.706499,23.949185,5.0,2387,0.1911341748133679,249.85477328292893,1057.3670959976353,0.09345091122828969,0.0032460307815300737,-0.0025633996667,5.0,36.086384003283456,True,True
53.735,186.6194748333862,24.35317848764119,1.5543606179819864,5.06021623060079,186.710301,24.238405,5.0,2389,0.191355441757949,250.14401827183423,1057.07785100873,0.10974492281496166,0.003266934468938665,-0.0017870542559,5.0,35.99860000394983,True,True
53.784000000000006,186.62513665669442,24.69716898115785,1.5543177133619217,5.060557079382614,186.714104,24.527722,5.0,2391,0.19157678290933672,250.4333602655,1056.7885090150644,0.09183561796374196,0.0033122257818503087,-0.0019381923139,5.0,34.45403399382485,True,True
53.833000000000006,186.62797303470916,24.86917346739277,1.5542975354639676,5.060757379108239,186.716006,24.672415,5.0,2392,0.19168747987962512,250.57806576592412,1056.6438035146402,0.09118697399262984,0.003331842155680498,-0.0020556666069,5.0,33.32562399737071,True,True
53.885000000000005,186.63365628975149,25.213204300227986,1.5542602798507392,5.061207505054988,186.721715,25.106626000000002,5.0,2395,0.1920196717894367,251.0123142952279,1056.2095549853364,0.112007502842283,0.0033735515879858013,-0.001311071829,5.0,35.51053800038062,True,True
53.934000000000005,186.6365027259133,25.38523134983108,1.5542428999240363,5.061442091724671,186.723618,25.251406,5.0,2396,0.19213043531738497,251.15710680128052,1056.0647624792837,0.097736785174808,0.0033901781111214113,-0.0014676387995,5.0,34.507182994275354,True,True
53.985,186.6422043745815,25.729310913960553,1.5542134118375561,5.061969813786253,186.727426,25.541026000000002,5.0,2398,0.19235200828829224,251.44675183449198,1055.7751174460723,0.08827962855538281,0.0034239783221710063,-0.0015688748415,5.0,35.61201800039271,True,True
54.034000000000006,186.6450587619185,25.90136429218233,1.5542017753673363,5.062234500191365,186.72933,25.685867000000002,5.0,2399,0.19246281848611024,251.59160534841897,1055.6302639321452,0.08768936188905878,0.003435588299465664,-0.0016564231549,5.0,34.55428100278368,True,True
54.086000000000006,186.6507741252675,26.245497626327097,1.5541768018721358,5.062751939383897,186.731235,25.830726000000002,5.0,2400,0.19257364246245484,251.73647687393728,1055.485392406627,0.08709752519382087,0.003445498084542198,-0.0017209962233,5.0,36.60788800334558,True,True
54.132000000000005,186.65363559576664,26.417577145417507,1.5541605146952209,5.062997223114703,186.73695,26.265417,5.0,2403,0.19290620159179434,252.17120544063874,1055.0506638399256,0.08844807987420047,0.003472011704309441,-0.0009514533098,5.0,32.71499399852473,True,True
54.182,186.65650047131587,26.58966467375117,1.5541392031765635,5.063228839479644,186.738856,26.41035,5.0,2404,0.19301708218190383,252.31615097290862,1054.9057183076557,0.08530806177656683,0.0034864370362699404,-0.0010703513913,5.0,32.89346800011117,True,True
54.234,186.6622432118682,26.933863138358277,1.5540856624662522,5.0637006190652105,186.74266799999998,26.700266999999997,5.0,2406,0.19323888237278544,252.60609303303968,1054.6157762475245,0.0840996774109004,0.0035364354277627186,-0.0011148082997,5.0,34.437632995832246,True,True
54.284000000000006,186.66512218089116,27.105974209683282,1.5540535098978485,5.063932033667266,186.74648,26.990251,5.0,2408,0.19346073381297066,252.89610208738117,1054.325767193183,0.1013677829257712,0.0035638713235432995,-0.00040751706864,5.0,34.9679940045462,True,True
54.334,186.6708983423985,27.450218633881228,1.5539913706949913,5.064359253855936,186.750294,27.280299,5.0,2410,0.19368263422782772,253.18617516248474,1054.0356941180796,0.08231618433080566,0.003631998473777376,-0.00046300203154,5.0,34.57149300083984,True,True
54.382000000000005,186.6737929157838,27.622351289575818,1.5539742590554617,5.064567733043875,186.752201,27.425345,5.0,2411,0.1937936012633854,253.331233698135,1053.8906355824292,0.08162276030729188,0.003655438975804781,-0.00054897261597,5.0,32.792619000247214,True,True
54.432,186.67958472761407,27.966638443827527,1.553984173417772,5.0649946529943515,186.757924,27.860574,5.0,2414,0.1941265719974372,253.7665003235179,1053.4553689570464,0.10471862252703622,0.0036738526178767827,0.00012870574792,5.0,32.80615399853559,True,True
54.488,186.68247905231394,28.13879283798558,1.5539861049690606,5.065202493221059,186.75983200000002,28.005678999999997,5.0,2415,0.19423758417303527,253.9116178672161,1053.3102514133482,0.08924006808401753,0.003664401078947499,-2.4788292133e-05,5.0,38.3407260014792,True,True
54.534000000000006,186.68826691171606,28.483122527298775,1.5539941720973505,5.065605831383864,186.763648,28.295928999999997,5.0,2417,0.19445963912083014,254.20189295115551,1053.0199763294088,0.07846546765668892,0.0036591035536721606,-0.00010028308822,5.0,34.11865700036287,True,True
54.580000000000005,186.69115978914948,28.65529753172856,1.553998350550641,5.065801752708078,186.765557,28.441074,5.0,2418,0.19457068190308507,254.34705050454494,1052.8748187760193,0.07783634929360196,0.0036510917039231927,-0.00017930241825,5.0,31.037499000376556,True,True
54.632000000000005,186.69694385389352,28.99966708099274,1.554006078313653,5.066176726455545,186.771284,28.876584,5.0,2421,0.19490386761847028,254.78259815822838,1052.4392711223359,0.09152079663433713,0.003646929819715261,0.00047834403462,5.0,33.0188219959382,True,True
54.684000000000005,186.69983500165043,29.17186134863412,1.554010981108079,5.0663600100409605,186.773193,29.021779,5.0,2422,0.19501494864647265,254.92780570729522,1052.294063573269,0.07939061181368,0.0036436682724678704,0.00036103397101,5.0,34.8234240009333,True,True
54.731,186.70561494599008,29.516268137776695,1.5540205668328633,5.0667113023458015,186.777012,29.312203000000004,5.0,2424,0.19523713671964468,255.21825481563903,1052.0036144649252,0.0746989852992282,0.0036325788850124496,0.00030895389742,5.0,32.036024997069035,True,True
54.783,186.7085037980386,29.688480388936636,1.5540251139684864,5.066878748390074,186.778921,29.457432,5.0,2425,0.1953482437547566,255.36349636176823,1051.858372918796,0.07407337723133246,0.00362886021025588,0.00024840376812,5.0,33.997200000158045,True,True
54.831,186.71139209387923,29.860698338520564,1.5540287697309803,5.067043641088227,186.784651,29.893185,5.0,2428,0.19568161537465037,255.79928703389086,1051.4225822466735,0.08013894496492502,0.0036200664396961457,0.00089151105792,5.0,31.978227001673076,True,True
54.89,186.71716695645918,30.205150836484577,1.5540380690117361,5.067364630886458,186.786561,30.038457,5.0,2429,0.19579275531116247,255.94457158944994,1051.2772976911144,0.0724927373997322,0.003613664512990944,0.00078879013083,5.0,41.00553700118326,True,True
54.933,186.72005304755592,30.37738514758523,1.554043872563687,5.067517383828831,186.78847199999998,30.183739000000003,5.0,2430,0.19590390290688317,256.089866157294,1051.1320031232704,0.0715803355813164,0.0036092264340372715,0.00071658209836,5.0,33.56332900148118,True,True
54.985,186.725822881367,30.72186923670023,1.5540540693183051,5.067814682033736,186.794204,30.619645000000002,5.0,2433,0.1962373915788826,256.52580984248897,1050.6960594380753,0.09990813532056514,0.003597376623581283,0.0013127098624,5.0,35.85534200101392,True,True
55.034000000000006,186.72870657855674,30.894118766164144,1.554059264813799,5.067957200645296,186.796115,30.764965000000004,5.0,2434,0.19634856824137062,256.67114240704694,1050.5507268735173,0.08245135994210633,0.003593178773514172,0.001208583922,5.0,34.71708600409329,True,True
55.085,186.73447139904684,31.23863216577635,1.5540696379412162,5.068230170695503,186.799937,31.055634,5.0,2436,0.19657094374888032,256.96183653365597,1050.2600327469083,0.06848282210478776,0.0035840327366809532,0.0011788555982,5.0,35.438001999864355,True,True
55.133,186.73735295087783,31.410895721832215,1.5540713408740185,5.0683604299866,186.801848,31.200981,5.0,2437,0.19668214106407222,257.1071960958801,1050.1146731846843,0.06786599005010964,0.0035765678280674784,0.0011277476366,5.0,34.01692700572312,True,True
55.183,186.74311511999647,31.755435971410318,1.5540755942173172,5.068616294462741,186.807583,31.637072999999997,5.0,2440,0.1970157720404288,257.5433258044429,1049.6785434761214,0.08626742659710157,0.003574501302994193,0.0017187837048,5.0,33.91463599837152,True,True
55.232,186.74599586673168,31.92771251144921,1.5540771215378733,5.0687385774127405,186.809494,31.782453999999998,5.0,2441,0.19712699536273026,257.6887193637294,1049.5331499168349,0.07166679551504525,0.003573596079098351,0.0016332506482,5.0,32.45986699766945,True,True
55.284000000000006,186.75175649137273,32.27227798375304,1.5540820637100135,5.06897862101987,186.81331799999998,32.073238,5.0,2443,0.19734945885557637,257.97952850669435,1049.24234077387,0.06478780241158573,0.0035673527201054434,0.0016287828457,5.0,34.62380100245355,True,True
55.333000000000006,186.75463629492953,32.44456675118715,1.554084051895928,5.069094729438139,186.81523,32.218641999999996,5.0,2444,0.19746069978097877,258.1249450771394,1049.0969242034248,0.06417358520871959,0.0035622846556164767,0.0015889365689,5.0,33.652055004495196,True,True
55.382000000000005,186.76039492456275,32.78915591762753,1.5540883486425363,5.069318160963691,186.820967,32.654895,5.0,2447,0.19779445392875994,258.561235798082,1048.6606334824824,0.07397809972545005,0.0035599195710234177,0.002159013981,5.0,32.82240399857983,True,True
55.433,186.76327382200773,32.96145615750212,1.5540903178505783,5.06942720505891,186.82288,32.800327,5.0,2448,0.1979057162818404,258.7066803792564,1048.515188901308,0.06347580431764184,0.0035585767292252157,0.0020825362348,5.0,33.34990100120194,True,True
55.483000000000004,186.76902939762562,33.30606798791389,1.5541069523836395,5.0696556156837875,186.826705,33.091211,5.0,2450,0.1981282562762411,258.9975895267266,1048.2242797538377,0.061106698403742124,0.003552668339590781,0.0020901142193,5.0,33.1752130005043,True,True
55.536,186.77190428458312,33.47837991150954,1.5541215514204219,5.069775535023577,186.82861699999998,33.236663,5.0,2451,0.19823953391756235,259.1430540930237,1048.0788151875406,0.060495154917488414,0.0035417356210851736,0.0020473596671,5.0,36.277731000154745,True,True
55.582,186.77764487801628,33.82301627804361,1.5541623055750382,5.070018726668636,186.834356,33.673055,5.0,2454,0.19857339440863656,259.57948382824463,1047.6423854523196,0.06363696512488633,0.003506060932218169,0.0025643575139,5.0,32.21421800117241,True,True
55.632000000000005,186.78050965775222,33.99534073106652,1.5541849773979532,5.070138710097574,186.836269,33.818531,5.0,2455,0.19868469041797396,259.72497240561415,1047.4968968749502,0.05867802797960144,0.0034851148474133176,0.0024794048554,5.0,32.548463001148775,True,True
55.684000000000005,186.78622457388906,34.34000261082407,1.5542565821191345,5.070396708951878,186.840095,34.109501,5.0,2457,0.19890729620511793,260.0159675587972,1047.205901721767,0.05748499576757739,0.0034301650703887354,0.0024546876791,5.0,34.30172899970785,True,True
55.733000000000004,186.7890714188651,34.51234044321283,1.5543018068256802,5.070530116134029,186.843922,34.400493,5.0,2459,0.19912991883045114,260.3069847232294,1046.914884557335,0.08359473764826093,0.003392871384089169,0.0028572230331,5.0,33.90267299982952,True,True
