t,x,y,yaw,speed_measured,x_ref,y_ref,speed_ref,path_index,progress,cte,heading_error,steering_cmd,speed_cmd,compute_time_ms,did_compute,controller_success
0.03199999999999997,33.4,-92.9,-0.807966,2.6309034335655643e-17,32.934173,-93.47543,5.0,9047,0.9330651815181518,0.7403218250829543,0.1350395082122211,-0.056212868059,5.0,32.06198000043514,True,True
0.07900000000000001,33.4,-92.9,-0.807966,5.687141612136573e-18,32.934173,-93.47543,5.0,9047,0.9330651815181518,0.7403218250829543,0.1350395082122211,-0.056212868059,5.0,29.728331999649527,True,True
0.129,33.39999821289111,-92.90000062033025,-0.8079615632724895,-0.001750149288631517,32.934173,-93.47543,5.0,9047,0.9330651815181518,0.7403216164586383,0.1350388154883806,-0.056213560782,5.0,29.532996002672007,True,True
0.177,33.39988323675777,-92.89988182258077,-0.8079519745698294,-0.007798535908938801,32.934173,-93.47543,5.0,9047,0.9330651815181518,0.7403202268653849,0.1350350714847104,-0.056217304786,5.0,27.626967999822227,True,True
0.22799999999999998,33.39923842583235,-92.89924817349684,-0.8079526407059713,-0.015749778769807023,32.934173,-93.47543,5.0,9047,0.9330651815181518,0.7403879455777062,0.1350310685066871,-0.056221307764,5.0,28.85639899977832,True,True
0.279,33.398779420348426,-92.89878393788703,-0.8079595704781729,-0.01864234731095093,32.934173,-93.47543,5.0,9047,0.9330651815181518,0.7404358666256513,0.1350261489181923,-0.056226227353,5.0,29.11688700260129,True,True
0.32799999999999996,33.3976769384229,-92.8976359414852,-0.8079545919286939,-0.024064584635982062,32.934173,-93.47543,5.0,9047,0.9330651815181518,0.7406126901033925,0.13502725832797724,-0.056225117943,5.0,28.3797370029788,True,True
0.379,33.39703052068661,-92.89696247597512,-0.8079531841215478,-0.02669067321979347,32.934173,-93.47543,5.0,9047,0.9330651815181518,0.7407250346891721,0.13502810014091482,-0.05622427613,5.0,29.529528997954912,True,True
0.42800000000000005,33.395553465991334,-92.89542255475178,-0.8079514081166499,-0.03181008970051345,32.934173,-93.47543,5.0,9047,0.9330651815181518,0.7409861443520338,0.13502567466542725,-0.056226701605,5.0,28.11399900019751,True,True
0.478,33.39472487607725,-92.89455838547877,-0.8079502449696714,-0.034303316044907245,32.934173,-93.47543,5.0,9047,0.9330651815181518,0.7411346510194725,0.13502491632887104,-0.056227459942,5.0,28.9535709998745,True,True
0.528,33.392890972496076,-92.89259369654715,-0.8079302604974954,-0.039065017335781285,32.934173,-93.47543,5.0,9047,0.9330651815181518,0.7414711472478914,0.13502295279239185,-0.056229423478,5.0,28.520840998680796,True,True
0.578,33.39195530978772,-92.89161831341607,-0.8079672028917285,-0.03830394753259127,32.934173,-93.47543,5.0,9047,0.9330651815181518,0.7417009740545668,0.13500376870971653,-0.056248607561,5.0,28.172790000098757,True,True
0.63,33.390147800061825,-92.889726979337,-0.8079577075428933,-0.036628748176616856,32.934173,-93.47543,5.0,9047,0.9330651815181518,0.7420801769905644,0.13501702688858774,-0.056235349382,5.0,30.234238001867197,True,True
0.677,33.389273260861316,-92.8888117623754,-0.8079494505811835,-0.03581371624367806,32.934173,-93.47543,5.0,9047,0.9330651815181518,0.7422675034683845,0.13503121575511434,-0.056221160516,5.0,28.002521001326386,True,True
0.729,33.388417474698485,-92.88791660208094,-0.8079541446936119,-0.03501356258711796,32.934173,-93.47543,5.0,9047,0.9330651815181518,0.7426372166330684,0.13502765290583296,-0.056224723365,5.0,29.204190002928954,True,True
0.778,33.39105374341168,-92.89067264087345,-0.8079840458808041,0.1607166715206332,32.934173,-93.47543,5.0,9047,0.9330651815181518,0.7426170749404163,0.135030864876454,-0.056221511394,5.0,28.782150999177247,True,True
0.8300000000000001,33.39599295036279,-92.89585132696646,-0.8080681760190225,0.257791960703287,32.934173,-93.47543,5.0,9047,0.9330651815181518,0.7410728039592781,0.13514168423124362,-0.05611069204,5.0,30.652612000267254,True,True
0.877,33.41229808148684,-92.91280454978858,-0.8084639101988356,0.4297757406542314,32.934173,-93.47543,5.0,9047,0.9330651815181518,0.7396756296510247,0.13532933974141237,-0.055923036529,5.0,27.543250998860458,True,True
0.9279999999999999,33.42331989168361,-92.92426653672972,-0.8089340459525816,0.515245621539879,32.934173,-93.47543,5.0,9047,0.9330651815181518,0.7379607985749801,0.1355374184110567,-0.05571495786,5.0,28.45551900099963,True,True
0.978,33.45214452253146,-92.9545553597732,-0.8102590179553104,0.7172073242854722,32.934173,-93.47543,5.0,9047,0.9330651815181518,0.7332585748854,0.13667035039269448,-0.054582025878,5.0,28.270421997149242,True,True
1.028,33.46972284682653,-92.97329087199792,-0.8111506052589829,0.7917167031825811,33.052184000000004,-93.569346,5.0,9048,0.9331683168316832,0.7334411707111325,0.14102198684382916,-0.050054884042,5.0,28.942891000042437,True,True
1.08,33.51066293560845,-93.01624355355696,-0.8128622021606348,0.969225347975941,33.052184000000004,-93.569346,5.0,9048,0.9331683168316832,0.7228309078165901,0.1424706356664811,-0.04860623522,5.0,30.195956001989543,True,True
1.1280000000000001,33.53431287055095,-93.04125290795972,-0.8138203504029767,1.0568416753167007,33.052184000000004,-93.569346,5.0,9048,0.9331683168316832,0.718178297409353,0.14362517104915362,-0.047451699837,5.0,28.368215000227792,True,True
1.179,33.58752828929256,-93.09771512901959,-0.8161153464580612,1.2260285704945582,33.169982,-93.661958,5.0,9049,0.9332714521452146,0.710184225549316,0.14950403991418648,-0.042849938943,5.0,30.020728998351842,True,True
1.229,33.616893931819526,-93.12910655368437,-0.8174887041670967,1.3078588788293288,33.169982,-93.661958,5.0,9049,0.9332714521452146,0.7019365506612396,0.15064082288445046,-0.041713155972,5.0,29.459807999955956,True,True
1.278,33.67956911463382,-93.19563999746353,-0.8196392252141191,1.375716176097924,33.169982,-93.661958,5.0,9049,0.9332714521452146,0.6881708557119209,0.15313499898007343,-0.039218979877,5.0,28.702731000521453,True,True
1.327,33.71326388320859,-93.23241313282684,-0.8207964516347143,1.5045068881298302,33.288132,-93.754545,5.0,9050,0.9333745874587459,0.6823472844330348,0.15481075133219413,-0.037111573897,5.0,27.313201000652043,True,True
1.376,33.78643641929189,-93.31110147504741,-0.8222299646863465,1.655803702914092,33.288132,-93.754545,5.0,9050,0.9333745874587459,0.6650282685895051,0.15666402235259813,-0.035258302876,5.0,26.991258000634843,True,True
1.425,33.825560152729075,-93.35324747512615,-0.8229428705868234,1.7285434627823077,33.406313,-93.847211,5.0,9051,0.9334777227722773,0.6571964977379703,0.15818323193864536,-0.034515841961,5.0,26.320672001020284,True,True
1.4769999999999999,33.8663144209547,-93.39721709797361,-0.8237245927821609,1.7997056842043897,33.524688,-93.939676,5.0,9052,0.9335808580858086,0.6410696310713869,0.1614089456897707,-0.032858753893,5.0,27.637447998131393,True,True
1.525,33.95255136164295,-93.49048824841122,-0.8254518776390442,1.9373407079704321,33.524688,-93.939676,5.0,9052,0.9335808580858086,0.6278100236438623,0.16223211282511407,-0.032035586757,5.0,25.94354599932558,True,True
1.575,33.99795089134079,-93.53972514056389,-0.8264099531540082,2.0039327984900916,33.643235,-94.031968,5.0,9053,0.9336839933993399,0.6067342055921529,0.1656133653571148,-0.029446080271,5.0,25.750885000888957,True,True
1.6280000000000001,34.09311662970084,-93.64324457200475,-0.8284424582683113,2.1328125754540066,33.643235,-94.031968,5.0,9053,0.9336839933993399,0.5948561119220637,0.16661194602247154,-0.028447499606,5.0,28.39378300268436,True,True
1.678,34.14280804536447,-93.69746541706431,-0.8294717172126702,2.1951720730369932,33.761978000000006,-94.12414100000001,5.0,9054,0.9337871287128713,0.5704422325438444,0.17094345804071764,-0.024757383307,5.0,28.441393002140103,True,True
1.729,34.246235315898126,-93.8106626240841,-0.8314415030880036,2.3149778909138634,33.880936,-94.215889,5.0,9055,0.9338902640264026,0.558502603421742,0.17572898750878174,-0.020858746856,5.0,29.899502002081135,True,True
1.778,34.29989244902186,-93.86955936886955,-0.8323870102666296,2.3722361457300285,33.880936,-94.215889,5.0,9055,0.9338902640264026,0.5437809020281539,0.17670214526872918,-0.018940081918,5.0,28.33165599804488,True,True
1.827,34.411020910603106,-93.99171934481119,-0.8334757954083872,2.47065743551766,34.000335,-94.30713,5.0,9056,0.933993399339934,0.5147520040719312,0.1824198114207638,-0.01510792265,5.0,27.85208899877034,True,True
1.8769999999999998,34.467813498314214,-94.0543600960202,-0.833447283971487,2.5225086034263358,34.120124,-94.398051,5.0,9057,0.9340965346534653,0.49972635172353047,0.18508680321731008,-0.012448593984,5.0,27.113567000924377,True,True
1.927,34.58527786159979,-94.18367307664404,-0.832635174345559,2.6162450076225636,34.24047,-94.489072,5.0,9058,0.9341996699669967,0.46782643414698244,0.18587612451896662,-0.010478777943,5.0,27.52311299991561,True,True
1.9780000000000002,34.64566405823498,-94.25017835517004,-0.8322362266351404,2.674204486740307,34.360640000000004,-94.579874,5.0,9059,0.934302805280528,0.455452896063076,0.18532887793767205,-0.0086485198167,5.0,28.5852220004017,True,True
2.028,34.768878765213664,-94.3852269653577,-0.8312385878994293,2.7327396414607383,34.479834999999994,-94.670023,5.0,9060,0.9344059405940595,0.4195742085160552,0.18523615488508227,-0.0067715179282,5.0,28.41086500120582,True,True
2.079,34.83122416420713,-94.45349644230372,-0.830826592773779,2.7397321447777934,34.479834999999994,-94.670023,5.0,9060,0.9344059405940595,0.40145752885303604,0.18409475146385823,-0.0079129213494,5.0,29.41315100179054,True,True
2.129,34.95951177820546,-94.59392177057737,-0.831011949034987,2.8304367580377687,34.718590999999996,-94.85018000000001,5.0,9062,0.9346122112211221,0.37148811128550685,0.18604192151203325,-0.0039895041441,5.0,30.19007499824511,True,True
2.18,35.02484358187875,-94.66551941256844,-0.8312484763268496,2.865023690800166,34.718590999999996,-94.85018000000001,5.0,9062,0.9346122112211221,0.34955931096191334,0.18622235875466364,-0.0038090669014,5.0,30.199754000932444,True,True
2.231,35.15786503359695,-94.81141404498827,-0.8317814313438261,2.94285303636251,34.958356,-95.0294,5.0,9064,0.9348184818481848,0.32016453803388417,0.1925540914761763,0.0035305421419,5.0,32.00425199975143,True,True
2.277,35.22570262107982,-94.88587434016287,-0.8320061724506109,2.9828047148855976,34.958356,-95.0294,5.0,9064,0.9348184818481848,0.2939207821693123,0.19281881575429605,0.0037952664201,5.0,27.839866001158953,True,True
2.3289999999999997,35.36410787598422,-95.03786068111769,-0.8321680943249127,3.063570651201566,35.199332,-95.207504,5.0,9066,0.9350247524752475,0.26388468522909453,0.19791887538900355,0.008669038407,5.0,29.526272002840415,True,True
2.38,35.43469818187448,-95.11537680726599,-0.8320521541455134,3.104008261421926,35.199332,-95.207504,5.0,9066,0.9350247524752475,0.23425647068658895,0.19794141323090786,0.0086915762489,5.0,30.99510299944086,True,True
2.43,35.57856930409003,-95.27307763789157,-0.8309964605291801,3.1421576678845975,35.441594,-95.384826,5.0,9068,0.9352310231023102,0.20157953313307486,0.20202438764122022,0.016992996602,5.0,30.6872260007367,True,True
2.481,35.651709277669454,-95.35352069943585,-0.8305144177796212,3.222887182920173,35.441594,-95.384826,5.0,9068,0.9352310231023102,0.17094369129985734,0.20128446151963342,0.01625307048,5.0,32.033495997893624,True,True
2.529,35.72586885676711,-95.43477371361622,-0.8293420800027516,3.231728595908044,35.684101,-95.560905,5.0,9070,0.9354372937293729,0.13286705861027123,0.20396057430563763,0.019422806598,5.0,29.617614000017056,True,True
2.58,35.87567646041193,-95.5973491627819,-0.8224024653124977,3.295818395172449,35.684101,-95.560905,5.0,9070,0.9354372937293729,0.10432621377262775,0.20130316458752429,0.01676539688,5.0,30.621182999311714,True,True
2.63,35.95239231188255,-95.67973060258029,-0.8192497929754445,3.3278568661376813,35.805278,-95.64807900000001,5.0,9071,0.9355404290429042,0.08218177368038601,0.20077549315255228,0.0096129704775,5.0,30.334797000250546,True,True
2.6790000000000003,36.108887721030186,-95.84617462638433,-0.8138851510985482,3.393694884759119,36.049278,-95.821738,5.0,9073,0.935746699669967,0.06206677249583096,0.1997739820521809,0.0073408696363,5.0,29.433608997351257,True,True
2.73,36.18855736677582,-95.93033514631213,-0.8116636151357172,3.427995070835321,36.049278,-95.821738,5.0,9073,0.935746699669967,0.014470381721868793,0.1973601069865376,0.0049269945706,5.0,30.530441999871982,True,True
2.779,36.35108805192267,-96.10094045045807,-0.8079835517003264,3.5002426615006477,36.294256,-95.994434,5.0,9075,0.9359529702970297,-0.032494618530734834,0.1997558364940204,0.0032172233872,5.0,29.210200998932123,True,True
2.837,36.43374547663206,-96.187319685444,-0.8068873171406894,3.5340171029714305,36.417396000000004,-96.079971,5.0,9076,0.9360561056105611,-0.06954467507106017,0.2026796718904431,0.0045508479605,5.0,37.680778001231374,True,True
2.884,36.60164708641474,-96.36225900548236,-0.8051221632710992,3.5991629314693068,36.540925,-96.16511700000001,5.0,9077,0.9361592409240924,-0.1035141339286642,0.20344780852027355,0.0047762672574,5.0,34.586546000355156,True,True
2.931,36.68684532758076,-96.45067966040568,-0.8037752378292216,3.6156948599914074,36.664683000000004,-96.250034,5.0,9078,0.9362623762376238,-0.12822068356340652,0.20464240010558932,0.0060090153494,5.0,31.17780499815126,True,True
2.979,36.85853406354785,-96.62843802097605,-0.8004943846537861,3.592937635969282,36.912752000000005,-96.41981899999999,5.0,9080,0.9364686468646864,-0.18437970085954275,0.20233674174034366,0.061210950042,5.0,29.76333599872305,True,True
3.032,36.944485899911264,-96.7183241712929,-0.7982646355111569,3.6821047159404774,36.912752000000005,-96.41981899999999,5.0,9080,0.9364686468646864,-0.20281045846773516,0.20019961864456315,0.0038363852294,5.0,32.877084999199724,True,True
3.084,37.121008918412755,-96.8984631588651,-0.7927162135948865,3.731250355223467,37.159335999999996,-96.588342,5.0,9082,0.9366749174917491,-0.25322838655270236,0.19704666102334922,0.079739003893,5.0,34.71984499992686,True,True
3.132,37.210558434255574,-96.98888987577857,-0.7886273689073305,3.753234044276677,37.282787,-96.672537,5.0,9083,0.9367780528052805,-0.2778754702048816,0.19581961134672277,0.11227548271,5.0,32.33898800317547,True,True
3.184,37.39238953534557,-97.1703436644642,-0.7805552063212329,3.797818081274854,37.530642,-96.839927,5.0,9085,0.9369843234323433,-0.3318622196437495,0.19321409161620062,0.28291360917,5.0,34.29465899898787,True,True
3.233,37.48464075569746,-97.26115056893542,-0.7756109116470205,3.81966798078388,37.530642,-96.839927,5.0,9085,0.9369843234323433,-0.3514343489563772,0.18888979202986889,0.11564561192,5.0,33.40322000076412,True,True
3.284,37.67210148459546,-97.44327635178767,-0.7662760646051661,3.868742504150432,37.779496,-97.006431,5.0,9087,0.937190594059406,-0.39951596728305155,0.18288644686918687,0.19622306521,5.0,34.47121000135667,True,True
3.333,37.76763953969369,-97.5347840633428,-0.7611859032899299,3.9455808562565697,37.904269,-97.089495,5.0,9088,0.9372937293729373,-0.4231498679297027,0.17905757542013134,0.30376244748,5.0,33.88636499948916,True,True
3.3810000000000002,37.863941123453415,-97.62587064653506,-0.7553387188902736,3.841726309898239,38.154688,-97.25560300000001,5.0,9090,0.9375,-0.47077794796719563,0.17358093287981902,0.30738221636,5.0,31.441588002053322,True,True
3.431,38.05788211510275,-97.8062631734472,-0.7385306499601053,3.916984404557285,38.279334000000006,-97.337129,5.0,9091,0.9376031353135313,-0.4957093644707233,0.16813459567191202,0.30742641001,5.0,31.73508799955016,True,True
3.481,38.15596062280383,-97.89480828743822,-0.7265125663840193,3.915929383171445,38.279334000000006,-97.337129,5.0,9091,0.9376031353135313,-0.5137274413231782,0.15859376826742455,0.14833431049,5.0,31.567965001158882,True,True
3.531,38.35830498337409,-98.07012186886823,-0.7013427870431742,3.950387018251476,38.529576,-97.500711,5.0,9093,0.937809405940594,-0.553146107325535,0.13681972333695658,0.30812086428,5.0,31.9372759986436,True,True
3.582,38.46171349104781,-98.15614310573089,-0.6864576094550285,3.964463807087936,38.655107,-97.58251700000001,5.0,9094,0.9379125412541254,-0.5705788160550248,0.12425939821760101,0.3022505706,5.0,33.05432699926314,True,True
3.65,38.67370114813845,-98.32455020206814,-0.6543947267177956,3.9950280107377285,38.906801,-97.745525,5.0,9096,0.9381188118811881,-0.6009213698525183,0.10088549380734424,0.3250910742,5.0,50.72075799762388,True,True
3.6870000000000003,38.7823390440513,-98.40638906368184,-0.6357017541523834,4.008902131309065,39.033291999999996,-97.826183,5.0,9097,0.9382219471947195,-0.6145530480273755,0.08817042569959943,0.3105003541,5.0,36.549280001054285,True,True
3.7359999999999998,39.0056514770911,-98.56443059182942,-0.5945912927923552,4.036889582220297,39.287158000000005,-97.986475,5.0,9099,0.9384282178217822,-0.6366615369710821,0.05615738679883675,0.27555174283,5.0,36.4472580004076,True,True
3.7800000000000002,39.11979580934533,-98.63963790118407,-0.5716150950648572,4.033703568360286,39.287158000000005,-97.986475,5.0,9099,0.9384282178217822,-0.6393430288418445,0.03479685255078868,0.25419120858,5.0,30.65277200221317,True,True
3.8390000000000004,39.354550537485835,-98.78374388960768,-0.5267394558524863,4.049750746711746,39.541806,-98.145896,5.0,9101,0.9386344884488449,-0.6427315627415139,-0.009814156288801446,0.21250769481,5.0,39.2988069979765,True,True
3.8810000000000002,39.47472958893852,-98.85162278902044,-0.5019504139640781,4.075344054128639,39.668546,-98.225139,5.0,9102,0.9387376237623762,-0.6401438732764454,-0.031427708474635274,0.19140966451,5.0,31.396163001772948,True,True
3.928,39.72225003134722,-98.98020972638365,-0.4567897401441186,4.1320624538890245,39.921956,-98.382995,5.0,9104,0.9389438943894389,-0.6249659510645885,-0.07665470437242616,0.14829261567,5.0,29.012140999839175,True,True
3.9800000000000004,39.84940057895918,-99.04113786329405,-0.43638902430714216,4.161990121171735,40.049136,-98.461721,5.0,9105,0.9390470297029703,-0.6129314773194504,-0.09654414271582512,0.12742052242,5.0,30.316722000861773,True,True
4.03,40.10959404010474,-99.15686481246664,-0.4008184526459117,4.212991553373994,40.304111,-98.618583,5.0,9107,0.939253300330033,-0.5811284280147774,-0.13206056313378634,0.089263681464,5.0,30.29659500316484,True,True
4.078,40.242402980232725,-99.21218092388843,-0.3856159118900331,4.259030515671904,40.431926000000004,-98.696774,5.0,9108,0.9393564356435643,-0.5617663643242878,-0.1473767912227837,0.073038934191,5.0,28.916772000229685,True,True
4.127,40.37637077423381,-99.26540646179829,-0.3720601140667167,4.248478298813564,40.688594,-98.853029,5.0,9110,0.9395627062706271,-0.5172412529052972,-0.17270918751062325,0.050325742946,5.0,27.28570800172747,True,True
4.178,40.6471306896152,-99.36754861567856,-0.34959091367060097,4.237610623439925,40.816981,-98.930548,5.0,9111,0.9396658415841584,-0.4927014738638049,-0.18183494494217545,0.040614948162,5.0,28.466537998610875,True,True
4.228,40.783852272568225,-99.41604061165252,-0.33725776451163614,4.25672246862459,40.944743,-99.00724100000001,5.0,9112,0.9397689768976898,-0.43340131947323607,-0.20270328010219973,0.019118563186,5.0,28.57441100059077,True,True
4.279,41.0599536824924,-99.51046172861712,-0.32099676535046096,4.304578598272395,41.072705,-99.083823,5.0,9113,0.9398721122112211,-0.40381859016310406,-0.2106228571104256,0.010053347768,5.0,29.442686998663703,True,True
4.329,41.199191073476634,-99.55636741471658,-0.31547415343278645,4.3161787762623245,41.20117,-99.160536,5.0,9114,0.9399752475247525,-0.3728545679769037,-0.21717270219063067,-0.0015195508822,5.0,29.70549800011213,True,True
4.38,41.479169940161654,-99.64666256790613,-0.30812680578029117,4.335155599840285,41.458358000000004,-99.313988,5.0,9116,0.9401815181518152,-0.30833069323210516,-0.22579125777845555,-0.0010994224745,5.0,30.411811003432376,True,True
4.431,41.61983929910791,-99.69117904696053,-0.30491518636678483,4.34581781141904,41.5872,-99.39061600000001,5.0,9117,0.9402846534653465,-0.2754329576919526,-0.22649357700219142,-0.0020861826441,5.0,31.90414399796282,True,True
4.479,41.902098628344156,-99.7791611911485,-0.2992088185599469,4.333949190419306,41.845752000000005,-99.542514,5.0,9119,0.9404909240924092,-0.20929442731417702,-0.22691460272359976,-0.0052437915382,5.0,29.73593500064453,True,True
4.53,42.04423245604321,-99.82264403096414,-0.296624639171367,4.366098176777528,41.975415000000005,-99.618166,5.0,9120,0.9405940594059405,-0.17602532087113498,-0.22836989300491606,-0.0075929069743,5.0,30.33908400175278,True,True
4.5809999999999995,42.329257127206425,-99.90926673330597,-0.2952023307424086,4.382136005419499,42.234633,-99.769202,5.0,9122,0.9408003300330033,-0.1077353558709123,-0.23130391981953746,-0.011646784533,5.0,31.31665500040981,True,True
4.629,42.4710530886023,-99.95262368529615,-0.29654575742986655,4.374435922864148,42.363875,-99.844012,5.0,9123,0.9409034653465347,-0.07382167474322074,-0.228861720861949,-0.0085733056529,5.0,29.295370000909315,True,True
4.681,42.75676350429743,-100.04079644721953,-0.3016985526521601,4.410139620038252,42.623352000000004,-99.993257,5.0,9125,0.9411097359735974,-0.010132253264766319,-0.2203959928454764,-0.00020458064629,5.0,31.15793699907954,True,True
4.731,42.90010582813291,-100.08557931973539,-0.3038633389961722,4.4233147178201575,42.753454,-100.067539,5.0,9126,0.9412128712871287,0.02694655725525105,-0.21636777265779195,0.0038241619015,5.0,31.33803500168142,True,True
4.782,43.187753387688744,-100.17632535813009,-0.3070100758724925,4.451251864274087,43.014255,-100.215715,5.0,9128,0.9414191419141914,0.08994341795095265,-0.21047784871176,0.0071487246128,5.0,32.314391999534564,True,True
4.833,43.332189242140814,-100.22215293960363,-0.30737963291966236,4.464505863361361,43.144923,-100.28992,5.0,9129,0.9415222772277227,0.12140092574243892,-0.21010242672677126,0.0036299739509,5.0,33.24598600011086,True,True
4.881,43.62193563755745,-100.31440685945985,-0.3084697832276531,4.454295195200915,43.406531,-100.438395,5.0,9131,0.9417285478547854,0.18416304505841158,-0.20502435563625454,-0.027345903328,5.0,31.457757999305613,True,True
4.933,43.76652959081836,-100.36027944088018,-0.30825085515428213,4.484058959432159,43.537657,-100.512043,5.0,9132,0.9418316831683168,0.2148556091800891,-0.20244219237898342,-0.041639803503,5.0,33.528243999171536,True,True
4.985,44.05668982621741,-100.45253415529072,-0.3100690983628738,4.492658256901604,43.797895000000004,-100.657234,5.0,9134,0.9420379537953796,0.27552412172549656,-0.19900155731511582,-0.12410597775,5.0,35.32089000145788,True,True
5.038,44.20229943221782,-100.49932306759285,-0.31173384548504285,4.503566782840182,43.928764,-100.72990300000001,5.0,9135,0.9421410891089109,0.3054480201749072,-0.1971844637985778,-0.25609555461,5.0,38.945424999837996,True,True
5.087,44.494247128732425,-100.59437638636658,-0.31847456668636864,4.523495014530527,44.190449,-100.87561099999999,5.0,9137,0.9423473597359736,0.3649278891941497,-0.1945305575117695,-0.26733273425,5.0,37.047432000690605,True,True
5.138,44.64036046967225,-100.64305018888226,-0.32440081313838254,4.534045588228324,44.321381,-100.94864399999999,5.0,9138,0.942450495049505,0.39419315130078847,-0.18910495186058718,-0.27069234759,5.0,38.10138400149299,True,True
5.185,44.93207930859463,-100.74375592661525,-0.34204117981011173,4.543667084055192,44.452502,-101.021361,5.0,9139,0.9425536303630363,0.4223859306797091,-0.1796724477338616,-0.10491180656,5.0,35.36425100173801,True,True
5.234,45.07760827530589,-100.79655975463055,-0.35388944239995945,4.569514200330026,44.715714,-101.165444,5.0,9141,0.942759900990099,0.47395651488104584,-0.15781748290416875,-0.27012152073,5.0,34.02459300195915,True,True
5.283,45.22255368111713,-100.85050405551986,-0.36491854771027205,4.530508103316567,44.847282,-101.237289,5.0,9142,0.9428630363036303,0.4972850900843636,-0.1458066097336972,-0.26573469201,5.0,33.47205899990513,True,True
5.338,45.5085265820581,-100.96358922993274,-0.3918547078783378,4.51965036988665,45.109942,-101.380144,5.0,9144,0.943069306930693,0.5386964931591081,-0.11824395227657192,-0.31122437859,5.0,38.486917001137044,True,True
5.386,45.65078716026181,-101.02348382828023,-0.4065901160472146,4.546882789024617,45.241615,-101.451164,5.0,9145,0.9431724422442245,0.5558322986786776,-0.10173746862233912,-0.29490816086,5.0,36.35362400018494,True,True
5.433,45.93281985093833,-101.15010595826337,-0.4390010738409606,4.543156492192484,45.505568,-101.592496,5.0,9147,0.9433787128712872,0.5821344475397954,-0.06854587385093103,-0.2619218468,5.0,33.89280700139352,True,True
5.486,46.07215219589263,-101.21714585760478,-0.4587100309665092,4.548945343359746,45.637833,-101.66285699999999,5.0,9148,0.9434818481848185,0.5911954414836906,-0.04917546833992237,-0.24345682545,5.0,36.19965500183753,True,True
5.535,46.34689272307316,-101.359898115418,-0.5009681554655652,4.562474409587843,45.903078,-101.803044,5.0,9150,0.9436881188118812,0.5996379269040468,-0.0046843916764398585,-0.20104005901,5.0,35.892539999622386,True,True
5.58,46.48231568940854,-101.43599221091478,-0.522580461069863,4.567022469662657,46.036341,-101.872986,5.0,9151,0.9437912541254125,0.5985336956883965,0.019029948882393732,-0.17573902322,5.0,30.266939000284765,True,True
5.629,46.74847689557828,-101.59495327207628,-0.5652889292051264,4.57600689668659,46.302738,-102.01140500000001,5.0,9153,0.9439975247524752,0.5859447633037314,0.06613112610617522,-0.12880877317,5.0,29.506865997973364,True,True
5.679,46.87962746045617,-101.6793344159392,-0.5841224994616016,4.59327593083484,46.434874,-102.079657,5.0,9154,0.9441006600660066,0.5744355305854271,0.08966666251626698,-0.10446358938,5.0,29.78842299853568,True,True
5.728,47.13800109824819,-101.85658831608794,-0.6172464111426054,4.622043259659909,46.700998,-102.216084,5.0,9156,0.9443069306930693,0.5404745746707809,0.12847103920943237,-0.069579799632,5.0,28.50512099757907,True,True
5.777,47.265650755743906,-101.94860006491396,-0.6315093995980421,4.6336762530130295,46.968021,-102.35268,5.0,9158,0.9445132013201321,0.5244046077669199,0.14619761169186418,-0.048559511205,5.0,27.576051998039475,True,True
5.829,47.392340930313345,-102.04258051730159,-0.6444891057317711,4.6444446632070076,47.236148,-102.487959,5.0,9160,0.9447194719471947,0.47197269447565815,0.18040265886138984,-0.016319226196,5.0,29.279059999680612,True,True
5.878,47.64278402058015,-102.23573988236187,-0.6682691780768876,4.660969688206492,47.370698,-102.555145,5.0,9161,0.9448226072607261,0.4420704872007169,0.19424996899471614,-0.0022975697387,5.0,28.312820999417454,True,True
5.928,47.767024276238566,-102.33465005950777,-0.6771316310200026,4.662101424722418,47.639963,-102.68865699999999,5.0,9163,0.9450288778877888,0.37611897298067715,0.21694705953167182,0.021481986111,5.0,28.426142998796422,True,True
5.98,48.0120358842274,-102.53390893002856,-0.6904950737311436,4.675835866646237,47.774366,-102.755628,5.0,9164,0.9451320132013201,0.34177134936388764,0.22235033397186754,0.031269659312,5.0,30.249064999225084,True,True
6.029,48.1339398420158,-102.63527916362358,-0.6957163588835724,4.663749249472506,47.908434,-102.822216,5.0,9165,0.9452351485148515,0.3063565194523917,0.23108523332154762,0.045254629376,5.0,29.01058699717396,True,True
6.079,48.37663927726018,-102.8395738729845,-0.7034067619001825,4.667132907999253,48.177879,-102.954495,5.0,9167,0.9454414191419142,0.23075696796224196,0.2461582072106161,0.052549360089,5.0,29.59435999946436,True,True
6.133,48.4975587062887,-102.94242347728442,-0.7062059532904578,4.671930467474732,48.313035,-103.020169,5.0,9168,0.9455445544554455,0.19146828454742162,0.2520379402116184,0.058481460875,5.0,33.84090899999137,True,True
6.179,48.73932404282849,-103.14882304205899,-0.7068216984458254,4.677974616212308,48.583954,-103.151015,5.0,9170,0.9457508250825083,0.11093935925817834,0.25879386666939386,0.06512479552,5.0,29.847273999621393,True,True
6.23,48.86070847280747,-103.252124828392,-0.7051750233397869,4.682332826772559,48.719885,-103.216208,5.0,9171,0.9458539603960396,0.07013279505907793,0.2606115637759663,0.068006284725,5.0,30.910023000615183,True,True
6.28,49.10281140461557,-103.45754825441698,-0.6995074624061669,4.66833731266869,48.992791,-103.34577900000001,5.0,9173,0.9460602310231023,-0.014399594874343521,0.2619774000878241,0.069803652479,5.0,30.36987200175645,True,True
6.329,49.224509739141524,-103.55948959356525,-0.6954054707733864,4.669209506346679,49.129142,-103.410092,5.0,9174,0.9461633663366337,-0.05427150575197689,0.2596157618741106,0.067589380705,5.0,29.231380998680834,True,True
6.378,49.46830892151218,-103.76062900286398,-0.6823916812717423,4.660302983037262,49.400439,-103.537076,5.0,9176,0.9463696369636964,-0.13495526727513305,0.25447862952049105,0.061471040027,5.0,28.494741000031354,True,True
6.432,49.591717319304806,-103.86018912709424,-0.6754523985494156,4.666817730495774,49.537052,-103.60047,5.0,9177,0.9464727722772277,-0.1742189665499161,0.24830415462740607,0.10007303544,5.0,32.31507300006342,True,True
6.481,49.8411131806177,-104.0576654551444,-0.6638348005917801,4.684041696894214,49.810911,-103.726913,5.0,9179,0.9466790429042904,-0.2507020793844101,0.24002329342888862,0.15607035704,5.0,31.881611001153942,True,True
6.534,49.966963988947946,-104.15547625790092,-0.656755508861619,4.688790484770629,49.948301,-103.789485,5.0,9180,0.9467821782178217,-0.2885218332172566,0.2377814762677195,0.17998366598,5.0,34.17507499761996,True,True
6.588,50.22069346569282,-104.3479069308406,-0.639170376342563,4.606093231481348,50.223967,-103.913834,5.0,9182,0.9469884488448845,-0.36224866291549324,0.22614270919679935,0.32047038338,5.0,38.31350100153941,True,True
6.633,50.34893723643066,-104.44145320025746,-0.6285493111387204,4.681518331614524,50.361453999999995,-103.975593,5.0,9183,0.9470915841584159,-0.39737705544619906,0.2186174021429408,0.32427191213,5.0,33.93727900038357,True,True
6.683,50.60919136764361,-104.6260161412815,-0.6006062050466431,4.67564860592458,50.637508000000004,-104.098558,5.0,9185,0.9472978547854786,-0.46284842043013213,0.1969707510028833,0.32734691884,5.0,33.76996600127313,True,True
6.733,50.740965655638696,-104.71457832724373,-0.5826042728507366,4.664884290509443,50.775146,-104.159911,5.0,9186,0.9474009900990099,-0.4933708922342404,0.18234382220496936,0.3251387833,5.0,33.57347899873275,True,True
6.783,51.00947265452592,-104.88377768557139,-0.5411188411774657,4.667623329217671,51.051152,-104.281888,5.0,9188,0.9476072607260726,-0.5459276815932709,0.1478843708597135,0.31247009494,5.0,33.359368000674294,True,True
6.833,51.14624344368529,-104.96387553025725,-0.5176082342102137,4.665484776875678,51.189405,-104.34255999999999,5.0,9189,0.9477103960396039,-0.5679579429304947,0.12811568366830084,0.30346653914,5.0,33.76577900053235,True,True
6.883,51.28535558621715,-105.04118473357833,-0.4935710519698805,4.702308858846594,51.327839000000004,-104.403134,5.0,9190,0.9478135313531353,-0.5866013675393609,0.10592113965259031,0.29148426077,5.0,33.90475899868761,True,True
6.933,51.56831011633768,-105.18471337005818,-0.44377395168690337,4.6562666015371486,51.605824,-104.52401,5.0,9192,0.948019801980198,-0.6136696465305533,0.06160227919907513,0.28902682909,5.0,33.759938000002876,True,True
6.9879999999999995,51.857785817238074,-105.31313254589705,-0.3916433733786696,4.624621631364293,51.744960999999996,-104.583889,5.0,9193,0.9481229372937293,-0.6219004105814819,0.03859767112731527,0.26597197943,5.0,38.326115001837024,True,True
7.035,52.00283075164857,-105.37296370015906,-0.36404952101760196,4.654671209839682,52.161839,-104.761444,5.0,9196,0.9484323432343235,-0.6299274479030577,-0.008481985645156787,0.22010540236,5.0,35.72255200197105,True,True
7.083,52.151537235380125,-105.42876553682942,-0.33801579380687286,4.675532585984419,52.301076,-104.820095,5.0,9197,0.9485354785478548,-0.6281831164396138,-0.03341922312898138,0.19351556224,5.0,34.220058001665166,True,True
7.13,52.45396563407926,-105.52638913500626,-0.285435136264714,4.67746388181566,52.58061899999999,-104.93678100000001,5.0,9199,0.9487417491749175,-0.6100685655300087,-0.08078613068063856,0.14417228394,5.0,31.03036799802794,True,True
7.18,52.607676577343334,-105.56944451440069,-0.26068104615808135,4.711283056084847,52.720797999999995,-104.994607,5.0,9200,0.9488448844884488,-0.5949720586839903,-0.10449584095619491,0.11969038436,5.0,30.34349199879216,True,True
7.229,52.91917544837085,-105.64623511842119,-0.2198741529551876,4.736113781708698,53.001959,-105.109274,5.0,9202,0.9490511551155115,-0.553987632824567,-0.14497238984834038,0.077425714119,5.0,29.920409997430397,True,True
7.279,53.07702633768598,-105.67997611375972,-0.20199299913454163,4.756197298487379,53.142872,-105.16603899999998,5.0,9203,0.9491542904290429,-0.5297437676439081,-0.162285918015729,0.059614415762,5.0,29.651034998096293,True,True
7.328,53.39530139902958,-105.74015835949989,-0.1707328412972728,4.7591682954946,53.424622,-105.278893,5.0,9205,0.9493605610561056,-0.4717065411023255,-0.1938140988755377,0.030180634349,5.0,28.499078998720506,True,True
7.379,53.55512075386463,-105.76653920120333,-0.1578419319648003,4.77113007153122,53.565132,-105.33490900000001,5.0,9206,0.949463696369637,-0.4393967186962535,-0.20820664574479952,0.017272505904,5.0,29.47000700078206,True,True
7.428,53.876759079794695,-105.8142206029553,-0.13779257101961664,4.792765376278968,53.846776,-105.446554,5.0,9208,0.9496699669966997,-0.3686976123573231,-0.22830690467635062,-0.0035573959913,5.0,28.715814998577116,True,True
7.481,54.0383860723804,-105.83607408892769,-0.13080245900228446,4.801968037243908,53.987977,-105.50198600000002,5.0,9209,0.949773102310231,-0.33130121267691753,-0.23538607620333574,-0.010756072649,5.0,31.37481299927458,True,True
7.53,54.363078506813025,-105.87733528478493,-0.12102156217030632,4.839864763488766,54.2709,-105.61219399999999,5.0,9211,0.9499793729372937,-0.2537360770508271,-0.24451081699010357,-0.018669858173,5.0,30.961369000578998,True,True
7.58,54.525526343744986,-105.89670148952953,-0.11758951450214196,4.81223670857952,54.41270600000001,-105.66699399999999,5.0,9212,0.9500825082508251,-0.21414379834398928,-0.24681867404366642,-0.020339153604,5.0,30.879805999575183,True,True
7.632,54.6880367858122,-105.91570372508743,-0.11574177053519347,4.816853505785571,54.697224,-105.775851,5.0,9214,0.9502887788778878,-0.13404712579031208,-0.24715807509692445,-0.020508030527,5.0,32.06547599984333,True,True
7.68,55.013488474012654,-105.95233537645338,-0.1137895001263715,4.823595678420668,54.839721999999995,-105.82979499999999,5.0,9215,0.9503919141914191,-0.09401487375087732,-0.24725655640687405,-0.021008535766,5.0,30.18116800012649,True,True
7.73,55.175668166709826,-105.97070069869679,-0.11406743628691779,4.794293041482192,54.982011,-105.88333200000001,5.0,9216,0.9504950495049505,-0.05349791043718887,-0.24608476357366182,-0.018964552253,5.0,30.150701000820845,True,True
7.781000000000001,55.500809551838756,-106.00826181639673,-0.1162642175276618,4.816965695802831,55.265268999999996,-105.989301,5.0,9218,0.9507013201320133,0.02521658166513074,-0.24056588257079303,-0.016571078939,5.0,31.847707999986596,True,True
7.832000000000001,55.663517669087305,-106.02738652758936,-0.11770741991878828,4.819886501106899,55.408026,-106.042125,5.0,9219,0.9508044554455446,0.0637909316141929,-0.23703358132759078,-0.013545523417,5.0,32.11776399984956,True,True
7.888,55.98920437472604,-106.06651018090132,-0.12088372839791908,4.826900349568472,55.837875,-106.19878,5.0,9222,0.9511138613861386,0.15243317521017072,-0.22641929128823435,-0.22610889648,5.0,38.31283000181429,True,True
7.936999999999999,56.15165043031453,-106.08643263585462,-0.1237464315501475,4.823227284814741,55.981609999999996,-106.250358,5.0,9223,0.95121699669967,0.18400460623262505,-0.223188213290479,-0.23409645454,5.0,37.0888890029164,True,True
7.984999999999999,56.47779572939816,-106.12815793136356,-0.13055280885874657,4.826671950480952,56.2688,-106.352747,5.0,9225,0.9514232673267327,0.25006174541694776,-0.2136430451622391,-0.24667065687,5.0,35.38239499903284,True,True
8.035,56.64079779227929,-106.14969503552967,-0.13503920454879265,4.7736506527207405,56.41298199999999,-106.403924,5.0,9226,0.951526402640264,0.2832803278198089,-0.21015218783883682,-0.25296074094,5.0,35.19629600123153,True,True
8.082,56.96448173421198,-106.19597797685306,-0.1505732809500019,4.818969908442345,56.700078000000005,-106.50523799999999,5.0,9228,0.9517326732673267,0.34849843519369095,-0.19550915327288365,-0.26055522969,5.0,32.67462599978899,True,True
8.135,57.12632770666721,-106.22130240638573,-0.15989109234855747,4.815392382928374,56.843804000000006,-106.55543999999999,5.0,9229,0.951835808580858,0.3791781396908599,-0.18475669202566625,-0.2609114349,5.0,34.709444000327494,True,True
8.183,57.44847512505389,-106.27716714510538,-0.18422142236304698,4.80587620547482,57.131562,-106.65535,5.0,9231,0.9520420792079208,0.43571319393802127,-0.16136082916669414,-0.25774135312,5.0,33.51393699995242,True,True
8.235,57.60869893066733,-106.3081437647807,-0.19872130443044064,4.797033652221307,57.275714,-106.70506,5.0,9232,0.9521452145214522,0.46081496996914756,-0.14738957729029423,-0.2534632338,5.0,35.00345499924151,True,True
8.286,57.92726466558801,-106.37739814205553,-0.23025351088088378,4.781286590969963,57.564903,-106.80394,5.0,9234,0.9523514851485149,0.5031942241876717,-0.11306003045101454,-0.23942965867,5.0,36.532106998492964,True,True
8.341,58.08567955260215,-106.41583556129012,-0.24761028177830818,4.790231061763135,57.709817,-106.85285400000001,5.0,9235,0.9524546204620462,0.5199437967252165,-0.09450570026459326,-0.28688210656,5.0,42.29080600271118,True,True
8.384,58.39692601600598,-106.49815836413657,-0.28571803506147986,4.764295499159844,57.998993999999996,-106.94944199999999,5.0,9237,0.9526608910891089,0.5449158090698352,-0.05488560725345959,-0.24732956357,5.0,34.67422900212114,True,True
8.433,58.551401160489405,-106.54520898416312,-0.3053087164617958,4.7372564901494005,58.287901,-107.045027,5.0,9239,0.9528671617161716,0.5576304860803757,-0.030234481567363858,-0.22546640083,5.0,32.71613299875753,True,True
8.48,58.70450764092117,-106.59528040563663,-0.32677894986621886,4.735572093518416,58.579071,-107.139627,5.0,9241,0.9530734323432343,0.5586121782422868,0.014816962070760553,-0.18065839953,5.0,30.200875000446104,True,True
8.53,59.0062721223355,-106.70534122326573,-0.37454031606430666,4.7115072348041,58.725048,-107.18651200000001,5.0,9242,0.9531765676567657,0.5536996003537301,0.03989854419657579,-0.15709714941,5.0,30.361615998117486,True,True
8.579,59.154730790227084,-106.76590991822454,-0.400675089337679,4.72522045323525,58.871254,-107.23312299999999,5.0,9243,0.9532797029702971,0.5447783927541319,0.06684420886133502,-0.13227119375,5.0,29.90128400051617,True,True
8.629,59.44952205333317,-106.89785841970064,-0.4432830061535139,4.749612909750522,59.163478000000005,-107.325433,5.0,9245,0.9534859735973598,0.5141186526694214,0.1180991788906578,-0.083172597887,5.0,29.93368500028737,True,True
8.679,59.59498597001171,-106.96718105125184,-0.4620366879107892,4.762192077293445,59.309996,-107.371375,5.0,9246,0.9535891089108911,0.4936450864509153,0.13997359557491285,-0.060916462532,5.0,29.795086000376614,True,True
8.73,59.88299533706331,-107.11591532139006,-0.4903591076353255,4.765660308344963,59.60260400000001,-107.46244899999999,5.0,9248,0.9537953795379538,0.4434882600215271,0.1768222627450644,-0.024016127693,5.0,30.188933000317775,True,True
8.78,60.02545901988507,-107.19317107168959,-0.5031246382096941,4.76750727579378,59.74874200000001,-107.507447,5.0,9249,0.9538985148514851,0.41368358865086635,0.1923612684801146,-0.0090087005783,5.0,30.679471001349157,True,True
8.831,60.307721063970604,-107.35285411601129,-0.5258362204503817,4.771003078830901,60.041142,-107.597017,5.0,9251,0.9541047854785478,0.34744983126189366,0.21754501400246617,0.018524405522,5.0,31.447508998098783,True,True
8.882,60.44761274848224,-107.4349440911329,-0.5357506348948153,4.773347377064357,60.187445,-107.641879,5.0,9252,0.9542079207920792,0.3115609492044894,0.2287197435963857,0.032187626176,5.0,32.301587001711596,True,True
8.929,60.72604161684795,-107.60373610710656,-0.5541682351977982,4.766090444484682,60.480851,-107.73146299999999,5.0,9254,0.954414191419142,0.23463119071660948,0.25040515550915377,0.056472431363,5.0,29.346655999688664,True,True
8.979,60.86331194373048,-107.68948231807066,-0.5629687934622275,4.71808750356024,60.627455000000005,-107.775778,5.0,9255,0.9545173267326733,0.19313045778879182,0.26149529545194916,0.067928395653,5.0,29.570384001999628,True,True
9.029,61.13622165101383,-107.86208321562938,-0.5645639192420036,4.756621718031234,60.92109,-107.86375600000001,5.0,9257,0.954723597359736,0.10711589875280768,0.276391359420292,0.083361070515,5.0,29.317180000361986,True,True
9.081,61.27203588956877,-107.94847112865916,-0.5648314459128174,4.744412709514394,61.066787,-107.907146,5.0,9258,0.9548267326732673,0.06296491528825865,0.2755047485738902,0.084607880596,5.0,31.652513000153704,True,True
9.13,61.54465926477525,-108.122049423865,-0.5657119535058202,4.755997843727994,61.36009,-107.99369899999999,5.0,9260,0.95503300330033,-0.026419157136935666,0.28361500092798586,0.087862527709,5.0,31.101090000447584,True,True
9.18,61.68136863557544,-108.20856215278305,-0.562795572933489,4.760546829661104,61.50733,-108.036546,5.0,9261,0.9551361386138614,-0.07182765634676215,0.28387235472552375,0.089589437398,5.0,30.2625900003477,True,True
9.233,61.956025070231476,-108.38022609962213,-0.5534687138592418,4.766209853723134,61.802424,-108.121163,5.0,9263,0.9553424092409241,-0.16262432893952783,0.28222667038911675,0.10363207607,5.0,33.32011400198098,True,True
9.281,62.093378606493374,-108.46458993905593,-0.5468060091199171,4.6894493801557235,61.950255000000006,-108.16296799999999,5.0,9264,0.9554455445544554,-0.20756204521685198,0.27843651076626585,0.1463310644,5.0,31.23975999915274,True,True
9.332,62.37058893989604,-108.63128711132194,-0.531375086345863,4.760458875780902,62.245495999999996,-108.245798,5.0,9266,0.9556518151815182,-0.2957924583245211,0.2682085413714277,0.21433681211,5.0,33.032496001396794,True,True
9.387,62.51054548141426,-108.71274036301101,-0.5228078834166714,4.766075916709452,62.39325,-108.286445,5.0,9267,0.9557549504950495,-0.33817654712120526,0.2606083055649586,0.27323678008,5.0,37.782397001137724,True,True
9.435,62.792946944641635,-108.8722175323692,-0.5030261443940764,4.756043313956107,62.541385,-108.327932,5.0,9268,0.9558580858085809,-0.37924080788593756,0.2522858364022418,0.34866863726,5.0,35.80672899988713,True,True
9.489,62.93509137484921,-108.94925065339966,-0.4903581966441935,4.7536327973217585,62.984143,-108.448397,5.0,9271,0.9561674917491749,-0.4649513686852821,0.2399093196601343,0.45965130631,5.0,39.241768998181215,True,True
9.535,63.078125248253116,-109.02426820686586,-0.47574154503926414,4.747606146736934,63.131933999999994,-108.488133,5.0,9272,0.9562706270627063,-0.5013746197735348,0.22777360710955952,0.44970549515,5.0,35.22660299859126,True,True
9.585,63.36799604941618,-109.16776823009965,-0.4421452538104911,4.73629822181625,63.42815,-108.56766499999999,5.0,9274,0.956476897689769,-0.5682014749327687,0.19871001529014798,0.42387994197,5.0,35.31114100042032,True,True
9.635,63.513781576309924,-109.23513189815755,-0.4225086480518087,4.721921592557008,63.576264,-108.60692399999999,5.0,9275,0.9565800330033003,-0.5982656514262441,0.1840069475417918,0.40926512933,5.0,37.49786499975016,True,True
9.684,63.80877104979971,-109.36049099483049,-0.3803304387517317,4.680855307657155,63.872831000000005,-108.68463999999999,5.0,9277,0.956786303630363,-0.6503238705542362,0.14728848872347466,0.37319143319,5.0,34.91858599954867,True,True
9.732,63.956395702234644,-109.41811292746843,-0.3544686756277679,4.664857995300912,64.021132,-108.723141,5.0,9278,0.9568894389438944,-0.6717977292908852,0.12616050525159217,0.35221580578,5.0,32.745407999755116,True,True
9.783,64.2556857322361,-109.52144562316936,-0.304862592413014,4.655113706129193,64.315908,-108.79929399999999,5.0,9280,0.9570957095709571,-0.7049301091063906,0.08011468308136704,0.30407785092,5.0,33.933742000954226,True,True
9.837,64.40720540085144,-109.56689005487499,-0.27753018257831485,4.650103450590564,64.464488,-108.837055,5.0,9281,0.9571988448844885,-0.715534004856148,0.05734546225056247,0.28146334577,5.0,37.68166899681091,True,True
9.884,64.71338482442391,-109.64507902741153,-0.22097417340415013,4.5958764848657365,64.762231,-108.91145700000001,5.0,9283,0.9574051155115512,-0.7254579886335527,0.0072153042104217135,0.23174315435,5.0,34.25161800259957,True,True
9.932,64.86755435852653,-109.67858029275523,-0.19385465900046736,4.661035859914517,64.911397,-108.948127,5.0,9284,0.9575082508250825,-0.7245349889338752,-0.01887762083167477,0.20490326136,5.0,32.14052499970421,True,True
9.983,65.18055907498001,-109.73196091929526,-0.1403436944636843,4.685190729606971,65.20961199999999,-109.020549,5.0,9286,0.9577145214521452,-0.7112279802635116,-0.07053084218395078,0.15202503861,5.0,33.13518700088025,True,True
10.03,65.33944084560183,-109.75256863380604,-0.1165941306965209,4.718841428145216,65.358824,-109.056634,5.0,9287,0.9578176567656765,-0.6984588974429395,-0.09681533843909396,0.12702530301,5.0,30.228567000449402,True,True
10.079,65.49889333184741,-109.76941847728516,-0.09452403608198738,4.712142011196901,65.65724300000001,-109.128262,5.0,9289,0.9580239273927392,-0.660421263867799,-0.13831472080206142,0.085668802904,5.0,29.562420000729617,True,True
10.129,65.81947099818146,-109.79325960002633,-0.05547235301238626,4.7435354767602975,65.80604,-109.16335,5.0,9290,0.9581270627062707,-0.6367866118959814,-0.15582927381850364,0.067061510138,5.0,29.611761998239672,True,True
10.177,65.98072563034275,-109.80088321771123,-0.038910378074603964,4.756594948431793,66.10409200000001,-109.232267,5.0,9292,0.9583333333333334,-0.5818082038574853,-0.1866000442115121,0.032584790121,5.0,27.658275001158472,True,True
10.228,66.30500551986388,-109.80878907189933,-0.010471623530171484,4.773286858972169,66.253249,-109.26638999999999,5.0,9293,0.9584364686468647,-0.5507039996685035,-0.2010029781851359,0.021093030869,5.0,28.791495999030303,True,True
10.279,66.46744756297952,-109.80948904098433,0.0010917912934077614,4.786578644694035,66.402488,-109.300505,5.0,9294,0.9585396039603961,-0.5172368033607957,-0.2139661491234235,0.0096460384915,5.0,29.54430600220803,True,True
10.328,66.7933642930387,-109.80610761246704,0.018184338012622963,4.813533481452798,66.70160899999999,-109.368261,5.0,9296,0.9587458745874587,-0.44519296841305256,-0.23064220951184033,-0.0060019248105,5.0,28.32875999956741,True,True
10.382,66.95653932029286,-109.80260104945287,0.025523821997992895,4.747757525740655,66.851256,-109.40157099999999,5.0,9297,0.9588490099009901,-0.40749601601038543,-0.2364790814297164,-0.01235666016,5.0,32.573315998888575,True,True
10.429,67.28215725497604,-109.79261987763131,0.033794907183924895,4.7967784512911615,67.149777,-109.46723300000001,5.0,9299,0.9590552805280528,-0.3293155414424047,-0.24779176577536477,-0.023195460532,5.0,29.23779200136778,True,True
10.483,67.44560164368808,-109.78704037968558,0.03553489024775047,4.813174248882746,67.297758,-109.500147,5.0,9300,0.9591584158415841,-0.2891751272886943,-0.2495600053765381,-0.025326266073,5.0,33.15795000162325,True,True
10.531,67.77327769857956,-109.77501285488655,0.037190739311901186,4.827293057448573,67.597082,-109.564622,5.0,9302,0.9593646864686468,-0.2092461580149234,-0.24715432051428277,-0.024273246826,5.0,31.639067001378862,True,True
10.577,67.93735964927423,-109.76900308792783,0.03643144773499893,4.794233325176126,67.74701800000001,-109.59640900000001,5.0,9303,0.9594678217821783,-0.16946109585104083,-0.24460685740452215,-0.022772486425,5.0,27.781675998994615,True,True
10.632,68.26512059680923,-109.7569573596304,0.0339908556508574,4.832584667180941,68.047483,-109.658879,5.0,9305,0.959674092409241,-0.09094883086970891,-0.23940648941496523,-0.019720041916,5.0,32.42725200107088,True,True
10.681000000000001,68.42949143350769,-109.75151296177364,0.03198251407772022,4.83854008478439,68.347764,-109.72062199999999,5.0,9307,0.9598803630363036,-0.0902784052275186,-0.23598149127030377,-0.016289385451,5.0,31.49386499717366,True,True
10.733,68.75762467844986,-109.74216260298006,0.026516386429105396,4.822500879389331,68.648651,-109.78191899999999,5.0,9309,0.9600866336633663,0.0652540641601733,-0.22833039738832372,-0.026290255585,5.0,33.483679999335436,True,True
10.782,68.92149712568929,-109.7380401443813,0.02340071999345172,4.822303582107857,68.798549,-109.811968,5.0,9310,0.9601897689768977,0.08091720180190086,-0.223339918258175,-0.036102560872,5.0,32.368211999710184,True,True
10.832,69.24945328497536,-109.73127149624841,0.018081220247462833,4.825412462930995,69.098617,-109.871241,5.0,9312,0.9603960396039604,0.13743496833421892,-0.2143983548418209,-0.068850696268,5.0,32.76544600157649,True,True
10.893,69.4135219934097,-109.72849642662776,0.015801700575941352,4.82705411411937,69.248704,-109.90062900000001,5.0,9313,0.9604991749174917,0.16935916126666123,-0.2114461153752436,-0.22242081321,5.0,42.768089999299264,True,True
10.935,69.7419007464181,-109.7241705746318,0.010941571907580681,4.82314371334436,69.549418,-109.95949099999999,5.0,9315,0.9607054455445545,0.23506253119078188,-0.20560615685127814,-0.236558347,5.0,35.14427899790462,True,True
10.984,69.9057332304159,-109.72274725664788,0.0058635947782039784,4.82131685285684,69.69989100000001,-109.988469,5.0,9316,0.9608085808580858,0.2676162858389226,-0.20017951815504897,-0.24271506533,5.0,34.58059300101013,True,True
11.04,70.23360864573007,-109.72314373715594,-0.00827618300348129,4.769563239328468,70.000873,-110.045578,5.0,9318,0.9610148514851485,0.3303772610105123,-0.1847788509491073,-0.2489538284,5.0,40.42061499785632,True,True
11.086,70.39662838446033,-109.72507176263889,-0.01709446290194456,4.7550965835149,70.15134300000001,-110.073774,5.0,9319,0.9611179867986799,0.3597721153397333,-0.1766143372957223,-0.25078988074,5.0,36.60337000110303,True,True
11.135,70.72178899806562,-109.7344407644841,-0.04227748581570621,4.788700258250082,70.30065400000001,-110.10164499999999,5.0,9320,0.9612211221122112,0.38779647802392486,-0.16757305232612518,-0.25065719206,5.0,35.88297100213822,True,True
11.186,70.88443560666313,-109.74248254453806,-0.057112204480165595,4.786933886816832,70.601077,-110.157183,5.0,9322,0.9614273927392739,0.4374472090301095,-0.13725697829856998,-0.24220813851,5.0,36.30483999950229,True,True
11.237,71.20893039109596,-109.76654637937493,-0.09243762755312793,4.782412493788824,70.751914,-110.184358,5.0,9323,0.9615305280528053,0.45823140897692194,-0.11980965385013853,-0.23502030495,5.0,37.608000999171054,True,True
11.295,71.37075919349061,-109.78308120805622,-0.11177677621583419,4.782888141329115,71.054142,-110.23768500000001,5.0,9325,0.9617367986798679,0.4906807494644905,-0.08042374320914147,-0.27714807772,5.0,45.806727997842245,True,True
11.331,71.53192265714172,-109.8018521967142,-0.13240991104413405,4.78255669579558,71.356205,-110.29003700000001,5.0,9327,0.9619430693069307,0.5071646670791676,-0.0594857969228455,-0.25682654582,5.0,31.355495000752853,True,True
11.381,71.85354384854436,-109.85018478813066,-0.17472931766901625,4.764455065937524,71.65825600000001,-110.34181699999999,5.0,9329,0.9621493399339934,0.5181218591291515,-0.014750565687219996,-0.21196006253,5.0,31.629178000002867,True,True
11.431000000000001,72.01236344521263,-109.87996592729468,-0.1972498495087422,4.755327474529483,71.810038,-110.36757,5.0,9330,0.9622524752475248,0.519211148107054,0.0082740826429899,-0.18859275153,5.0,31.394659003126435,True,True
11.478,72.32820753529124,-109.95109706156,-0.2440242430008139,4.77605281804996,72.11166700000001,-110.417396,5.0,9332,0.9624587458745875,0.5071622454495551,0.05973818343423298,-0.13975849639,5.0,28.599867000593804,True,True
11.533,72.48554756573138,-109.99207248201068,-0.2649798720843633,4.786521731002598,72.262614,-110.441873,5.0,9333,0.9625618811881188,0.49513991317976114,0.08387804796774923,-0.11627274717,5.0,33.34445899963612,True,True
11.577,72.79840484857628,-110.08374840728844,-0.3038996516865129,4.804842549982471,72.56457900000001,-110.49043300000001,5.0,9335,0.9627681518151815,0.4606597797583496,0.12587077971618577,-0.069389864852,5.0,27.447389998997096,True,True
11.63,72.95462228873859,-110.13413047929912,-0.3207873862990207,4.849718829830698,72.716151,-110.514733,5.0,9336,0.9628712871287128,0.43854600429425344,0.14586685032000446,-0.048008823969,5.0,31.104016001336277,True,True
11.679,73.26443730984738,-110.24193215776022,-0.3472897373652293,4.831591704706337,73.01853100000001,-110.562265,5.0,9338,0.9630775577557755,0.38480954522648875,0.1814508617056192,-0.012364948544,5.0,29.280823000590317,True,True
11.73,73.41817109885265,-110.29791340919559,-0.3568235333553003,4.837090745466605,73.16971600000001,-110.585582,5.0,9339,0.963180693069307,0.3540185971138126,0.19491422710361972,0.0012985687058,5.0,30.179835001035826,True,True
11.782,73.72512952470872,-110.41503807334253,-0.37364871532041344,4.846732113254589,73.47061500000001,-110.631592,5.0,9341,0.9633869636963697,0.2875017351787449,0.21491644925934184,0.021986085266,5.0,32.35581899934914,True,True
11.83,73.87853127411846,-110.47555237242774,-0.3777765604488941,4.852402346746796,73.621654,-110.654417,5.0,9342,0.963490099009901,0.251903356348988,0.22552980973555536,0.031919891154,5.0,30.42753900081152,True,True
11.879,74.03185139081957,-110.53673700863853,-0.3814237079811406,4.857865090902872,74.076684,-110.72027299999999,5.0,9345,0.963799504950495,0.18893232378542776,0.24139504511227994,0.045177013138,5.0,29.543002998252632,True,True
11.931,74.33873120866949,-110.66032344188487,-0.382379289594183,4.8688522948855795,74.22868299999999,-110.74151200000001,5.0,9346,0.9639026402640264,0.1495373607939338,0.24486689086821123,0.047489374828,5.0,31.892079998215195,True,True
11.98,74.49235418190747,-110.72199357105269,-0.3807818687465488,4.871295059860745,74.380414,-110.76253600000001,5.0,9347,0.9640057755775577,0.11038506298201972,0.24582763117411366,0.046779764811,5.0,30.913597998733167,True,True
12.032,74.79873454069521,-110.84354873793882,-0.375454875858148,4.860329304702898,74.684057,-110.803828,5.0,9349,0.9642120462046204,0.04493769771735326,0.2449192876503279,0.04594330183,5.0,33.01166600067518,True,True
12.083,74.95258302307496,-110.90384727135476,-0.3719737250707951,4.861797114289506,74.83635500000001,-110.82432800000001,5.0,9350,0.9643151815181518,-0.042246132665805416,0.2431655619315376,0.04400461632,5.0,33.70998399987002,True,True
12.132,75.2613325898,-111.0232173656429,-0.3647873687176534,4.858562564815774,75.140232,-110.864006,5.0,9352,0.9645214521452146,-0.10530743014943765,0.24042607540859384,0.066558086496,5.0,32.2678039992752,True,True
12.183,75.4157688883908,-111.08188455044264,-0.36139424472985443,4.859276423590373,75.291954,-110.883427,5.0,9353,0.9646245874587459,-0.1431049163698259,0.23798018411416155,0.084329547894,5.0,33.320544000162045,True,True
12.239,75.72521228965967,-111.19764090896487,-0.3539941478193555,4.8567995324702276,75.595388,-110.921924,5.0,9355,0.9648308580858086,-0.21953815935009613,0.23204681205298128,0.24282429777,5.0,39.121022000472294,True,True
12.288,75.88133440518281,-111.25491463791762,-0.34845120889085923,4.857084739334942,75.74720400000001,-110.94118999999999,5.0,9356,0.9649339933993399,-0.25719149275893544,0.22836521499752171,0.28943571181,5.0,38.59972599821049,True,True
12.336,76.19140208437838,-111.36530987988165,-0.33456621441026946,4.839494210699513,76.05139,-110.979068,5.0,9358,0.9651402640264026,-0.3310236041449096,0.22017713967067998,0.30388393368,5.0,36.6420520003885,True,True
12.383,76.34689702868319,-111.41858014910079,-0.32552382077682684,4.807615727060816,76.20349300000001,-110.997607,5.0,9359,0.965243399339934,-0.3665118170440986,0.21401325965168017,0.30922436879,5.0,33.95686499789008,True,True
12.433,76.65713292663844,-111.51866716906814,-0.29706521077935116,4.780258521899434,76.507475,-111.03405,5.0,9361,0.9654496699669967,-0.4330840115748994,0.19231689438401833,0.31259145287,5.0,33.67866500047967,True,True
12.483,76.81365291292062,-111.56568682381828,-0.28423754292097264,4.80649813369034,76.657616,-111.052174,5.0,9362,0.965552805280528,-0.463377941718975,0.178673384539195,0.31080374953,5.0,33.71223700014525,True,True
12.534,77.12828626608444,-111.65199382779544,-0.25097388855963737,4.795894519592113,76.961894,-111.08743899999999,5.0,9364,0.9657590759075908,-0.5185105219930608,0.155231207807907,0.305974839,5.0,34.330174003116554,True,True
12.582,77.28644420681672,-111.69100930625432,-0.23233974517855208,4.785093961206996,77.11431,-111.104497,5.0,9365,0.9658622112211221,-0.5427103926429854,0.14063298470726826,0.30055311419,5.0,32.95294599956833,True,True
12.635,77.60268429547205,-111.76004102363612,-0.19035640646965457,4.758411814671406,77.57195,-111.153985,5.0,9368,0.9661716171617162,-0.5875989619547201,0.10599358061860986,0.32472351801,5.0,35.22765399975469,True,True
12.683,77.76183757260831,-111.78872771277106,-0.1659233337393679,4.753415084217739,77.724595,-111.170276,5.0,9369,0.9662747524752475,-0.6022333459573725,0.0844235289649169,0.30397916925,5.0,33.88858700054698,True,True
12.734,78.08300277238794,-111.83439219948552,-0.1168470204935653,4.761188528403104,78.030235,-111.202183,5.0,9371,0.9664810231023102,-0.6207064222028394,0.039400457421546076,0.25781737576,5.0,34.62647899868898,True,True
12.782,78.24355122368249,-111.85123325991478,-0.09179639847288042,4.739399902897841,78.182783,-111.217468,5.0,9372,0.9665841584158416,-0.6249412466249679,0.01792998551159819,0.23528637265,5.0,33.03747500103782,True,True
12.833,78.4041620033014,-111.86392005208582,-0.06569656705164756,4.748016008748304,78.33507900000001,-111.232436,5.0,9373,0.9666872937293729,-0.6255296817223456,-0.005579443769911041,0.21185153631,5.0,33.573327000340214,True,True
12.881,78.72718659943064,-111.87731979689289,-0.01606968789812039,4.79261053155451,78.639606,-111.26194299999999,5.0,9375,0.9668935643564357,-0.6150938120745709,-0.05594903277672847,0.16142069493,5.0,31.284642998798518,True,True
12.931,78.88931698709528,-111.87800262482453,0.00788817225810822,4.76384876830968,78.791934,-111.27677,5.0,9376,0.966996699669967,-0.6040300360318045,-0.08098855385911374,0.14035230186,5.0,31.156413002463523,True,True
12.979,79.21423141930352,-111.86828521170726,0.050626236543593564,4.80925803341569,79.097081,-111.30609799999999,5.0,9378,0.9672029702970297,-0.5705910697141561,-0.12390380677150237,0.098180323459,5.0,29.45001899934141,True,True
13.028,79.37695803743715,-111.85854583666544,0.06946444245203505,4.803044216239989,79.249835,-111.320299,5.0,9379,0.9673061056105611,-0.5489438244794149,-0.1428368737147081,0.079796352452,5.0,28.733317001751857,True,True
13.081,79.70244139977082,-111.83105428548589,0.10007502197880297,4.820040261296964,79.55481400000001,-111.348129,5.0,9381,0.9675123762376238,-0.49707867323393223,-0.1753295042821219,0.046383687168,5.0,31.209622000460513,True,True
13.131,79.86498488677523,-111.81385110251131,0.11517599205287549,4.819212150997976,79.707127,-111.36164199999999,5.0,9382,0.9676155115511551,-0.46787113818157916,-0.1901356444208302,0.033244568538,5.0,31.597118002537172,True,True
13.179,80.19121819331312,-111.77231049118946,0.1382310198976337,4.846188085353168,80.010811,-111.388676,5.0,9384,0.9678217821782178,-0.40251267592242634,-0.21258554463163826,0.01117691172,5.0,29.9181549999048,True,True
13.229,80.35456056490351,-111.74880861130937,0.14714381546471345,4.857356681158721,80.16369399999999,-111.401604,5.0,9385,0.9679249174917491,-0.3672035060289728,-0.22143609504750028,0.0023376357384,5.0,29.127394998795353,True,True
13.28,80.68085671511875,-111.69866173873449,0.15770910284569206,4.863449546669862,80.469923,-111.426456,5.0,9387,0.9681311881188119,-0.2931828052236581,-0.23200250281634016,-0.0098977320179,5.0,30.767574997298652,True,True
13.331,80.84427004954186,-111.67233275124296,0.1608016348761665,4.869763888010534,80.776053,-111.45029,5.0,9389,0.9683374587458746,-0.2659903254954721,-0.2348197940411363,-0.014386156616,5.0,31.41185099957511,True,True
13.377,81.00780773021054,-111.64564972462166,0.16193280286026265,4.874089018485212,81.081964,-111.473621,5.0,9391,0.9685437293729373,-0.18733134933599424,-0.2355071248883176,-0.015682988283,5.0,27.461465997475898,True,True
13.43,81.33475067665421,-111.59263526859797,0.16314983388341733,4.885010028937429,81.23609300000001,-111.484719,5.0,9392,0.9686468646864687,-0.14962223810337463,-0.23403323608551974,-0.015055971627,5.0,30.93340499981423,True,True
13.482,81.66116925397542,-111.5392289824357,0.1613255606883845,4.864868749421568,81.541892,-111.50581299999999,5.0,9394,0.9688531353135313,-0.07440371574069977,-0.22955216324514316,-0.011379702343,5.0,32.98617800101056,True,True
13.531,81.82438825640027,-111.51271365621753,0.16057640824790326,4.864128413924532,81.694723,-111.516016,5.0,9395,0.9689562706270627,-0.04080069148730891,-0.2276772213726268,-0.010770000852,5.0,31.425355999090243,True,True
13.581,81.98760764480366,-111.48635860354439,0.1594131577018789,4.866459619069855,82.000416,-111.536302,5.0,9397,0.9691625412541254,0.05155964325282549,-0.2255297217112222,-0.0032775798566,5.0,31.674152000050526,True,True
13.63,82.31471231790826,-111.43424231279151,0.15672718383315157,4.869160267595431,82.153687,-111.54639399999999,5.0,9398,0.9692656765676567,0.08618105483702591,-0.22292566345779008,0.00049094263495,5.0,30.900603996997233,True,True
13.681000000000001,82.47822134560467,-111.40841850332234,0.1562529354432625,4.871648184571625,82.459753,-111.56576000000001,5.0,9400,0.9694719471947195,0.15817026783854535,-0.2175491313903546,-0.0254921621,5.0,31.93468999961624,True,True
13.731,82.80548594923509,-111.35684036019668,0.15666129575884696,4.820419974093352,82.612711,-111.575025,5.0,9401,0.9695750825082509,0.193783868158853,-0.21653623587462656,-0.043645693123,5.0,31.96442500120611,True,True
13.782,82.96852320211151,-111.33090074113585,0.15473609207153072,4.8682528453179685,82.765715,-111.584107,5.0,9402,0.9696782178217822,0.22918634188088058,-0.21523991566601142,-0.094869409872,5.0,32.21489399948041,True,True
13.842,83.29501979877345,-111.28029097175204,0.15151361804105082,4.867216197796269,83.069962,-111.602043,5.0,9404,0.9698844884488449,0.29944384126712803,-0.2109390067526955,-0.26282358927,5.0,42.16591200020048,True,True
13.901,83.62252627352225,-111.23162980289281,0.14283295750773628,4.873349670573494,83.22315400000001,-111.61038899999998,5.0,9405,0.9699876237623762,0.33339709952662716,-0.2048175504350911,-0.27049398745,5.0,51.92201499812654,True,True
13.951,83.78666151918121,-111.20858850633908,0.13575385499938658,4.87386344429784,83.529963,-111.62606299999999,5.0,9407,0.9701938943894389,0.398395191253629,-0.19161490267528336,-0.2818089105,5.0,49.778100998082664,True,True
13.983,83.95036857274305,-111.1869146401462,0.12544254409125818,4.861726142986253,83.837035,-111.640519,5.0,9409,0.9704001650165016,0.4348579525821763,-0.18116752923828283,-0.27311285772,5.0,31.70002000115346,True,True
14.048,84.27860300331088,-111.15008354832288,0.09664235119284392,4.852673841541754,84.14386999999999,-111.654,5.0,9411,0.9706064356435643,0.48755192449173446,-0.15547837571458212,-0.35384398756,5.0,48.180811001657275,True,True
14.087,84.44277524348222,-111.13453312609376,0.08113414712229623,4.84299500008277,84.297184,-111.660679,5.0,9412,0.9707095709570958,0.5109334288450136,-0.1381285429271637,-0.3378798091,5.0,37.17344699907699,True,True
14.133,84.77035282730552,-111.11160380478987,0.050743629980385514,4.834782194468537,84.605885,-111.67228,5.0,9414,0.9709158415841584,0.5510554572716273,-0.10182180110987549,-0.3066450987,5.0,33.39165699799196,True,True
14.183,84.9346736763026,-111.10451007563903,0.035938466227016075,4.839160090216495,84.756338,-111.67751299999999,5.0,9415,0.9710189768976898,0.5660827082748375,-0.08404229355666049,-0.28905029869,5.0,33.51699199993163,True,True
14.24,85.26302685505374,-111.09795878892261,0.003179528924610234,4.824007384948614,85.06104300000001,-111.68718999999999,5.0,9417,0.9712252475247525,0.5882265944775181,-0.052251400542312254,-0.26870569639,5.0,40.39993599872105,True,True
14.283,85.42694384338614,-111.0988762549279,-0.014670463446740792,4.82757995831437,85.213443,-111.692049,5.0,9418,0.9713283828382838,0.5953885787987309,-0.035380875226890485,-0.24877792595,5.0,33.37952400033828,True,True
14.33,85.7543351443348,-111.10973503922062,-0.0540238043535129,4.828221552902454,85.518337,-111.701931,5.0,9420,0.9715346534653465,0.6011175241634606,0.0014604461182825546,-0.19859218439,5.0,30.683708002470667,True,True
14.38,85.91745739242826,-111.1202247369296,-0.07452544515630194,4.805688866206668,85.67090300000001,-111.70671200000001,5.0,9421,0.9716377887788779,0.5992691654358447,0.022913696525772576,-0.17688715201,5.0,30.74478200142039,True,True
14.431000000000001,86.07940501403014,-111.13330396326519,-0.09378867328926187,4.702658645942275,86.126696,-111.72018200000001,5.0,9424,0.971947194719472,0.5887803218142683,0.061386627509765646,-0.13325768866,5.0,31.120575997192645,True,True
14.48,86.40246106944603,-111.1663903606423,-0.13619983683890663,4.811923553386107,86.275121,-111.72574499999999,5.0,9425,0.9720503300330033,0.5785623012867794,0.07516340237370178,-0.11039437331,5.0,30.71344400086673,True,True
14.527,86.56376667233748,-111.19012502941303,-0.1556301275418461,4.803370511018191,86.427146,-111.73183799999998,5.0,9426,0.9721534653465347,0.565986200054059,0.10004095005308189,-0.084076066829,5.0,27.68704900154262,True,True
14.577,86.88633377589095,-111.24619997000384,-0.18754963975201827,4.824908417191402,86.732539,-111.740248,5.0,9428,0.9723597359735974,0.5234549202424755,0.14988527374020322,-0.043271161253,5.0,27.823733998957323,True,True
14.629,87.04745567695299,-111.27795549837104,-0.20129818310582925,4.835020281875499,86.88446,-111.743609,5.0,9429,0.9724628712871287,0.4974125593084812,0.16607819362698795,-0.026730346496,5.0,29.9608339992119,True,True
14.678,87.36841802791993,-111.34667092026858,-0.22426390783205175,4.824785016126613,87.188068,-111.74949699999999,5.0,9431,0.9726691419141914,0.437939287160515,0.1953948747023424,-0.0011572621666,5.0,28.2883040017623,True,True
14.729,87.5295434794381,-111.38373512805742,-0.2320798414315203,4.85915975311848,87.339902,-111.75221100000002,5.0,9432,0.9727722772277227,0.40597357574456333,0.20665705612379215,0.0094876251687,5.0,29.137784000340616,True,True
14.78,87.85034655183715,-111.46189814975153,-0.24494634361634454,4.861687059914159,87.644701,-111.756751,5.0,9434,0.9729785478547854,0.3349759073320795,0.22818170957717365,0.026465813675,5.0,30.2393160018255,True,True
14.832,88.01025972726295,-111.50228836380772,-0.24916412049013567,4.85161778766779,87.79648399999999,-111.758147,5.0,9435,0.9730816831683168,0.2966147376310646,0.23688473985734237,0.033071741116,5.0,32.99053599766921,True,True
14.881,88.32987336032255,-111.58462755578178,-0.253964756261867,4.855401835686272,88.09967900000001,-111.760005,5.0,9437,0.9732879537953796,0.21705750582705677,0.2476774500679899,0.040808874771,5.0,31.545040001219604,True,True
14.93,88.48968751765089,-111.62609728672454,-0.25376030582919873,4.856762382640333,88.402715,-111.76137299999999,5.0,9439,0.9734942244224423,0.19116709058515463,0.2489352840545398,0.047223543397,5.0,30.34852999917348,True,True
14.978,88.81021951456091,-111.70891545208109,-0.25130167236327866,4.848267798318998,88.706079,-111.762992,5.0,9441,0.973700495049505,0.11033143315662175,0.24837764913598281,0.050682100091,5.0,28.93423199930112,True,True
15.03,88.96988193419529,-111.7496893147034,-0.24853705043586666,4.849552038464435,88.857823,-111.76353,5.0,9442,0.9738036303630363,0.07244888315451539,0.24818889327209748,0.050517363683,5.0,30.68053200331633,True,True
15.082,89.2888656704501,-111.82942846780553,-0.23959725715349195,4.841505173091278,89.160891,-111.76426799999999,5.0,9444,0.974009900990099,-0.040467346253537144,0.24449889788645862,0.048222617874,5.0,32.28428399961558,True,True
15.134,89.44907930755456,-111.86796357401518,-0.23364409208820935,4.851167264532614,89.312173,-111.764384,5.0,9445,0.9741130363036303,-0.06909424290671015,0.23732771608722247,0.042382197511,5.0,34.26307799963979,True,True
15.179,89.60888430956297,-111.9057329202495,-0.23041557200568477,4.848242058895241,89.613967,-111.764738,5.0,9447,0.974319306930693,-0.14108650282094595,0.2331138693803414,0.063286357284,5.0,29.899619999923743,True,True
15.234,89.9305609970629,-111.97953721871542,-0.22104149247039376,4.8589378726404275,89.76579699999999,-111.764133,5.0,9448,0.9744224422442245,-0.1788864855543172,0.23046834770424063,0.098042614243,5.0,34.520929999416694,True,True
15.283,90.25349844327098,-112.05055934955506,-0.21080170714988716,4.808931924281661,90.06995400000001,-111.761905,5.0,9450,0.9746287128712872,-0.2536627652579376,0.2247257950623638,0.1458298351,5.0,33.87114400175051,True,True
15.331,90.41376403091952,-112.08437679273872,-0.20455040408190567,4.856081566508047,90.221899,-111.760534,5.0,9451,0.9747318481848185,-0.29036134496095295,0.22091855166504004,0.16531372746,5.0,31.16941699772724,True,True
15.399000000000001,90.73848359171895,-112.14893670653282,-0.18704828419277797,4.8832219806902515,90.373991,-111.758829,5.0,9452,0.9748349834983498,-0.3260073058429732,0.21623425263395024,0.30007415821,5.0,49.97753399948124,True,True
15.436,90.90095403040759,-112.1787878349227,-0.17625394498873986,4.8499656093095,90.677875,-111.75511399999999,5.0,9454,0.9750412541254125,-0.3947753564912773,0.20150772244577686,0.30885805579,5.0,36.52529300234164,True,True
15.493,91.22657587638955,-112.23240358605005,-0.14811587008138835,4.83833403207321,90.830848,-111.752572,5.0,9455,0.9751443894389439,-0.42745670594962654,0.19394494893170977,0.31106617995,5.0,43.195479000132764,True,True
15.54,91.38949889652928,-112.25524792064915,-0.13091335086248904,4.840980217633648,91.28666899999999,-111.743394,5.0,9458,0.9754537953795379,-0.492688094796404,0.1696595905361593,0.38405860457,5.0,40.338872000575066,True,True
15.587,91.5527660617888,-112.27533110586454,-0.11300070121802455,4.847917846859643,91.438503,-111.740096,5.0,9459,0.9755569306930693,-0.5174774425088379,0.15225437433957723,0.36776555017,5.0,37.22645599918906,True,True
15.637,91.87995111959764,-112.30635974321751,-0.0734804500092142,4.810595466356766,91.742713,-111.73369199999999,5.0,9461,0.9757632013201321,-0.5594248591183768,0.11605297933566305,0.3373496563,5.0,37.63272600190248,True,True
15.686,92.04294182558554,-112.3164769282728,-0.05037103461341609,4.806950291132159,91.89457900000001,-111.73023700000002,5.0,9462,0.9758663366336634,-0.5763084158135461,0.09730880639390849,0.31903790577,5.0,36.775299999135314,True,True
15.736,92.36894175619848,-112.32517673907462,-0.001866832368477601,4.7936976557459445,92.198514,-111.722479,5.0,9464,0.9760726072607261,-0.600377353661283,0.05322762045855889,0.27579438808,5.0,36.98970200275653,True,True
15.786000000000001,92.53175295956653,-112.32339884179335,0.023535511418143137,4.748735459294122,92.350379,-111.718423,5.0,9465,0.9761757425742574,-0.6070356970190965,0.029249618886328044,0.25214321297,5.0,36.127277999185026,True,True
15.834,92.85530306922547,-112.31144574938175,0.07771309477759131,4.78641782697631,92.65234699999999,-111.71041799999999,5.0,9467,0.9763820132013201,-0.6101589120534829,-0.02389447359958652,0.2023182934,5.0,34.48587499951827,True,True
15.882000000000001,93.01731946220535,-112.29671729837999,0.10406512193037015,4.782101278751814,92.804289,-111.705878,5.0,9468,0.9764851485148515,-0.6069089584673169,-0.046473774817696434,0.1789300323,5.0,32.7831979993789,True,True
15.928999999999998,93.34054792864326,-112.25472492676647,0.15474676840950852,4.8238408548274405,93.108538,-111.69559199999999,5.0,9470,0.9766914191419142,-0.5843041744315383,-0.09499730798367745,0.12861921968,5.0,29.695146997255506,True,True
15.979,93.50253139390946,-112.22769508056278,0.17597632669637592,4.830370637725646,93.260888,-111.68991399999999,5.0,9471,0.9767945544554455,-0.567464339041368,-0.11682100478324875,0.10569611161,5.0,29.36302500165766,True,True
16.028,93.6639201808656,-112.19718850972504,0.19692929765122008,4.806236130342661,93.71727299999999,-111.67160700000001,5.0,9474,0.9771039603960396,-0.5282825443590085,-0.15519184119213003,0.064553762192,5.0,28.411663999577286,True,True
16.08,93.98680403441153,-112.12749378312319,0.23180306969202022,4.891470024562719,93.869578,-111.66516299999999,5.0,9475,0.977207095709571,-0.5009268500532262,-0.17194476455797636,0.047007942633,5.0,30.87610800139373,True,True
16.128,94.14770574339943,-112.0881126292375,0.24648223941824562,4.885153965261007,94.175069,-111.650732,5.0,9477,0.9774133663366337,-0.4382357386658185,-0.19744030801328094,0.019086715071,5.0,28.880190999188926,True,True
16.179,94.46776074102208,-112.00314912959247,0.2712634504529026,4.876248858273864,94.327062,-111.64316399999998,5.0,9478,0.977516501650165,-0.4039447544444794,-0.20956028150443595,0.0065508764897,5.0,29.508917999919504,True,True
16.231,94.6273580566817,-111.95785695535024,0.281443622409319,4.8823729028580845,94.478998,-111.635433,5.0,9479,0.9776196369636964,-0.36788779261046495,-0.22026008067195946,-0.0052653894797,5.0,31.479286997637246,True,True
16.279,94.945790335312,-111.86295355505067,0.2968098585417276,4.889582265230761,94.782916,-111.619964,5.0,9481,0.977825907590759,-0.29117497350451094,-0.23937299361997244,-0.019630352809,5.0,29.5242270003655,True,True
16.332,95.10460748155405,-111.81389272356482,0.30162393572124324,4.893276528689876,94.935262,-111.6122,5.0,9482,0.9779290429042904,-0.2509744831949826,-0.24476630893820328,-0.024195186886,5.0,32.13932300059241,True,True
16.379,95.42225511445638,-111.71381321697646,0.3080706662106563,4.896274366675576,95.239369,-111.595854,5.0,9484,0.9781353135313532,-0.16938612362422012,-0.2499427786363424,-0.028627345819,5.0,29.744138999376446,True,True
16.431,95.58070766016198,-111.66324892883554,0.3094943046276802,4.895721296892343,95.391301,-111.587359,5.0,9485,0.9782384488448845,-0.1279981249156966,-0.25194122196087365,-0.030445271585,5.0,31.78342599858297,True,True
16.481,95.896186521514,-111.56178161607434,0.31035821452321827,4.862225587134108,95.695115,-111.57003300000001,5.0,9487,0.9784447194719472,-0.04479910314385375,-0.25387355562989056,-0.029919798246,5.0,31.816669001273112,True,True
16.531,96.05444168111154,-111.51133893445694,0.3083348897466646,4.889466170742223,95.845647,-111.56165800000001,5.0,9488,0.9785478547854786,-0.003149614586028565,-0.25260050954300395,-0.027339283004,5.0,31.217365998600144,True,True
16.582,96.37189665591713,-111.41092130158634,0.30454886179532087,4.898092198975978,96.149919,-111.54306399999999,5.0,9490,0.9787541254125413,0.07784194043082775,-0.24316095725979503,-0.019141418501,5.0,32.0657049996953,True,True
16.64,96.53027767794522,-111.36096889935796,0.3035238745275927,4.894989779114468,96.45472600000001,-111.52314799999999,5.0,9492,0.9789603960396039,0.1394830888603661,-0.23763159141539614,-0.23105343966,5.0,40.527132998249726,True,True
16.685,96.84833957888088,-111.2617100108144,0.3007471713886411,4.901433553084834,96.75924300000001,-111.502352,5.0,9494,0.9791666666666666,0.20354590768065434,-0.23323305978021125,-0.25024665506,5.0,35.19620500082965,True,True
16.733,97.00746413315947,-111.21238935766884,0.2990081514285536,4.850040309693766,96.911204,-111.491708,5.0,9495,0.979269801980198,0.2384344993327589,-0.22967437350981923,-0.25890567872,5.0,33.88500000073691,True,True
16.782,97.32633318969272,-111.11643769810465,0.29014745887023746,4.896236796988198,97.216756,-111.46918500000001,5.0,9497,0.9794760726072608,0.30866837303770694,-0.21864245552620698,-0.27354174991,5.0,33.00056399893947,True,True
16.832,97.4855349963357,-111.06941453229561,0.28337082355771964,4.87796738194512,97.369251,-111.457402,5.0,9498,0.9795792079207921,0.3436547593276699,-0.21239226893422813,-0.27947175427,5.0,32.88709199841833,True,True
16.882,97.80462199041725,-110.98016754994485,0.261503633328187,4.869332845309271,97.673239,-111.433375,5.0,9500,0.9797854785478548,0.4104191975861482,-0.1933888493577185,-0.28336061555,5.0,32.54501099945628,True,True
16.932,97.96453697556497,-110.93838954519894,0.24856639674553352,4.860013759988,97.82520600000001,-111.421264,5.0,9501,0.9798886138613861,0.4413510260358814,-0.18244659843933686,-0.28239608606,5.0,32.5817509983608,True,True
16.983,98.28523246683018,-110.86237089925436,0.2163497737151237,4.840313321992682,98.129498,-111.397072,5.0,9503,0.9800948844884488,0.49673656528085464,-0.15205599874230868,-0.27371390326,5.0,33.56355899813934,True,True
17.034,98.44635506934381,-110.82821883697315,0.19793280319503517,4.878481973412069,98.281666,-111.38461799999999,5.0,9504,0.9801980198019802,0.5201572173418476,-0.13405824832096247,-0.26631162528,5.0,34.59054099948844,True,True
17.095,98.76943406597907,-110.76970230797548,0.15798364793067285,4.803442053019398,98.433592,-111.371991,5.0,9505,0.9803011551155115,0.54076959897007,-0.11434816598261577,-0.31201128537,5.0,45.73422099929303,True,True
17.132,98.9290712892018,-110.7451933353634,0.13329607935871945,4.749211755365828,98.889263,-111.33312600000001,5.0,9508,0.9806105610561056,0.5760253728466683,-0.07309261643272169,-0.2680197454,5.0,32.619441000861116,True,True
17.181,99.09006745634788,-110.72185731631363,0.106466525575799,4.791681116558955,99.039745,-111.320527,5.0,9509,0.980713696369637,0.5858818105437521,-0.047373124847413184,-0.24040704473,5.0,31.3847600009467,True,True
17.23,99.41496256865183,-110.69492283731584,0.05567912295951229,4.801973610731953,99.343938,-111.293228,5.0,9511,0.9809199669966997,0.594237714501317,0.011066121450872934,-0.18355697438,5.0,30.36091300236876,True,True
17.279,99.57821869283735,-110.68782142173933,0.030735198297424965,4.808753806784527,99.496222,-111.279058,5.0,9512,0.981023102310231,0.5897601067104165,0.03810674331964092,-0.15743333806,5.0,29.61397499893792,True,True
17.329,99.90604569728495,-110.6850013995481,-0.015180247694428217,4.832310308861008,99.80069300000001,-111.24993500000001,5.0,9514,0.9812293729372937,0.5682589411127659,0.08935415469657437,-0.10846789078,5.0,29.41139500035206,True,True
17.378,100.07011936549927,-110.68803664178535,-0.035627647013463236,4.834591557846447,99.95305,-111.23516699999999,5.0,9515,0.9813325082508251,0.5521250802510197,0.11247870116994862,-0.086442658386,5.0,28.384473000187427,True,True
17.429,100.4000611284051,-110.7054084873426,-0.06974560706209536,4.857758941173371,100.257285,-111.204825,5.0,9517,0.9815387788778878,0.5091816389865855,0.15615716361913412,-0.045550947208,5.0,29.215619000751758,True,True
17.477,100.56510912895065,-110.7182782445727,-0.08493242486985243,4.859912663525224,100.410331,-111.188879,5.0,9518,0.9816419141914191,0.48184726890485113,0.17460515790919473,-0.028624569612,5.0,28.0466609983705,True,True
17.529,100.89430124982758,-110.75061623130131,-0.10964064911028536,4.868075900334045,100.7145,-111.156342,5.0,9520,0.9818481848184818,0.4187835549632705,0.20564351335370645,0.0011668128088,5.0,29.082850000122562,True,True
17.576999999999998,101.05876049447897,-110.7696179161871,-0.12010240503088125,4.870194522686477,100.86624499999999,-111.139867,5.0,9521,0.9819513201320133,0.38394138528789745,0.2178376855731452,0.012057717826,5.0,27.15056399756577,True,True
17.629,101.38818054173024,-110.81233581906176,-0.13765336987134835,4.866429072229363,101.321747,-111.090499,5.0,9524,0.9822607260726073,0.31616391265179145,0.2384637163525154,0.039141221882,5.0,29.520570999011397,True,True
17.681,101.55179827665597,-110.83559285820658,-0.14404824103069608,4.862428821935389,101.473674,-111.073803,5.0,9525,0.9823638613861386,0.27508947292601854,0.24771331414966014,0.048735804926,5.0,31.490356999711366,True,True
17.73,101.87864572091306,-110.8845412375625,-0.15158723509837557,4.863891833217899,101.777005,-111.039973,5.0,9527,0.9825701320132013,0.19051389163718563,0.26069187435979746,0.062233881941,5.0,30.97630500269588,True,True
17.778,102.04138374044167,-110.90947743293027,-0.1523964433629859,4.86336249674595,101.928713,-111.022925,5.0,9528,0.9826732673267327,0.14716248890776584,0.26423533993555015,0.065789438014,5.0,29.014674000791274,True,True
17.828,102.20485681646768,-110.9344786899058,-0.15107645031780906,4.864437731465986,102.230755,-110.988998,5.0,9530,0.9828795379537953,0.0603578585059186,0.2641677651117673,0.0700145297,5.0,28.669366998656187,True,True
17.881,102.53072653975644,-110.98290755330548,-0.1434725371946406,4.858529974045517,102.382548,-110.97133400000001,5.0,9531,0.9829826732673267,0.01960033068035616,0.2647677328519684,0.069048763029,5.0,31.44109500135528,True,True
17.931,102.6943287273526,-111.00618900285745,-0.13923900081750482,4.862010613229187,102.53446,-110.953333,5.0,9532,0.983085808580858,-0.029809275881994425,0.2623586327163765,0.066162341832,5.0,31.924639999488136,True,True
17.978,103.02148605876152,-111.05051658577337,-0.12825032828308233,4.80029744368626,102.838616,-110.91649699999999,5.0,9534,0.9832920792079208,-0.11385522213167053,0.25576587002816886,0.074598362364,5.0,28.916700000991113,True,True
18.031,103.18486739478351,-111.07172398099618,-0.12195767814277685,4.864567898188271,102.99027199999999,-110.897916,5.0,9535,0.9833952145214522,-0.1552825647947858,0.2509207622410994,0.08699193873,5.0,32.037452001532074,True,True
18.083,103.51414090780466,-111.10984757533882,-0.10911876446730652,4.901426689796005,103.29381500000001,-110.860193,5.0,9537,0.9836014851485149,-0.23634364262163,0.24124413615013296,0.15501568542,5.0,33.91802099940833,True,True
18.139,103.84359219367482,-111.14361527362405,-0.09386306135315889,4.905593018094347,103.445782,-110.840781,5.0,9538,0.9837046204620462,-0.27564786435826727,0.23749635408921765,0.24513182823,5.0,39.840347999415826,True,True
18.185,104.00871704615696,-111.15862203270551,-0.08627600876598411,4.859401987555037,103.750442,-110.80075900000001,5.0,9540,0.9839108910891089,-0.3521675810074782,0.22599237623027868,0.31236392648,5.0,35.426546000962844,True,True
18.237,104.17332077188972,-111.17199683343779,-0.075749547725663,4.855865166134322,103.90196,-110.78053100000001,5.0,9541,0.9840140264026402,-0.3889277905834513,0.21930542350095283,0.31809980194,5.0,37.20756900293054,True,True
18.283,104.50360236651721,-111.19303616660751,-0.050686588367701506,4.84909263274126,104.204662,-110.739893,5.0,9543,0.9842202970297029,-0.45749818126626757,0.1967965891889807,0.32209544605,5.0,33.19153199845459,True,True
18.337,104.66796651454322,-111.20019976017613,-0.03495638103171669,4.838137549857586,104.507587,-110.699198,5.0,9545,0.9844265676567657,-0.4938542417578958,0.18533186240439736,0.40570553065,5.0,37.572523000562796,True,True
18.385,104.99649630112708,-111.20570674932013,0.0023314480267596508,4.832899008000128,104.810061,-110.657802,5.0,9547,0.9846328382838284,-0.5471295976847038,0.153711649306715,0.37467350979,5.0,35.75148399977479,True,True
18.434,105.16051495174023,-111.20364103844943,0.02364880583730394,4.82425522770888,104.96116799999999,-110.63693899999998,5.0,9548,0.9847359735973598,-0.5698638798232696,0.13510630200945917,0.35708213579,5.0,34.042064002278494,True,True
18.483,105.48713101072249,-111.19062743629495,0.07154342647046069,4.7622968659851335,105.26309099999999,-110.594815,5.0,9550,0.9849422442244224,-0.6061051628276359,0.0907860670290086,0.31547975329,5.0,33.62291900339187,True,True
18.536,105.64976814743781,-111.17900645894427,0.09787800716553931,4.8070192150925415,105.41313899999999,-110.57426399999999,5.0,9551,0.9850453795379538,-0.62078877506934,0.06773263798950291,0.29394990839,5.0,36.4539380025235,True,True
18.586,105.97375517732172,-111.1388317394295,0.15166711255110327,4.761565566696639,105.71556100000001,-110.53058300000001,5.0,9553,0.9852516501650165,-0.6377414239479919,0.02131669625433963,0.24488797791,5.0,36.90638500120258,True,True
18.633,106.13463922008265,-111.11295579515948,0.17990031166111387,4.810795431586076,105.86696299999998,-110.50821499999999,5.0,9554,0.9853547854785478,-0.6394617374110598,-0.004666349370905376,0.21825849693,5.0,33.33991000181413,True,True
18.682,106.29527728928703,-111.08170311908056,0.20590052220346325,4.814540947606338,106.169501,-110.46298600000001,5.0,9556,0.9855610561056105,-0.6305804196187175,-0.055926448622062086,0.1635511436,5.0,32.15933999672416,True,True
18.73,106.61482894070299,-111.0069363355406,0.25686950237608164,4.836054478023768,106.320477,-110.440095,5.0,9557,0.985664191419142,-0.6199384649802259,-0.08055744011611088,0.13802517469,5.0,30.340043998876354,True,True
18.781,106.77379181551908,-110.96324661251026,0.2795538712626715,4.857502093588094,106.4718,-110.41698899999999,5.0,9558,0.9857673267326733,-0.6049397324632029,-0.10376511714624748,0.11323877076,5.0,31.163294999714708,True,True
18.829,107.09077581760512,-110.86565015373671,0.31761981550227963,4.864007024907426,106.77521999999999,-110.369251,5.0,9560,0.985973597359736,-0.5647671654310412,-0.14092702342643904,0.072076760056,5.0,29.24926199921174,True,True
18.879,107.24746465328033,-110.81261858498075,0.3339868577493129,4.87037192768712,107.0773,-110.320591,5.0,9562,0.9861798679867987,-0.5452257135648608,-0.1571337162560229,0.055131293348,5.0,29.672384000150487,True,True
18.926,107.55921634023737,-110.6996643668972,0.35951780592757254,4.880517980963312,107.378629,-110.27178899999998,5.0,9564,0.9863861386138614,-0.48606897393905474,-0.18788047765706617,0.025768381333,5.0,26.884795999649214,True,True
18.979,107.71418436893556,-110.6404792482622,0.3693606726263369,4.8811917989791205,107.52958000000001,-110.247482,5.0,9565,0.9864892739273927,-0.4531525191317046,-0.19937559433690044,0.017574917113,5.0,29.502966997824842,True,True
19.03,108.0225895666469,-110.51792659972809,0.3868659955427352,4.878562855840549,107.830822,-110.19866100000002,5.0,9567,0.9866955445544554,-0.3831105632882943,-0.21673470778833792,0.002343342496,5.0,30.739220997929806,True,True
19.081,108.17585250458286,-110.45478090586106,0.39516182936636113,4.877753986978033,107.981264,-110.174109,5.0,9568,0.9867986798679867,-0.34629228166603493,-0.22499361705084686,-0.0054889470111,5.0,31.757387001562165,True,True
19.132,108.48020326626495,-110.32510260627662,0.41030421856542376,4.871213456096323,108.282211,-110.124882,5.0,9570,0.9870049504950495,-0.26949818388526153,-0.24006698523804149,-0.019111133438,5.0,32.09320600217325,True,True
19.18,108.63186851756183,-110.25852572422922,0.41482046522273364,4.841126536801002,108.432377,-110.09998200000001,5.0,9571,0.9871080858085809,-0.22988448306687026,-0.2472572997025715,-0.023492256068,5.0,30.648390998976538,True,True
19.23,108.93536956745098,-110.12469747776946,0.4179294793836743,4.88545906385,108.732376,-110.05026799999999,5.0,9573,0.9873143564356436,-0.1483071490540154,-0.24866740742322868,-0.025117898837,5.0,30.29053100181045,True,True
19.279,109.0868223788479,-110.05723086083266,0.4191173221550046,4.883802080970892,108.88304099999999,-110.024615,5.0,9574,0.9874174917491749,-0.10751198702684191,-0.24832836202592512,-0.02566836439,5.0,29.54027699888684,True,True
19.333,109.39061646488535,-109.92223351732835,0.4162580463226112,4.89076712995275,109.184348,-109.97262099999999,5.0,9576,0.9876237623762376,-0.026074614983680272,-0.2462292024097219,-0.025691678612,5.0,33.56592299678596,True,True
19.381,109.54254689266476,-109.85509784218034,0.4144854123905388,4.849598232118148,109.335094,-109.94633,5.0,9577,0.987726897689769,0.014157897583396922,-0.2432424519280807,-0.024010896984,5.0,31.516906998149352,True,True
19.433,109.8476623237207,-109.72260578719376,0.40698019102386906,4.900423378735038,109.636179,-109.893149,5.0,9579,0.9879331683168316,0.09231767617221961,-0.23342895073888092,-0.017300812511,5.0,33.20109900232637,True,True
19.488,110.00049654686369,-109.65680701975388,0.4043170688170161,4.90248269137122,109.93826899999999,-109.838225,5.0,9581,0.9881394389438944,0.14689238290774168,-0.22521697987598,-0.22939610278,5.0,38.61261999918497,True,True
19.534,110.30594804708832,-109.52687512725554,0.40007448026055265,4.881870210234941,110.239157,-109.782595,5.0,9583,0.9883457095709571,0.2093930814056498,-0.2187691671926597,-0.2450837411,5.0,34.125700000004144,True,True
19.583,110.45879998890453,-109.46240655472144,0.39783084160553206,4.881011916399414,110.38923,-109.754733,5.0,9584,0.9884488448844885,0.2426006880707794,-0.21703892840989436,-0.2528134075,5.0,33.52223000183585,True,True
19.632,110.61202217574247,-109.39833948882267,0.3943511535826321,4.880303482085491,110.539372,-109.727023,5.0,9585,0.9885519801980198,0.2766111206799738,-0.2150232025065537,-0.26030332334,5.0,32.60763900107122,True,True
19.683,110.91880976501031,-109.27265019196007,0.3818928642660068,4.877426994624534,110.839776,-109.671297,5.0,9587,0.9887582508250825,0.34444617427603963,-0.20498657048280267,-0.27110600288,5.0,33.63797700149007,True,True
19.735,111.07321356457466,-109.2111985599734,0.3745969691125478,4.875303689392654,110.989625,-109.643348,5.0,9588,0.9888613861386139,0.3774011955363395,-0.19745317612240232,-0.2737771255,5.0,35.16844200203195,True,True
19.784,111.38219175192371,-109.09340626938905,0.35159958345865133,4.859005458737591,111.28926200000001,-109.58747,5.0,9590,0.9890676567656765,0.44004528919245184,-0.18041692308445612,-0.27571022172,5.0,34.65491099996143,True,True
19.832,111.53666168729974,-109.03703128202608,0.33772861315878316,4.833492158995817,111.43912399999999,-109.55951,5.0,9591,0.9891707920792079,0.4685889204118966,-0.16631193063720406,-0.27204590545,5.0,32.86496000146144,True,True
19.885,111.84817897272345,-108.93182306372226,0.30451992207044104,4.836108574540098,111.737727,-109.50381499999999,5.0,9593,0.9893770627062707,0.5206146860812765,-0.13655903120213697,-0.26036778306,5.0,35.77196199694299,True,True
19.949,112.16375017544664,-108.83943233695877,0.2638749364304114,4.832825471140576,111.887612,-109.47521100000002,5.0,9594,0.989480198019802,0.5410381548368003,-0.11508977494046979,-0.30164023672,5.0,49.823525001556845,True,True
19.982,112.322385512468,-108.79763033144212,0.24156835916585537,4.831420593252208,112.33745900000001,-109.387653,5.0,9597,0.9897896039603961,0.575083168866109,-0.06914832085199363,-0.25579481376,5.0,32.591246999800205,True,True
20.033,112.48220062025678,-108.76011149447636,0.2184184681840973,4.820061813705851,112.48738999999999,-109.357964,5.0,9598,0.9898927392739274,0.5841235323330325,-0.04517650234253967,-0.23261702332,5.0,33.41109200118808,True,True
20.079,112.80262371522639,-108.69603667932923,0.1687840991344508,4.822994191171755,112.786837,-109.297354,5.0,9600,0.9900990099009901,0.5899857002102807,0.010866852323688558,-0.18058050307,5.0,29.9981639982434,True,True
20.129,112.96523830064137,-108.67008232981233,0.14517259310579636,4.822735889183269,112.936663,-109.266028,5.0,9601,0.9902021452145214,0.5855396105325759,0.03985571973549673,-0.15474337077,5.0,29.64030400107731,True,True
20.179,113.291067088393,-108.63035170717305,0.09851939757755614,4.832857550227734,113.236749,-109.20133899999999,5.0,9603,0.9904084158415841,0.5634940844248343,0.0932143992887915,-0.1050446344,5.0,29.33542300161207,True,True
20.228,113.45499796109142,-108.61596193596124,0.07719690223530686,4.847276690119506,113.385847,-109.16860700000001,5.0,9604,0.9905115511551155,0.546027823510401,0.11825440060708514,-0.079929272525,5.0,28.32156600197777,True,True
20.278,113.61965878358465,-108.60482272941358,0.058182513274689526,4.862745138246093,113.684137,-109.10268,5.0,9606,0.9907178217821783,0.49996572203768214,0.160208332805988,-0.035743466442,5.0,28.609223998500966,True,True
20.328,113.95147323272347,-108.59090102905023,0.02688551786484068,4.875824378906766,113.83301999999999,-109.06951399999998,5.0,9607,0.9908209570957096,0.4717903084072058,0.17865916253305558,-0.014091411404,5.0,28.25151400247705,True,True
20.382,114.28352430684559,-108.58600753011962,0.003817530895781276,4.894713976343751,114.279016,-108.96849399999999,5.0,9610,0.9911303630363036,0.4138907157862434,0.21016817396320597,0.022562862825,5.0,32.9747360010515,True,True
20.431,114.44999425010383,-108.58613988856577,-0.0050087876716209834,4.902485927720383,114.427442,-108.93450700000001,5.0,9611,0.991233498349835,0.37704665879676214,0.22215610548643872,0.035793061439,5.0,31.321770999056753,True,True
20.477,114.61586980194257,-108.58748521361608,-0.012421619719805458,4.90152613657152,114.575823,-108.90025800000001,5.0,9612,0.9913366336633663,0.33838301114483743,0.233038422963316,0.04799391214,5.0,27.99305100052152,True,True
20.53,114.949015784509,-108.59311820713764,-0.020873543072202096,4.896767244693832,114.87126799999999,-108.8314,5.0,9614,0.991542904290429,0.25712272551811105,0.24954028367165293,0.070158224774,5.0,30.906845000572503,True,True
20.581,115.11591465799486,-108.59659603421817,-0.02226458358582008,4.912111508565453,115.01948,-108.79591599999999,5.0,9615,0.9916460396039604,0.21469082526881547,0.257796265191403,0.076919821807,5.0,31.389178002427798,True,True
20.629,115.45007009164817,-108.60409319276675,-0.021435042436813836,4.875113109087553,115.31608200000001,-108.72314899999999,5.0,9617,0.991852310231023,0.12711398262493917,0.26633287546424933,0.083718229121,5.0,29.580681999505032,True,True
20.683,115.6161737005633,-108.60787807945324,-0.017850441993859486,4.911988510468625,115.46403899999999,-108.686252,5.0,9618,0.9919554455445545,0.08307139037570672,0.2678334421411539,0.08328353645,5.0,33.53892100130906,True,True
20.73,115.95050995512396,-108.61215561494612,-0.0066703517975404275,4.918207756215077,115.759859,-108.61101599999999,5.0,9620,0.9921617161716172,-0.005403045514189539,0.2653367054880569,0.077549493748,5.0,30.222113000490936,True,True
20.781,116.11788297946052,-108.6126334880179,0.0002910864786767541,4.951706949797788,115.907793,-108.57243000000001,5.0,9621,0.9922648514851485,-0.04935436829969412,0.263959459338321,0.073352778945,5.0,31.16936600054032,True,True
20.831,116.45235957850483,-108.60986983682518,0.015700614306273834,4.912391296517271,116.20385900000001,-108.49305600000001,5.0,9623,0.9924711221122112,-0.13607367193869127,0.25759853312484005,0.061841923688,5.0,31.91637399868341,True,True
20.882,116.61990560748374,-108.60688557729586,0.02217568089037293,4.907591974835039,116.35203999999999,-108.452598,5.0,9624,0.9925742574257426,-0.1783033135450393,0.25229638383005515,0.071533764481,5.0,32.13358100038022,True,True
20.932,116.95406870870359,-108.59721637297629,0.03534792384261078,4.905195594324449,116.646124,-108.371152,5.0,9626,0.9927805280528053,-0.26071775661418084,0.24233288490349425,0.13671037426,5.0,32.24472900183173,True,True
20.983,117.12059167704247,-108.59083607085088,0.04171614059049917,4.903012477039957,116.940096,-108.28906,5.0,9628,0.9929867986798679,-0.30847299200159256,0.23872900936394403,0.31277964453,5.0,33.08065400051419,True,True
21.033,117.45348550288834,-108.57481798713947,0.05495991184109989,4.903730512789314,117.233574,-108.2059,5.0,9630,0.9931930693069307,-0.381225606196715,0.22977997811565398,0.32876199882,5.0,33.50673199747689,True,True
21.081,117.61973934818322,-108.5648923146815,0.06501241232295318,4.900366885855206,117.38006899999999,-108.16401599999999,5.0,9631,0.9932962046204621,-0.4173107421743413,0.2242087779351256,0.33593243666,5.0,31.515684000623878,True,True
21.131,117.95132210299417,-108.53925301842591,0.0901995046329076,4.875518761502129,117.672927,-108.079527,5.0,9633,0.9935024752475248,-0.4868396950354553,0.20604600142140805,0.34307030006,5.0,31.61639199970523,True,True
21.183,118.1171142733587,-108.52396274085916,0.10501823086544007,4.89614662450449,117.819313,-108.03676000000002,5.0,9634,0.9936056105610561,-0.5195436813590302,0.1941957800238132,0.34432811854,5.0,33.533230001921766,True,True
21.235,118.44620524542717,-108.48405123234939,0.14131661332602777,4.884153698319921,118.110399,-107.95094499999999,5.0,9636,0.9938118811881188,-0.58070336259372,0.1688526379719364,0.40982805609,5.0,35.30649000094854,True,True
21.285,118.60972082891678,-108.45966050037826,0.16214056756813566,4.866921949901226,118.25666799999999,-107.906626,5.0,9637,0.9939150165016502,-0.6076170920086345,0.1544354390077589,0.39424199903,5.0,35.621719998744084,True,True
21.336,118.93488616273508,-108.3992264850206,0.21009097613103522,4.854447719350255,118.402918,-107.861818,5.0,9638,0.9940181518151815,-0.6322482713392447,0.1363444211104401,0.37607632562,5.0,36.55782300120336,True,True
21.385,119.09584881879498,-108.36266558536242,0.23728448717811235,4.851540625788048,118.69503200000001,-107.771024,5.0,9640,0.9942244224422442,-0.6712872004629384,0.09457237667195129,0.33095631343,5.0,35.12183400016511,True,True
21.437,119.41385956905783,-108.27602558385756,0.2960584549047244,4.839274396150583,118.84076999999999,-107.724934,5.0,9641,0.9943275577557755,-0.6852123300869079,0.07154734870268298,0.30542540877,5.0,37.5790739999502,True,True
21.488,119.5714753977683,-108.22543226145058,0.3269474317986191,4.904599757046113,119.13216100000001,-107.630473,5.0,9643,0.9945338283828383,-0.7014959741920411,0.022544164715661896,0.25010355767,5.0,38.419407999754185,True,True
21.534,119.72730782048788,-108.17011333692209,0.3550776375364222,4.846576664512138,119.277776,-107.58196000000001,5.0,9644,0.9946369636963697,-0.7035303686896931,-0.0039029591322288226,0.22070986256,5.0,34.49468100006925,True,True
21.581,120.03389792660548,-108.04706122862783,0.4080829370854467,4.864282126228067,119.71305900000002,-107.43415800000001,5.0,9647,0.9949463696369637,-0.6970962783670319,-0.051791661733362915,0.17205041452,5.0,32.114674999320414,True,True
21.632,120.18494316940803,-107.97950179387853,0.43280024425246455,4.875351479515286,119.857564,-107.38451,5.0,9648,0.995049504950495,-0.6856148949872223,-0.0764751577687166,0.14879521073,5.0,32.48715299923788,True,True
21.679,120.48286290964165,-107.83342065068234,0.47829504296215786,4.8916799549782795,120.145923,-107.28468500000001,5.0,9650,0.9952557755775577,-0.6514562247642265,-0.12092734179257913,0.10748593562,5.0,29.38290200108895,True,True
21.73,120.6298726688416,-107.75532607938322,0.4979701480292639,4.9028030665254265,120.289826,-107.23443700000001,5.0,9651,0.9953589108910891,-0.6293207944035595,-0.141572540626135,0.088318681319,5.0,30.419542999879923,True,True
21.778,120.92025240795725,-107.59054766563595,0.5328970775417394,4.924326067089126,120.577405,-107.13328600000001,5.0,9653,0.9955651815181518,-0.5761567480835619,-0.17649890595078643,0.056632827777,5.0,29.017537999607157,True,True
21.829,121.06342411009818,-107.50508740609538,0.5473240334583911,4.905807490201947,120.72111799999999,-107.08228899999999,5.0,9654,0.9956683168316832,-0.545633902644051,-0.19060693467895895,0.044234774049,5.0,29.569050999270985,True,True
21.878,121.34768821930737,-107.3273694865972,0.5707509223349091,4.940839967015998,121.00724,-106.97953999999999,5.0,9656,0.9958745874587459,-0.47892038053265157,-0.21280639723845018,0.025319317983,5.0,28.41181400071946,True,True
21.928,121.48841093975284,-107.23604721131676,0.5803912272983376,4.946452796404208,121.15068899999999,-106.92735400000001,5.0,9657,0.9959777227722773,-0.4434415878361409,-0.2199467632393084,0.019145572336,5.0,29.003281000768766,True,True
21.979,121.62884335825999,-107.14319223984039,0.5875302936438407,4.953375240641992,121.43780100000001,-106.82122199999999,5.0,9659,0.9961839933993399,-0.36855758414519896,-0.23035607960189797,0.010091809505,5.0,29.37707100136322,True,True
22.029,121.90822596825002,-106.95479995269298,0.5979780510507365,4.915805836005257,121.581052,-106.76748300000001,5.0,9660,0.9962871287128713,-0.3301273488753272,-0.2327089771693478,0.0078672854623,5.0,29.489821998140542,True,True
22.081,122.04741539380767,-106.86027913614446,0.6001779190243688,4.957438683666377,122.01018799999999,-106.603118,5.0,9663,0.9965965346534653,-0.2598417379729868,-0.2282758851180584,0.011520935163,5.0,31.3475289985945,True,True
22.132,122.32585368926233,-106.66943490497304,0.6023777356096526,4.984769421174336,122.153002,-106.547103,5.0,9664,0.9966996699669967,-0.22040953192950338,-0.22538278855808924,0.013245529813,5.0,32.271588999719825,True,True
22.181,122.46461830330276,-106.57395008867549,0.6025147368355243,4.94624803157992,122.29565900000001,-106.490378,5.0,9665,0.996802805280528,-0.1815849511335435,-0.22192075117803922,0.015098431671,5.0,31.9253910020052,True,True
22.23,122.74168034940686,-106.38298157232896,0.6032276968014842,4.939519333399389,122.580828,-106.37501200000001,5.0,9667,0.9970090759075908,-0.10572713919358535,-0.21492698845357872,0.019489154262,5.0,30.376310998690315,True,True
22.282,122.87998677139339,-106.28781873480854,0.6029925191583063,4.943358930502161,122.72215800000001,-106.31693,5.0,9668,0.9971122112211221,-0.06887621021434823,-0.2116677437798038,0.02253358288,5.0,32.335028001398314,True,True
22.332,123.15596024018535,-106.09799455510489,0.6010279731945432,4.9246836519858395,123.004251,-106.199293,5.0,9670,0.9973184818481848,0.0006337400514447684,-0.20342051343548828,0.029545397445,5.0,32.34993599835434,True,True
22.383,123.2939779153932,-106.00352372669316,0.5993057978094974,4.9197498031120075,123.14486000000001,-106.139725,5.0,9671,0.9974216171617162,0.03401290320711396,-0.19876862924635796,0.033646924209,5.0,33.26602000015555,True,True
22.433,123.5701498158005,-105.8149198655393,0.5995178397064156,4.912811689049425,123.42574599999999,-106.019205,5.0,9673,0.9976278877887789,0.0984560474946194,-0.19080748486818466,0.042996993028,5.0,33.61409199715126,True,True
22.481,123.70787688375222,-105.7206754568953,0.6013128955273095,4.909188980176502,123.565933,-105.958402,5.0,9674,0.9977310231023102,0.12980792030284355,-0.18906650071174802,0.045608263995,5.0,31.78494799794862,True,True
22.53,123.98098459589771,-105.53145558241188,0.6098777109902662,4.8578276692465305,123.98494099999999,-105.773909,5.0,9677,0.9980404290429042,0.20368770430009311,-0.18554768619003648,0.047828052195,5.0,30.19997099909233,True,True
22.585,124.11739017091068,-105.43635325336757,0.6127761849773947,4.898430861912239,124.12438600000002,-105.711469,5.0,9678,0.9981435643564357,0.23014950186838476,-0.18749867486179195,0.045326202899,5.0,35.61789300147211,True,True
22.629,124.38872600556542,-105.24395683912066,0.6224059555597798,4.891645719748037,124.403828,-105.584919,5.0,9680,0.9983498349834984,0.28707309825112204,-0.18774761495864611,0.04315128791,5.0,29.459795001457678,True,True
22.679,124.52367331566789,-105.14646294272879,0.6287344980581443,4.896536209479952,124.542928,-105.521032,5.0,9681,0.9984529702970297,0.3170944652054359,-0.19000433086190682,0.038466663524,5.0,29.089403000398306,True,True
22.729,124.79206978322611,-104.94902301474076,0.639372433879867,4.9002677314951,124.820973,-105.39159599999999,5.0,9683,0.9986592409240924,0.3801335163392455,-0.1962715265877395,0.02772708024,5.0,29.86082699862891,True,True
22.779,124.92532242361432,-104.8501186768214,0.6425920208300404,4.895282175954113,124.95990400000001,-105.326355,5.0,9684,0.9987623762376238,0.41285892844742744,-0.1987834275704321,0.024203653133,5.0,29.10643399809487,True,True
22.852,125.19180219628883,-104.65014629134544,0.6462053254109014,4.888809194386422,125.237349,-105.194571,5.0,9686,0.9989686468646864,0.47797193837463225,-0.1981263622827414,-0.025435477899,5.0,52.96690800241777,True,True
22.889,125.3245387138427,-104.54950901952671,0.6496493626481279,4.884393680165318,125.376718,-105.127799,5.0,9687,0.9990717821782178,0.5105666907713189,-0.19822665399882888,-0.1557552525,5.0,36.44550199896912,True,True
