t,x,y,yaw,speed_measured,x_ref,y_ref,speed_ref,path_index,progress,cte,heading_error,steering_cmd,speed_cmd,compute_time_ms,did_compute,controller_success
0.03500000000000003,33.39999953312557,-92.8999996202223,-0.7206993444160289,0.002156018472235088,32.934173,-93.47543,5.0,9047,0.9330651815181518,0.7403218250829543,0.04777350821222104,-0.14347886806,5.0,35.1059990007343,True,True
0.08300000000000002,33.40000713494287,-92.9000060440546,-0.7207004641635878,8.587067635242859e-05,32.934173,-93.47543,5.0,9047,0.9330651815181518,0.7403218315208624,0.04777285262824993,-0.14347952364,5.0,33.98133700102335,True,True
0.133,33.4000117032988,-92.90000999892871,-0.7207001769670803,-5.495645180289213e-05,32.934173,-93.47543,5.0,9047,0.9330651815181518,0.7403214002923529,0.04777340321347001,-0.14347897306,5.0,33.218270998986554,True,True
0.185,33.39999092229686,-92.89999167462076,-0.720700082244019,0.0010005436495486735,32.934173,-93.47543,5.0,9047,0.9330651815181518,0.7403212889715792,0.04777368517930114,-0.14347869109,5.0,35.123019999446115,True,True
0.23400000000000004,33.399989403282866,-92.89999031362262,-0.7207001113109163,0.000967036808462575,32.934173,-93.47543,5.0,9047,0.9330651815181518,0.7403226866687195,0.04777359045624019,-0.14347875851,5.0,35.513651000655955,True,True
0.282,33.39998805797313,-92.8999891164482,-0.7207001146471779,0.0009516281488105981,32.934173,-93.47543,5.0,9047,0.9330651815181518,0.7403228057045135,0.04777361952313708,-0.14347875675,5.0,32.80275500037533,True,True
0.336,33.39998420315933,-92.89998570157348,-0.7207001269503799,0.0009216369872146872,32.934173,-93.47543,5.0,9047,0.9330651815181518,0.740322904720546,0.04777362285939901,-0.14347875341,5.0,36.812096999710775,True,True
0.38400000000000006,33.39998170802649,-92.89998349557492,-0.7207001356890851,0.0009070451753751329,32.934173,-93.47543,5.0,9047,0.9330651815181518,0.7403231763288232,0.047773635162601025,-0.14347874111,5.0,34.39701400020567,True,True
0.436,33.39997884365595,-92.89998096497982,-0.720700139716844,0.0008927164400170631,32.934173,-93.47543,5.0,9047,0.9330651815181518,0.7403233487139387,0.047773643901305896,-0.14347873237,5.0,36.62131099918042,True,True
0.48600000000000004,33.399972033173874,-92.89997495392403,-0.7207001520776714,0.0008648296996756604,32.934173,-93.47543,5.0,9047,0.9330651815181518,0.7403237648905974,0.04777365510874443,-0.14347872116,5.0,36.517907999950694,True,True
0.5349999999999999,33.39996810009443,-92.89997148479438,-0.7207001584776136,0.0008512628460122657,32.934173,-93.47543,5.0,9047,0.9330651815181518,0.7403240076782774,0.04777366028989238,-0.14347871598,5.0,35.23097300057998,True,True
0.585,33.39995920987923,-92.89996364705901,-0.7207001702532879,0.0008248605477424283,32.934173,-93.47543,5.0,9047,0.9330651815181518,0.7403245605125134,0.0477736723734794,-0.1434787039,5.0,35.560117999921204,True,True
0.6360000000000001,33.399954265044414,-92.89995928927883,-0.7207001761164091,0.0008120166625424313,32.934173,-93.47543,5.0,9047,0.9330651815181518,0.7403248697755497,0.04777367846550895,-0.14347869781,5.0,36.447866001253715,True,True
0.6839999999999999,33.400899357916344,-92.90078715199465,-0.7207133935235843,0.08908829335114832,32.934173,-93.47543,5.0,9047,0.9330651815181518,0.7403255520316403,0.047773690315819906,-0.14185529799,5.0,34.86350599996513,True,True
0.732,33.404480169721616,-92.90393196537644,-0.7207604149352902,0.19279217339573962,32.934173,-93.47543,5.0,9047,0.9330651815181518,0.7402659407820795,0.047786901735805465,-0.14346547454,5.0,32.43922499859764,True,True
0.7829999999999999,33.41946244065449,-92.9170977389356,-0.7212826242619625,0.39443786708266015,32.934173,-93.47543,5.0,9047,0.9330651815181518,0.7396337818017548,0.048003968372767325,-0.1432484079,5.0,33.76771800139977,True,True
0.8320000000000001,33.43076129626975,-92.92703851271591,-0.7218832869311351,0.49237758408466836,32.934173,-93.47543,5.0,9047,0.9330651815181518,0.7390628003264537,0.04835613247418369,-0.1428962438,5.0,32.38535499986028,True,True
0.883,33.45940595114877,-92.95214716551061,-0.7237478985166781,0.6301167892824793,32.934173,-93.47543,5.0,9047,0.9330651815181518,0.7374236166889204,0.0497243832763159,-0.14152799299,5.0,33.288742999502574,True,True
0.9339999999999999,33.476600063845794,-92.96729951673495,-0.7254476505887694,0.7298898319763194,33.052184000000004,-93.569346,5.0,9048,0.9331683168316832,0.7394349997075215,0.05451086740519706,-0.13656600348,5.0,34.26959600074042,True,True
0.9810000000000001,33.49643980363616,-92.98502132729516,-0.7273087317138355,0.83291311021672,33.052184000000004,-93.569346,5.0,9048,0.9331683168316832,0.7340289791254978,0.05807170060235434,-0.13300517028,5.0,31.987520000257064,True,True
1.032,33.54214042513961,-93.02584257416613,-0.731849623809502,0.9900788111555447,33.052184000000004,-93.569346,5.0,9048,0.9331683168316832,0.7321619424464502,0.06039231426327696,-0.13068455662,5.0,33.006163999743876,True,True
1.083,33.56826294033569,-93.04938845074973,-0.7346983233542854,1.0793942382615134,33.052184000000004,-93.569346,5.0,9048,0.9331683168316832,0.7300869676509757,0.062612592698021,-0.12561557864,5.0,33.54895899974508,True,True
1.133,33.62628698191753,-93.10221460750424,-0.7408175293694328,1.2352987022837039,33.169982,-93.661958,5.0,9049,0.9332714521452146,0.725614772459489,0.07232846037003648,-0.11208058903,5.0,33.37525499955518,True,True
1.183,33.6582567029878,-93.13129952456298,-0.7437423942721244,1.311760717415138,33.169982,-93.661958,5.0,9049,0.9332714521452146,0.7220342835648497,0.0753430057958222,-0.11701097306,5.0,33.55356700012635,True,True
1.232,33.727003562498936,-93.1948266899838,-0.7504284723519885,1.4437768962272333,33.288132,-93.754545,5.0,9050,0.9333745874587459,0.7168985603557366,0.08202160262004021,-0.078946849907,5.0,32.50237300017034,True,True
1.28,33.764006446610914,-93.22952458830905,-0.7531025279373577,1.5329499102341837,33.288132,-93.754545,5.0,9050,0.9333745874587459,0.7112614392314857,0.08559999847006372,-0.089804048033,5.0,31.068452999534202,True,True
1.331,33.84326499715655,-93.30438725572434,-0.7602365260214365,1.6759855343836638,33.406313,-93.847211,5.0,9051,0.9334777227722773,0.7035376670865393,0.0927343713317752,-0.05463886454,5.0,31.50125200045295,True,True
1.3840000000000001,33.88536080943975,-93.34454586430586,-0.7634128895875831,1.7465519585863838,33.406313,-93.847211,5.0,9051,0.9334777227722773,0.6967644094093749,0.09618979327373545,-0.071236247735,5.0,34.53666499990504,True,True
1.432,33.97428802454021,-93.43014751269894,-0.7690457455279849,1.8838571973691123,33.524688,-93.939676,5.0,9052,0.9335808580858086,0.6852256034542353,0.10403604899184504,-0.037330680153,5.0,32.889176000026055,True,True
1.485,34.021045351544686,-93.47551778478015,-0.7718043203897608,1.949373213265949,33.524688,-93.939676,5.0,9052,0.9335808580858086,0.6782447067955055,0.10673009843559456,-0.059405307236,5.0,35.40516799876059,True,True
1.5319999999999998,34.118892745755744,-93.57131173843597,-0.7774649671664046,2.0781840731840617,33.643235,-94.031968,5.0,9053,0.9336839933993399,0.6636141996939015,0.1140029208321871,-0.025192231013,5.0,32.884958000067854,True,True
1.583,34.1699407558035,-93.6216767080202,-0.7798764355808477,2.1407154959905723,33.761978000000006,-94.12414100000001,5.0,9054,0.9337871287128713,0.6580336831647202,0.1189367079944521,0.00072821014537,5.0,33.25186300025962,True,True
1.6340000000000001,34.276073041871754,-93.72718480405197,-0.7848295130612307,2.261077394610809,33.880936,-94.215889,5.0,9055,0.9338902640264026,0.6407774060356936,0.1277257154798601,0.0084647893208,5.0,34.02590100085945,True,True
1.683,34.331110167255,-93.78227106621823,-0.7867643629068346,2.31966411252497,33.880936,-94.215889,5.0,9055,0.9338902640264026,0.628226240908595,0.13009015524195622,0.0011695619954,5.0,33.99430200079223,True,True
1.7329999999999999,34.44520247464086,-93.89689191715871,-0.7889654677235064,2.4509929567835167,34.000335,-94.30713,5.0,9056,0.933993399339934,0.6070486628984801,0.13727431271015345,0.0091835700188,5.0,33.713627000906854,True,True
1.7819999999999998,34.50363452990861,-93.95598546937218,-0.7908981993733915,2.454938849393656,34.120124,-94.398051,5.0,9057,0.9340965346534653,0.5973578835079902,0.14057647553242925,0.015596098796,5.0,32.245341999441735,True,True
1.8310000000000002,34.56321780020873,-94.01623260509992,-0.7911444685167586,2.51921593870856,34.24047,-94.489072,5.0,9058,0.9341996699669967,0.5724886338688712,0.14383317964524922,0.02234700129,5.0,32.433884998681606,True,True
1.885,34.68608307319993,-94.14050590852169,-0.7904570970107548,2.616741211845184,34.24047,-94.489072,5.0,9058,0.9341996699669967,0.5594191522529527,0.1437931498566103,0.014743029014,5.0,35.59002400106692,True,True
1.9349999999999998,34.81239359107356,-94.26793983614432,-0.7900794776405116,2.682512231830004,34.360640000000004,-94.579874,5.0,9059,0.934302805280528,0.5467700738913116,0.1431508006028679,0.019473607322,5.0,35.657619999255985,True,True
1.9829999999999999,34.876783560931,-94.33309282917203,-0.7899457840759139,2.6936278286558926,34.479834999999994,-94.670023,5.0,9060,0.9344059405940595,0.521279679642585,0.1429356412049403,0.026785417962,5.0,33.28178999981901,True,True
2.0330000000000004,34.941710148510055,-94.3984915090939,-0.7908704165946575,2.7384080038141096,34.599365999999996,-94.760281,5.0,9061,0.9345090759075908,0.5093625785315012,0.14352926088993145,0.033008015071,5.0,33.54786700037948,True,True
2.0900000000000003,35.07523702430379,-94.53319024495825,-0.7913903313552755,2.830754694109368,34.718590999999996,-94.85018000000001,5.0,9062,0.9346122112211221,0.48154394134909173,0.14490577307879127,0.03905412969,5.0,40.98194100151886,True,True
2.133,35.14343079471129,-94.60207209593779,-0.7886446423962153,2.8673282432220333,34.8383,-94.939963,5.0,9063,0.9347153465346535,0.4707475201529979,0.14950274941021746,0.046906291054,5.0,34.03444600007788,True,True
2.184,35.28347328870392,-94.74164356806268,-0.7806021265476075,2.951478382228901,34.958356,-95.0294,5.0,9064,0.9348184818481848,0.4391305852474599,0.1440819228781951,0.043605320652,5.0,34.56486799950653,True,True
2.236,35.35532926005057,-94.81264742892262,-0.7779471892038029,2.9923853705702177,35.0787,-95.118564,5.0,9065,0.9349216171617162,0.42895350771200785,0.14411724739432152,0.046792464684,5.0,36.297746999480296,True,True
2.287,35.502773828112375,-94.9568776232022,-0.7713305404183612,3.0767298840784267,35.199332,-95.207504,5.0,9066,0.9350247524752475,0.39608147074438205,0.14003674882753714,0.046898339708,5.0,37.976584000716684,True,True
2.335,35.578348154362324,-95.0301722654736,-0.7685927789793929,3.117114387573369,35.320334,-95.296312,5.0,9067,0.9351278877887789,0.3853569605363069,0.1394863564954223,0.049705463044,5.0,35.48014799889643,True,True
2.386,35.73253786210782,-95.17872438318832,-0.7619273911298502,3.1855771014497125,35.441594,-95.384826,5.0,9068,0.9352310231023102,0.3525650699083051,0.1358029586758578,0.051198514651,5.0,36.52007100026822,True,True
2.434,35.81185824958428,-95.25440660362179,-0.7590053627003677,3.243071944591719,35.563344,-95.473387,5.0,9069,0.9353341584158416,0.3397831966434848,0.13391295847867601,0.053411240648,5.0,34.35606699895288,True,True
2.487,35.97199844120462,-95.4054139704732,-0.7536714556862433,3.277097989168433,35.684101,-95.560905,5.0,9070,0.9354372937293729,0.3086575879994234,0.13075099815434932,0.055849893813,5.0,37.34958199856919,True,True
2.537,36.05381589345691,-95.48187981168917,-0.7504725189970479,3.312702050030783,35.805278,-95.64807900000001,5.0,9071,0.9355404290429042,0.2944181075795225,0.13204448352629772,0.059008673794,5.0,37.43930000018736,True,True
2.584,36.2208449837516,-95.63647011033434,-0.7436080884168932,3.3843852674396713,35.927166,-95.735029,5.0,9072,0.9356435643564357,0.26495772471127793,0.1285627456279692,0.060710368761,5.0,34.65703999972902,True,True
2.636,36.306064559090764,-95.71458396856325,-0.7401913885200407,3.4201379680341115,36.049278,-95.821738,5.0,9073,0.935746699669967,0.2503285947491205,0.12708304430488226,0.062689959079,5.0,36.40172100131167,True,True
2.686,36.480215911120254,-95.87249440394622,-0.7327815923673933,3.4937624748306977,36.294256,-95.994434,5.0,9075,0.9359529702970297,0.22387855107930488,0.12674964589181048,0.069107987995,5.0,36.54168200046115,True,True
2.7390000000000003,36.56906945694964,-95.95214320889085,-0.7288306412914834,3.527346916100276,36.417396000000004,-96.079971,5.0,9076,0.9360561056105611,0.2167784102331681,0.12747771255751017,0.069875797113,5.0,39.977082999030245,True,True
2.7840000000000003,36.75026489940554,-96.11255955120544,-0.7202540145840141,3.591901496677867,36.417396000000004,-96.079971,5.0,9076,0.9360561056105611,0.19132616978501626,0.12352676148160047,0.066821323271,5.0,35.076705000392394,True,True
2.8360000000000003,36.84262584839071,-96.19317827627002,-0.7156940319728331,3.6096906231936763,36.664683000000004,-96.250034,5.0,9078,0.9362623762376238,0.1619366715022541,0.11977425141850429,0.071280928043,5.0,36.591023999790195,True,True
2.8880000000000003,37.03013221579102,-96.35485887947519,-0.7063941555661429,3.6403801022303233,36.789054,-96.33504599999999,5.0,9079,0.9363655115511551,0.151645619707004,0.1154967197142227,0.071427316748,5.0,38.35346800042316,True,True
2.9370000000000003,37.12479676936072,-96.43510218571173,-0.7017052217048908,3.641007510268352,36.912752000000005,-96.41981899999999,5.0,9080,0.9364686468646864,0.11987856312252486,0.10609938955692,0.071684722418,5.0,37.71740999945905,True,True
2.988,37.31766978522752,-96.59657096899006,-0.6903307217207523,3.732211630596008,37.036164,-96.50421,5.0,9081,0.9365717821782178,0.10705753692716956,0.10218657541628984,0.071808023083,5.0,38.84939499948814,True,True
3.0370000000000004,37.41609992739978,-96.67740014402337,-0.6847951154174176,3.758980895864518,37.282787,-96.672537,5.0,9083,0.9367780528052805,0.08359214420406255,0.0934341194725885,0.071025727141,5.0,37.030244999186834,True,True
3.087,37.515774116518955,-96.7583195192082,-0.6790287026713325,3.7890743033789636,37.406579,-96.756366,5.0,9084,0.9368811881188119,0.07953775498889998,0.09080192191694092,0.069841218267,5.0,37.178743001277326,True,True
3.1380000000000003,37.718430615057756,-96.91989727310202,-0.6673615411651901,3.838361622385056,37.530642,-96.839927,5.0,9085,0.9369843234323433,0.04848036809904837,0.08136054308482832,0.067304026921,5.0,38.0763700013631,True,True
3.188,37.82147815630013,-97.0006359958172,-0.661798691107948,3.8634718004102337,37.654959000000005,-96.92327,5.0,9086,0.9370874587458746,0.03805257248722369,0.0776879034828557,0.066196947256,5.0,38.345353001204785,True,True
3.237,38.03095823820857,-97.1621171236567,-0.6511047786060911,3.945002310232707,37.904269,-97.089495,5.0,9088,0.9372937293729373,0.01864931951329446,0.06909178363688806,0.064559210768,5.0,37.85788200002571,True,True
3.287,38.137284192002014,-97.24257112270075,-0.6455231433953382,3.912953933599492,38.029492,-97.172812,5.0,9089,0.9373968646864687,0.010794917066963665,0.06542248713672949,0.063713627829,5.0,37.107138999999734,True,True
3.3360000000000003,38.35141802894099,-97.40118479989022,-0.6336890622740161,3.9429778252253076,38.279334000000006,-97.337129,5.0,9091,0.9376031353135313,-0.03821948159241454,0.05856632865871525,0.059313436207,5.0,36.58541400000104,True,True
3.3850000000000002,38.45996023862843,-97.48084161383858,-0.6315553606196805,3.969566673933717,38.404046,-97.418952,5.0,9092,0.9377062706270627,-0.055546167622341484,0.05472052999354249,0.058952677369,5.0,35.47467800126469,True,True
3.436,38.67942815846717,-97.64012620102572,-0.6241122814597019,4.006411713292058,38.529576,-97.500711,5.0,9093,0.937809405940594,-0.02840929063530963,0.05045863698706654,0.063362754551,5.0,36.74718599904736,True,True
3.486,38.790391618424216,-97.71971647290772,-0.6202952979183971,4.026322915304247,38.655107,-97.58251700000001,5.0,9094,0.9379125412541254,-0.035035053968220924,0.04702889263412846,0.063412556325,5.0,36.21316799944907,True,True
3.537,39.01481205020628,-97.87840521068799,-0.6091407653527416,4.060763485776836,38.906801,-97.745525,5.0,9096,0.9381188118811881,-0.04776821332994102,0.044894051101157295,0.05966012125,5.0,37.34864000034577,True,True
3.587,39.128527885485035,-97.95732395423158,-0.6036312017579846,4.082968721373667,39.033291999999996,-97.826183,5.0,9097,0.9382219471947195,-0.054003214029672286,0.042916464334545434,0.055806882493,5.0,37.44507000010344,True,True
3.638,39.3592390762958,-98.11478989257503,-0.5945409681895533,4.125464952371862,39.160109999999996,-97.906542,5.0,9098,0.9383250825082509,-0.059800836083294,0.040440033677853204,0.052106209549,5.0,38.1410110003344,True,True
3.685,39.47481704489718,-98.19338318340598,-0.5916268378905853,4.118759703331166,39.414963,-98.066249,5.0,9100,0.9385313531353136,-0.07390110909162606,0.03519084740585399,0.0489735976,5.0,35.50747900044371,True,True
3.7359999999999998,39.70802938952577,-98.34915880910695,-0.5842956327805824,4.140062881587404,39.541806,-98.145896,5.0,9101,0.9386344884488449,-0.08211304825423386,0.03189225184130873,0.050753730024,5.0,36.3587700012431,True,True
3.7860000000000005,39.82597908838559,-98.42658287334157,-0.5783257111216802,4.159160234214784,39.795010999999995,-98.303997,5.0,9103,0.9388407590759076,-0.0980070893481854,0.02718820714735326,0.049882985438,5.0,36.8357309998828,True,True
3.8360000000000003,39.944794181969925,-98.50378192054072,-0.5741000850954566,4.174917233358164,39.921956,-98.382995,5.0,9104,0.9389438943894389,-0.10541095894394789,0.02285685669990789,0.046834810561,5.0,36.26484500091465,True,True
3.8890000000000002,40.18470809922698,-98.65753379392373,-0.5658644041528289,4.206888939467941,40.176519,-98.540239,5.0,9106,0.9391501650165016,-0.1192449835430115,0.01843784953899341,0.043826477882,5.0,39.3367449996731,True,True
3.936,40.30589591634645,-98.7341586752958,-0.5629550093401081,4.224025263862659,40.176519,-98.540239,5.0,9106,0.9391501650165016,-0.09567095984142368,0.01433941194429611,0.045372747464,5.0,36.100167000768124,True,True
3.9850000000000003,40.55015860109547,-98.88761660334312,-0.5579766367239407,4.289620591266315,40.431926000000004,-98.696774,5.0,9108,0.9393564356435643,-0.09954765682420369,0.012642223515980877,0.045445363482,5.0,35.42907199880574,True,True
4.038,40.67321942227896,-98.96400103886596,-0.5540368819777891,4.258824128590771,40.560003,-98.774837,5.0,9109,0.9394595709570958,-0.10147775973807452,0.011124391535587641,0.045411675056,5.0,38.50590299953183,True,True
4.087000000000001,40.9195543145946,-99.1148974140067,-0.5436523259349303,4.233177734678652,40.816981,-98.930548,5.0,9111,0.9396658415841584,-0.10411719015191108,0.007387149292921613,0.040440700656,5.0,37.21912800028804,True,True
4.135,41.043812323061765,-99.1898445271719,-0.541847446120362,4.27977492588285,40.944743,-99.00724100000001,5.0,9112,0.9397689768976898,-0.10531194471127901,0.0036912813210943085,0.037011192783,5.0,35.15040099955513,True,True
4.1850000000000005,41.294067255085054,-99.34001576633436,-0.5391565813679063,4.303702265234182,41.20117,-99.160536,5.0,9114,0.9399752475247525,-0.10625916212467178,0.0023028052198714732,0.038334936677,5.0,35.60688499965181,True,True
4.237,41.4198896804532,-99.4151895778241,-0.5375114501454107,4.317002924839689,41.329714,-99.237243,5.0,9115,0.9400783828382838,-0.10652304900972279,0.0012017212758461682,0.039801481641,5.0,38.005107000572025,True,True
4.2860000000000005,41.67330309218603,-99.56473506762264,-0.5269764561921049,4.337256063903673,41.5872,-99.39061600000001,5.0,9117,0.9402846534653465,-0.10659946269136616,-0.001429131133229511,0.036900919775,5.0,37.493871999686235,True,True
4.337000000000001,41.80108553465274,-99.6388692935247,-0.5238143004848836,4.352759495548508,41.716312,-99.46673299999999,5.0,9118,0.9403877887788779,-0.10630360622119285,-0.004197425168119384,0.031951672879,5.0,38.1014270005835,True,True
4.388,42.05824570245856,-99.78686134348811,-0.5192609939309559,4.340813352319673,41.975415000000005,-99.618166,5.0,9120,0.9405940594059405,-0.10491272912540092,-0.006253229038644115,0.02908956776,5.0,38.56708700004674,True,True
4.44,42.18700547316333,-99.86074041021253,-0.5182047895194161,4.373886963268795,42.10545,-99.693832,5.0,9121,0.940697194719472,-0.1041411947262802,-0.008311039394030217,0.029718834475,5.0,40.48883899849898,True,True
4.487,42.445666941446085,-100.00716096470506,-0.5115350973677601,4.387139360786457,42.234633,-99.769202,5.0,9122,0.9408003300330033,-0.10308324984491671,-0.008228425034911169,0.031183505471,5.0,37.88647500005027,True,True
4.537,42.576012195662194,-100.08008079084927,-0.508637903947693,4.397897262531204,42.493435,-99.918782,5.0,9124,0.941006600660066,-0.10043067111718872,-0.010431606261430026,0.026231140385,5.0,37.20378999969398,True,True
4.586,42.83824040508103,-100.22535305640663,-0.5033078941609244,4.420464288008466,42.623352000000004,-99.993257,5.0,9125,0.9411097359735974,-0.09887198422931262,-0.011014594716054482,0.025245075081,5.0,36.79207999994105,True,True
4.638,42.97023310619279,-100.29787889933627,-0.5025181908769228,4.433891928909569,42.883720000000004,-100.141666,5.0,9127,0.9413160066006601,-0.09523082191896041,-0.01336873296829344,0.021869982192,5.0,38.081079001131,True,True
4.688,43.23520822575702,-100.44376367216395,-0.5020377432234217,4.481188752249374,43.014255,-100.215715,5.0,9128,0.9414191419141914,-0.0931856798142249,-0.013723044896626124,0.023518095773,5.0,38.39508600140107,True,True
4.735,43.368048803432664,-100.51638568283445,-0.49941723416348466,4.45225818621634,43.275632,-100.364369,5.0,9130,0.9416254125412541,-0.08900797170487719,-0.014177846283640605,0.026344373515,5.0,35.48470699934114,True,True
4.7860000000000005,43.50140615216679,-100.58877785770521,-0.4960229664797391,4.458313196564818,43.406531,-100.438395,5.0,9131,0.9417285478547854,-0.08684408653228538,-0.01379791247115536,0.025081747911,5.0,36.81977099950018,True,True
4.836,43.76686187333998,-100.73163387205715,-0.49003819018761446,4.4614098068953405,43.667452000000004,-100.58465600000001,5.0,9133,0.9419348184818482,-0.08242273889384083,-0.017026728044450046,0.01869399072,5.0,36.21379000105662,True,True
4.8870000000000005,43.900863759645375,-100.80300880244577,-0.48880852327468827,4.469208443539888,43.797895000000004,-100.657234,5.0,9134,0.9420379537953796,-0.08011009922767638,-0.017275710802412192,0.018885557377,5.0,37.83899699919857,True,True
4.9350000000000005,44.169874291560646,-100.94568874593806,-0.48583033692847316,4.486515271194012,44.059613,-100.802686,5.0,9136,0.9422442244224423,-0.07448977951843506,-0.020378236237718284,0.018990196773,5.0,35.404927999479696,True,True
4.985,44.305020654052996,-101.01673825352643,-0.48121063401712627,4.492606737815654,44.190449,-100.87561099999999,5.0,9137,0.9423473597359736,-0.0712234142563258,-0.02281789461563788,0.018847400825,5.0,35.34242099885887,True,True
5.0360000000000005,44.57711839042832,-101.15760356585294,-0.47563852228285497,4.513260755150862,44.452502,-101.021361,5.0,9139,0.9425536303630363,-0.0634243693528992,-0.027045459308460806,0.010482056303,5.0,36.616412000512355,True,True
5.085,44.71366580373877,-101.22784111148337,-0.47447785407068105,4.522077182345538,44.584039000000004,-101.09352700000001,5.0,9140,0.9426567656765676,-0.059552899078697576,-0.02520853206320428,0.011430999669,5.0,35.184876000130316,True,True
5.135,44.98777703266887,-101.3678561456335,-0.4744961244151089,4.499351730421969,44.847282,-101.237289,5.0,9142,0.9428630363036303,-0.05111302957822234,-0.02502619924073901,0.012785964643,5.0,35.61318700121774,True,True
5.1850000000000005,45.12427501596113,-101.43756357459155,-0.4721108206781468,4.524410406275514,44.978806,-101.30906800000001,5.0,9143,0.9429661716171617,-0.047409882295874624,-0.023634760751598538,0.014726805532,5.0,35.46222500153817,True,True
5.236,45.399026450661374,-101.57734247406353,-0.469481200198891,4.541812456267768,45.241615,-101.451164,5.0,9145,0.9431724422442245,-0.040218888378689206,-0.023012509068826237,0.012184778739,5.0,36.85772199969506,True,True
5.284,45.53680101000438,-101.6472236540215,-0.46891666758078393,4.549879193485112,45.373496,-101.521939,5.0,9146,0.9432755775577558,-0.03683711510143654,-0.022117790678577443,0.012764489697,5.0,34.60622499915189,True,True
5.337000000000001,45.81317276907123,-101.78752530914106,-0.46939962049312745,4.5706031111405965,45.505568,-101.592496,5.0,9147,0.9433787128712872,-0.03364782341400908,-0.02085881903508424,0.015924657112,5.0,37.601713000185555,True,True
5.3950000000000005,45.95188291169767,-101.8578973182125,-0.4686142658080772,4.604420446392401,45.77035,-101.733108,5.0,9149,0.9435849834983498,-0.028180786524705716,-0.01680196699504677,0.01707508265,5.0,45.03995500090241,True,True
5.434,46.091149897221776,-101.92836717262767,-0.4676433155411998,4.581426313227769,45.903078,-101.803044,5.0,9150,0.9436881188118812,-0.025889354140922215,-0.01551837655319499,0.017580431224,5.0,34.18837400022312,True,True
5.485,46.36987540145791,-102.0681368144109,-0.4638118587780643,4.55648752133876,46.302738,-102.01140500000001,5.0,9153,0.9439975247524752,-0.07315715671445032,-0.011494818867843648,0.017145994689,5.0,35.35982299945317,True,True
5.5360000000000005,46.50826104610043,-102.13762680191574,-0.4617365991122217,4.590268356639237,46.434874,-102.079657,5.0,9154,0.9441006600660066,-0.0660116087400002,-0.011810407910795018,0.01621885655,5.0,36.52903900001547,True,True
5.5840000000000005,46.78839796949759,-102.27672504261714,-0.4600573603612571,4.607525357441224,46.700998,-102.216084,5.0,9156,0.9443069306930693,-0.0535686891861543,-0.012123803607858363,0.015884253956,5.0,34.84950900019612,True,True
5.634,46.928938453148156,-102.34630375738891,-0.45907376327963706,4.617270465329401,46.83442,-102.284375,5.0,9157,0.9444100660066007,-0.0466535008281754,-0.012788637663700086,0.016667938179,5.0,35.01050999875588,True,True
5.684,47.211308496644584,-102.48484555555058,-0.4524663912961136,4.632121518920104,47.101865000000004,-102.420581,5.0,9159,0.9446163366336634,-0.032334117980798716,-0.011357242350666485,0.015034618633,5.0,34.96462499970221,True,True
5.735,47.35321208711033,-102.5537132107308,-0.45116180919445625,4.641673472514558,47.236148,-102.487959,5.0,9160,0.9447194719471947,-0.025033866327105476,-0.011620055574267596,0.012700904158,5.0,35.18900400013081,True,True
5.785,47.63764101683684,-102.69068652756505,-0.45078281892293465,4.66560994632215,47.505236,-102.622226,5.0,9162,0.9449257425742574,-0.00987175657929102,-0.010155852755084016,0.013634863597,5.0,35.2311729984649,True,True
5.835,47.77976015486928,-102.7593887575081,-0.4509118790969381,4.598633435155419,47.639963,-102.68865699999999,5.0,9163,0.9450288778877888,-0.0030839241150424734,-0.009401752565396215,0.016279662408,5.0,35.316883000632515,True,True
5.884,48.063973743549965,-102.89602801213461,-0.44599578808423596,4.648084420891517,47.908434,-102.822216,5.0,9165,0.9452351485148515,0.0008230630794836683,-0.011284213087048744,0.016700095354,5.0,34.37096500056214,True,True
5.936,48.20671735374497,-102.96413376470281,-0.4443804633312141,4.655131759430128,48.042998,-102.888524,5.0,9166,0.9453382838283828,0.0024751370804782535,-0.010370624024409913,0.015828057487,5.0,36.43378000015218,True,True
5.984,48.493106444996286,-103.09999170636682,-0.4415553830687958,4.668886298632666,48.313035,-103.020169,5.0,9168,0.9455445544554455,0.005247609763440334,-0.00858185563836189,0.015541502917,5.0,34.900033999292646,True,True
6.037,48.63667173602726,-103.1678925315658,-0.44140904691497407,4.676983955027287,48.448370000000004,-103.085614,5.0,9169,0.945647689768977,0.0064864086042934095,-0.008376392961718437,0.015957128716,5.0,37.35099400000763,True,True
6.085,48.924901662620016,-103.3037891442851,-0.4386151756431382,4.683429957103577,48.719885,-103.216208,5.0,9171,0.9458539603960396,0.008271460146178343,-0.005825800674817305,0.01857385494,5.0,35.95323199988343,True,True
6.135,49.06953998700953,-103.37132784523249,-0.4366330687072676,4.685264312817809,48.856297,-103.281301,5.0,9172,0.945957095709571,0.008969404616943068,-0.004655706435060747,0.018081808522,5.0,35.61941899897647,True,True
6.186,49.35696348794563,-103.5050495213787,-0.4321101311363568,4.685275578163594,49.129142,-103.410092,5.0,9174,0.9461633663366337,0.07109894265990835,-0.0032586318247886936,0.016776015412,5.0,36.40630900008546,True,True
6.235,49.501781153057365,-103.5717017523884,-0.43077551959466737,4.691793658052463,49.400439,-103.537076,5.0,9176,0.9463696369636964,0.05399829146621822,-0.0033756596498957236,0.016859922564,5.0,35.44888000033097,True,True
6.2860000000000005,49.7922895893087,-103.70475724141716,-0.4274733354279494,4.7051006128638395,49.537052,-103.60047,5.0,9177,0.9464727722772277,0.04551532395460878,-0.0033120070496686083,0.017221956612,5.0,36.99018000042997,True,True
6.3340000000000005,49.938098375979095,-103.77089626273421,-0.42359872278657507,4.7107635744048535,49.810911,-103.726913,5.0,9179,0.9466790429042904,0.028941917257068826,-0.0019025680532944733,0.017379657244,5.0,34.75661600168678,True,True
6.385000000000001,50.08431271821901,-103.83666568613613,-0.42142439669922377,4.717478606431916,49.948301,-103.789485,5.0,9180,0.9467821782178217,0.021204591249265638,-0.0024546015374853347,0.014669454697,5.0,35.04708899890829,True,True
6.434,50.3772032733045,-103.96733222536189,-0.41682953291398406,4.704246108743999,50.223967,-103.913834,5.0,9182,0.9469884488448845,0.013447527699339693,-0.003666916300662848,0.013239976184,5.0,34.72931499891274,True,True
6.486,50.52467651715479,-104.03248733257433,-0.4175831133610835,4.732061324575748,50.361453999999995,-103.975593,5.0,9183,0.9470915841584159,0.013952936343399192,-0.0037234412856381738,0.013379531951,5.0,36.50770900094358,True,True
6.535,50.817640195919154,-104.16184130315428,-0.41456264060878784,4.717513642839056,50.637508000000004,-104.098558,5.0,9185,0.9472978547854786,0.0149512882695444,-0.0020451752980457094,0.018506995822,5.0,35.33406499991543,True,True
6.5840000000000005,50.96461069551745,-104.22633286580906,-0.4125903826065537,4.723291696846172,50.775146,-104.159911,5.0,9186,0.9474009900990099,0.015454260276574707,-0.0036997422328859386,0.017183551098,5.0,34.64568900017184,True,True
6.6370000000000005,51.25937674248393,-104.35483008583901,-0.40954436747086403,4.733625075831417,51.051152,-104.281888,5.0,9188,0.9476072607260726,0.016375832592339726,-0.0032689169968089793,0.017299917471,5.0,37.56280100060394,True,True
6.6850000000000005,51.40706006268092,-104.41893472635404,-0.4091340018110133,4.740636939574469,51.189405,-104.34255999999999,5.0,9189,0.9477103960396039,0.016808481763640047,-0.003458790038300741,0.017697124225,5.0,35.38811600083136,True,True
6.734,51.70342280727147,-104.54727265849378,-0.40692321871501097,4.744897857856427,51.605824,-104.52401,5.0,9192,0.948019801980198,0.06529687522495037,0.0005533338952194988,0.022367812926,5.0,34.47416800008796,True,True
6.784,51.85203561019366,-104.61097791977134,-0.4049693180474974,4.768486405767045,51.744960999999996,-104.583889,5.0,9193,0.9481229372937293,0.05537307938386614,0.001746938155422928,0.02232722874,5.0,34.823350000806386,True,True
6.836,52.14800895888135,-104.73737066539867,-0.4007067740769328,4.690223451789831,52.023782000000004,-104.702816,5.0,9195,0.9483292079207921,0.03664978868319027,0.0011533614842895723,0.022212152987,5.0,36.52641299959214,True,True
6.886,52.29620218286604,-104.80017959006561,-0.39884807548949364,4.751235291246924,52.161839,-104.761444,5.0,9196,0.9484323432343235,0.027763203636666192,0.0005814150531064932,0.021351197337,5.0,36.50963200016122,True,True
6.936,52.59447876159791,-104.92536149753302,-0.3957836288274197,4.763659280762949,52.440711,-104.878518,5.0,9198,0.9486386138613861,0.016311242002668244,0.001884344773029234,0.022121549893,5.0,36.593730001186486,True,True
6.985,52.74410700172811,-104.98766661692788,-0.3924417916709999,4.767232224177505,52.58061899999999,-104.93678100000001,5.0,9199,0.9487417491749175,0.015841896070091514,0.00286159754096893,0.022528538139,5.0,35.573081999245915,True,True
7.035,53.04450996635881,-105.11085626479958,-0.38637960378740444,4.779673406138102,52.720797999999995,-104.994607,5.0,9200,0.9488448844884488,0.01525480219134609,0.002510814450091381,0.017531197256,5.0,34.88865200051805,True,True
7.086,53.194956177251605,-105.17203269598268,-0.38428111316516866,4.731996618955246,53.001959,-105.109274,5.0,9202,0.9490511551155115,0.014431865032464516,0.001969871234927645,0.01873656418,5.0,36.2602559998777,True,True
7.136,53.49654593049787,-105.29354032512018,-0.38397001990554047,4.766790656199534,53.142872,-105.16603899999998,5.0,9203,0.9491542904290429,0.013822095671835758,0.002121042194252354,0.018897135164,5.0,36.84012000121584,True,True
7.186,53.64692993483633,-105.35413778679714,-0.3823669801003387,4.771365553261534,53.424622,-105.278893,5.0,9205,0.9493605610561056,0.013028829623156343,0.003996550891566919,0.023798444152,5.0,36.35099599887326,True,True
7.234,53.797579745334005,-105.41455257924869,-0.38046957705445666,4.776293024327826,53.705829,-105.39086499999999,5.0,9207,0.9495668316831684,0.06941172859684605,0.00496385319637449,0.024866700665,5.0,34.08342799957609,True,True
7.285,54.09961639203225,-105.53476878334341,-0.3771095689556554,4.785571929305791,53.987977,-105.50198600000002,5.0,9209,0.949773102310231,0.0479595214769033,0.0054998778133610315,0.025174813926,5.0,35.851783000907744,True,True
7.335,54.25092952619263,-105.59462900151176,-0.37565178458561954,4.791116293318479,54.12935600000001,-105.55719099999999,5.0,9210,0.9498762376237624,0.03724513500942605,0.005658430131564973,0.025376588138,5.0,35.60434999963036,True,True
7.386,54.55491978038194,-105.71390548353443,-0.3712380338941018,4.79683349068706,54.41270600000001,-105.66699399999999,5.0,9212,0.9500825082508251,0.016297625099035127,0.005550783783085045,0.025863174542,5.0,36.682996000308776,True,True
7.4350000000000005,54.70701706382739,-105.77278163687856,-0.3684639417982128,4.827463382341983,54.555096999999996,-105.721718,5.0,9213,0.9501856435643564,0.007814526237573222,0.005819787865364301,0.02548390452,5.0,35.704005998923094,True,True
7.486,55.011558052343204,-105.88921122465209,-0.3625585464561765,4.75509177839053,54.839721999999995,-105.82979499999999,5.0,9215,0.9503919141914191,0.005431141765137626,0.004736482755960836,0.023543636365,5.0,36.76726400044572,True,True
7.534,55.162728652934256,-105.94703927695511,-0.35904916543710025,4.799346917357607,54.982011,-105.88333200000001,5.0,9216,0.9504950495049505,0.004902683778726355,0.002684282756142853,0.022243202911,5.0,35.030457000175375,True,True
7.586,55.46892427130767,-106.06118512756356,-0.35475125122271345,4.810861208848796,55.265268999999996,-105.989301,5.0,9218,0.9507013201320133,0.0034824876182366423,0.0015710405780895442,0.020565908645,5.0,36.96561499964446,True,True
7.634,55.622537329424745,-106.11791501235926,-0.3519592422066965,4.817012845722829,55.408026,-106.042125,5.0,9219,0.9508044554455446,0.003117084745191985,0.0014534523674609723,0.020799855719,5.0,35.0087179995171,True,True
7.6850000000000005,55.93074135085118,-106.23005383513458,-0.34583331498144854,4.8259835152675326,55.837875,-106.19878,5.0,9222,0.9511138613861386,0.0661363488877475,0.002801136972413687,0.019011899246,5.0,35.40550799880293,True,True
7.735,56.08526324765217,-106.28553240290258,-0.3427550701015204,4.793329103178692,55.981609999999996,-106.250358,5.0,9223,0.95121699669967,0.054771147305015935,0.0017613732930503723,0.018569611081,5.0,35.13991199906741,True,True
7.784,56.39476282196516,-106.39568104535273,-0.3419147347228911,4.853141101077539,56.2688,-106.352747,5.0,9225,0.9514232673267327,0.03160264163173095,0.001309094001734401,0.019617468517,5.0,34.71157100102573,True,True
7.835,56.54938609887969,-106.45076525958035,-0.3408027431027611,4.808192775974138,56.41298199999999,-106.403924,5.0,9226,0.951526402640264,0.019997118531977113,0.0012097380253077716,0.021465327634,5.0,35.99368799950753,True,True
7.885000000000001,56.85860190283223,-106.55932976709148,-0.3345664436941856,4.823939811833837,56.55653,-106.454756,5.0,9227,0.9516295379537953,0.008182990426115175,0.0015534919185204998,0.020625050248,5.0,35.14616399843362,True,True
7.935,57.0135851359706,-106.61300904998832,-0.3320561731710583,4.827388545143545,56.843804000000006,-106.55543999999999,5.0,9229,0.951835808580858,0.001185733355483181,-0.000763529281482267,0.019914597694,5.0,35.23127299922635,True,True
7.984000000000001,57.168791738447155,-106.66647008871782,-0.3308853944257894,4.832720686428425,56.987609,-106.60543999999999,5.0,9230,0.9519389438943895,0.0013578492907875329,-0.0021233496453896272,0.019247908387,5.0,34.995502999663586,True,True
8.036,57.480263218939704,-106.77291359816077,-0.32686181445749773,4.838117520582739,57.275714,-106.70506,5.0,9232,0.9521452145214522,0.0018765891202495943,-0.002694634822090869,0.020088284554,5.0,36.089256000195746,True,True
8.085999999999999,57.63605461784385,-106.82552233170364,-0.32470991095355034,4.841584688557999,57.420364,-106.754792,5.0,9233,0.9522483498349835,0.002126525583886235,-0.0025982701855600254,0.0198569851,5.0,36.26780000013241,True,True
8.136999999999999,57.948472117245835,-106.92985036134792,-0.31992622774649837,4.84653698284102,57.854475,-106.90143300000001,5.0,9236,0.9525577557755776,0.06650249530960362,5.246155589055945e-06,0.019007525242,5.0,37.39041799963161,True,True
8.184,58.10320849376072,-106.98115142396702,-0.3174855333109894,4.818819913336081,57.998993999999996,-106.94944199999999,5.0,9237,0.9526608910891089,0.05418757184169289,-0.0015714042568895081,0.018219922067,5.0,34.35111799990409,True,True
8.234,58.41644671729929,-107.08333591753284,-0.3128863312170271,4.85244570375224,58.287901,-107.045027,5.0,9239,0.9528671617161716,0.030955593497223415,-0.0009275114793720896,0.016424886139,5.0,34.92837799967674,True,True
8.286,58.57363966106603,-107.13405383338376,-0.3107434476176465,4.8592951901096235,58.433351,-107.09244199999999,5.0,9240,0.9529702970297029,0.019200924757009054,-0.001251598962750844,0.016160695121,5.0,36.76573099983216,True,True
8.334999999999999,58.88884913851172,-107.23470419281918,-0.3071380118907873,4.870301475900234,58.725048,-107.18651200000001,5.0,9242,0.9531765676567657,0.0037542641807333838,-0.0008807665190091463,0.015379182419,5.0,35.59956100070849,True,True
8.386999999999999,59.04670832305644,-107.2847149585739,-0.3055426468911468,4.8256792955757595,58.871254,-107.23312299999999,5.0,9243,0.9532797029702971,0.0038061186732891617,-0.0005580953121842036,0.015727346532,5.0,37.54369499984023,True,True
8.434,59.3627695984969,-107.38287954914382,-0.3003524651458892,4.89427312735822,59.163478000000005,-107.325433,5.0,9245,0.9534859735973598,0.00410075967942806,-0.0016825300040292923,0.014523538843,5.0,34.82264899867005,True,True
8.485999999999999,59.521390108988314,-107.43230183970518,-0.2985508437339527,4.851238023079771,59.309996,-107.371375,5.0,9246,0.9535891089108911,0.004754024879531211,-0.002956945432711855,0.013653797211,5.0,36.90162400016561,True,True
8.536999999999999,59.83720786043571,-107.52948332470265,-0.29789007463871275,4.864702778470957,59.74874200000001,-107.507447,5.0,9249,0.9538985148514851,0.07449345584317389,0.00023789297665466336,0.016416966911,5.0,37.30046999953629,True,True
8.584999999999999,59.99525678468962,-107.57801061866358,-0.29717122144575586,4.866648219419483,59.894897,-107.552225,5.0,9250,0.9540016501650165,0.06200984292028388,0.0006388945278699154,0.018094060415,5.0,35.33040799993614,True,True
8.633999999999999,60.31188805190766,-107.67451324033249,-0.2938585799329939,4.874701777865831,60.187445,-107.641879,5.0,9252,0.9542079207920792,0.03735171707275484,-0.0014894409116723573,0.019378512483,5.0,34.21326100033184,True,True
8.684,60.47092951120837,-107.72263465370509,-0.29298576006298077,4.873257253805828,60.333895,-107.686652,5.0,9253,0.9543110561056105,0.025132752547312797,-0.0024757646835107394,0.019045408533,5.0,34.21264000098745,True,True
8.735,60.78857442010315,-107.81788256586678,-0.2901225525615112,4.875971533477181,60.480851,-107.73146299999999,5.0,9254,0.954414191419142,0.013280649010694747,-0.0017741983832140207,0.019946340976,5.0,35.659833998579415,True,True
8.785,60.94743114976717,-107.86522011401512,-0.2887568932416401,4.878856043590219,60.774347,-107.819901,5.0,9256,0.9546204620462047,0.006007824814259102,-0.0009827106292652488,0.020451768348,5.0,35.845660999257234,True,True
8.835999999999999,61.26383311098531,-107.95895198038697,-0.28566598178170544,4.879585712263042,60.92109,-107.86375600000001,5.0,9257,0.954723597359736,0.0061151223055304176,-0.001171404732644099,0.020660113511,5.0,36.664111001300626,True,True
8.885,61.423131594051576,-108.0056063547793,-0.2841500915731502,4.8842395476630465,61.213102,-107.950597,5.0,9259,0.9549298679867987,0.0062576577299150535,-0.0012871160372807111,0.021141624263,5.0,35.79305200037197,True,True
8.936,61.582708015048034,-108.05209333978968,-0.2824278717590518,4.891030587795536,61.36009,-107.99369899999999,5.0,9260,0.95503300330033,0.006181409630713096,-5.899246165785854e-05,0.021242091696,5.0,36.867511000309605,True,True
8.985,61.9026418284423,-108.14439680706155,-0.27888314309009943,4.900544932408284,61.802424,-108.121163,5.0,9263,0.9553424092409241,0.06406036266380775,0.003829933082861281,0.02203486249,5.0,35.976195000330335,True,True
9.036,62.062608536803175,-108.19018933841063,-0.27698004840142665,4.852487318094516,61.950255000000006,-108.16296799999999,5.0,9264,0.9554455445544554,0.05110678343371182,0.0038509399971236036,0.021912171017,5.0,36.77760299979127,True,True
9.084999999999999,62.383105329494796,-108.27938216923536,-0.2713714783900818,4.890032315045565,62.245495999999996,-108.245798,5.0,9266,0.9556518151815182,0.02529395429134347,0.003427609436690293,0.020181250677,5.0,36.0503140000219,True,True
9.133,62.54407821374228,-108.32474324661307,-0.26943151306555274,4.881100282273824,62.39325,-108.286445,5.0,9267,0.9557549504950495,0.012361145499876392,0.0006046976091775846,0.019044342666,5.0,34.086624000337906,True,True
9.184,62.864207201460346,-108.41293827096966,-0.26736523948129565,4.889873986419501,62.6888,-108.368407,5.0,9269,0.9559612211221122,0.0034848205074432623,0.001987546199049728,0.020838969967,5.0,34.60842900130956,True,True
9.234,63.02461764156761,-108.45677828253994,-0.26617840666282105,4.891142687770822,62.836454,-108.408542,5.0,9270,0.9560643564356436,0.002986315785021633,0.0028728480821174074,0.021528488521,5.0,34.810676999768475,True,True
9.285,63.34558324655067,-108.5438237722197,-0.2624902203918428,4.896080482685074,63.131933999999994,-108.488133,5.0,9272,0.9562706270627063,0.0018881494310345418,0.0020999573959707973,0.023029376991,5.0,35.194694999518106,True,True
9.334,63.50674370350626,-108.58708316916636,-0.26068345713224905,4.895039172635458,63.279804000000006,-108.527868,5.0,9273,0.9563737623762376,0.001633174705585618,0.00018327815829000116,0.022452858375,5.0,34.77168400058872,True,True
9.386,63.828656232502425,-108.67239577389452,-0.25744546249063355,4.896560366074542,63.724658999999996,-108.64595200000001,5.0,9276,0.9566831683168316,0.05916576115971105,0.0028899982144410252,0.023693741293,5.0,36.88782899916987,True,True
9.434999999999999,63.98963707916949,-108.71465347687052,-0.25536543287707436,4.899046193756353,63.872831000000005,-108.68463999999999,5.0,9277,0.956786303630363,0.045840278755555464,0.0027424722406719226,0.023685964618,5.0,35.29995099961525,True,True
9.485999999999999,64.309967703948,-108.79784198680566,-0.25111135577015903,4.895043304406868,64.16766700000001,-108.76123500000001,5.0,9279,0.9569925742574258,0.019190132316271667,0.0003714491845698831,0.02315945338,5.0,36.31961699829844,True,True
9.533999999999999,64.47129324714047,-108.83908486871825,-0.24933037445272255,4.900756854233135,64.315908,-108.79929399999999,5.0,9280,0.9570957095709571,-0.006115182703874656,0.0010191440341387192,0.022848076206,5.0,34.17260500100383,True,True
9.584999999999999,64.79470071356157,-108.92102334067161,-0.24635358579943165,4.909149059356265,64.464488,-108.837055,5.0,9281,0.9571988448844885,-0.0003103788494923129,0.0018132442902709656,0.022970194278,5.0,35.15849700124818,True,True
9.633999999999999,64.95668655812648,-108.9616146009616,-0.2446914343376653,4.911114721129697,64.762231,-108.91145700000001,5.0,9283,0.9574051155115512,-0.0015383934698408857,0.004033951082177634,0.024272492834,5.0,34.38588300014089,True,True
9.684,65.1183052642112,-109.0018917668961,-0.24299306992723582,4.877442372828256,64.911397,-108.948127,5.0,9284,0.9575082508250825,-0.0023992623691940986,0.004839640101840459,0.024489755526,5.0,34.223268999994616,True,True
9.735999999999999,65.44234390242202,-109.08031781307976,-0.23554447230821646,4.912754129763197,65.20961199999999,-109.020549,5.0,9286,0.9577145214521452,-0.003729002523605828,0.0016293408688876632,0.022388802422,5.0,36.13544300060312,True,True
9.786,65.605124462858,-109.11954168025618,-0.23322488638521005,4.887732382279707,65.508262,-109.092735,5.0,9288,0.9579207920792079,-0.06707743375616049,-2.408183110924611e-05,0.020513815143,5.0,36.2467810009548,True,True
9.834999999999999,65.92885603022688,-109.19616813621894,-0.2314675156958539,4.895098703992037,65.80604,-109.16335,5.0,9290,0.9581270627062707,-0.039519087730100336,0.0023479293380672672,0.02152972986,5.0,35.234970000601606,True,True
9.886999999999999,66.0908891499097,-109.23429025938779,-0.23069911128723075,4.896523816288311,65.955057,-109.197981,5.0,9291,0.958230198019802,-0.026263611559348022,0.004236220880106334,0.022904889861,5.0,37.480727000001934,True,True
9.934,66.41498695556544,-109.31016584667478,-0.22834470243375632,4.898696460698094,66.253249,-109.26638999999999,5.0,9293,0.9584364686468647,-0.0058512443161310365,0.005071534868525074,0.025663197061,5.0,34.90722700007609,True,True
9.984,66.57761048078582,-109.3479828698686,-0.22707339315578023,4.896909720161428,66.402488,-109.300505,5.0,9294,0.9585396039603961,-0.0066409986695869965,0.003906929780161494,0.025776822545,5.0,34.5933309999964,True,True
10.036,66.90224671326781,-109.42237564657367,-0.22368010481533984,4.897829121522995,66.70160899999999,-109.368261,5.0,9296,0.9587458745874587,-0.00822496188869363,0.0052101727098969874,0.026714497516,5.0,36.69469799933722,True,True
10.085999999999999,67.06459546797454,-109.45915704217525,-0.221481789866601,4.898776178184613,66.851256,-109.40157099999999,5.0,9297,0.9588490099009901,-0.009307525814658197,0.005385361398245969,0.02662634079,5.0,36.348560999613255,True,True
10.133999999999999,67.3877680285743,-109.53154354266997,-0.21705992022795026,4.897172128080905,67.297758,-109.500147,5.0,9300,0.9591584158415841,-0.07236995258349725,0.0036266084558658207,0.02584879204,5.0,34.83874999983527,True,True
10.187,67.55049179529242,-109.56725330253549,-0.2148496083121119,4.9033491696867735,67.447322,-109.532448,5.0,9301,0.9592615511551155,-0.05956083911123951,0.004899515873753035,0.025122779953,5.0,37.17827099899296,True,True
10.235,67.87672511577844,-109.63789847743702,-0.21101876809382,4.9119435444728845,67.74701800000001,-109.59640900000001,5.0,9303,0.9594678217821783,-0.03409263228442937,0.005625963866361605,0.024794083572,5.0,35.91456999856746,True,True
10.285,68.04016028350959,-109.67272537505337,-0.20885238216796476,4.914565353582863,67.897178,-109.627775,5.0,9304,0.9595709570957096,-0.022821158349176574,0.006028110184253865,0.024608798052,5.0,35.3672369983542,True,True
10.337,68.36659218454477,-109.74080659005996,-0.20237440269471815,4.911151091533584,68.197469,-109.689777,5.0,9306,0.9597772277227723,-0.015755835860720303,0.0037076730469314256,0.023640610532,5.0,37.4592770003801,True,True
10.386,68.5301719690917,-109.77399439076645,-0.19946282096231432,4.934035427088476,68.347764,-109.72062199999999,5.0,9307,0.9598803630363036,-0.01600657883375035,0.0003837670752715461,0.02076473387,5.0,36.57381199991505,True,True
10.436,68.85780462226067,-109.83988665373221,-0.1964273954009742,4.899364392716673,68.497596,-109.75123799999999,5.0,9308,0.959983498349835,-0.015816878845832962,-0.0015080481660283418,0.019635597551,5.0,36.64519499943708,True,True
10.485,69.02122357641593,-109.87228708351223,-0.19508079282254667,4.90062746892653,68.798549,-109.811968,5.0,9310,0.9601897689768977,-0.01585650609733626,-0.00039613642809532834,0.020727876339,5.0,35.85522899993521,True,True
10.536,69.34820134301117,-109.9365151105064,-0.1924161394418649,4.9022609382784745,69.098617,-109.871241,5.0,9312,0.9603960396039604,-0.07740049292335181,0.0012829094392321494,0.021641007942,5.0,36.923235000358545,True,True
10.584,69.51180515687214,-109.96828316681716,-0.19020704927765988,4.927008867735776,69.398865,-109.93003300000001,5.0,9314,0.960602310231023,-0.051076647267602776,-0.0008807049830807934,0.022790775506,5.0,34.74477400050091,True,True
10.633999999999999,69.67581610863101,-109.99973941579641,-0.18838935854474542,4.90293546870263,69.549418,-109.95949099999999,5.0,9315,0.9607054455445545,-0.03862678041853887,-0.0015309907615206342,0.022204472475,5.0,34.46474100019259,True,True
10.684999999999999,70.0035714653434,-110.06160213628974,-0.18494494942855608,4.905822048513824,69.850494,-110.017156,5.0,9317,0.9609117161716172,-0.017299133579110768,-0.0008463670877465468,0.022094028207,5.0,35.23476000009396,True,True
10.737,70.1674940790505,-110.09211537513129,-0.18272520348010737,4.907013294514571,70.000873,-110.045578,5.0,9318,0.9610148514851485,-0.01525299784920405,-0.0010734211682197348,0.022169977153,5.0,37.28870799932338,True,True
10.783999999999999,70.49347625534419,-110.15211665923721,-0.17842935231504958,4.905115440622614,70.30065400000001,-110.10164499999999,5.0,9320,0.9612211221122112,-0.014752115664467182,-0.004021927841042494,0.021103366603,5.0,34.894594000434154,True,True
10.835999999999999,70.6576813472454,-110.18155109400843,-0.17618138653368912,4.909889670000381,70.450413,-110.12963899999998,5.0,9321,0.9613242574257426,-0.014366834673102227,-0.004372850611846779,0.020651193981,5.0,36.17609899993113,True,True
10.885,70.98692141945648,-110.2396584614201,-0.1730135069194875,4.918794253769068,70.751914,-110.184358,5.0,9323,0.9615305280528053,-0.01369114988805198,-0.0023298329854557487,0.020157594657,5.0,35.12166799919214,True,True
10.934999999999999,71.1517696948029,-110.26835008389742,-0.1716370356432664,4.920888334881304,71.054142,-110.23768500000001,5.0,9325,0.9617367986798679,-0.06724954273885007,0.00015213615721787477,0.020734802171,5.0,35.700809999980265,True,True
10.985,71.4810779241478,-110.32453418726153,-0.16629847177786225,4.917957623962611,71.356205,-110.29003700000001,5.0,9327,0.9619430693069307,-0.04050598867567233,-0.001509190127173543,0.021021888165,5.0,35.96641600051953,True,True
11.036,71.64582819191962,-110.35199053064575,-0.1640067588186031,4.948455522471994,71.50738100000001,-110.316194,5.0,9328,0.9620462046204621,-0.02759366816580835,-0.003479250844732995,0.018922308757,5.0,36.36938000090595,True,True
11.084,71.97600628169552,-110.40636058525664,-0.16168289270905048,4.902258424155893,71.810038,-110.36757,5.0,9330,0.9622524752475248,-0.011462205479703757,-0.003965103106656542,0.01867243043,5.0,34.74998300043808,True,True
11.136,72.14050961925756,-110.43312194598643,-0.1608820387863986,4.9016567715261115,71.96078,-110.39264399999999,5.0,9331,0.9623556105610561,-0.011070845433718009,-0.002028379801776836,0.020097828654,5.0,36.55889500078047,True,True
11.186,72.46947979127765,-110.48628828682253,-0.15936603247654718,4.900101653211775,72.262614,-110.441873,5.0,9333,0.9625618811881188,-0.010918385180276687,-5.215679114378702e-06,0.022576333245,5.0,36.04066600018996,True,True
11.232999999999999,72.6339933846585,-110.51273530832002,-0.1578984832345824,4.932735148505135,72.41355,-110.466159,5.0,9334,0.9626650165016502,-0.010998864645549859,-8.216646452696708e-05,0.02361195906,5.0,34.55639200001315,True,True
11.286,72.96342936694315,-110.56454305311854,-0.15460159801813633,4.906271472316023,72.56457900000001,-110.49043300000001,5.0,9335,0.9627681518151815,-0.011032917736475117,-0.0012653285607209241,0.023718104134,5.0,36.748518999957014,True,True
11.335999999999999,73.12795308714603,-110.59007382803273,-0.15259142723848743,4.900924735276625,73.01853100000001,-110.562265,5.0,9338,0.9630775577557755,-0.05514870344390913,0.0007190390631603982,0.023816825967,5.0,36.84316500039131,True,True
11.388,73.45592203546167,-110.63984015479099,-0.1473886654567931,4.846144666875549,73.16971600000001,-110.585582,5.0,9339,0.963180693069307,-0.042003778510093126,0.00021591697687783906,0.023205435013,5.0,38.044750999688404,True,True
11.434,73.62025474710049,-110.66436184337267,-0.14498918884484296,4.9007392887254495,73.47061500000001,-110.631592,5.0,9341,0.9633869636963697,-0.016849785291839375,-0.0034688144756596095,0.020803291885,5.0,34.405270000206656,True,True
11.487,73.78526890936931,-110.68828161828425,-0.14271388973798288,4.9073914937641305,73.621654,-110.654417,5.0,9342,0.963490099009901,-0.010042588882690244,-0.003129716740015276,0.020043943669,5.0,36.740483999892604,True,True
11.533999999999999,74.11605672409587,-110.73524048804236,-0.13891251662364945,4.91608395771871,73.92483299999999,-110.69868400000001,5.0,9344,0.9636963696369637,-0.009484282512169841,-0.0015978103102374241,0.019036088799,5.0,34.61615400010487,True,True
11.584,74.28170836330592,-110.75824760259935,-0.13710991323295108,4.918610294389053,74.076684,-110.72027299999999,5.0,9345,0.963799504950495,-0.009374812485568974,-0.0011161462452111692,0.0188713278,5.0,34.74649700001464,True,True
11.635,74.61271155533697,-110.80293617749919,-0.13129298085771332,4.917388358456489,74.380414,-110.76253600000001,5.0,9347,0.9640057755775577,-0.00907271138983508,-0.0017647211825728704,0.017744709208,5.0,35.459650000120746,True,True
11.686,74.77808605323187,-110.82471274988792,-0.12938773712958498,4.951496515736132,74.684057,-110.803828,5.0,9349,0.9642120462046204,-0.07135101836370328,-0.0030553528282983855,0.015902574022,5.0,36.32663999997021,True,True
11.735,75.11007573753031,-110.86766684569379,-0.12776234208079537,4.902064202533678,74.988574,-110.844349,5.0,9351,0.9644183168316832,-0.043676120777501055,-0.0017079418594021512,0.016134155702,5.0,35.067487000560504,True,True
11.786,75.27538292380778,-110.88887419037869,-0.1273213733223404,4.901696789397427,75.140232,-110.864006,5.0,9352,0.9645214521452146,-0.030377655560205136,-0.0003410362440643411,0.017996071058,5.0,36.67690500151366,True,True
11.834,75.60597418826688,-110.93107916828718,-0.1264244423011103,4.900823119097295,75.443641,-110.90268799999998,5.0,9354,0.9647277227722773,-0.00788283074345487,0.0007049609016824832,0.020856531081,5.0,34.747628998957225,True,True
11.883,75.77129117805478,-110.95211288732938,-0.12519901363322486,4.931631815026513,75.595388,-110.921924,5.0,9355,0.9648308580858086,-0.007749590158092767,0.0002644277568490949,0.0220341691,5.0,33.55536100025347,True,True
11.937,76.1022667012112,-110.99310089815843,-0.12186354819745081,4.907854798919137,75.899472,-110.960328,5.0,9357,0.9650371287128713,-0.007775653727146109,-0.00012900765287859883,0.022424457161,5.0,37.03411199967377,True,True
11.985,76.26762339899332,-111.01324598784815,-0.11993034483873947,4.903624586312245,76.05139,-110.979068,5.0,9358,0.9651402640264026,-0.007774282399951429,-0.00014720110105814754,0.021669184499,5.0,35.70202300033998,True,True
12.033999999999999,76.59732233916323,-111.05228758138072,-0.11514976571664196,4.83602503828128,76.507475,-111.03405,5.0,9361,0.9654496699669967,-0.07436507966597182,-0.0020200769739648905,0.019937556727,5.0,34.994109999388456,True,True
12.087,76.76225127484227,-111.07154583708507,-0.11283992277481766,4.906315856610608,76.657616,-111.052174,5.0,9362,0.965552805280528,-0.060293767819156456,-0.0032420605235139455,0.019032225664,5.0,37.87872099928791,True,True
12.136,77.09404724000582,-111.10844856610785,-0.10860060647518048,4.91547614428175,76.809632,-111.06999099999999,5.0,9363,0.9656559405940595,-0.04740622991583283,-0.00254260605702461,0.018182839857,5.0,36.51837799952773,True,True
12.186,77.26031839887004,-111.12640323925659,-0.1065012555825338,4.918992798402895,77.11431,-111.104497,5.0,9365,0.9658622112211221,-0.02064447425551441,-0.0017402973771885044,0.016598126246,5.0,36.24195200063696,True,True
12.235,77.42673720114546,-111.14403573004051,-0.10463579856500135,4.922071684682759,77.266901,-111.12123100000001,5.0,9366,0.9659653465346535,-0.008371540871518863,-0.001888138088456781,0.016102060526,5.0,35.33839299961983,True,True
12.286999999999999,77.75924495004786,-111.17798640387572,-0.09941437870983356,4.922396090996075,77.57195,-111.153985,5.0,9368,0.9661716171617162,-0.004926466556346252,-0.0040309349355482915,0.014519316228,5.0,37.15319499860925,True,True
12.334999999999999,77.9253637553043,-111.19460179479509,-0.09829843103626712,4.9192081985980085,77.724595,-111.170276,5.0,9369,0.9662747524752475,-0.004017248384872419,-0.006518498794903849,0.013046179708,5.0,35.888742000679485,True,True
12.385,78.25910386075354,-111.22732184171049,-0.09732138831773118,4.908135498261036,78.030235,-111.202183,5.0,9371,0.9664810231023102,-0.002554239346860386,-0.0035256836391290847,0.014766362199,5.0,35.87590800088947,True,True
12.434999999999999,78.42519176603454,-111.2434787904167,-0.09656714412857001,4.907950987724018,78.33507900000001,-111.232436,5.0,9373,0.9666872937293729,-0.07614707084668584,-5.4453925060204966e-05,0.017009885484,5.0,35.25082999840379,True,True
12.485,78.75739635473222,-111.2754429149011,-0.09520821938165232,4.90731280066707,78.639606,-111.26194299999999,5.0,9375,0.9668935643564357,-0.04837416285265879,-0.0008455211798756856,0.018800416367,5.0,35.475810000207275,True,True
12.533999999999999,78.92350950948357,-111.29133498572513,-0.09401651118668708,4.939449023482084,78.791934,-111.27677,5.0,9376,0.966996699669967,-0.03456313202680564,-0.0018500223755819611,0.0196355384,5.0,34.34260200083372,True,True
12.584999999999999,79.25606480095215,-111.32205471915778,-0.09081864069627146,4.915013962045992,79.097081,-111.30609799999999,5.0,9378,0.9672029702970297,-0.007344539840699588,-0.0009678770898147171,0.020015102346,5.0,35.8217169996351,True,True
12.635,79.4221422232605,-111.33708008906555,-0.08896577269440019,4.908621816796986,79.249835,-111.320299,5.0,9379,0.9673061056105611,-0.00117774129299729,-0.0013919964748430047,0.019290902115,5.0,35.65608700046141,True,True
12.684,79.75350063624221,-111.36593493178006,-0.08430776414816571,4.833260984365561,79.55481400000001,-111.348129,5.0,9381,0.9675123762376238,-0.0006438203178690452,-0.002814007746888336,0.017551041505,5.0,34.360294999714824,True,True
12.734,79.91891168271086,-111.38025549266125,-0.0822156557837229,4.910609101286743,79.707127,-111.36164199999999,5.0,9382,0.9676155115511551,-3.084641667071474e-05,-0.005752858293861518,0.016638129605,5.0,34.79813400008425,True,True
12.785,80.25195227253315,-111.40704174373903,-0.07834546917193921,4.918539632463808,80.010811,-111.388676,5.0,9384,0.9678217821782178,0.0012031913547364088,-0.004979939897341357,0.01524827271,5.0,35.31212400048389,True,True
12.834999999999999,80.41881284447587,-111.42001070706252,-0.076429748071969,4.9240420111753,80.316731,-111.414189,5.0,9386,0.9680280528052805,0.06517182523365027,-0.002632018661069324,0.015630492683,5.0,35.8068479999929,True,True
12.883999999999999,80.752498108389,-111.44481280190062,-0.07253108392812674,4.922597617179278,80.623203,-111.438456,5.0,9388,0.9682343234323433,0.03779322696059912,-0.0030275674563031707,0.014783740315,5.0,34.6835389991611,True,True
12.936,80.91958820398968,-111.45672533612444,-0.07016846965849491,4.928450807222627,80.776053,-111.45029,5.0,9389,0.9683374587458746,0.024183312796754407,-0.004579607267317876,0.014116103708,5.0,36.134320000201114,True,True
12.985,81.25470976247267,-111.4801181669554,-0.06862038927493416,4.947041333207045,80.92925799999999,-111.462103,5.0,9390,0.968440594059406,0.01106454805401609,-0.005951450064424435,0.013238033527,5.0,35.282729999380535,True,True
13.033999999999999,81.42142635588738,-111.49155807262817,-0.06813276013873257,4.914322098784934,81.23609300000001,-111.484719,5.0,9392,0.9686468646864687,0.005887643609095173,-0.002213560891371369,0.015320032834,5.0,34.68109399909736,True,True
13.085999999999999,81.75494222525204,-111.5139420016811,-0.06588968523760032,4.916579241532885,81.389042,-111.49540900000001,5.0,9393,0.96875,0.0060412460321033175,-0.0007380944645114518,0.016785188766,5.0,36.84840499954589,True,True
13.133999999999999,81.92170438596446,-111.52488842274452,-0.06482360956119589,4.916150323098263,81.694723,-111.516016,5.0,9395,0.9689562706270627,0.0060435954916110484,-0.00046197544664217105,0.017927722305,5.0,34.64207199976954,True,True
13.184999999999999,82.08850559360488,-111.53567206625283,-0.06306765442814663,4.945302653988784,81.847539,-111.526123,5.0,9396,0.969059405940594,0.006159089232156849,-0.001439930434471659,0.018432964498,5.0,36.04343100050755,True,True
13.234,82.42253879346056,-111.55606120326135,-0.05953138148847713,4.9271411910307705,82.306567,-111.55623600000001,5.0,9399,0.9693688118811881,0.05205240329338147,-0.0017895994855621211,0.018596977944,5.0,34.352561000559945,True,True
13.282,82.58936308633746,-111.56591676821887,-0.05779782573384616,4.919139993654007,82.459753,-111.56576000000001,5.0,9400,0.9694719471947195,0.03845729874209029,-0.0017648144586148717,0.017863765839,5.0,32.936253999650944,True,True
13.334,82.92250333116705,-111.58451621549878,-0.053744018602957785,4.8336843789540165,82.765715,-111.584107,5.0,9402,0.9696782178217822,0.012804936995680536,-0.002829276397346092,0.016598546122,5.0,34.94693199900212,True,True
13.386999999999999,83.08833123384848,-111.59382873348352,-0.05181412135720435,4.922196813348618,82.918053,-111.592932,5.0,9403,0.9697813531353136,0.008667125946441409,-0.005139931800429487,0.015698057759,5.0,37.28489099921717,True,True
13.436,83.42273000025976,-111.61055785583223,-0.048221196316190706,4.928411367654029,83.22315400000001,-111.61038899999998,5.0,9405,0.9699876237623762,0.00976148117966617,-0.003389752442279015,0.014049499775,5.0,36.66187599992554,True,True
13.484,83.59023814258875,-111.6185187943237,-0.046409150919664646,4.933786921560376,83.376478,-111.618397,5.0,9406,0.9700907590759076,0.010136622406662224,-0.0028215875244059774,0.01370731522,5.0,34.07753700048488,True,True
13.533999999999999,83.92530191055775,-111.63343763625996,-0.04291300490501547,4.933978919037487,83.683561,-111.633389,5.0,9408,0.9702970297029703,0.010658565419128916,-0.00225211843672124,0.013042141637,5.0,34.27233000002161,True,True
13.584,84.09304594253543,-111.64046071545278,-0.041097447834097404,4.939162999321449,83.990526,-111.64733899999999,5.0,9410,0.970503300330033,0.06668905275533422,-0.0009944232438341416,0.012553410365,5.0,34.946812000271166,True,True
13.633999999999999,84.42944118673256,-111.65421616411632,-0.038561163984686335,5.00312503276178,84.297184,-111.660679,5.0,9412,0.9707095709570958,0.03911643142769417,-0.0010964384733584964,0.012742664722,5.0,34.436889000062365,True,True
13.687,84.59780137809956,-111.66061477814642,-0.03754680221946424,4.906377965777427,84.452398,-111.666807,5.0,9413,0.9708127062706271,0.026182903269998125,0.0009987867589282828,0.012374115653,5.0,37.30831500070053,True,True
13.734,84.92796410528642,-111.672935331172,-0.03650466870184969,4.905381845989962,84.756338,-111.67751299999999,5.0,9415,0.9710189768976898,0.01097519151928415,0.0034258652115455313,0.013802477774,5.0,34.96353300033661,True,True
13.785,85.09466699747082,-111.67892923886905,-0.03495872383155456,4.907057479459558,84.908548,-111.68236200000001,5.0,9416,0.9711221122112211,0.010036355022371064,0.004756753390664503,0.01540740155,5.0,35.24152299905836,True,True
13.834,85.42850213581627,-111.6903067454431,-0.03271895770669499,4.908257904840954,85.06104300000001,-111.68718999999999,5.0,9417,0.9712252475247525,0.009328061874616544,0.0031978143059498976,0.015179316483,5.0,34.62281599968264,True,True
13.885,85.595455325088,-111.69558752571022,-0.031257326950443455,4.922952033390258,85.366049,-111.697015,5.0,9419,0.9714315181518152,0.00871975850360578,0.0003190355528954747,0.015963588335,5.0,35.32914700008405,True,True
13.934999999999999,85.76217141083988,-111.70074947067525,-0.029737992533512333,4.908778913380162,85.67090300000001,-111.70671200000001,5.0,9421,0.9716377887788779,0.07626339605507296,0.0001472191227032127,0.016547514457,5.0,35.32709199862438,True,True
13.982999999999999,86.09524789548377,-111.70982505386836,-0.02553717023435345,4.77210674203052,85.975646,-111.71603799999998,5.0,9423,0.9718440594059405,0.047847076469977094,-0.0009561947758363054,0.015663968123,5.0,33.769932999348384,True,True
14.033999999999999,86.25712373635787,-111.714955654903,-0.023491569987369933,4.801710262246747,86.126696,-111.72018200000001,5.0,9424,0.971947194719472,0.033109660385416545,-0.006864875545142812,0.014249823998,5.0,34.77995999855921,True,True
14.084999999999999,86.5907384338758,-111.72697841061964,-0.01749470875858436,4.970310137712008,86.427146,-111.73183799999998,5.0,9426,0.9721534653465347,0.01217969851375444,-0.01562436912880516,0.012533694264,5.0,35.324417000083486,True,True
14.133999999999999,86.7571289250241,-111.72977744857356,-0.01501941304580969,4.881749830923041,86.580777,-111.736802,5.0,9427,0.972256600660066,0.010047189957097268,-0.010036619853064366,0.011794249531,5.0,34.31514099975175,True,True
14.183,87.08897834260846,-111.73401025469772,-0.011054830457801978,4.880960675718424,86.88446,-111.743609,5.0,9429,0.9724628712871287,0.01228145991653813,-0.008812525044199049,0.0088334105552,5.0,33.70122399974207,True,True
14.235,87.25509152219671,-111.73559662763091,-0.008054836791509055,4.885021114178648,87.036198,-111.746769,5.0,9430,0.9725660066006601,0.013704613628550598,-0.008336167136613337,0.008767285798,5.0,35.83387899925583,True,True
14.283999999999999,87.58736403106438,-111.73781510266275,-0.005220173942541568,4.94283646620087,87.491782,-111.75484499999999,5.0,9433,0.9728754125412541,0.0731471145103036,-0.008718245922198165,0.0067387175034,5.0,34.61151500050619,True,True
14.332999999999998,87.75397058773808,-111.73870682995613,-0.004314179146885503,4.861790370114484,87.644701,-111.756751,5.0,9434,0.9729785478547854,0.06038291326766515,-0.005616219486262786,0.007547734727,5.0,33.8322089992289,True,True
14.382,88.08486877734323,-111.74006799677933,-0.0038222549570718573,4.864389286977302,87.94810799999999,-111.759197,5.0,9436,0.9731848184818482,0.034829123368724235,-0.002024370605549386,0.0094291655258,5.0,32.86042200124939,True,True
14.434,88.2502180612288,-111.74068363206284,-0.003536384346624517,4.861492977561017,88.09967900000001,-111.760005,5.0,9437,0.9732879537953796,0.024835997917630682,-0.0010182210518676627,0.01076778351,5.0,34.81011599978956,True,True
14.484,88.58077369211561,-111.74167547952037,-0.0022026924098442245,4.858859542168988,88.402715,-111.76137299999999,5.0,9439,0.9734942244224423,0.02017105021772048,-0.0021497414280591265,0.012644748736,5.0,34.392726000078255,True,True
14.535,88.74601754205231,-111.7418853125591,-0.001736093345604897,4.889342043133768,88.55458399999999,-111.76218999999999,5.0,9440,0.9735973597359736,0.020652876797064755,-0.0031340800142207748,0.013166605454,5.0,35.14556200025254,True,True
14.584,89.07646579336327,-111.74219312378305,0.0005854909519629152,4.862218352998532,88.857823,-111.76353,5.0,9442,0.9738036303630363,0.021549067684123832,-0.002307267743228536,0.014402554919,5.0,34.138620998419356,True,True
14.633999999999999,89.24172208581281,-111.74196042834156,0.002580880301697839,4.863671220423368,89.009344,-111.76393600000002,5.0,9443,0.9739067656765676,0.02188987005302897,-0.0030205832127219168,0.013960238283,5.0,34.81299199847854,True,True
14.684,89.57031737983634,-111.74094043566292,0.00607254840874154,4.862162214395192,89.312173,-111.764384,5.0,9445,0.9741130363036303,0.07393340162424962,-0.004850421367967428,0.013777382608,5.0,35.00629300106084,True,True
14.735999999999999,89.73576161439057,-111.73982395786211,0.007709089876447744,4.869558068368781,89.613967,-111.764738,5.0,9447,0.974319306930693,0.049715323682031715,-0.003374251034085063,0.012466829612,5.0,36.17394499997317,True,True
14.785,89.90144965636632,-111.73850102840096,0.008762399009843021,4.875341521053612,89.76579699999999,-111.764133,5.0,9448,0.9744224422442245,0.0386400558794666,-0.0025354455042365664,0.011967212829,5.0,35.72744099983538,True,True
14.831999999999999,90.23309363109293,-111.73524214113601,0.011326715910122125,4.854558052368505,90.06995400000001,-111.761905,5.0,9450,0.9746287128712872,0.02509753372026372,-0.0014251303954031513,0.012241579722,5.0,32.95601100035128,True,True
14.885,90.39891034587694,-111.73295567106837,0.014139913615109162,4.881500061667847,90.221899,-111.760534,5.0,9451,0.9747318481848185,0.02516478227091369,-0.0012098713949688644,0.012370756643,5.0,35.526294999726815,True,True
14.934,90.73055902208213,-111.72787655288296,0.016074232611181436,4.906913387070776,90.525809,-111.756983,5.0,9453,0.9749381188118812,0.025997241689961884,-0.00391518503002386,0.0094516110585,5.0,34.250069000336225,True,True
14.984,90.89760486278581,-111.72517507460304,0.017020863502700836,4.884600478528934,90.677875,-111.75511399999999,5.0,9454,0.9750412541254125,0.026358341328628614,-0.0016147943581823476,0.011576380675,5.0,34.924409999803174,True,True
15.036999999999999,91.2286929989863,-111.71934157358267,0.018290489145183463,4.869124342435414,91.134842,-111.74663899999999,5.0,9457,0.9753506600660066,0.07569362116941161,0.0031720484893558165,0.014590784892,5.0,37.15510899928631,True,True
15.084999999999999,91.39417042614878,-111.71628478092774,0.018930771546698835,4.867216162015216,91.28666899999999,-111.743394,5.0,9458,0.9754537953795379,0.06276731561967401,0.0032532313095874343,0.015286683533,5.0,36.45954899911885,True,True
15.136,91.72520584357342,-111.70966880871053,0.021356270388834066,4.866597210104743,91.590404,-111.736911,5.0,9460,0.9756600660066007,0.03897653161471679,0.000982365909115046,0.016558367835,5.0,36.43473200099834,True,True
15.184999999999999,91.89056373175772,-111.70599974035981,0.022801283955423912,4.867606319342133,91.742713,-111.73369199999999,5.0,9461,0.9757632013201321,0.029725649629141596,0.0005815262977910685,0.01638018962,5.0,35.57609699964814,True,True
15.232999999999999,92.22154600954683,-111.69788938732268,0.026550952928475625,4.871328441307971,92.046663,-111.726448,5.0,9463,0.9759694719471947,0.024130444907796797,0.0010751816676850545,0.015987809219,5.0,33.9490169990313,True,True
15.283999999999999,92.38703462057154,-111.69329312387063,0.029064999896034966,4.873107370289327,92.198514,-111.722479,5.0,9464,0.9760726072607261,0.023965929258774013,-0.00013438875373372738,0.014945728413,5.0,35.0271019997308,True,True
15.331999999999999,92.71647775759162,-111.68331374863703,0.033135881443688696,4.873425122122521,92.502023,-111.71416599999999,5.0,9466,0.9762788778877888,0.024592790875491367,-0.004745336440163506,0.012482628967,5.0,32.79191399997217,True,True
15.385,92.88227361375243,-111.67770355743312,0.034930721317556666,4.88045474913624,92.65234699999999,-111.71041799999999,5.0,9467,0.9763820132013201,0.025176799241686962,-0.005723192372272479,0.012092871124,5.0,35.148618000675924,True,True
15.433,93.21439689547336,-111.66562335452407,0.038024998749060304,4.89065344878219,93.108538,-111.69559199999999,5.0,9470,0.9766914191419142,0.06481445919138691,-0.00036486026666349147,0.01381215716,5.0,34.008388000074774,True,True
15.485999999999999,93.38057300112747,-111.65925536699496,0.03940911973420403,4.8531454078743534,93.260888,-111.68991399999999,5.0,9471,0.9767945544554455,0.05245434450780354,-9.92351228004118e-05,0.012978371032,5.0,36.986682998758624,True,True
15.533,93.54638873581364,-111.65233363059161,0.04191304395831081,4.890735983171659,93.412987,-111.68404,5.0,9472,0.976897689768977,0.040803741937508506,0.00013470182140373765,0.012432187394,5.0,33.819274000052246,True,True
15.584,93.878571469848,-111.63808501130956,0.043523728506544575,4.895249370399059,93.71727299999999,-111.67160700000001,5.0,9474,0.9771039603960396,0.026925235258576773,-0.001886796175383676,0.010521946462,5.0,34.90754800077411,True,True
15.636,94.21189361541668,-111.62321777721998,0.045625255769483786,4.882932333937293,93.869578,-111.66516299999999,5.0,9475,0.977207095709571,0.026635001800258455,0.0006622173258734598,0.012836891876,5.0,36.46125200066308,True,True
15.686,94.37774712942263,-111.61556145662452,0.046592150218315274,4.883439131196335,94.175069,-111.650732,5.0,9477,0.9774133663366337,0.025648885186495343,0.003416675635480537,0.013966957625,5.0,36.72119799921347,True,True
15.736,94.54354007510588,-111.60778379557428,0.04755866712275928,4.8821318554224105,94.327062,-111.64316399999998,5.0,9478,0.977516501650165,0.024991186908072206,0.0037028127250184895,0.014550464159,5.0,36.2242890005291,True,True
15.785,94.87534925700433,-111.59156982914806,0.05077031733298103,4.8894053162901185,94.782916,-111.619964,5.0,9481,0.977825907590759,0.07635648210517751,0.0016465998095642753,0.01627944142,5.0,35.28782900139049,True,True
15.834,95.0410691428123,-111.58297257259112,0.05247132579927949,4.88422242059287,94.935262,-111.6122,5.0,9482,0.9779290429042904,0.06336513807011626,0.001273232270543101,0.015703981953,5.0,34.24105200065242,True,True
15.884999999999998,95.37272209747812,-111.56501084408673,0.055968693660678664,4.885765543630744,95.239369,-111.595854,5.0,9484,0.9781353135313532,0.039006886028966015,0.0009109736006434055,0.01495552671,5.0,35.48389600109658,True,True
15.934999999999999,95.53851062711644,-111.55555153455924,0.05836978119113699,4.887184608271385,95.391301,-111.587359,5.0,9485,0.9782384488448845,0.029062272651011533,0.0001607505891039196,0.014350631087,5.0,35.591866999311605,True,True
15.985,95.86842042548462,-111.5359199042684,0.06213447907094932,4.883819975360984,95.695115,-111.57003300000001,5.0,9487,0.9784447194719472,0.023957590230273464,-0.004002476972628344,0.011918446362,5.0,35.518488999514375,True,True
16.035,96.03433035616675,-111.52544676796677,0.06395497814502135,4.892911308592299,95.845647,-111.56165800000001,5.0,9488,0.9785478547854786,0.02432827962302371,-0.004376774090734781,0.012030430415,5.0,34.753961001115385,True,True
16.085,96.36674766066776,-111.50373085677431,0.06702959423790374,4.9032456028677744,96.149919,-111.54306399999999,5.0,9490,0.9787541254125413,0.025032589978918045,-0.002302101045547733,0.012277927474,5.0,35.927984999943874,True,True
16.137,96.53318758016185,-111.49244294943912,0.06844256102610352,4.906769638094385,96.302256,-111.533271,5.0,9491,0.9788572607260726,0.025202836315481723,-0.001782634452641485,0.011845732396,5.0,37.55543700026465,True,True
16.185,96.8654044125906,-111.46878596545463,0.07215487145234077,4.877830020785875,96.75924300000001,-111.502352,5.0,9494,0.9791666666666666,0.06378682519603314,-0.0012824941322806538,0.011169777102,5.0,35.11343299942382,True,True
16.236,97.03169125650746,-111.45701345870174,0.07213687747910767,4.906610425623923,96.911204,-111.491708,5.0,9495,0.979269801980198,0.05121544566407453,-0.0010820735735190823,0.011163116915,5.0,36.302876000263495,True,True
16.285,97.36547448026124,-111.43249148302442,0.07472603442089576,4.896693094273611,97.216756,-111.46918500000001,5.0,9497,0.9794760726072608,0.03033804791685625,0.0024873386263402075,0.013227140429,5.0,35.34968399981153,True,True
16.335,97.53151926251965,-111.41995673931883,0.07592914279176338,4.898056775655144,97.369251,-111.457402,5.0,9498,0.9795792079207921,0.025195157418201896,0.003029155515113846,0.013552223351,5.0,35.61468899897591,True,True
16.384,97.86354678414791,-111.39437050290341,0.07825317947161638,4.898355703900507,97.52127800000001,-111.44545900000001,5.0,9499,0.9796823432343235,0.024610182799742916,0.0029461838425399733,0.013796379391,5.0,34.66674800074543,True,True
16.435,98.02983425812816,-111.38127995303162,0.07971083488123822,4.908835761108217,97.82520600000001,-111.421264,5.0,9501,0.9798886138613861,0.02380048291094876,0.000803855417233823,0.014513907938,5.0,35.22979100125667,True,True
16.485,98.19575015484341,-111.36784047332524,0.08112589838073199,4.899022270508749,97.977308,-111.40928600000001,5.0,9502,0.9799917491749175,0.023714307395793468,-0.00037512240335146885,0.014370322937,5.0,35.17980700053158,True,True
16.534,98.527764928651,-111.34036319614296,0.08409816500786688,4.899825054887486,98.433592,-111.371991,5.0,9505,0.9803011551155115,0.07389645592545815,0.0010794833430840534,0.015372368119,5.0,34.62049100016884,True,True
16.584,98.69370009585103,-111.32622634551969,0.08629456090248666,4.900921887893187,98.58551,-111.35916200000001,5.0,9506,0.9804042904290429,0.06072798606538389,0.0004108684540398144,0.014886859497,5.0,34.49024800102052,True,True
16.634,99.0240261558023,-111.29717460124164,0.08970977470856001,4.877163823443414,98.889263,-111.33312600000001,5.0,9508,0.9806105610561056,0.036545936227240595,-0.0034433578371766416,0.012728552053,5.0,34.70629200091935,True,True
16.684,99.1899486303078,-111.28214755368761,0.09163598153887156,4.905881573824675,99.039745,-111.320527,5.0,9509,0.980713696369637,0.028149895038541508,-0.0037868201972539595,0.012812081499,5.0,34.17490900028497,True,True
16.733999999999998,99.5225163123145,-111.2511610648456,0.09471017457110911,4.915862451958475,99.343938,-111.293228,5.0,9511,0.9809199669966997,0.02518405732789272,-0.0013543605977530682,0.013462053811,5.0,34.12343300078646,True,True
16.785999999999998,99.68900502660942,-111.23522504147067,0.09617369919406071,4.919310732129975,99.496222,-111.279058,5.0,9512,0.981023102310231,0.025283044949772595,-0.0009243082919558887,0.012975120572,5.0,36.512798000330804,True,True
16.834,100.02126176214387,-111.20233624630033,0.09974549661211053,4.8907349745839515,99.80069300000001,-111.24993500000001,5.0,9514,0.9812293729372937,0.02556570889645967,-0.0019324375804212757,0.01008627368,5.0,34.92576200005715,True,True
16.884999999999998,100.18757915516804,-111.18589903632467,0.10017883057699983,4.918779926799103,99.95305,-111.23516699999999,5.0,9515,0.9813325082508251,0.02600128292777327,-0.0024470431365903877,0.01007341505,5.0,35.223018001488526,True,True
16.935,100.52143733612495,-111.15181150196928,0.10351941859028357,4.908699173517813,100.410331,-111.188879,5.0,9518,0.9816419141914191,0.05938998680076932,0.0031182710111195,0.012344445007,5.0,35.50525500031654,True,True
16.983,100.68744604071529,-111.13444096858065,0.10498133643770878,4.9098532734308336,100.562647,-111.17268700000001,5.0,9519,0.9817450495049505,0.04619548478721541,0.0030454923437019943,0.011896347198,5.0,33.91439199913293,True,True
17.034,101.01935872101332,-111.09906395809807,0.1077862554925009,4.909880465249313,100.86624499999999,-111.139867,5.0,9521,0.9819513201320133,0.026341791576826916,0.0018974902315904707,0.01173749436,5.0,34.719606999715324,True,True
17.083,101.18557543563523,-111.08101960545157,0.10947119368264178,4.920377713392122,101.017995,-111.12337600000001,5.0,9522,0.9820544554455446,0.024025174793211774,0.00011319052229641358,0.011597366904,5.0,33.341381000354886,True,True
17.133,101.51743541735692,-111.04397353591452,0.11261114348082063,4.908528465598722,101.321747,-111.090499,5.0,9524,0.9822607260726073,0.024457150987686537,-0.002251086359368326,0.010771524139,5.0,33.55470899987267,True,True
17.182,101.68321406335602,-111.02513678661806,0.11415732956154707,4.910811968994431,101.473674,-111.073803,5.0,9525,0.9823638613861386,0.024814006617550826,-0.0025511992025091246,0.010474480229,5.0,32.400853000581264,True,True
17.233999999999998,102.01482297549273,-110.98645033218428,0.11795163157732498,4.914876622214691,101.62534000000001,-111.05695,5.0,9526,0.98246699669967,0.025177688565716595,-0.0030879959965739445,0.010231205471,5.0,34.39108299971849,True,True
17.285,102.17916577713176,-110.96697698411045,0.11892981468919558,4.864800071662176,102.08020400000001,-111.005673,5.0,9529,0.982776402640264,0.06814828921971992,-0.006095052622490993,0.0095232674279,5.0,35.55176199915877,True,True
17.334,102.3446513758196,-110.94714947340796,0.12046864402313813,4.914170063309423,102.230755,-110.988998,5.0,9530,0.9828795379537953,0.05609254011860416,-0.005838499895237437,0.0099687007094,5.0,34.541723998700036,True,True
17.386,102.67680796002621,-110.90664006402552,0.12282715381884089,4.924891997953423,102.53446,-110.953333,5.0,9532,0.983085808580858,0.03548674253782647,-0.0026708025143884484,0.010572416841,5.0,36.49801999927149,True,True
17.433,102.84309044515354,-110.88601742901274,0.12398326624426494,4.928361975554333,102.686501,-110.935027,5.0,9533,0.9831889438943895,0.029996219060957133,-0.002305208525101854,0.010202260916,5.0,34.23648399984813,True,True
17.485,103.17507232958978,-110.84406177746072,0.12636932150046398,4.909129801396234,102.99027199999999,-110.897916,5.0,9535,0.9833952145214522,0.030171025726814387,-0.0026751030280207644,0.0092526830468,5.0,35.46039200045925,True,True
17.535999999999998,103.34130436030284,-110.82307435153,0.12700449755444235,4.9292276668668995,103.142105,-110.87908,5.0,9536,0.9834983498349835,0.030677169187607982,-0.0027276083453728894,0.0096283820496,5.0,36.55737100052647,True,True
17.583,103.67498651965047,-110.77998419964216,0.12998421643383853,4.928507014268181,103.445782,-110.840781,5.0,9538,0.9837046204620462,0.030849369769510686,4.005610812951588e-05,0.010474143458,5.0,33.705101001032745,True,True
17.634,103.84087077860559,-110.75819802608169,0.13125686929897779,4.921385280039305,103.750442,-110.80075900000001,5.0,9540,0.9839108910891089,0.07826315764577507,0.00214509844328159,0.011546677744,5.0,34.5294719991216,True,True
17.684,104.17259049616771,-110.7140501571294,0.1337123268095988,4.922909205256304,104.053342,-110.760225,5.0,9542,0.9841171617161716,0.05240350937494422,0.0010280872046739553,0.011644913809,5.0,34.48600100091426,True,True
17.733,104.33872602463894,-110.69163241028103,0.13518931063679032,4.930729101568127,104.204662,-110.739893,5.0,9543,0.9842202970297029,0.04118778806513115,-0.0002977091129463538,0.011559269865,5.0,34.276139000212424,True,True
17.785,104.67038088801327,-110.64606664716935,0.13751979457842667,4.923965747798368,104.507587,-110.699198,5.0,9545,0.9844265676567657,0.03040277868997624,-0.00180163311664705,0.011202545744,5.0,35.329947000718676,True,True
17.833,104.83614550313254,-110.62304401029733,0.13889249380342036,4.924873344355664,104.65894300000001,-110.67856699999999,5.0,9546,0.9845297029702971,0.0306407662793023,-0.0015067308192446838,0.011361241326,5.0,33.74227099993732,True,True
17.886,105.16776920745804,-110.57618085735841,0.14168600899264794,4.930852034575348,104.96116799999999,-110.63693899999998,5.0,9548,0.9847359735973598,0.03125767326189991,-0.0029820846515757893,0.010660932062,5.0,36.35035400111519,True,True
17.935,105.3325543510325,-110.55268570266226,0.14264874610797296,4.873454831934858,105.112303,-110.615999,5.0,9549,0.9848391089108911,0.03171432649665841,-0.0030618361396550497,0.010518944197,5.0,35.580235000452376,True,True
17.983,105.66403605994516,-110.50478752197982,0.14513988488955365,4.9347514743372685,105.56430300000001,-110.55259,5.0,9552,0.9851485148514851,0.07038951508485101,-0.0005730465315734179,0.014289849368,5.0,33.14684799988754,True,True
18.035,105.83017312784435,-110.48043774473383,0.14632717031096096,4.939638727888376,105.71556100000001,-110.53058300000001,5.0,9553,0.9852516501650165,0.05762140343609705,0.00043954715813887546,0.014571318577,5.0,35.720486999707646,True,True
18.085,106.16224529304397,-110.43122213518338,0.14762538984793006,4.93889356120748,105.86696299999998,-110.50821499999999,5.0,9554,0.9853547854785478,0.04609848808094989,0.0006735928692371829,0.014158928935,5.0,35.70830399985425,True,True
18.133,106.32801198209235,-110.40630962104808,0.14964560635428154,4.9303445840313875,106.169501,-110.46298600000001,5.0,9556,0.9855610561056105,0.03258202558960278,0.0023486837334711907,0.012386765711,5.0,33.578022999790846,True,True
18.185,106.49408389051642,-110.38118927655046,0.15165788998307542,4.939854118804653,106.320477,-110.440095,5.0,9557,0.985664191419142,0.032260919684322285,0.001353500670697727,0.01069222886,5.0,35.45672400105104,True,True
18.233999999999998,106.82728718818618,-110.3296823732681,0.1547571385065182,4.952443915289353,106.623143,-110.39339,5.0,9559,0.9858704620462047,0.031446446696395194,0.002654914449795154,0.0092784680869,5.0,34.31169400028011,True,True
18.282,106.9929492864668,-110.303770120729,0.15563728280892405,4.929219536206526,106.77521999999999,-110.369251,5.0,9560,0.985973597359736,0.030813834908738093,0.0035509667420754454,0.0094604747469,5.0,32.899104999160045,True,True
18.333,107.3238855623644,-110.25172701972367,0.15610321711945044,4.926658278029847,107.227985,-110.29615700000001,5.0,9563,0.98628300330033,0.0719010128963822,0.004201040361288655,0.01216770389,5.0,33.85487100058526,True,True
18.386,107.48948827292043,-110.22575663828184,0.15477375936913684,4.925781405433303,107.378629,-110.27178899999998,5.0,9564,0.9863861386138614,0.05830374787928088,0.003908938439768139,0.013982352437,5.0,36.285793999923044,True,True
18.434,107.82036248644455,-110.17413073514223,0.15475014531210785,4.923393641112807,107.680272,-110.22306599999999,5.0,9566,0.9865924092409241,0.03436542159365161,0.005889590076566975,0.018828850247,5.0,34.470732000045246,True,True
18.483999999999998,107.98567024784208,-110.1484009853904,0.15412266060588617,4.922897718371805,107.830822,-110.19866100000002,5.0,9567,0.9866955445544554,0.026667120538404095,0.006490004470375954,0.019824983577,5.0,35.039574999245815,True,True
18.535,108.3163985800082,-110.0970425306197,0.15458309691236036,4.926331287332929,108.13172,-110.149524,5.0,9569,0.9869018151815182,0.023302602724555956,0.008217842660730668,0.023970208876,5.0,35.1053079994017,True,True
18.586,108.48110656765299,-110.07122798083326,0.1561833158948954,4.870360187010779,108.282211,-110.124882,5.0,9570,0.9870049504950495,0.021871957610396616,0.008728501698453517,0.02381000089,5.0,36.400368000613526,True,True
18.634999999999998,108.81119302713122,-110.01907481775821,0.15952017486488845,4.9289441932017075,108.581833,-110.07559199999999,5.0,9572,0.9872112211221122,0.019075168692265165,0.0063968584724358735,0.022846262132,5.0,35.573692999605555,True,True
18.684,108.97673648000483,-109.99232777079615,0.1614301026163039,4.932389837070999,108.88304099999999,-110.024615,5.0,9574,0.9874174917491749,0.07206125744547677,0.010080942492860956,0.02330142989,5.0,34.49758200076758,True,True
18.735,109.30748137822205,-109.93781147797203,0.16534612600902665,4.9337006713103095,109.184348,-109.97262099999999,5.0,9576,0.9876237623762376,0.04272630561757343,0.008506553791000293,0.020593034783,5.0,35.50551499938592,True,True
18.784,109.47264724852542,-109.91006129188658,0.16778207308956009,4.933210386414258,109.335094,-109.94633,5.0,9577,0.987726897689769,0.028896748934663936,0.007669468385504086,0.019714237793,5.0,34.77078299874847,True,True
18.833,109.80366077762298,-109.85328114321545,0.17208987363071765,4.94125027592152,109.636179,-109.893149,5.0,9579,0.9879331683168316,0.010754843898578767,0.007414165472520384,0.017812397496,5.0,33.816539000326884,True,True
18.884999999999998,109.96991662640336,-109.82423586228491,0.17403710117013146,4.969720775773447,109.786955,-109.865953,5.0,9580,0.988036303630363,0.009453147937592856,0.007758965295157516,0.017297797729,5.0,35.94349400009378,True,True
18.936,110.30025832865667,-109.76565830980917,0.1767530799344083,4.931081289182608,109.93826899999999,-109.838225,5.0,9581,0.9881394389438944,0.008020169306625196,0.007726109977757467,0.017129233337,5.0,36.774546999367885,True,True
18.983999999999998,110.46521560214028,-109.73617887273055,0.17732224250191198,4.9313905781951055,110.239157,-109.782595,5.0,9583,0.9883457095709571,0.005498877200590911,0.006707059939203397,0.018409332869,5.0,34.07461099959619,True,True
19.032999999999998,110.63040082267975,-109.70657637831644,0.17724125912438574,4.929842816932171,110.539372,-109.727023,5.0,9585,0.9885519801980198,0.074719484399905,0.005485396597066483,0.020945725913,5.0,33.31481100030942,True,True
19.086,110.96033662779567,-109.64691515970007,0.18032127340965612,4.92972247430531,110.839776,-109.671297,5.0,9587,0.9887582508250825,0.04465706975679239,0.005091225324812321,0.023630184592,5.0,36.45028100072523,True,True
19.134,111.12513510934176,-109.61685057445413,0.18061314177037566,4.929515120608722,110.989625,-109.643348,5.0,9588,0.9888613861386139,0.029504802570181878,0.004118414733948583,0.02394418682,5.0,34.58170900012192,True,True
19.186999999999998,111.45478793619729,-109.55647967777071,0.1820812524399728,4.93267533132066,111.28926200000001,-109.58747,5.0,9590,0.9890676567656765,0.0006010306234540532,0.003325100116177815,0.028048864278,5.0,37.604939001539606,True,True
19.236,111.619096811163,-109.52592434387574,0.1839624193337765,4.9028721991756825,111.43912399999999,-109.55951,5.0,9591,0.9891707920792079,7.932445602406506e-05,0.0032064003814742392,0.028554895049,5.0,36.645135000071605,True,True
19.285999999999998,111.94766656797746,-109.46462084875981,0.18816857683022348,4.933724523547269,111.737727,-109.50381499999999,5.0,9593,0.9893770627062707,-0.0005739082948679954,-0.0005719133580477376,0.02865115698,5.0,36.89801800101122,True,True
19.336,112.11252873566156,-109.43307794469877,0.19048924278326432,4.9375514511611005,111.887612,-109.47521100000002,5.0,9594,0.989480198019802,-0.0009597808675412153,0.0012615702997478273,0.028406157558,5.0,36.351456999909715,True,True
19.383,112.44205511663607,-109.36875914637173,0.1952274107269652,4.939831613875037,112.33745900000001,-109.387653,5.0,9597,0.9897896039603961,-0.061657750812895575,0.00186948771994766,0.028899282856,5.0,33.676798000669805,True,True
19.436,112.6065905902988,-109.33603845564305,0.19839777513241308,4.939577313216672,112.48738999999999,-109.357964,5.0,9598,0.9898927392739274,-0.04660243378631095,0.0011644460963502468,0.028433173052,5.0,36.79268100131594,True,True
19.486,112.93603395756101,-109.26889938117358,0.20402778068932942,4.946414761617863,112.786837,-109.297354,5.0,9600,0.9900990099009901,-0.016445232151295144,0.0029948451801793396,0.02734013678,5.0,36.696340999696986,True,True
19.537,113.1012260577043,-109.23438685704065,0.20686304512603065,4.961819062805661,112.936663,-109.266028,5.0,9601,0.9902021452145214,-0.002939476864004824,0.004612038180618505,0.026814365051,5.0,37.60577100001683,True,True
19.586,113.42996872456004,-109.16480564728711,0.21066386241100651,4.933013922023885,113.236749,-109.20133899999999,5.0,9603,0.9904084158415841,-0.004669322357746298,0.005903929991057488,0.027637876779,5.0,36.44596300000558,True,True
19.639,113.59391698676602,-109.12972760345238,0.21119549227493284,4.933481559555335,113.385847,-109.16860700000001,5.0,9604,0.9905115511551155,-0.005806670261857025,0.006109935773634945,0.028753023017,5.0,39.66631200091797,True,True
19.688,113.92199415742361,-109.0591803724724,0.21310663546839523,4.935861857922039,113.684137,-109.10268,5.0,9606,0.9907178217821783,-0.008130368375711046,0.007149476113919029,0.03542026658,5.0,38.415524000811274,True,True
19.735,114.08559152785024,-109.02366455366972,0.21469241704884026,4.925207219800378,113.981955,-109.036009,5.0,9608,0.990924092409241,-0.06428230817825835,0.008999716519085155,0.036361991042,5.0,35.17718199873343,True,True
19.787,114.41253912785282,-108.9519925314676,0.21726111951153182,4.924549261812529,114.13053300000001,-109.002326,5.0,9609,0.9910272277227723,-0.04975007328340765,0.008787821557561859,0.037189639257,5.0,37.256327999784844,True,True
19.842,114.57592150191957,-108.91572506065103,0.21972316036211947,4.925360817596266,114.427442,-108.93450700000001,5.0,9611,0.991233498349835,-0.02297475590597127,0.00871251687068808,0.041146067763,5.0,42.97739899993758,True,True
19.89,114.90114295287087,-108.84256570106382,0.2268837638972494,4.9154906279067525,114.575823,-108.90025800000001,5.0,9612,0.9913366336633663,-0.01546737430239768,0.008306474929575813,0.040718134761,5.0,40.55562400026247,True,True
19.938,115.06427014825762,-108.80467860997179,0.23041752527689566,4.926339017171138,114.87126799999999,-108.8314,5.0,9614,0.991542904290429,-0.017814730160943665,0.004994793175193468,0.039162144757,5.0,38.14080000120157,True,True
19.988,115.39025691094542,-108.72710414150208,0.2377390324394229,4.92215439357993,115.01948,-108.79591599999999,5.0,9615,0.9916460396039604,-0.019110630172122212,0.006505196842304883,0.037946949815,5.0,38.95745599947986,True,True
20.038,115.55316416217664,-108.68728143310798,0.24118011464097983,4.931835901374095,115.31608200000001,-108.72314899999999,5.0,9617,0.991852310231023,-0.021785434885073535,0.0056125281301806496,0.036401485939,5.0,38.31500600063009,True,True
20.087,115.71571991614492,-108.64700740329187,0.24586070520008793,4.931700708958638,115.611972,-108.64873,5.0,9619,0.9920585808580858,-0.07031767049708744,0.00786998793289806,0.035706480041,5.0,37.06756500105257,True,True
20.136,116.04100587309587,-108.56409742320338,0.25364830721528425,4.938247856290848,115.907793,-108.57243000000001,5.0,9621,0.9922648514851485,-0.04454571963000763,0.007681568117940962,0.033097811973,5.0,36.07034100059536,True,True
20.185,116.20381460204767,-108.52138188969789,0.2577504601733672,4.967878467690671,116.055704,-108.533173,5.0,9622,0.9923679867986799,-0.03423966829499713,0.008287701198741892,0.032238515511,5.0,35.620500000732136,True,True
20.237,116.52850462342687,-108.4348731301408,0.263533134118398,4.925795957025412,116.35203999999999,-108.452598,5.0,9624,0.9925742574257426,-0.028666599156220624,0.007036102825839663,0.031445447056,5.0,37.53631099971244,True,True
20.285999999999998,116.69011793820638,-108.39119672182852,0.2646509526882298,4.92613024231762,116.49912900000001,-108.411974,5.0,9625,0.9926773927392739,-0.02992453455782939,0.00664329034719735,0.032608173712,5.0,36.537103000227944,True,True
20.337,117.01331463460103,-108.30317912174769,0.26723888977611965,4.944010620233613,116.793299,-108.330152,5.0,9627,0.9928836633663366,-0.03229135254657364,0.007055664403706974,0.039047233011,5.0,37.34656699998595,True,True
20.387,117.17464849314578,-108.25895132226589,0.2687839775948351,4.920497308856605,116.940096,-108.28906,5.0,9628,0.9929867986798679,-0.03348515968936429,0.00683804343043537,0.040172523839,5.0,37.58770700005698,True,True
20.438,117.49688843155407,-108.16984836296992,0.27121267648246,4.919159878926145,117.38006899999999,-108.16401599999999,5.0,9631,0.9932962046204621,-0.06713612700861298,0.009505426142980333,0.045188218643,5.0,38.48718799963535,True,True
20.489,117.65790987234533,-108.12487318264863,0.27360168226603304,4.9204270142125885,117.526519,-108.121926,5.0,9632,0.9933993399339934,-0.05634290957209018,0.009658874621323754,0.046424212412,5.0,39.38427499997488,True,True
20.538,117.97810107713075,-108.0342216796518,0.2808791224256235,4.87310853695851,117.819313,-108.03676000000002,5.0,9634,0.9936056105610561,-0.04270375871612604,0.007860062404243084,0.047714170264,5.0,38.367043000107515,True,True
20.587,118.13870448710439,-107.98828851636179,0.28490268640873223,4.919974894384567,117.96427299999999,-107.99436100000001,5.0,9635,0.9937087458745875,-0.04214818066097222,0.005809227887074275,0.045677680237,5.0,37.37559100045473,True,True
20.637,118.45965383723242,-107.89294882397124,0.29313946655702594,4.923441834736883,118.110399,-107.95094499999999,5.0,9636,0.9938118811881188,-0.04394695418633727,0.0066058783783753405,0.044466817032,5.0,37.54451600070752,True,True
20.686,118.62001295867628,-107.84413637793003,0.2975519586223079,4.930896170310657,118.402918,-107.861818,5.0,9638,0.9940181518151815,-0.04649220910027702,0.005345522121549706,0.042430317053,5.0,36.27398199932941,True,True
20.737,118.94009903392758,-107.74469580631987,0.3059105338607966,4.933955644900805,118.54898100000001,-107.81668799999998,5.0,9639,0.9941212871287128,-0.047394558882936776,0.0037989179756712232,0.040909848025,5.0,37.571577000562684,True,True
20.787,119.10005445372413,-107.69379196555347,0.310320884680475,4.937066589722921,118.986519,-107.678028,5.0,9642,0.994430693069307,-0.08123675060998194,0.007572896356168091,0.038346221505,5.0,37.99966699989454,True,True
20.837,119.25988999277897,-107.64218327389757,0.3142548783243473,4.939860205271479,119.13216100000001,-107.630473,5.0,9643,0.9945338283828383,-0.07099381460752748,0.008281734939911356,0.037352828307,5.0,38.02330100006657,True,True
20.887,119.57965597472155,-107.53684130361658,0.3218229987936713,4.926282946717548,119.42393899999999,-107.532794,5.0,9645,0.994740099009901,-0.05681426826640987,0.007612580616286557,0.035936745465,5.0,37.9207089990814,True,True
20.938,119.73841310581572,-107.48365290238644,0.3251603571106439,4.923980830288231,119.568591,-107.483608,5.0,9646,0.9948432343234324,-0.0543711162247333,0.0069543841585844035,0.036563689027,5.0,38.40103699985775,True,True
20.986,120.05525472990054,-107.37568995540035,0.3320094391499208,4.921981832628905,119.857564,-107.38451,5.0,9648,0.995049504950495,-0.055799161172302665,0.0030950507088243207,0.037141439263,5.0,36.802249000174925,True,True
21.038999999999998,120.2134122999036,-107.32085674999209,0.3358353476295273,4.922003636807465,120.001713,-107.334768,5.0,9649,0.9951526402640264,-0.056222525156562474,0.001260946559920928,0.037344427532,5.0,39.56402100084233,True,True
21.09,120.52884619786872,-107.2093048597798,0.344284428459843,4.924224861959439,120.289826,-107.23443700000001,5.0,9651,0.9953589108910891,-0.05621089204518788,-0.0032473065588449757,0.036251591945,5.0,40.13940600088972,True,True
21.137999999999998,120.68630098696859,-107.15248715778378,0.3482628387575923,4.927406746318423,120.577405,-107.13328600000001,5.0,9653,0.9955651815181518,-0.09020434749303893,-0.004321293736273546,0.035251077409,5.0,39.08731900082785,True,True
21.186,120.99968438559043,-107.03731154260598,0.35623958266698885,4.85441303073873,120.86478500000001,-107.03088799999999,5.0,9655,0.9957714521452146,-0.06752260775772895,-0.007543554115407414,0.033989219351,5.0,36.735293999299756,True,True
21.237,121.15591576543775,-106.97895546726988,0.36007910347527555,4.9315439875208655,121.00724,-106.97953999999999,5.0,9656,0.9958745874587459,-0.058263525847496715,-0.008800945086120393,0.033856753001,5.0,37.67894800148497,True,True
21.284,121.46949105192799,-106.85966300930505,0.36739756988026784,4.927092119891791,121.29428700000001,-106.874498,5.0,9658,0.9960808580858086,-0.04868117122662626,-0.009728359589693092,0.032888299956,5.0,34.80950499942992,True,True
21.338,121.62608237493926,-106.79917461578704,0.3691999771839166,4.93730442819128,121.43780100000001,-106.82122199999999,5.0,9659,0.9961839933993399,-0.047122525742123465,-0.010223355838324899,0.033044708276,5.0,38.592204999076785,True,True
21.389,121.9385578141616,-106.67699857891398,0.37785428439116575,4.932614777109089,121.724373,-106.71321699999999,5.0,9661,0.9963902640264026,-0.0442196669668925,-0.008258921116865992,0.036060737958,5.0,39.23866200057091,True,True
21.438,122.0943873951142,-106.61472179745692,0.38279107372066756,4.935860537838245,121.867269,-106.65855400000001,5.0,9662,0.996493399339934,-0.04297660609887205,-0.010161943039883603,0.032736009078,5.0,38.06550999979663,True,True
21.488,122.40637778768988,-106.48758318938076,0.39206599463324904,4.971541200908357,122.01018799999999,-106.603118,5.0,9663,0.9965965346534653,-0.041547252847337804,-0.010889039814356849,0.03094438219,5.0,38.29670199957036,True,True
21.534,122.56118203965126,-106.4231651334213,0.3960152907707202,4.921726328008715,122.43924299999999,-106.43262299999999,5.0,9666,0.9969059405940595,-0.06403705643577295,-0.007640713198494353,0.027503614259,5.0,34.37306900013937,True,True
21.584,122.71538772131736,-106.35842827475427,0.39854975180109065,4.9159794216974735,122.580828,-106.37501200000001,5.0,9667,0.9970090759075908,-0.05200661512070605,-0.007832697861326565,0.027198641927,5.0,34.69235600095999,True,True
21.634999999999998,123.02258262899694,-106.22763731224015,0.406891745511452,4.906052610397146,122.86341399999999,-106.258338,5.0,9669,0.9972153465346535,-0.035441699697419976,-0.007158183503013671,0.027116977041,5.0,35.773356999925454,True,True
21.684,123.17558383785395,-106.16123937100696,0.4112222341898252,4.9300039721028,123.004251,-106.199293,5.0,9670,0.9973184818481848,-0.0332497174210729,-0.008039110024115281,0.025382597166,5.0,34.335178999754135,True,True
21.735,123.48087262344535,-106.02715320476567,0.41632655862865914,4.9037015127522885,123.285472,-106.079645,5.0,9672,0.9975247524752475,-0.03052560474798632,-0.008915769968845133,0.023110114021,5.0,35.52613399915572,True,True
21.787,123.63322626012645,-105.9596103740534,0.4182160359087234,4.904698780646018,123.42574599999999,-106.019205,5.0,9673,0.9976278877887789,-0.029227420765629192,-0.00828990158778975,0.024546428891,5.0,37.772292000227026,True,True
21.836,123.93745437307969,-105.82400218752723,0.42150731525221985,4.864157871323407,123.706047,-105.897227,5.0,9675,0.9978341584158416,-0.027020238794218457,-0.006764619001834227,0.026905227162,5.0,36.1364649997995,True,True
21.884999999999998,124.08828975564654,-105.75597148497681,0.42320874454011703,4.904355271184239,123.98494099999999,-105.773909,5.0,9677,0.9980404290429042,-0.06902396086074565,-0.002002191400868547,0.02879117148,5.0,35.72594700017362,True,True
21.936999999999998,124.39249070807976,-105.61804314850076,0.427591630400367,4.915417845430285,124.264133,-105.648432,5.0,9679,0.998246699669967,-0.0454537696378486,-0.00022709131598430687,0.031077709838,5.0,37.62278199974389,True,True
21.987,124.5442159466472,-105.54860663533337,0.4306922251064362,4.915300982064129,124.403828,-105.584919,5.0,9680,0.9983498349834984,-0.03501061841763505,0.0010405876881605103,0.032337615073,5.0,37.25348300031328,True,True
22.067,124.99912158863192,-105.3378549410712,0.43653259875933637,4.918261979966749,124.682195,-105.45644399999999,5.0,9682,0.9985561056105611,-0.025918689130835306,0.0022340123140853763,-0.19092275581,5.0,67.15112700112513,True,True
22.105,125.15064886064306,-105.26696043816057,0.4387242663730199,4.91984022808778,124.95990400000001,-105.326355,5.0,9684,0.9987623762376238,-0.02717460103673362,0.004056407550098395,-0.19183553222,5.0,37.882417998844176,True,True
22.166999999999998,125.45438475506296,-105.12387048837923,0.44152564782521403,4.903603426264228,125.09869499999999,-105.26065,5.0,9685,0.9988655115511551,-0.028047996041886514,0.004717085623649364,0.22689697295,5.0,61.828781001167954,True,True
22.22,125.60530952143256,-105.05252169024155,0.44161881788634877,4.910513440133335,125.376718,-105.127799,5.0,9687,0.9990717821782178,-0.03018612698081928,0.006453023586858286,-0.18882147469,5.0,52.394880000065314,True,True
