t,x,y,yaw,speed_measured,x_ref,y_ref,speed_ref,path_index,progress,cte,heading_error,steering_cmd,speed_cmd,compute_time_ms,did_compute,controller_success
0.030000000000000027,33.73,-92.524,-0.7207000000000001,8.333385048486222e-18,32.934173,-93.47543,5.0,9047,0.9330651815181518,1.2400180596847552,0.04777350821222104,-0.14347886806,5.0,30.992854000942316,True,True
0.08000000000000002,33.729889929420104,-92.52390970978004,-0.7206866418813396,-0.0031304765753697754,32.934173,-93.47543,5.0,9047,0.9330651815181518,1.2400180596847552,0.04777350821222104,-0.14347886806,5.0,30.96078299859073,True,True
0.129,33.72975608927173,-92.52378799585763,-0.7206962566867922,-0.010178659774485479,32.934173,-93.47543,5.0,9047,0.9330651815181518,1.2400320611066458,0.04776976489901319,-0.14348261137,5.0,30.098187999101356,True,True
0.178,33.728990107321614,-92.52302760613199,-0.7206969428283899,-0.0177878888618603,32.934173,-93.47543,5.0,9047,0.9330651815181518,1.2400775274431588,0.04775445278420953,-0.14349792349,5.0,28.24567800053046,True,True
0.22999999999999998,33.728499878354064,-92.5225824172339,-0.7207071246594128,-0.018452360101692704,32.934173,-93.47543,5.0,9047,0.9330651815181518,1.2401931349716122,0.0477806328716337,-0.1434717434,5.0,30.768993998208316,True,True
0.28200000000000003,33.727202843721,-92.52146531912145,-0.7206989334479493,-0.02702011946254731,32.934173,-93.47543,5.0,9047,0.9330651815181518,1.24022433196979,0.04775764166474161,-0.14349473461,5.0,32.09043899914832,True,True
0.32899999999999996,33.72638776819195,-92.52076299576592,-0.7206906404939605,-0.03142101885934306,32.934173,-93.47543,5.0,9047,0.9330651815181518,1.2402595554078384,0.04777244166017036,-0.14347993461,5.0,30.02476999972714,True,True
0.381,33.72444149530345,-92.51906993281226,-0.7206914698295516,-0.03963005234119192,32.934173,-93.47543,5.0,9047,0.9330651815181518,1.2403504337572173,0.047768895287306545,-0.14348348098,5.0,31.566707999445498,True,True
0.43000000000000005,33.72331638260652,-92.51808204745991,-0.7206963788613603,-0.044094503060478435,32.934173,-93.47543,5.0,9047,0.9330651815181518,1.2404143562600518,0.04776497804177282,-0.14348739823,5.0,30.474382001557387,True,True
0.481,33.720716073469454,-92.51579884669587,-0.7206943581834492,-0.053454324476674614,32.934173,-93.47543,5.0,9047,0.9330651815181518,1.2405665685584355,0.04776641387944913,-0.14348596239,5.0,31.344391998572974,True,True
0.53,33.719232958265835,-92.51449675279707,-0.720692864275467,-0.05837746708918254,32.934173,-93.47543,5.0,9047,0.9330651815181518,1.2406540281633367,0.04776786639567021,-0.14348450988,5.0,30.259109000326134,True,True
0.581,33.71587320731524,-92.51155349792866,-0.7206946138665519,-0.06977883789214426,32.934173,-93.47543,5.0,9047,0.9330651815181518,1.2408527507252851,0.047766481346692924,-0.14348589492,5.0,31.19990099730785,True,True
0.63,33.713987007336016,-92.50991858496576,-0.7206950979672478,-0.07414166877522406,32.934173,-93.47543,5.0,9047,0.9330651815181518,1.2409601884522319,0.0477681220787729,-0.14348425419,5.0,30.306698001368204,True,True
0.679,33.70997748467975,-92.50644905145431,-0.7206961780227032,-0.07743346797735362,32.934173,-93.47543,5.0,9047,0.9330651815181518,1.2411691987293485,0.0477772315109517,-0.14347514476,5.0,29.454101000737865,True,True
0.731,33.709134958727304,-92.50572494392665,-0.720725217996929,0.01981402828428382,32.934173,-93.47543,5.0,9047,0.9330651815181518,1.241282944037423,0.04776968623492417,-0.14348269004,5.0,31.49947199926828,True,True
0.78,33.715095740060015,-92.51089713969787,-0.7208484667326158,0.21362974020973796,32.934173,-93.47543,5.0,9047,0.9330651815181518,1.2412168774591945,0.04780940226122654,-0.14344297401,5.0,30.885813001077622,True,True
0.8300000000000001,33.7216829460126,-92.51660894730337,-0.7210822982370612,0.3032860682864872,32.934173,-93.47543,5.0,9047,0.9330651815181518,1.2409896332399606,0.047921974944836965,-0.14333040133,5.0,31.02022399980342,True,True
0.879,33.74161545629459,-92.5340264985655,-0.722367360050101,0.48960698019837073,32.934173,-93.47543,5.0,9047,0.9330651815181518,1.2401021019838316,0.048618931330835835,-0.14263344494,5.0,29.939269999886164,True,True
0.9299999999999999,33.75531621884333,-92.54612611250552,-0.7234315025551478,0.5894088971311084,32.934173,-93.47543,5.0,9047,0.9330651815181518,1.239405676399326,0.04944086826232219,-0.14181150801,5.0,30.45142900009523,True,True
0.9790000000000001,33.77155290994193,-92.56061125405837,-0.7248622488107944,0.6898323341937105,33.052184000000004,-93.569346,5.0,9048,0.9331683168316832,1.2389662692183951,0.05562521769931328,-0.13545165319,5.0,29.882273000112036,True,True
1.029,33.8100056102761,-92.59475820815656,-0.7283857432727449,0.8485490221509611,33.052184000000004,-93.569346,5.0,9048,0.9331683168316832,1.236525874542016,0.057450753965451185,-0.13362611692,5.0,29.953547000332037,True,True
1.081,33.83266604279992,-92.61501009814165,-0.7309246325805696,0.9412319433651255,33.052184000000004,-93.569346,5.0,9048,0.9331683168316832,1.2326175296638209,0.06168760146908836,-0.12938926942,5.0,31.24718899925938,True,True
1.131,33.88380522148739,-92.66113792073864,-0.736675686311319,1.078349149298186,33.052184000000004,-93.569346,5.0,9048,0.9331683168316832,1.2304177327577963,0.0642676384995231,-0.12680923239,5.0,31.17231900250772,True,True
1.179,33.91216468354665,-92.68691546590323,-0.7392993652917679,1.1792898613524376,33.169982,-93.661958,5.0,9049,0.9332714521452146,1.229302412991757,0.07120116273770849,-0.12115281612,5.0,29.992600000696257,True,True
1.23,33.974438982390915,-92.74400405245665,-0.7458031205887603,1.329660078487108,33.169982,-93.661958,5.0,9049,0.9332714521452146,1.2222283111722998,0.0769999267228183,-0.11535405213,5.0,30.330462999700103,True,True
1.278,34.0080151708489,-92.77511715487582,-0.748891032451352,1.381880452376672,33.169982,-93.661958,5.0,9049,0.9332714521452146,1.2187298599202498,0.08032859701514994,-0.11202538184,5.0,28.407851998053957,True,True
1.3279999999999998,34.07958411049757,-92.8418836227874,-0.755615798809559,1.5132856310016802,33.288132,-93.754545,5.0,9050,0.9333745874587459,1.210956386089983,0.08744030240946099,-0.10448202282,5.0,28.4387899991998,True,True
1.3780000000000001,34.11768837310852,-92.87806878042751,-0.7589819557480348,1.5945304651721885,33.288132,-93.754545,5.0,9050,0.9333745874587459,1.206559627609264,0.09078732492763386,-0.1011350003,5.0,28.99768600036623,True,True
1.429,34.19945367425789,-92.95619367969901,-0.7659101380207187,1.7372830232303706,33.406313,-93.847211,5.0,9051,0.9334777227722773,1.1962638504432341,0.09834757789698001,-0.094351496003,5.0,29.556313002103707,True,True
1.478,34.242801862354874,-92.99802574968017,-0.7693783011681677,1.8079807645155639,33.524688,-93.939676,5.0,9052,0.9335808580858086,1.1927054076767372,0.1035944909283284,-0.090673208654,5.0,28.476420000515645,True,True
1.529,34.334157044722794,-93.08712978738183,-0.7763540411081977,1.9459382716839821,33.524688,-93.939676,5.0,9052,0.9335808580858086,1.177312177091976,0.11056487808393012,-0.083702821499,5.0,29.579496000224026,True,True
1.5779999999999998,34.382065851194064,-93.13434824607675,-0.7798771476232496,2.0126514313166193,33.643235,-94.031968,5.0,9053,0.9336839933993399,1.1705095129504275,0.1155574533113044,-0.079501992317,5.0,28.20491199963726,True,True
1.6280000000000001,34.482114289248806,-93.23399552356715,-0.7868363744353981,2.1413423020607096,33.761978000000006,-94.12414100000001,5.0,9054,0.9337871287128713,1.1546795082324133,0.12481750982888329,-0.070883331519,5.0,28.571679002197925,True,True
1.679,34.5341535374532,-93.28636827729434,-0.7903185839471123,2.2026786017143536,33.761978000000006,-94.12414100000001,5.0,9054,0.9337871287128713,1.1446603838561955,0.12830811526344554,-0.067392726084,5.0,29.255018002004363,True,True
1.73,34.642009666979135,-93.39604179274845,-0.7970907981486697,2.3211687486721746,33.880936,-94.215889,5.0,9055,0.9338902640264026,1.1246280470605212,0.1389961059082414,-0.057591628457,5.0,30.148883000947535,True,True
1.779,34.69782706580408,-93.45329584428373,-0.8004508983383876,2.3965796582604604,34.000335,-94.30713,5.0,9056,0.933993399339934,1.1143734112206876,0.14621640639049716,-0.05131132768,5.0,29.35334199719364,True,True
1.8279999999999998,34.754291027000924,-93.51187751312156,-0.8051222189824878,2.402007475667229,34.120124,-94.398051,5.0,9057,0.9340965346534653,1.0897115521923575,0.15673322679141055,-0.04080217041,5.0,28.928587002155837,True,True
1.8780000000000001,34.87008579911302,-93.6330448448098,-0.8112422979485976,2.5161607190075213,34.120124,-94.398051,5.0,9057,0.9340965346534653,1.076207220741746,0.1597189879829224,-0.037816409219,5.0,28.300060002948157,True,True
1.928,34.92936196009865,-93.69574052789193,-0.8150665489230063,2.575683788913978,34.24047,-94.489072,5.0,9058,0.9341996699669967,1.0482627318396351,0.16775526005149688,-0.02859964241,5.0,28.548155001772102,True,True
1.979,35.0500424711668,-93.82441819004363,-0.8210830153761602,2.628967638686162,34.360640000000004,-94.579874,5.0,9059,0.934302805280528,1.0335365219036803,0.1698898405434166,-0.024087557211,5.0,29.181942001741845,True,True
2.027,35.111185673900714,-93.89035797183436,-0.8251275000018153,2.66534677847259,34.479834999999994,-94.670023,5.0,9060,0.9344059405940595,1.0198941390143341,0.1739391789405893,-0.018068493873,5.0,27.953010001510847,True,True
2.079,35.235232218949015,-94.02559188614646,-0.8316842223378983,2.6729505185635922,34.599365999999996,-94.760281,5.0,9061,0.9345090759075908,0.9866350132655831,0.1822644401773177,-0.0087729795272,5.0,29.41930599990883,True,True
2.128,35.297824053980435,-94.09437083291037,-0.8294839605201446,2.7703771109473685,34.599365999999996,-94.760281,5.0,9061,0.9345090759075908,0.9694424679330107,0.185267699151916,-0.0057697205526,5.0,28.40686999843456,True,True
2.179,35.42747817694081,-94.23486163987694,-0.825204903170702,2.8510580500790086,34.8383,-94.939963,5.0,9063,0.9347153465346535,0.9360566068331964,0.18230785478649292,-0.0068710456677,5.0,29.115075998561224,True,True
2.227,35.49356774484182,-94.30667157671753,-0.8278231776490539,2.89071891412848,34.8383,-94.939963,5.0,9063,0.9347153465346535,0.9174271057852456,0.18331732122564404,-0.0058615792286,5.0,27.257456997176632,True,True
2.279,35.62855838147984,-94.45339617513571,-0.8259893699258885,2.9746662061008315,35.0787,-95.118564,5.0,9065,0.9349216171617162,0.8822274479082588,0.1906412915386113,0.0011616163406,5.0,29.39672299908125,True,True
2.327,35.697615263044796,-94.52825723322314,-0.8256957347942132,3.0173721134066858,35.0787,-95.118564,5.0,9065,0.9349216171617162,0.8616864266255728,0.18950449077260245,2.4815574558e-05,5.0,27.424048999819206,True,True
2.378,35.83864917118537,-94.68114810796816,-0.8255854439963161,3.1013002158941143,35.320334,-95.296312,5.0,9067,0.9351278877887789,0.824092970190371,0.19390082538466036,0.0065079996876,5.0,28.940137999597937,True,True
2.43,35.91034462850825,-94.758774127159,-0.8251522439852474,3.119679765894636,35.320334,-95.296312,5.0,9067,0.9351278877887789,0.8024627145215868,0.19374126007337722,0.0063484343763,5.0,30.20284399826778,True,True
2.476,35.982952880341955,-94.83775868654038,-0.8247846682330173,3.1738448811865085,35.563344,-95.473387,5.0,9069,0.9353341584158416,0.7616396558303336,0.1967702355818428,0.012911774726,5.0,26.224051998724462,True,True
2.529,36.13132687239874,-94.998575831925,-0.8250823342704088,3.195835626671917,35.563344,-95.473387,5.0,9069,0.9353341584158416,0.7395547887492159,0.19703410978163305,0.013175648926,5.0,29.570858998340555,True,True
2.576,36.20603917286578,-95.07930037533788,-0.8254886912600687,3.263560177244266,35.805278,-95.64807900000001,5.0,9071,0.9355404290429042,0.6957863476307207,0.2038617191001233,0.015851868762,5.0,27.165023999259574,True,True
2.628,36.35821322809408,-95.24387243565596,-0.8240753463917562,3.3343980112134677,35.927166,-95.735029,5.0,9072,0.9356435643564357,0.6745421504962044,0.20669195504768956,0.015504333484,5.0,28.304958999797236,True,True
2.677,36.43565017633521,-95.32741475960361,-0.8234735585224795,3.3708454721442362,36.049278,-95.821738,5.0,9073,0.935746699669967,0.6266887201178449,0.20694851441046858,0.014515401995,5.0,27.9335830018681,True,True
2.726,36.5930267178731,-95.49706018282095,-0.8224477010985785,3.440464762121385,36.171611999999996,-95.908262,5.0,9074,0.9358498349834984,0.6030160017473687,0.20888580441794957,0.014580294838,5.0,26.78098500109627,True,True
2.777,36.6730345890357,-95.58317956131907,-0.8218669806295413,3.47961726472532,36.417396000000004,-96.079971,5.0,9076,0.9360561056105611,0.5587063824146189,0.21656310081965824,0.01843427689,5.0,27.411405000748346,True,True
2.827,36.83576551741692,-95.75802487625683,-0.8206405288989934,3.5470593579027057,36.417396000000004,-96.079971,5.0,9076,0.9360561056105611,0.5284031378432135,0.21597680604135183,0.017847982111,5.0,27.957909001997905,True,True
2.8810000000000002,36.918563757849334,-95.84664483763513,-0.8198572365075563,3.605120384818467,36.540925,-96.16511700000001,5.0,9077,0.9361592409240924,0.5024851367790325,0.2182071456311392,0.019535604368,5.0,31.763756000145804,True,True
2.93,37.085569791171764,-96.02550970201746,-0.8183364234323153,3.6299259758759037,36.789054,-96.33504599999999,5.0,9079,0.9363655115511551,0.45236424107946793,0.2189649944580876,0.021669284916,5.0,30.804460002400447,True,True
2.978,37.17021468456301,-96.1158994875099,-0.8175824205661741,3.6768774470812957,36.789054,-96.33504599999999,5.0,9079,0.9363655115511551,0.42295305743471,0.21813911117370477,0.020843401632,5.0,28.93081100046402,True,True
3.027,37.34036034509899,-96.29729053826524,-0.8138132928199555,3.691392293137514,37.036164,-96.50421,5.0,9081,0.9365717821782178,0.3693444723184242,0.21679964501598237,0.021196489596,5.0,27.61572800227441,True,True
3.08,37.42700762941395,-96.38870460288244,-0.8107896762576333,3.716134229697963,37.159335999999996,-96.588342,5.0,9082,0.9366749174917491,0.34275467450708424,0.214910285642556,0.02261599657,5.0,30.436711000220384,True,True
3.129,37.602964348325514,-96.57247290859787,-0.8024053832537111,3.7658219310933125,37.406579,-96.756366,5.0,9084,0.9368811881188119,0.29627309389414186,0.2131862246609333,0.018771375642,5.0,29.440225000143982,True,True
3.18,37.69245120521863,-96.66469361337701,-0.7986963030975612,3.788483267780685,37.406579,-96.756366,5.0,9084,0.9368811881188119,0.2622314420667972,0.2084121897532345,0.013997340734,5.0,30.201841000234708,True,True
3.232,37.87387246740613,-96.84966580186108,-0.7910523700195498,3.826942168401657,37.654959000000005,-96.92327,5.0,9086,0.9370874587458746,0.2091470988346506,0.20553402848581337,0.0086847671033,5.0,32.864927998161875,True,True
3.283,37.96578469172824,-96.94229884837847,-0.7879745114861025,3.8501112303592246,37.779496,-97.006431,5.0,9087,0.937190594059406,0.18298154264186658,0.2029988584581761,0.0068959665565,5.0,33.46442099791602,True,True
3.332,38.15211228641532,-97.12814973736651,-0.7832051144498241,3.9220729286568314,38.029492,-97.172812,5.0,9089,0.9373968646864687,0.14058323380319715,0.19993388458596506,0.0099523647978,5.0,32.760522997705266,True,True
3.38,38.24635686539627,-97.22192734119311,-0.7813430672772766,3.8835891850722195,38.154688,-97.25560300000001,5.0,9090,0.9375,0.1274792863817211,0.2014473284393694,0.01057443613,5.0,30.624532999354415,True,True
3.428,38.34042756055146,-97.31523117432363,-0.7805166998061993,3.9111610465199487,38.279334000000006,-97.337129,5.0,9091,0.9376031353135313,0.051822791822000454,0.20057981811351855,0.011282749325,5.0,28.421295999578433,True,True
3.479,38.5289533950709,-97.50329410537663,-0.786877965254633,3.9449610900613803,38.404046,-97.418952,5.0,9092,0.9377062706270627,0.025206348699999093,0.20471813648329285,0.014897037741,5.0,29.78142400024808,True,True
3.5300000000000002,38.62385800056915,-97.59852350916687,-0.7873479777349881,3.963326610876086,38.655107,-97.58251700000001,5.0,9094,0.9379125412541254,-0.03510994590052777,0.21026458890941502,0.019741303169,5.0,30.61999399869819,True,True
3.58,38.81503742292646,-97.79024308435183,-0.7861706537802823,4.002472588121378,38.780808,-97.664265,5.0,9095,0.9380156765676567,-0.06850533879693377,0.21246848652538208,0.020638443877,5.0,30.95168499930878,True,True
3.6310000000000002,38.911436000552904,-97.88668267771244,-0.7856003568705415,4.023375046331234,39.033291999999996,-97.826183,5.0,9097,0.9382219471947195,-0.1360481370859564,0.21937605585234543,0.037170113648,5.0,31.217823998304084,True,True
3.68,39.105983699288906,-98.08112753628701,-0.7842906507198218,4.071848076190866,39.033291999999996,-97.826183,5.0,9097,0.9382219471947195,-0.14633846483439703,0.21898376286508903,0.022434670784,5.0,30.275888999312883,True,True
3.731,39.20436184717785,-98.17907181720656,-0.7827102987604672,4.119304058468812,39.160109999999996,-97.906542,5.0,9098,0.9383250825082509,-0.1765952367677832,0.2210994826396906,0.023326148272,5.0,31.326558000728255,True,True
3.7809999999999997,39.40214053621206,-98.37496731511565,-0.7785525334729053,4.04249056295388,39.414963,-98.066249,5.0,9100,0.9385313531353136,-0.23807519709719624,0.22127401020616633,0.050015147503,5.0,31.387511000502855,True,True
3.832,39.501333434786694,-98.47324440430548,-0.7769672692471606,4.1492889016352565,39.541806,-98.145896,5.0,9101,0.9386344884488449,-0.26827411629688996,0.21881794742362892,0.13546842513,5.0,32.15364599964232,True,True
3.8899999999999997,39.70262573912909,-98.67036114985781,-0.772482917314201,4.160216956040417,39.795010999999995,-98.303997,5.0,9103,0.9388407590759076,-0.33022458228422985,0.21823373674286772,0.30470262843,5.0,40.389290003076894,True,True
3.933,39.804329076351706,-98.76914582808382,-0.7691836192429884,4.178887035675183,39.921956,-98.382995,5.0,9104,0.9389438943894389,-0.3615038968224378,0.21701406289242886,0.31125863689,5.0,33.894726999278646,True,True
3.9800000000000004,40.01040884001976,-98.96660410192597,-0.7574732191053063,4.215842911065106,40.176519,-98.540239,5.0,9106,0.9391501650165016,-0.42439524796507483,0.2129267161200481,0.32210555475,5.0,30.714992000866914,True,True
4.032,40.11523606468951,-99.06491605939824,-0.7487692918673803,4.2332464008293424,40.304111,-98.618583,5.0,9107,0.939253300330033,-0.455389554297003,0.2076336246551409,0.32488126776,5.0,32.12210700075957,True,True
4.091,40.32917852329398,-99.25958382240538,-0.7266920399944526,4.32277872714518,40.431926000000004,-98.696774,5.0,9108,0.9393564356435643,-0.5073146495648668,0.19023849784462632,0.33798960148,5.0,42.010786000901135,True,True
4.136,40.43847605501307,-99.35558107954043,-0.7148137819823862,4.262365928974453,40.560003,-98.774837,5.0,9109,0.9394595709570958,-0.5341116208524941,0.17983979480609946,0.33641397145,5.0,36.12808999969275,True,True
4.183,40.65951293862866,-99.54225985424796,-0.6824369051617776,4.267266587910978,40.816981,-98.930548,5.0,9111,0.9396658415841584,-0.5834647760803087,0.15769042333336225,0.32907559437,5.0,33.18277400103398,True,True
4.233,40.77198981402026,-99.63243641319391,-0.663032951185026,4.256320002615211,40.944743,-99.00724100000001,5.0,9112,0.9397689768976898,-0.6055585951249158,0.14247586054794192,0.32171452335,5.0,33.11120999933337,True,True
4.3,41.00516351891078,-99.80711883339717,-0.621769534739989,4.292591630355632,41.20117,-99.160536,5.0,9114,0.9399752475247525,-0.6419495908472486,0.10475161181490833,0.32592737504,5.0,50.415146000887034,True,True
4.335,41.12489441178786,-99.89082147508877,-0.5986733950570056,4.3045162386008755,41.329714,-99.237243,5.0,9115,0.9400783828382838,-0.6556798934354164,0.08381467464792891,0.30714499337,5.0,34.89916800026549,True,True
4.384,41.37111305244422,-100.05038915263647,-0.5499318031461672,4.327395489489884,41.5872,-99.39061600000001,5.0,9117,0.9402846534653465,-0.6736697304630733,0.04026925612495358,0.26467665048,5.0,34.37767100331257,True,True
4.436,41.49768728251671,-100.12588367145553,-0.5247920089904802,4.34261406863863,41.716312,-99.46673299999999,5.0,9118,0.9403877887788779,-0.6780979412327062,0.018757921785943044,0.24130498808,5.0,36.69472100227722,True,True
4.482,41.626356425158185,-100.19845608592276,-0.499521790787983,4.301339975085405,41.975415000000005,-99.618166,5.0,9120,0.9405940594059405,-0.6771842234509311,-0.028056920776879934,0.19272006525,5.0,32.09438499834505,True,True
4.53,41.8909866156862,-100.33533560132315,-0.4511598437876661,4.4048339566627295,42.10545,-99.693832,5.0,9121,0.940697194719472,-0.672080349107637,-0.05312270978590261,0.16677633118,5.0,30.615895997470943,True,True
4.58,42.025770658428655,-100.39918720943663,-0.429670931648715,4.400979016626294,42.234633,-99.769202,5.0,9122,0.9408003300330033,-0.6622688970494246,-0.07527337076666107,0.14438376452,5.0,30.473779999738326,True,True
4.63,42.30143463833438,-100.51874046909028,-0.3898929697916052,4.437765806325582,42.493435,-99.918782,5.0,9124,0.941006600660066,-0.6344233430069088,-0.112910311982092,0.10758392628,5.0,30.126028999802656,True,True
4.68,42.44166032903405,-100.57489950494924,-0.37179355620984267,4.453753580879248,42.623352000000004,-99.993257,5.0,9125,0.9411097359735974,-0.6162496766967981,-0.12975952887214248,0.090431883327,5.0,30.56677399945329,True,True
4.729,42.72656891171462,-100.68058376411055,-0.3394360055612114,4.49066789949072,42.883720000000004,-100.141666,5.0,9127,0.9413160066006601,-0.5722627646885828,-0.16196561827106493,0.056896956936,5.0,29.301324000698514,True,True
4.777,42.8710374371814,-100.73050967833926,-0.3257323159437796,4.505464022885876,43.014255,-100.215715,5.0,9128,0.9414191419141914,-0.5466866133705944,-0.17680523021233752,0.040821343112,5.0,27.238500999374082,True,True
4.829,43.16340567735088,-100.8255982438504,-0.30371783222493115,4.5275691263366165,43.275632,-100.364369,5.0,9130,0.9416254125412541,-0.4886205894372969,-0.20228781124122763,0.015787769958,5.0,30.21783100120956,True,True
4.877,43.310593249668585,-100.87098777910691,-0.2953136501554887,4.536219083501822,43.406531,-100.438395,5.0,9131,0.9417285478547854,-0.45720484966971475,-0.20949731440970876,0.009084081592,5.0,28.057794999767793,True,True
4.927,43.6055412826409,-100.95820252335459,-0.279792167719477,4.539582287432287,43.667452000000004,-100.58465600000001,5.0,9133,0.9419348184818482,-0.3911959723131345,-0.22175356474627073,-0.0032721205174,5.0,27.941238000494195,True,True
4.977,43.75413767448474,-101.00051350906614,-0.27531065056415516,4.548000454115605,43.797895000000004,-100.657234,5.0,9134,0.9420379537953796,-0.3571862324223945,-0.22752173327054948,-0.010464374175,5.0,27.03776599810226,True,True
5.033,44.05272082799098,-101.08378592578406,-0.2691440423662436,4.566457421077265,44.059613,-100.802686,5.0,9136,0.9422442244224423,-0.28616532986415444,-0.23657917732879818,-0.014746352675,5.0,33.14144600153668,True,True
5.08,44.20258097691685,-101.12508102617294,-0.26811189128469504,4.574532447795549,44.190449,-100.87561099999999,5.0,9137,0.9423473597359736,-0.24961139615439576,-0.2395041891778673,-0.015008623895,5.0,30.168387998855906,True,True
5.132,44.50302056623813,-101.20756077845215,-0.2677682568895172,4.590205524870856,44.452502,-101.021361,5.0,9139,0.9425536303630363,-0.17599696538588575,-0.23620931530005151,-0.012472030804,5.0,32.30959799839184,True,True
5.181,44.65311234105387,-101.24874823596035,-0.26831345858531475,4.573769386898066,44.584039000000004,-101.09352700000001,5.0,9140,0.9426567656765676,-0.13988455682204215,-0.23307879745654247,-0.010968775052,5.0,31.599256999470526,True,True
5.231,44.9553241766353,-101.33177212015279,-0.26990717938805137,4.610714171432202,44.847282,-101.237289,5.0,9142,0.9428630363036303,-0.06815939772863576,-0.23065419659893482,-0.0056512765872,5.0,31.883250001556007,True,True
5.282,45.10607931671665,-101.37357336147191,-0.2713905780283307,4.603558816154841,44.978806,-101.30906800000001,5.0,9143,0.9429661716171617,-0.032663023443073674,-0.22822370577865625,-0.0025915169558,5.0,32.15743300097529,True,True
5.3309999999999995,45.25596001857565,-101.41561898550303,-0.27380653210639855,4.60445514642706,45.241615,-101.451164,5.0,9145,0.9431724422442245,0.038330504999618924,-0.21978564439427828,0.0059226838474,5.0,31.268278002244188,True,True
5.381,45.55789940581718,-101.50099758239718,-0.276907654134494,4.6233312514773095,45.373496,-101.521939,5.0,9146,0.9432755775577558,0.07196979282238197,-0.2157766854134735,0.0096395490145,5.0,31.34518200022285,True,True
5.434,45.70923612648638,-101.54408343377402,-0.2777674052553512,4.632305360898982,45.505568,-101.592496,5.0,9147,0.9433787128712872,0.10535707216639213,-0.2128678324813742,0.012635215045,5.0,34.4414900027914,True,True
5.481,46.01264376237813,-101.63066360863205,-0.2775713219405915,4.651229286903498,45.77035,-101.733108,5.0,9149,0.9435849834983498,0.17108871428564384,-0.20821289326239434,0.01458220644,5.0,31.599949001247296,True,True
5.533,46.16515892517425,-101.67416015099754,-0.2773293456969038,4.668361817976168,45.903078,-101.803044,5.0,9150,0.9436881188118812,0.20355302299696512,-0.20656132042068087,-0.026216524263,5.0,33.237566000025254,True,True
5.582,46.46914274366094,-101.76053524081566,-0.27619474747214523,4.629803162973965,46.169297,-101.942297,5.0,9152,0.9438943894389439,0.26776246117488156,-0.20243405648649215,-0.068512009469,5.0,32.407962000434054,True,True
5.632,46.62158783478884,-101.80277181497247,-0.2751531905875167,4.655702186236875,46.302738,-102.01140500000001,5.0,9153,0.9439975247524752,0.2992587391047909,-0.20112861102621782,-0.084626057401,5.0,32.630730001983466,True,True
5.684,46.92667743213413,-101.88916850152191,-0.27841868126805325,4.671590687537904,46.567659,-102.147855,5.0,9155,0.9442037953795379,0.36296949541189116,-0.19766065199523153,-0.13504782642,5.0,34.818395997717744,True,True
5.7379999999999995,47.079437941904374,-101.9331411621745,-0.28216791092720733,4.679514308075392,46.700998,-102.216084,5.0,9156,0.9443069306930693,0.3938362662452827,-0.19459970778742575,-0.17394706732,5.0,38.039809001929825,True,True
5.783,47.384917454321176,-102.023885318878,-0.2954373946200089,4.690834421567969,46.968021,-102.35268,5.0,9158,0.9445132013201321,0.4537006790238192,-0.1828427321986159,-0.16816034486,5.0,33.86403900003643,True,True
5.835,47.5373681304374,-102.07105695833921,-0.3042238678419432,4.69416421699577,47.101865000000004,-102.420581,5.0,9159,0.9446163366336634,0.4815065032804279,-0.17183027382791938,-0.15816617348,5.0,35.14643000016804,True,True
5.888,47.84086210560611,-102.17021767148157,-0.3261717729243076,4.688296163132077,47.505236,-102.622226,5.0,9162,0.9449257425742574,0.5352806162543616,-0.145862752673668,-0.34330755363,5.0,38.24847000214504,True,True
5.934,47.99317307678051,-102.22135459923442,-0.3372219897270054,4.691114243919422,47.639963,-102.68865699999999,5.0,9163,0.9450288778877888,0.5560034064535657,-0.13401279856402315,-0.32947787198,5.0,34.59467699940433,True,True
5.984,48.29176729310906,-102.32932604102282,-0.363124912028297,4.6786450673600175,47.908434,-102.822216,5.0,9165,0.9452351485148515,0.5956690156106834,-0.11140770019703394,-0.30245958929,5.0,34.76689899980556,True,True
6.033,48.44041490370262,-102.38702500620411,-0.3782057453853782,4.694825667016778,48.042998,-102.888524,5.0,9166,0.9453382838283828,0.6120363702577051,-0.0932415000803486,-0.28620629874,5.0,33.451306000642944,True,True
6.089,48.734925305197294,-102.50975973346898,-0.41263400311711296,4.692843935780459,48.313035,-103.020169,5.0,9168,0.9455445544554455,0.6356906785583599,-0.057176534943926605,-0.25073301428,5.0,39.23495699928026,True,True
6.132,48.880514624082146,-102.5750971919643,-0.4316425180319065,4.69797145977983,48.448370000000004,-103.085614,5.0,9169,0.945647689768977,0.6431636613878672,-0.03729777291340142,-0.23089303377,5.0,32.66251899913186,True,True
6.18,49.02503611069566,-102.64330946882319,-0.4511087265552434,4.703647733924816,48.719885,-103.216208,5.0,9171,0.9458539603960396,0.6484654951420514,0.004898591885384107,-0.18770668717,5.0,30.68199999688659,True,True
6.229,49.31043393024728,-102.78865230477561,-0.49134194719137614,4.744666684108087,48.856297,-103.281301,5.0,9172,0.945957095709571,0.6456861849421369,0.02806910419071107,-0.16415284829,5.0,29.4552429986652,True,True
6.279,49.45129813579965,-102.86469313596655,-0.5106906090206574,4.697675706277592,48.992791,-103.34577900000001,5.0,9173,0.9460602310231023,0.6393943459053858,0.05031972792358008,-0.14185401969,5.0,29.459851000865456,True,True
6.3309999999999995,49.72795336345986,-103.02589021305393,-0.5473429809287587,4.725437636407538,49.264376,-103.4736,5.0,9175,0.946266501650165,0.6180462706707768,0.09261812148588167,-0.099601457975,5.0,31.367232997581596,True,True
6.379,49.864563617563576,-103.11074091421618,-0.56390590163488,4.735791969470807,49.537052,-103.60047,5.0,9177,0.9464727722772277,0.6054628495108756,0.11325545428442263,-0.081346583884,5.0,29.34165000260691,True,True
6.428,50.13477233419964,-103.28733331480946,-0.5926476734595791,4.757414033689366,49.810911,-103.726913,5.0,9179,0.9466790429042904,0.5617771554657526,0.1496482102172476,-0.046543134417,5.0,28.25931299958029,True,True
6.478,50.268498627410345,-103.37860373208241,-0.604905077507451,4.765366415592806,49.948301,-103.789485,5.0,9180,0.9467821782178217,0.5356564882626668,0.16659434913551863,-0.031087224682,5.0,28.944355999556137,True,True
6.529,50.53358781308332,-103.56601242410706,-0.6253185337726239,4.817408299647544,50.223967,-103.913834,5.0,9182,0.9469884488448845,0.4765747239089925,0.19354665407770621,-0.0051013792569,5.0,29.610794001200702,True,True
6.578,50.665373877593,-103.6617893012585,-0.6321150208977424,4.784066716225937,50.361453999999995,-103.975593,5.0,9183,0.9470915841584159,0.444281777428923,0.20476555957300135,0.0057124849212,5.0,28.560156002640724,True,True
6.627,50.92608981661567,-103.85393049217956,-0.6413011023706268,4.779969496181482,50.637508000000004,-104.098558,5.0,9185,0.9472978547854786,0.3764686336349391,0.21770339453955856,0.022337658314,5.0,27.670420000504237,True,True
6.681,51.056234899364206,-103.95138713597036,-0.6439030304060895,4.7833578213163195,50.775146,-104.159911,5.0,9186,0.9474009900990099,0.34089852648959224,0.22303871952895316,0.02869124742,5.0,31.341625002824003,True,True
6.731,51.31609183242469,-104.14732925149643,-0.6478196481467208,4.788724754829334,51.051152,-104.281888,5.0,9188,0.9476072607260726,0.26735178040689683,0.2318984142371021,0.036628932876,5.0,31.748016001074575,True,True
6.781,51.445949773024715,-104.24563394833464,-0.6481172332627008,4.7931305653212215,51.189405,-104.34255999999999,5.0,9189,0.9477103960396039,0.22964264233767007,0.23481649063755627,0.040911393761,5.0,31.73930999764707,True,True
6.831,51.706520299997614,-104.44235927750489,-0.6460581961601334,4.834483817216562,51.466529,-104.463563,5.0,9191,0.9479166666666666,0.15323119892758244,0.23718549722686655,0.044990494313,5.0,31.217452997225337,True,True
6.881,51.837516950198044,-104.54108066258397,-0.6435509819628111,4.78733771999209,51.605824,-104.52401,5.0,9192,0.948019801980198,0.11480613438436087,0.23814217928904835,0.0466877087,5.0,31.22503700069501,True,True
6.93,51.967388212468876,-104.63810780229075,-0.6406811117378002,4.7480860350644924,51.884506,-104.643539,5.0,9194,0.9482260726072608,0.03745528491003874,0.23751076702698448,0.046831868946,5.0,30.66706199751934,True,True
6.982,52.22820506458996,-104.83205655769045,-0.6346347114020563,4.731707892867145,52.161839,-104.761444,5.0,9196,0.9484323432343235,-0.06942786759919148,0.23806139498454426,0.047769762509,5.0,32.84628300025361,True,True
7.035,52.490370300548,-105.02275954616732,-0.6234521928561676,4.780349735708539,52.440711,-104.878518,5.0,9198,0.9486386138613861,-0.09552857596584362,0.23352794826048173,0.040621298166,5.0,35.33937200336368,True,True
7.08,52.62263422132929,-105.1173646653529,-0.6184819499245973,4.785216539218505,52.58061899999999,-104.93678100000001,5.0,9199,0.9487417491749175,-0.12464805716023084,0.23053016156971706,0.068647685021,5.0,30.627377000200795,True,True
7.132,52.75548600618272,-105.2114430428315,-0.6139755438553691,4.79053544261095,52.720797999999995,-104.994607,5.0,9200,0.9488448844884488,-0.15718006185837788,0.22855097270368852,0.088359572635,5.0,32.67143500124803,True,True
7.186,53.02277150838778,-105.39825584097527,-0.6047117043849567,4.7997566836479795,53.001959,-105.109274,5.0,9202,0.9490511551155115,-0.22613700598065253,0.22541287274086974,0.23837146647,5.0,36.75333000137471,True,True
7.234,53.15664375443006,-105.49023736850066,-0.5981216192012311,4.71340205029874,53.142872,-105.16603899999998,5.0,9203,0.9491542904290429,-0.2614360138122463,0.2225516334140405,0.28594641877,5.0,35.03529200315825,True,True
7.28,53.427462838614346,-105.67082477464464,-0.5820839502137224,4.801431898918678,53.424622,-105.278893,5.0,9205,0.9493605610561056,-0.32965735213406216,0.21054375637251654,0.2974381757,5.0,30.617058000643738,True,True
7.334,53.56442596826226,-105.76018598297668,-0.5717265580692504,4.790338645618249,53.565132,-105.33490900000001,5.0,9206,0.949463696369637,-0.36303196230047363,0.2031444631716499,0.30190411814,5.0,34.68372399947839,True,True
7.383,53.84049348222062,-105.93285054731858,-0.5453554527487241,4.793535799015459,53.846776,-105.446554,5.0,9208,0.9496699669966997,-0.4261190630879029,0.18408100327357957,0.30501463799,5.0,33.6421940010041,True,True
7.4350000000000005,53.98041276499196,-106.01633132713582,-0.5304984124925654,4.789283195335946,53.987977,-105.50198600000002,5.0,9209,0.949773102310231,-0.4549964212345723,0.17217680552577175,0.30379270395,5.0,35.2233140001772,True,True
7.482,54.26422572952242,-106.17649921408858,-0.4952463240021361,4.805547445264039,54.2709,-105.61219399999999,5.0,9211,0.9499793729372937,-0.506550830509335,0.14378453577019545,0.29639415655,5.0,32.98163599902182,True,True
7.532,54.4080562985393,-106.25255271486284,-0.47650282638430497,4.773756174070272,54.41270600000001,-105.66699399999999,5.0,9212,0.9500825082508251,-0.5288570726412603,0.12740608778816354,0.28991096629,5.0,32.30041999995592,True,True
7.5809999999999995,54.69875118701724,-106.39478853252113,-0.4330908021426558,4.763152185608347,54.697224,-105.775851,5.0,9214,0.9502887788778878,-0.5650205679837906,0.09213958413937196,0.27126585442,5.0,31.43764500055113,True,True
7.633,54.84562681271812,-106.46087918180363,-0.4093025891067025,4.73011594378045,54.839721999999995,-105.82979499999999,5.0,9215,0.9503919141914191,-0.5784447010389496,0.07221035005282284,0.25897337577,5.0,33.47594200022286,True,True
7.683,55.14251331054164,-106.58343631657125,-0.3610094781893127,4.739456528030704,55.265268999999996,-105.989301,5.0,9218,0.9507013201320133,-0.600625238993327,0.029353590383082828,0.25334839401,5.0,33.50569699978223,True,True
7.731,55.29392172544308,-106.63855023736643,-0.3364728564521581,4.737633213406057,55.408026,-106.042125,5.0,9219,0.9508044554455446,-0.6029219930567434,0.00771167933406014,0.23119973724,5.0,31.655252001655754,True,True
7.779,55.44662177651174,-106.68983788588065,-0.31099071373081993,4.737011932187858,55.694325,-106.146892,5.0,9221,0.9510107260726073,-0.5967806313220998,-0.03713796318419327,0.18510025099,5.0,29.95682099935948,True,True
7.83,55.756055957744756,-106.78109282130761,-0.26157327516021894,4.739394817592679,55.837875,-106.19878,5.0,9222,0.9511138613861386,-0.5883465897930659,-0.06077147639604297,0.16017782233,5.0,30.481533998681698,True,True
7.881,55.91296904535413,-106.8216251161807,-0.24013379565331228,4.772561625632844,56.125011,-106.30166799999999,5.0,9224,0.9513201320132013,-0.561531115074665,-0.10233770312611723,0.11796230624,5.0,31.642008001654176,True,True
7.932,56.230752298250714,-106.8936212210741,-0.1996117970667314,4.808116387192648,56.2688,-106.352747,5.0,9225,0.9514232673267327,-0.5430660604083529,-0.12202946033919204,0.099153254068,5.0,32.60934799982351,True,True
7.978999999999999,56.39105735420186,-106.92458110444946,-0.18191763657548726,4.7955009774559585,56.41298199999999,-106.403924,5.0,9226,0.951526402640264,-0.522504576561127,-0.14109319963085198,0.082403340539,5.0,29.91795900015859,True,True
8.029,56.71338990919207,-106.97854161862513,-0.15095376092984247,4.816671261246131,56.700078000000005,-106.50523799999999,5.0,9228,0.9517326732673267,-0.47138753550755613,-0.17132243901178512,0.052860689526,5.0,29.368389998126077,True,True
8.077,56.87567861734182,-107.0021111103587,-0.13800701167581492,4.8298498226513,56.843804000000006,-106.55543999999999,5.0,9229,0.951835808580858,-0.442463716681583,-0.18437621204582566,0.038895639166,5.0,27.845447999425232,True,True
8.129,57.201957058235614,-107.04397697814086,-0.11785398926067077,4.872382666377913,57.131562,-106.65535,5.0,9231,0.9520420792079208,-0.37864155343799255,-0.2055781948111517,0.020816281564,5.0,29.091710999637144,True,True
8.178,57.36582392578515,-107.06265677123552,-0.10945773865258125,4.845989624093379,57.275714,-106.70506,5.0,9232,0.9521452145214522,-0.3444839935999526,-0.21375701039267048,0.01315556932,5.0,28.536951998830773,True,True
8.233,57.69385225825911,-107.09658601214056,-0.09753286807295894,4.855928609925981,57.564903,-106.80394,5.0,9234,0.9523514851485149,-0.27289882251251857,-0.22338380059651763,0.003008679667,5.0,33.59549599917955,True,True
8.281,57.85804533361089,-107.11257454026912,-0.09336942181937573,4.809449772924045,57.709817,-106.85285400000001,5.0,9235,0.9524546204620462,-0.23613391793081193,-0.22722634307251788,-0.00072372889069,5.0,31.698823000624543,True,True
8.331,58.185859506328995,-107.14280733355399,-0.0888169688654679,4.854340118573087,58.14273000000001,-106.997437,5.0,9238,0.9527640264026402,-0.17794037092652285,-0.2286146399129847,-0.0029702770276,5.0,31.532703000266338,True,True
8.38,58.350337836662455,-107.15737701190997,-0.08831073475174712,4.858318794315351,58.287901,-107.045027,5.0,9239,0.9528671617161716,-0.14132749223182922,-0.22713554776337608,-0.0034884465508,5.0,30.48357700026827,True,True
8.432,58.67977422956855,-107.1865687942206,-0.08957656834638698,4.866837979506292,58.579071,-107.139627,5.0,9241,0.9530734323432343,-0.07181178529250033,-0.22369520758267525,-0.00029154870311,5.0,32.78207200128236,True,True
8.482,58.844688065920145,-107.20159359716561,-0.09257763432292665,4.872151234701755,58.725048,-107.18651200000001,5.0,9242,0.9531765676567657,-0.04527380605452934,-0.22011842839618545,0.0017648984749,5.0,33.113523000793066,True,True
8.53,59.17404325379451,-107.2325373247304,-0.09621260804511027,4.871150515482243,59.01763199999999,-107.27949199999999,5.0,9244,0.9533828382838284,0.06303141503261107,-0.2117106458316762,0.0065806775019,5.0,30.256522000854602,True,True
8.58,59.33931535334232,-107.24869365122397,-0.09750023525888829,4.897386544596854,59.163478000000005,-107.325433,5.0,9245,0.9534859735973598,0.09349455102591642,-0.20828947003283638,0.0093177736679,5.0,30.574757998692803,True,True
8.63,59.504315037090805,-107.26470920086163,-0.09786230983899404,4.897614334764798,59.456759,-107.41722,5.0,9247,0.9536922442244224,0.15975311863882702,-0.20388261581664313,-0.010048525349,5.0,30.676900001708418,True,True
8.682,59.83295838864607,-107.29577165578527,-0.09342439428576929,4.860950668679444,59.60260400000001,-107.46244899999999,5.0,9248,0.9537953795379538,0.1936307569860718,-0.20340051342671517,-0.070563764847,5.0,32.456371998705436,True,True
8.739,60.16199262270973,-107.32643947791708,-0.09298195460630876,4.862417621754658,59.894897,-107.552225,5.0,9250,0.9540016501650165,0.2605765829934728,-0.2048836643792411,-0.24852411984,5.0,39.246779000677634,True,True
8.789,60.32655474433648,-107.34199363301475,-0.09511347737225086,4.864932550725851,60.041142,-107.597017,5.0,9251,0.9541047854785478,0.2941180052295819,-0.2043900449719498,-0.25697541563,5.0,39.57389100105502,True,True
8.842,60.656470269145764,-107.37479551021798,-0.10182747425286755,4.8695670565980045,60.187445,-107.641879,5.0,9252,0.9542079207920792,0.32745319940988377,-0.20200299948174516,-0.26404115436,5.0,42.79260000112117,True,True
8.893,60.820940486961334,-107.3920643882061,-0.10768313506751989,4.862026522637231,60.480851,-107.73146299999999,5.0,9254,0.954414191419142,0.39222567383507584,-0.1929324841933271,-0.2756418179,5.0,43.95367400138639,True,True
8.949,61.14898455643891,-107.429883962295,-0.12510042967956767,4.853333202616145,60.627455000000005,-107.775778,5.0,9255,0.9545173267326733,0.42315457436016,-0.18498980467832915,-0.27900627442,5.0,49.49238600238459,True,True
8.987,61.31201880099353,-107.45093780539598,-0.13565707829816281,4.842118996269157,61.066787,-107.907146,5.0,9258,0.9548267326732673,0.4842886442183631,-0.16395874098854568,-0.35485560897,5.0,37.18833400125732,True,True
9.036,61.47490625723566,-107.47430182939316,-0.1490227556511202,4.840515121520719,61.213102,-107.950597,5.0,9259,0.9549298679867987,0.50935630384941,-0.1512960195208235,-0.34454921272,5.0,36.96118899824796,True,True
9.085,61.799326456751764,-107.52767836489346,-0.1781955586914756,4.827028410846796,61.50733,-108.036546,5.0,9261,0.9551361386138614,0.5522638676422091,-0.11932259557621405,-0.3136055129,5.0,35.90561199962394,True,True
9.134,61.96045819182066,-107.55812119959646,-0.19581733720516892,4.814924123872877,61.654764,-108.079021,5.0,9262,0.9552392739273927,0.5699798287556541,-0.10105761366199273,-0.29573634295,5.0,34.38437300064834,True,True
9.187,62.27984135695257,-107.62768719503798,-0.23381748186521928,4.803526093747521,61.950255000000006,-108.16296799999999,5.0,9264,0.9554455445544554,0.5963264935643243,-0.06015559291805905,-0.2571474896,5.0,37.30819799966412,True,True
9.232,62.437445774491394,-107.66669610605217,-0.2562840742647402,4.7710858547588835,62.097654000000006,-108.204472,5.0,9265,0.9555486798679867,0.6045374021888807,-0.03970159477493418,-0.23792897061,5.0,32.637471002090024,True,True
9.281,62.749022207259266,-107.75496632198278,-0.30281632338416503,4.770888052471823,62.39325,-108.286445,5.0,9267,0.9557549504950495,0.609716552417576,0.009860925830970313,-0.1869501099,5.0,31.7694549994485,True,True
9.33,62.9031288371264,-107.80494618993018,-0.3239083751513437,4.759493467384498,62.541385,-108.327932,5.0,9268,0.9558580858085809,0.6074933716125666,0.032294276369735364,-0.16291242854,5.0,30.849672999465838,True,True
9.38,63.20755827079013,-107.91444526446257,-0.3655293894547116,4.760419191791411,62.836454,-108.408542,5.0,9270,0.9560643564356436,0.5885995116329109,0.08082995638337076,-0.11828709596,5.0,30.407315000047674,True,True
9.427,63.358157862940836,-107.97378149062672,-0.38469436136555296,4.761627125852721,63.131933999999994,-108.488133,5.0,9272,0.9562706270627063,0.5786507135039305,0.10294479992007766,-0.094002332521,5.0,27.9356960018049,True,True
9.475999999999999,63.50766093489223,-108.03587094328756,-0.4025709591596421,4.766551717094639,63.42815,-108.56766499999999,5.0,9274,0.956476897689769,0.5377052236328909,0.14196856741231612,-0.051740526382,5.0,27.06852199844434,True,True
9.529,63.80482942162252,-108.16802607429953,-0.4347154752808725,4.793432938884197,63.576264,-108.60692399999999,5.0,9275,0.9565800330033003,0.5126426539946998,0.16102221691296537,-0.032598621775,5.0,29.347399999096524,True,True
9.578,63.9513971229244,-108.23733134613002,-0.448699706251937,4.77091600885418,63.872831000000005,-108.68463999999999,5.0,9277,0.956786303630363,0.4541559946740032,0.19399671600197532,0.0010206399887,5.0,28.98746600112645,True,True
9.628,64.24209054890738,-108.38034414856062,-0.4682951035039998,4.775328835331999,64.021132,-108.723141,5.0,9278,0.9568894389438944,0.4222460762763206,0.2049256932204515,0.012101973272,5.0,28.564973999891663,True,True
9.679,64.3857476522055,-108.45411992479289,-0.48035404753219646,4.753167149653682,64.16766700000001,-108.76123500000001,5.0,9279,0.9569925742574258,0.38809368114179776,0.21548075517825804,0.021696560362,5.0,29.88644899960491,True,True
9.731,64.671740370845,-108.60733988719147,-0.49963806826840035,4.781906168723464,64.464488,-108.837055,5.0,9281,0.9571988448844885,0.31376704740203354,0.24515061689042916,0.05038947993,5.0,31.313121002312982,True,True
9.782,64.81427654378201,-108.6856972395445,-0.5055150479413498,4.786019170657248,64.613258,-108.87443400000001,5.0,9282,0.9573019801980198,0.273421748945893,0.2547660929662108,0.060237303122,5.0,32.60477000003448,True,True
9.831,65.0986343787312,-108.84467775998023,-0.5126350037297269,4.795042173792115,64.911397,-108.948127,5.0,9284,0.9575082508250825,0.18870407823049573,0.2704044102390264,0.075306271949,5.0,31.488980999711202,True,True
9.883,65.24060710098537,-108.92449658165297,-0.5131623918275703,4.742302149167286,65.060694,-108.984449,5.0,9285,0.9576113861386139,0.14477541524374463,0.27439544770580326,0.078378590321,5.0,33.21236800184124,True,True
9.93,65.52347204591074,-109.08289286350022,-0.5063050668500216,4.796133533528898,65.358824,-109.056634,5.0,9287,0.9578176567656765,0.056673058058836406,0.27279472002499894,0.077756340996,5.0,30.999513001006562,True,True
9.984,65.66607010497431,-109.16196992214344,-0.5056111841077907,4.79007661514234,65.508262,-109.092735,5.0,9288,0.9579207920792079,0.013101848710771228,0.270736512710696,0.076674124239,5.0,34.16325800208142,True,True
10.032,65.95151945691639,-109.31934853451567,-0.5003619839550352,4.783077935342,65.80604,-109.16335,5.0,9290,0.9581270627062707,-0.07504099276084558,0.2739494018555422,0.077961165334,5.0,32.553363002080005,True,True
10.08,66.0943411768671,-109.39710800149093,-0.49687049698947694,4.782260210272389,65.955057,-109.197981,5.0,9291,0.958230198019802,-0.11907108864183187,0.2731306891392875,0.073775043092,5.0,30.910867000784492,True,True
10.133,66.38067422286295,-109.55074797636358,-0.4872590195463227,4.777322270487078,66.253249,-109.26638999999999,5.0,9293,0.9584364686468647,-0.20620197979063926,0.2677694186313979,0.16820228872,5.0,33.618658999330364,True,True
10.193,66.52527498346538,-109.62687150163833,-0.481757976887158,4.777425626723775,66.402488,-109.300505,5.0,9294,0.9585396039603961,-0.24883163748235265,0.2628212468927278,0.27699392427,5.0,43.52291599934688,True,True
10.236,66.81329799335649,-109.77534976208652,-0.4696185286724304,4.769090162714626,66.70160899999999,-109.368261,5.0,9296,0.9587458745874587,-0.33239280279712796,0.2554337885027582,0.33459297906,5.0,36.32321400073124,True,True
10.281,66.95763767668522,-109.84765750323531,-0.460629884635991,4.740273487625298,66.851256,-109.40157099999999,5.0,9297,0.9588490099009901,-0.3731604657528007,0.2513237852553365,0.34237928363,5.0,31.981752999854507,True,True
10.331,67.24777757058462,-109.9874057822455,-0.4364324974941367,4.726002629466041,67.149777,-109.46723300000001,5.0,9299,0.9590552805280528,-0.45063826976763594,0.23044801503012202,0.34880242164,5.0,31.892767001409084,True,True
10.382,67.39431853752865,-110.05465638365935,-0.4237949335958054,4.739150313669386,67.297758,-109.500147,5.0,9300,0.9591584158415841,-0.48682897380381396,0.22066739930152357,0.35123080722,5.0,32.62327400079812,True,True
10.434,67.68999432010366,-110.18257095947122,-0.39264719193830794,4.733743448781857,67.597082,-109.564622,5.0,9302,0.9593646864686468,-0.5545497735534748,0.198210855991805,0.35030093775,5.0,34.15845899871783,True,True
10.481,67.83904110264986,-110.24275677087567,-0.3743072277729262,4.72169326810682,67.74701800000001,-109.59640900000001,5.0,9303,0.9594678217821783,-0.5854376025465364,0.18523107384568682,0.34756339539,5.0,31.185943000309635,True,True
10.539,68.13828608727638,-110.35451895315433,-0.3339577957732395,4.6917695546626526,67.897178,-109.627775,5.0,9304,0.9595709570957096,-0.6140033986782674,0.16931656986335986,0.38994885463,5.0,39.14777300087735,True,True
10.585,68.28951820738186,-110.40503746619308,-0.3105873031568869,4.68582632864996,68.197469,-109.689777,5.0,9306,0.9597772277227723,-0.6630681049680505,0.13116676591104337,0.35010046159,5.0,35.83449799771188,True,True
10.633,68.44227198851868,-110.45196332389982,-0.2867819009575957,4.693532643190677,68.497596,-109.75123799999999,5.0,9308,0.959983498349835,-0.6861123157145707,0.10961643402854415,0.33078886715,5.0,33.94993899928522,True,True
10.684,68.74978669451347,-110.53487572334633,-0.2385015807316678,4.661718070699967,68.798549,-109.811968,5.0,9310,0.9601897689768977,-0.7128881065437566,0.0664089066163509,0.28665357809,5.0,34.28458499911358,True,True
10.733,68.90415153588935,-110.57038510630947,-0.21311707412974285,4.662328219576434,68.94856300000001,-109.841723,5.0,9311,0.960292904290429,-0.7210913378382167,0.04348032337968988,0.26305057067,5.0,33.42887300095754,True,True
10.783,69.21491216820735,-110.62943834598126,-0.16119616873102616,4.685697066378669,69.248704,-109.90062900000001,5.0,9313,0.9604991749174917,-0.7264552685724471,-0.0059811440409403005,0.2140210584,5.0,33.40408700023545,True,True
10.831,69.37162104672765,-110.65292591764386,-0.13523951587775151,4.648965926790472,69.398865,-109.93003300000001,5.0,9314,0.960602310231023,-0.7231918710215738,-0.03210067569391928,0.19110121486,5.0,31.655270999181084,True,True
10.882,69.68625666022884,-110.687950099638,-0.08681008672046073,4.66128883690797,69.69989100000001,-109.988469,5.0,9316,0.9608085808580858,-0.7050013815336054,-0.07885560085128729,0.14517325107,5.0,32.091459001094336,True,True
10.93,69.84431141080368,-110.69989358628573,-0.0644301981704147,4.6718184447483955,69.850494,-110.017156,5.0,9317,0.9609117161716172,-0.6906074339914577,-0.10070307255594235,0.1233882262,5.0,30.285676999483258,True,True
10.98,70.16148347795766,-110.71463502695043,-0.02623044298153895,4.676313088116505,70.15134300000001,-110.073774,5.0,9319,0.9611179867986799,-0.6518510779381761,-0.14051630724510167,0.082551150155,5.0,30.984355998953106,True,True
11.029,70.32020560741354,-110.71736130876398,-0.006861322040370192,4.66240983528645,70.30065400000001,-110.10164499999999,5.0,9320,0.9612211221122112,-0.6285898562228341,-0.1584370722465307,0.065892230598,5.0,29.10090799923637,True,True
11.08,70.63742559521695,-110.71262591421971,0.037527889932175776,4.675383863570856,70.601077,-110.157183,5.0,9322,0.9614273927392739,-0.5727507729473368,-0.19455718893914398,0.027961550388,5.0,30.54431099735666,True,True
11.128,70.79678214274719,-110.70516479528273,0.05586916961392193,4.7024697571147085,70.751914,-110.184358,5.0,9323,0.9615305280528053,-0.5405317604209864,-0.21444974826247964,0.0082003477963,5.0,28.015476000291528,True,True
11.181,71.11637202851603,-110.68325611898617,0.08013394423472009,4.729720654879199,71.054142,-110.23768500000001,5.0,9325,0.9617367986798679,-0.4680949454266833,-0.24371457833341292,-0.021559892365,5.0,31.78793999904883,True,True
11.231,71.27683714703454,-110.669822282328,0.08588013333986588,4.73855072386818,71.205404,-110.26396499999998,5.0,9326,0.9618399339933993,-0.4286393990372406,-0.25174405698691205,-0.030142632936,5.0,31.552328997349832,True,True
11.281,71.43746878390786,-110.65565952398178,0.08925227312364703,4.742963267912015,71.50738100000001,-110.316194,5.0,9328,0.9620462046204621,-0.34658990165777226,-0.2590299957462423,-0.037845564251,5.0,31.260842999472516,True,True
11.329,71.75786245639972,-110.62543283788844,0.09802918225352876,4.727670497525457,71.65825600000001,-110.34181699999999,5.0,9329,0.9621493399339934,-0.3050337111234222,-0.2611325428256057,-0.039463019186,5.0,29.809525000018766,True,True
11.38,71.91805608863854,-110.60922298919157,0.10238107829308032,4.7277926312643865,71.810038,-110.36757,5.0,9330,0.9622524752475248,-0.26308844618087,-0.26448441727955485,-0.042472230969,5.0,30.779250999330543,True,True
11.429,72.2377393516672,-110.57518781020374,0.1096187803786081,4.726976608333268,72.11166700000001,-110.417396,5.0,9332,0.9624587458745875,-0.1783024621996016,-0.2678307062497396,-0.048448365591,5.0,29.11456299989368,True,True
11.479,72.39740499160698,-110.55746197697633,0.1118207687080329,4.727157321498929,72.262614,-110.441873,5.0,9333,0.9625618811881188,-0.13561558446336577,-0.2697649754116731,-0.051036750072,5.0,29.506857998057967,True,True
11.537,72.71715884478905,-110.52148475687474,0.11218024535573687,4.731578718964234,72.56457900000001,-110.49043300000001,5.0,9335,0.9627681518151815,-0.049656632398125934,-0.27158170004476645,-0.047963324135,5.0,37.53704599876073,True,True
11.581,72.87676714657532,-110.50350979109794,0.11183281708964678,4.728434420404584,72.716151,-110.514733,5.0,9336,0.9628712871287128,-0.006510938656095407,-0.27021304672224566,-0.045209700532,5.0,31.807646999368444,True,True
11.63,73.19636052552974,-110.46759148880177,0.11116001190778992,4.734100326323454,73.01853100000001,-110.562265,5.0,9338,0.9630775577557755,0.07857745594169692,-0.2657135216349982,-0.040650311406,5.0,31.010363996756496,True,True
11.682,73.35619196292748,-110.44929165690714,0.10806137195617888,4.744489672740527,73.16971600000001,-110.585582,5.0,9339,0.963180693069307,0.12066219418244788,-0.26353552216939935,-0.070841246994,5.0,32.15468700000201,True,True
11.732,73.67551928168417,-110.41535605504667,0.10274118848807808,4.729520208031413,73.47061500000001,-110.631592,5.0,9341,0.9633869636963697,0.20400431752073697,-0.25558984299909904,-0.12906656759,5.0,32.49285000129021,True,True
11.785,73.83550713724128,-110.39911326185982,0.0992900676329286,4.730058761602901,73.621654,-110.654417,5.0,9342,0.963490099009901,0.24435873775260086,-0.25086009407293597,-0.27823874919,5.0,35.833956997521454,True,True
11.836,74.15582086415995,-110.36892602312267,0.08783220839148405,4.732081968773527,73.92483299999999,-110.69868400000001,5.0,9344,0.9636963696369637,0.32194143750073934,-0.23679345841183386,-0.29139801275,5.0,36.31861499889055,True,True
11.886,74.31621177982636,-110.35553284676955,0.07921193329915112,4.73355079650626,74.076684,-110.72027299999999,5.0,9345,0.963799504950495,0.35891790203820706,-0.22786087126034493,-0.29563243284,5.0,36.478073001489975,True,True
11.934,74.63626068577246,-110.33411141209079,0.0513988551727159,4.714539972119801,74.380414,-110.76253600000001,5.0,9347,0.9640057755775577,0.4279726124939766,-0.2034771277172922,-0.2963263682,5.0,34.27067900338443,True,True
11.984,74.79655031417167,-110.32718292903542,0.03522807609013981,4.748963885286225,74.532358,-110.783239,5.0,9348,0.9641089108910891,0.4590210998647086,-0.1865584045803912,-0.29157038436,5.0,34.48421899884124,True,True
12.031,75.11733038707585,-110.31977168150316,0.004846392628791109,4.70871329042178,74.83635500000001,-110.82432800000001,5.0,9350,0.9643151815181518,0.5135131909210758,-0.1526116004312601,-0.27986828507,5.0,32.048507000581594,True,True
12.097,75.27731099043064,-110.32048144254316,-0.013294752413385284,4.706905003010572,74.988574,-110.844349,5.0,9351,0.9644183168316832,0.5367758677475242,-0.13468440702460205,-0.33483885763,5.0,47.82792799960589,True,True
12.136,75.59665793424452,-110.33063691765143,-0.051205412096475965,4.686371592215816,75.291954,-110.883427,5.0,9353,0.9646245874587459,0.5732215538628079,-0.095633341026514,-0.29773413573,5.0,36.879534000036074,True,True
12.186,75.7555474526217,-110.34053315186426,-0.0728457906792388,4.679040910876287,75.595388,-110.921924,5.0,9355,0.9648308580858086,0.5912884460948583,-0.07495460244778496,-0.27361662697,5.0,36.196886001562234,True,True
12.232,75.91382477938902,-110.35392710896093,-0.09560475585102658,4.670427650843237,75.74720400000001,-110.94118999999999,5.0,9356,0.9649339933993399,0.6007147929042509,-0.052783142142595274,-0.24936718877,5.0,32.418109996797284,True,True
12.28,76.22929118132565,-110.39163505267456,-0.14197713526865172,4.6640952388689065,76.05139,-110.979068,5.0,9358,0.9651402640264026,0.6084071450875614,-0.0034282458203822586,-0.19924640043,5.0,30.6303420002223,True,True
12.332,76.38664467829204,-110.41587952596686,-0.1658157315690026,4.670788122549378,76.20349300000001,-110.997607,5.0,9359,0.965243399339934,0.6065208546332932,0.021424180510062563,-0.17442548781,5.0,32.97734700026922,True,True
12.382,76.69826204096131,-110.47419048914153,-0.21035768409679792,4.661878727617021,76.507475,-111.03405,5.0,9361,0.9654496699669967,0.5914983393152878,0.06897181229594018,-0.12693210638,5.0,32.483882998349145,True,True
12.43,76.85326288019391,-110.50881972124236,-0.23398769131711042,4.6820255332297585,76.657616,-111.052174,5.0,9362,0.965552805280528,0.5794109417935589,0.0919658578566418,-0.10309911215,5.0,30.225934999180026,True,True
12.477,77.1630425575279,-110.58923877802994,-0.2720702827329724,4.723676820386336,76.961894,-111.08743899999999,5.0,9364,0.9657590759075908,0.5419410969031704,0.14160186746434889,-0.053981208547,5.0,27.941776999796275,True,True
12.528,77.31765475938658,-110.63372385635758,-0.2883893823380512,4.736959741190252,77.11431,-111.104497,5.0,9365,0.9658622112211221,0.5175576271981268,0.16172937888060313,-0.034745069749,5.0,28.93066899923724,True,True
12.579,77.62611816378187,-110.72998579947685,-0.3156250911525744,4.7641455746253545,77.419578,-111.13771499999999,5.0,9367,0.9660684818481848,0.4599431680099276,0.19636161501441274,-0.0028311279065,5.0,29.658532002940774,True,True
12.629,77.77963164837655,-110.78115636248897,-0.326431147719955,4.722234414212459,77.57195,-111.153985,5.0,9368,0.9661716171617162,0.4273533612909961,0.20927642224262089,0.009127339156,5.0,29.30200399714522,True,True
12.68,78.08553870833197,-110.88570938375153,-0.3427269433687588,4.782097062535767,77.876819,-111.186402,5.0,9370,0.9663778877887789,0.3585086722800038,0.23171136593975827,0.032667033888,5.0,30.986288998974487,True,True
12.73,78.23864187721813,-110.94094131117522,-0.3474621782966479,4.81087195476135,78.030235,-111.202183,5.0,9371,0.9664810231023102,0.32041055017417125,0.24153889809604623,0.041076795958,5.0,30.967333001171937,True,True
12.783,78.54412119745739,-111.05294405977037,-0.3546057045608553,4.787162029473244,78.33507900000001,-111.232436,5.0,9373,0.9666872937293729,0.24011320624670576,0.25444849940543435,0.053000459003,5.0,33.129471998108784,True,True
12.834,78.69678264629212,-111.10966033528254,-0.35665911922232724,4.7924471502366,78.48733399999999,-111.24721799999999,5.0,9374,0.9667904290429042,0.19883784357694642,0.2580127125745282,0.05510557188,5.0,34.32254599829321,True,True
12.879,78.84953403317672,-111.16662530906055,-0.3570393007909503,4.797078002920008,78.791934,-111.27677,5.0,9376,0.966996699669967,0.1152093829385368,0.25998105903371593,0.062442894273,5.0,29.822589000104927,True,True
12.928,79.15690622452027,-111.28074343191179,-0.3537628508799781,4.803299560386961,78.94459499999999,-111.29163799999999,5.0,9377,0.9670998349834984,0.07320389119186668,0.2600976456329449,0.063269807706,5.0,28.164364000986097,True,True
12.98,79.30965338191106,-111.33703400600452,-0.3510323410952767,4.793253270984946,79.249835,-111.320299,5.0,9379,0.9673061056105611,-0.011185796560305834,0.25882170392416226,0.062575909613,5.0,30.574456999602262,True,True
13.032,79.61551534878707,-111.44756324157947,-0.3409709587766706,4.7862806132373095,79.402284,-111.334321,5.0,9380,0.9674092409240924,-0.05269957323470348,0.2550531276384467,0.058914701329,5.0,32.57487299924833,True,True
13.079,79.76930951532569,-111.50186636701989,-0.33617618928456494,4.798340963878864,79.55481400000001,-111.348129,5.0,9381,0.9675123762376238,-0.09368094288869344,0.25158658637057485,0.054420757342,5.0,29.614688999572536,True,True
13.132,80.07720264683815,-111.60733140932015,-0.32311382732376864,4.801960942928113,80.010811,-111.388676,5.0,9384,0.9678217821782178,-0.18827561696374157,0.24454709151134102,0.27447216195,5.0,32.55221000290476,True,True
13.182,80.2322736609438,-111.6587688130649,-0.31747232082131693,4.808489085002275,80.16369399999999,-111.401604,5.0,9385,0.9679249174917491,-0.22316926561994752,0.23990875217390162,0.28125047844,5.0,32.23237199927098,True,True
13.232,80.54402642152556,-111.75891830018466,-0.30299061603614086,4.820058848657616,80.469923,-111.426456,5.0,9387,0.9681311881188119,-0.29455489723334666,0.23208789864007118,0.29524628075,5.0,32.279200000630226,True,True
13.283,80.70006162302526,-111.80717308628145,-0.29324893443857547,4.748516069698961,80.623203,-111.438456,5.0,9388,0.9682343234323433,-0.33009849502620003,0.22529154188043243,0.30024701113,5.0,33.882201998494565,True,True
13.331,81.01365112677266,-111.89808504883243,-0.26854404865485776,4.81824163741636,80.92925799999999,-111.462103,5.0,9390,0.968440594059406,-0.39825914606978463,0.20569931633059468,0.30517258108,5.0,31.38847200170858,True,True
13.382,81.17246198918956,-111.94047056471136,-0.2551334381736101,4.813556173454242,81.081964,-111.473621,5.0,9391,0.9685437293729373,-0.429926013867267,0.19496972662680268,0.3049057031,5.0,32.247160001134034,True,True
13.431000000000001,81.49039028871444,-112.01830251302175,-0.2233356822948884,4.799111148145789,81.389042,-111.49540900000001,5.0,9393,0.96875,-0.4888120999491879,0.17090915053130473,0.30136445642,5.0,31.340322002506582,True,True
13.487,81.64973349301216,-112.05293102323421,-0.2049817497805757,4.79483535978328,81.541892,-111.50581299999999,5.0,9394,0.9688531353135313,-0.5150707982623604,0.15602411172457575,0.37419657263,5.0,37.186219000432175,True,True
13.537,81.96986854887328,-112.11325676419878,-0.1649995672646745,4.809405330737647,81.847539,-111.526123,5.0,9396,0.969059405940594,-0.5597212694101202,0.11949968485947471,0.33804793357,5.0,37.099676999787334,True,True
13.584,82.13045263846216,-112.1382497656512,-0.14324663009976246,4.776228857473391,82.000416,-111.536302,5.0,9397,0.9691625412541254,-0.5777151613070284,0.09888300325533139,0.32113514511,5.0,34.996918999240734,True,True
13.635,82.45071643726108,-112.17657486184548,-0.09324554459571349,4.735797445256793,82.306567,-111.55623600000001,5.0,9399,0.9693688118811881,-0.6030606766015909,0.056279204475790934,0.28012646521,5.0,35.4777100001229,True,True
13.683,82.61114071134784,-112.18946865702294,-0.06701096594370407,4.7364112646946515,82.459753,-111.56576000000001,5.0,9400,0.9694719471947195,-0.6102437622069788,0.031949348648621534,0.25564287945,5.0,33.1247030007944,True,True
13.735,82.93149472058097,-112.20293239936484,-0.013978110283612576,4.680983189772875,82.765715,-111.584107,5.0,9402,0.9696782178217822,-0.6126378832562539,-0.018202859580928266,0.20590784242,5.0,35.308852999150986,True,True
13.781,83.09188231445087,-112.20450470017111,0.013433868955821828,4.727625326157098,82.918053,-111.592932,5.0,9403,0.9697813531353136,-0.6081014586578896,-0.04490584011977461,0.17994379998,5.0,31.507643998338608,True,True
13.83,83.25250123645654,-112.20012464689695,0.041571050749257474,4.72380620134359,83.22315400000001,-111.61038899999998,5.0,9405,0.9699876237623762,-0.5874022217619419,-0.09487498314329779,0.13030608226,5.0,30.153438998240745,True,True
13.879,83.57445505793002,-112.17791924750745,0.09422359549912898,4.758273412593341,83.376478,-111.618397,5.0,9406,0.9700907590759076,-0.5702771999780087,-0.12089688078708916,0.10437591298,5.0,29.915643001004355,True,True
13.928,83.73631778590813,-112.16123919700905,0.11370140151471624,4.797719044374089,83.529963,-111.62606299999999,5.0,9407,0.9701938943894389,-0.5491099264277832,-0.14300554066667637,0.081917251164,5.0,28.355079997709254,True,True
13.98,84.06000066522999,-112.11815829271106,0.15040025338384144,4.807066687614603,83.990526,-111.64733899999999,5.0,9410,0.970503300330033,-0.5023921674877606,-0.17620324669266774,0.044942345393,5.0,30.339426000864478,True,True
14.028,84.22110225107741,-112.09273922574882,0.16927064842575298,4.803996747788658,84.14386999999999,-111.654,5.0,9411,0.9706064356435643,-0.47167466118841933,-0.19387407392874945,0.026639334702,5.0,28.560074002598412,True,True
14.08,84.54326250537322,-112.03306982922626,0.20001021253725657,4.751884065651891,84.452398,-111.666807,5.0,9413,0.9708127062706271,-0.4033191508923738,-0.22254659550050082,-0.0066548158632,5.0,30.86074300153996,True,True
14.129,84.70213936492523,-111.99962905190587,0.2117323221430665,4.803705177808812,84.605885,-111.67228,5.0,9414,0.9709158415841584,-0.3661842128033338,-0.23521971285451837,-0.021163989967,5.0,29.822970001987414,True,True
14.179,85.02196930120193,-111.92858707075442,0.22498113620946766,4.82800257664646,84.908548,-111.68236200000001,5.0,9416,0.9711221122112211,-0.2861015364698475,-0.24972601293428198,-0.040940633163,5.0,29.284161002578912,True,True
14.229,85.18191257605949,-111.89155731650058,0.22903280442213178,4.834878779011123,85.06104300000001,-111.68718999999999,5.0,9417,0.9712252475247525,-0.24453895335218592,-0.25674204573507264,-0.054317321107,5.0,29.59613500206615,True,True
14.279,85.5021417182105,-111.81608588443056,0.23235164577743064,4.844451980057572,85.366049,-111.697015,5.0,9419,0.9714315181518152,-0.15879261517240353,-0.2640874604555874,-0.049779356674,5.0,29.335687002458144,True,True
14.329,85.66242883187417,-111.77818271052242,0.2314590533118118,4.849380652424084,85.518337,-111.701931,5.0,9420,0.9715346534653465,-0.11529798259985494,-0.2641495934403464,-0.045323203471,5.0,29.32830300051137,True,True
14.38,85.98359225718177,-111.70331684835408,0.22675090233421902,4.734982660088997,85.823252,-111.71141999999999,5.0,9422,0.9717409240924092,-0.02905186688025955,-0.25998320879086734,-0.039341408477,5.0,30.321813999762526,True,True
14.43,86.14179996139276,-111.66590391802126,0.2223486861295142,4.822496357134485,85.975646,-111.71603799999998,5.0,9423,0.9718440594059405,0.01293428759035412,-0.25561806080750804,-0.035228237673,5.0,30.636243001936236,True,True
14.484,86.46259408626479,-111.59394979306326,0.21546387570612796,4.842520418388288,86.275121,-111.72574499999999,5.0,9425,0.9720503300330033,0.09720538083046525,-0.25710651083016556,-0.023785266039,5.0,34.22096500071348,True,True
14.533,86.62328779973814,-111.5591127508193,0.2111730851347839,4.836622064233137,86.427146,-111.73183799999998,5.0,9426,0.9721534653465347,0.13896105704828654,-0.2516227624919525,-0.016860758896,5.0,33.21965000213822,True,True
14.587,86.9455674534997,-111.49149960890438,0.20235012278923423,4.847936710156873,86.732539,-111.740248,5.0,9428,0.9723597359735974,0.21633921112444598,-0.22906091838620268,-0.06141751786,5.0,37.846784998691874,True,True
14.63,87.10694186801896,-111.45861818480415,0.19827353138663556,4.850808462619905,86.88446,-111.743609,5.0,9429,0.9724628712871287,0.25332704891346636,-0.22382156891426463,-0.071489023678,5.0,30.57192199776182,True,True
14.683,87.43082509491744,-111.39452926929883,0.19066237124936924,4.856034977415775,87.188068,-111.74949699999999,5.0,9431,0.9726691419141914,0.3246088575349368,-0.21336238161853593,-0.11958232283,5.0,33.41563699723338,True,True
14.731,87.59279933943866,-111.36323520822066,0.1855393293715699,4.833006563225203,87.491782,-111.75484499999999,5.0,9433,0.9728754125412541,0.365435589492807,-0.20555633183383826,-0.27338419251,5.0,31.894088002445642,True,True
14.784,87.7550649765637,-111.33294944813821,0.18184663966846043,4.846590053290502,87.644701,-111.756751,5.0,9434,0.9729785478547854,0.3969237467684978,-0.1963757228003744,-0.27799677785,5.0,34.70403000028455,True,True
14.831,88.07956676741694,-111.27499808657326,0.17097932160419943,4.8476665071159974,87.94810799999999,-111.759197,5.0,9436,0.9731848184818482,0.45671516692267744,-0.18303934437353897,-0.28766307524,5.0,31.155734999629203,True,True
14.886,88.24203081998836,-111.24759173022149,0.16322294753165306,4.844194204437249,88.09967900000001,-111.760005,5.0,9437,0.9732879537953796,0.4854237406341114,-0.17581979761313926,-0.29078276694,5.0,36.842194000200834,True,True
14.94,88.56719016109021,-111.19733246283084,0.14322879822071527,4.868275151767007,88.402715,-111.76137299999999,5.0,9439,0.9734942244224423,0.5397389549315595,-0.15891211719539378,-0.36062385785,5.0,40.693647002626676,True,True
14.983,88.73027207990705,-111.17474831475757,0.13230199430615186,4.826735954476025,88.55458399999999,-111.76218999999999,5.0,9440,0.9735973597359736,0.5649163570231263,-0.14856557064478038,-0.34749466409,5.0,33.61224599939305,True,True
15.035,89.05568795597583,-111.13595421076779,0.10296348384233235,4.829675861037454,88.857823,-111.76353,5.0,9442,0.9738036303630363,0.6093971106143936,-0.12151362110044683,-0.31918515069,5.0,35.38962399761658,True,True
15.085,89.21830591124156,-111.12039888289708,0.0866596029849103,4.7971559316376835,89.009344,-111.76393600000002,5.0,9443,0.9739067656765676,0.628081809580321,-0.10539857610309111,-0.30228614957,5.0,35.90861600241624,True,True
15.132,89.54032767228307,-111.09634720660955,0.04844975857572117,4.769585149617694,89.312173,-111.764384,5.0,9445,0.9741130363036303,0.6572973893761179,-0.06979295044521683,-0.26473846902,5.0,32.55382399947848,True,True
15.182,89.70186099857627,-111.09016050951533,0.02847886955089843,4.74616365985106,89.613967,-111.764738,5.0,9447,0.974319306930693,0.6724351294182276,-0.04575146120106455,-0.24019826487,5.0,32.807047999085626,True,True
15.231,90.02382520058485,-111.08795938974521,-0.015973724281264548,4.723924864537459,89.917812,-111.763166,5.0,9449,0.9745255775577558,0.6781108480772257,0.0005343567294842089,-0.19541652901,5.0,31.298432000767207,True,True
15.28,90.18429472699495,-111.09238919669366,-0.03981528371596243,4.717295037387691,90.06995400000001,-111.761905,5.0,9450,0.9746287128712872,0.6755224287299318,0.024628925840086247,-0.1719220655,5.0,30.574837001040578,True,True
15.33,90.50394554773314,-111.11214777411726,-0.09156058544485822,4.714669375171399,90.373991,-111.758829,5.0,9452,0.9748349834983498,0.6587680093812607,0.07642847404832809,-0.12364674608,5.0,30.359864998899866,True,True
15.38,90.66368821302136,-111.12739588247337,-0.11351611210826106,4.763690967776187,90.525809,-111.756983,5.0,9453,0.9749381188118812,0.6452057649186612,0.10378503604151268,-0.095941128108,5.0,30.946604001655942,True,True
15.427,90.82401993545697,-111.14711588213498,-0.13127030464626183,4.754834795966537,90.830848,-111.752572,5.0,9455,0.9751443894389439,0.6054776112622784,0.1489613085892314,-0.052649552419,5.0,27.531108000403037,True,True
15.479,91.14464000271464,-111.19477319264873,-0.16233641851722067,4.7667337544831545,90.98297,-111.74971599999999,5.0,9456,0.9752475247524752,0.5798310009523453,0.1669204965473119,-0.035616804621,5.0,29.215711998404004,True,True
15.527,91.30450033051538,-111.22210943458032,-0.17604567217114248,4.773162024267399,91.28666899999999,-111.743394,5.0,9458,0.9754537953795379,0.5207744117867099,0.19758939262591335,-0.0068906138221,5.0,27.33869700023206,True,True
15.579,91.62368728140608,-111.28299892446744,-0.2001229226936116,4.783709814024448,91.438503,-111.740096,5.0,9459,0.9755569306930693,0.48787247293984926,0.20994592142576796,0.0065780767808,5.0,29.545929999585496,True,True
15.629,91.78297435732813,-111.31620778218469,-0.21071562940397986,4.799858280599732,91.590404,-111.736911,5.0,9460,0.9756600660066007,0.4531074600655313,0.22117106135836284,0.021922732414,5.0,29.260465998959262,True,True
15.679,92.10156083784729,-111.38753868805412,-0.22881612545691515,4.782126287551935,91.89457900000001,-111.73023700000002,5.0,9462,0.9758663366336634,0.3776176388196925,0.24421822660357728,0.047068305496,5.0,29.886838998208987,True,True
15.729,92.2597304068082,-111.42503320008865,-0.23636544931597145,4.785293453227393,92.046663,-111.726448,5.0,9463,0.9759694719471947,0.33735920503729566,0.2543357786308107,0.057302378844,5.0,30.008065998117672,True,True
15.779,92.57512835770946,-111.50131438274911,-0.23827659656898648,4.784639519905855,92.350379,-111.718423,5.0,9465,0.9761757425742574,0.2536272686101312,0.2671809382204975,0.071195511822,5.0,29.55428600034793,True,True
15.831,92.73257329161356,-111.53966143123908,-0.23665599395542347,4.759527314006304,92.65234699999999,-111.71041799999999,5.0,9467,0.9763820132013201,0.22290590271366442,0.26568928564040295,0.073023032162,5.0,32.053736998932436,True,True
15.881,93.0487026386233,-111.6160723570652,-0.23524289015344654,4.787826439814099,92.956352,-111.70091799999999,5.0,9469,0.9765882838283828,0.13952169786735966,0.2717974868549051,0.077604944608,5.0,31.905869996990077,True,True
15.93,93.2071607493102,-111.65374605416875,-0.23170854936523724,4.792934730869238,93.108538,-111.69559199999999,5.0,9470,0.9766914191419142,0.0995170542347174,0.2713608356700741,0.076098342857,5.0,30.51159900132916,True,True
15.981000000000002,93.52444282549382,-111.72716796944682,-0.2221891792536241,4.714904893580145,93.412987,-111.68404,5.0,9472,0.976897689768977,-0.04757866005311969,0.2673509950589792,0.069222375331,5.0,31.554722001601476,True,True
16.031,93.68236578173799,-111.7632817435157,-0.21518100313299648,4.797608169669494,93.56532800000001,-111.677869,5.0,9473,0.9770008250825083,-0.06404674763733267,0.26302604961271747,0.06348043531,5.0,31.14785999787273,True,True
16.083,94.00221979134615,-111.83067799848463,-0.20075968526735086,4.797394121254994,93.869578,-111.66516299999999,5.0,9475,0.977207095709571,-0.13528122597085152,0.2522272576725668,0.099376389205,5.0,33.08530900176265,True,True
16.131,94.1622609046785,-111.86273838662414,-0.1949497195875473,4.80291668045255,94.022669,-111.65810400000001,5.0,9476,0.9773102310231023,-0.17378134274869395,0.24796330210722362,0.14771537477,5.0,31.525487000180874,True,True
16.187,94.48346636289278,-111.92449968263817,-0.1839836178998355,4.801825085380586,94.327062,-111.64316399999998,5.0,9478,0.977516501650165,-0.25104467091933375,0.23981713789177705,0.29220600021,5.0,37.517618999117985,True,True
16.233,94.64406101472727,-111.95391738113071,-0.17834075303552324,4.80106065953833,94.478998,-111.635433,5.0,9479,0.9776196369636964,-0.2891012163211615,0.23498698768077864,0.29979619925,5.0,33.43481300180429,True,True
16.284,94.96642906990455,-112.00931240003003,-0.16066869769830475,4.7906782949543025,94.782916,-111.619964,5.0,9481,0.977825907590759,-0.36291106515627636,0.2210982211648549,0.31222757523,5.0,34.51476500049466,True,True
16.332,95.1270167227839,-112.03450448940511,-0.14926641292425571,4.7800247846582895,94.935262,-111.6122,5.0,9482,0.9779290429042904,-0.3982075780872323,0.21271224730182903,0.31577883111,5.0,32.259231000352884,True,True
16.383,95.44862573581662,-112.07857650367563,-0.12223258250086069,4.7701123754313,95.239369,-111.595854,5.0,9484,0.9781353135313532,-0.4637500240355566,0.19127836519133767,0.31722762965,5.0,34.00494099696516,True,True
16.433,95.6094513705319,-112.09704533282549,-0.10621433851152065,4.760707858715786,95.391301,-111.587359,5.0,9485,0.9782384488448845,-0.49366795337664365,0.1783620267506434,0.31574820545,5.0,33.537175000674324,True,True
16.483,95.76918918887897,-112.11284764583638,-0.08638465837278418,4.724074250910026,95.543257,-111.578779,5.0,9486,0.9783415841584159,-0.5212149679571604,0.16318094920964565,0.31202798767,5.0,33.2829489998403,True,True
16.533,96.08912149323977,-112.13473512734413,-0.04661107500731166,4.721359045208921,95.845647,-111.56165800000001,5.0,9488,0.9785478547854786,-0.5677935931616576,0.12371336678686529,0.29546367117,5.0,33.870788996864576,True,True
16.589,96.4096317908971,-112.14246978418909,-0.0006654288936250272,4.711201512099973,95.997716,-111.552536,5.0,9489,0.9786509900990099,-0.5867524153227092,0.10764497187497168,0.3320756189,5.0,39.4596360019932,True,True
16.638,96.56926513417577,-112.14154772269663,0.023145116595510058,4.713688083003902,96.302256,-111.533271,5.0,9491,0.9788572607260726,-0.6149738895620313,0.06591238867888727,0.28898026577,5.0,38.500620001286734,True,True
16.685,96.72912187790138,-112.13587494860163,0.048281404486477685,4.681133235712125,96.45472600000001,-111.52314799999999,5.0,9492,0.9789603960396039,-0.6247198852656785,0.04377215378441468,0.2657345324,5.0,35.456728997814935,True,True
16.733,97.04765660078826,-112.1117242359507,0.10435661754429602,4.713053497708051,96.911204,-111.491708,5.0,9495,0.979269801980198,-0.6348652786070399,-0.005579111276523108,0.21366011735,5.0,33.69513999859919,True,True
16.781,97.20702268105464,-112.09292001499885,0.13098074214402813,4.721533440872349,97.0636,-111.48068400000001,5.0,9496,0.9793729372937293,-0.6312416109281218,-0.030777196263985562,0.18737441809,5.0,31.34805500303628,True,True
16.83,97.52562220142245,-112.04268805897658,0.18162007507684202,4.735382932574474,97.369251,-111.457402,5.0,9498,0.9795792079207921,-0.612449070822301,-0.07915243751517798,0.13704091625,5.0,30.682889999297913,True,True
16.879,97.6838464792597,-112.01174426903228,0.20450587987969082,4.753677267923958,97.52127800000001,-111.44545900000001,5.0,9499,0.9796823432343235,-0.5972448584726651,-0.10274474844253856,0.11332482222,5.0,29.839440001524054,True,True
16.931,97.9997556545097,-111.93951920402029,0.24511496413212916,4.7712908677733985,97.82520600000001,-111.421264,5.0,9501,0.9798886138613861,-0.5562621907070224,-0.14623897649485107,0.070066453367,5.0,31.265699999494245,True,True
16.979,98.1569037353238,-111.89863608130824,0.26341684962789924,4.785484228864541,97.977308,-111.40928600000001,5.0,9502,0.9799917491749175,-0.5307081569361789,-0.16577925165424245,0.05382715199,5.0,29.638203002832597,True,True
17.027,98.31377607656867,-111.85491084764423,0.27980483358301106,4.7988825137753555,98.281666,-111.38461799999999,5.0,9504,0.9801980198019802,-0.47138775924134807,-0.19751330818884982,0.023420542935,5.0,27.859653000632534,True,True
17.079,98.62694881807654,-111.76017758974459,0.3066388798316512,4.821187444658625,98.433592,-111.371991,5.0,9505,0.9803011551155115,-0.4382002554481782,-0.2107478841474415,0.010468016948,5.0,29.596295000374084,True,True
17.127,98.78301815117106,-111.70986516213006,0.3168362198617623,4.828925569497619,98.737473,-111.346249,5.0,9507,0.9805074257425742,-0.3661877862414556,-0.23133083280817868,-0.010098256147,5.0,28.020632998959627,True,True
17.179,99.09362255162887,-111.60546186710653,0.3316495215120946,4.801932261799398,98.889263,-111.33312600000001,5.0,9508,0.9806105610561056,-0.3283213103658778,-0.23985149040953146,-0.015899598902,5.0,29.37280600235681,True,True
17.229,99.24888634774364,-111.55183327756377,0.3376671384019508,4.841695778776629,99.191788,-111.30706799999999,5.0,9510,0.9808168316831684,-0.24893136914462216,-0.24816453251884996,-0.023368077316,5.0,29.214558999228757,True,True
17.279,99.55958568208027,-111.44175835641708,0.3430077168466244,4.824586977230368,99.343938,-111.293228,5.0,9511,0.9809199669966997,-0.2084316263150051,-0.24922357650302995,-0.024967651855,5.0,30.034314997465117,True,True
17.33,99.71489981942504,-111.3861412599834,0.34302374860438695,4.855330063344094,99.496222,-111.279058,5.0,9512,0.981023102310231,-0.16796712736629266,-0.24922185056747104,-0.025882911465,5.0,30.8038260009198,True,True
17.378,100.02621286751827,-111.27503686867416,0.34101814434052297,4.86333945158387,99.80069300000001,-111.24993500000001,5.0,9514,0.9812293729372937,-0.08695473152777113,-0.24652347720521384,-0.025466502208,5.0,28.53804299957119,True,True
17.429,100.18170738854096,-111.21993678410317,0.3392912844693558,4.853752169959094,99.95305,-111.23516699999999,5.0,9515,0.9813325082508251,-0.0468350073824824,-0.24371969086500256,-0.023762029942,5.0,29.609749999508495,True,True
17.485,100.49422613543119,-111.11043980607892,0.33539043947632446,4.8910060825534405,100.410331,-111.188879,5.0,9518,0.9816419141914191,0.07593400312464561,-0.23274698858644216,-0.039837908967,5.0,35.23691800000961,True,True
17.535,100.65044541709594,-111.0562307083982,0.3323276087127891,4.856343828824338,100.562647,-111.17268700000001,5.0,9519,0.9817450495049505,0.09249933977814938,-0.22882552854233884,-0.051221601531,5.0,35.63979199680034,True,True
17.593,100.96300818652112,-110.949296007491,0.3267854603452691,4.858847848037127,100.86624499999999,-111.139867,5.0,9521,0.9819513201320133,0.1496723156373897,-0.22136838888765498,-0.22871936137,5.0,43.98667300119996,True,True
17.635,101.1195029288584,-110.89660933490734,0.3223336466149731,4.859940165141945,101.017995,-111.12337600000001,5.0,9522,0.9820544554455446,0.1825579180657383,-0.21888601433047183,-0.2361976363,5.0,35.23636599857127,True,True
17.684,101.4337076179061,-110.79345431442675,0.31101825041333464,4.862243898829197,101.321747,-111.090499,5.0,9524,0.9822607260726073,0.25003859202293505,-0.20878482675141097,-0.24749845536,5.0,34.448441001586616,True,True
17.734,101.59123099830587,-110.74343650915448,0.30335725402716235,4.864759387804348,101.473674,-111.073803,5.0,9525,0.9823638613861386,0.2831831513355308,-0.20095830613502308,-0.25116407839,5.0,34.6742540023115,True,True
17.785,101.90769853455137,-110.6475564703524,0.28313156465419315,4.852438009791383,101.777005,-111.039973,5.0,9527,0.9825701320132013,0.34630851151024733,-0.18282501412332675,-0.25468769667,5.0,35.78489299979992,True,True
17.838,102.06538304297192,-110.60272099840006,0.2685459652246581,4.828169385853367,101.928713,-111.022925,5.0,9528,0.9826732673267327,0.37533566868612156,-0.17048345981701818,-0.25315671238,5.0,38.58633900017594,True,True
17.905,102.38238791071211,-110.5196877577695,0.23845369614194795,4.823875608853101,102.230755,-110.988998,5.0,9530,0.9828795379537953,0.42726937097160866,-0.14037206362233778,-0.33452529903,5.0,56.102902999555226,True,True
17.936,102.54199873545535,-110.48239403418744,0.22008077317050365,4.8167181120838185,102.382548,-110.97133400000001,5.0,9531,0.9829826732673267,0.4485272236378321,-0.12155605846942708,-0.23549860244,5.0,29.995050997968065,True,True
17.995,102.86269012274282,-110.41735738309625,0.17878616687687318,4.8057188691746795,102.686501,-110.935027,5.0,9533,0.9831889438943895,0.4813706776755789,-0.07959748922854226,-0.21193086814,5.0,45.825957000488415,True,True
18.035,103.0231853682565,-110.38999386690105,0.1544866485577992,4.785658486548762,102.99027199999999,-110.897916,5.0,9535,0.9833952145214522,0.49720591276141185,-0.056115732918855965,-0.25481105942,5.0,35.26635199887096,True,True
18.079,103.18413347579686,-110.36688009779648,0.1290492495366441,4.731685042081955,103.29381500000001,-110.860193,5.0,9537,0.9836014851485149,0.5053589380153278,-0.003594047346575646,-0.20384348574,5.0,29.916463998233667,True,True
18.132,103.50879835664969,-110.33092114030485,0.08667440778259573,4.805781709704155,103.445782,-110.840781,5.0,9538,0.9837046204620462,0.5039104150098489,0.02082378164392029,-0.18098025446,5.0,32.804051999846706,True,True
18.18,103.67168815197873,-110.31854361833366,0.06490443101965669,4.792306176257205,103.59849200000001,-110.82086299999999,5.0,9539,0.9838077557755776,0.4980843056541556,0.04394377030615537,-0.15923674752,5.0,30.028764998860424,True,True
18.229,103.99754782477945,-110.30490477163154,0.020172497252510344,4.808276331143596,103.90196,-110.78053100000001,5.0,9541,0.9840140264026402,0.4754496747224653,0.09127097202390555,-0.1125737801,5.0,29.327461001230404,True,True
18.281,104.16114422385995,-110.30325037467824,0.00020192590118556304,4.816360331076223,104.053342,-110.760225,5.0,9542,0.9841171617161716,0.45869491025737164,0.11328041404448719,-0.09176179828,5.0,31.503926998993848,True,True
18.33,104.4902188327048,-110.30908302415924,-0.03524564289023109,4.8554990057205565,104.356348,-110.719558,5.0,9544,0.9843234323432343,0.4153188351606308,0.15182389491536297,-0.047711070463,5.0,30.993841999588767,True,True
18.378,104.65428428701185,-110.31612018130522,-0.05068079356046969,4.834910565619568,104.507587,-110.699198,5.0,9545,0.9844265676567657,0.38888630206752295,0.16989091692692693,-0.028614435301,5.0,28.972616000828566,True,True
18.428,104.9830325473226,-110.33689195406396,-0.0742139965980723,4.856123587710834,104.810061,-110.657802,5.0,9547,0.9846328382838284,0.3279879253911656,0.200632096776018,0.0027149367846,5.0,28.669629002251895,True,True
18.48,105.14698448843164,-110.34944070427775,-0.08271344796726486,4.84472689659959,104.96116799999999,-110.63693899999998,5.0,9548,0.9847359735973598,0.29420721877048006,0.2116517466342911,0.01474855994,5.0,30.14569299921277,True,True
18.53,105.47550678622102,-110.37919772843985,-0.09834216170216907,4.844366072380179,105.41313899999999,-110.57426399999999,5.0,9551,0.9850453795379538,0.23374993870789357,0.229900658194802,0.037238908116,5.0,30.740738002350554,True,True
18.58,105.6400707493062,-110.3954994858273,-0.10260213731089099,4.868777797910657,105.56430300000001,-110.55259,5.0,9552,0.9851485148514851,0.1948066924370719,0.2417873710513092,0.047210756711,5.0,30.307665998407174,True,True
18.635,105.96964688608026,-110.43004340557196,-0.1055211362420426,4.878858104665343,105.86696299999998,-110.50821499999999,5.0,9554,0.9853547854785478,0.11402974506301626,0.25159345245211906,0.055639278279,5.0,35.51362500002142,True,True
18.684,106.1343946096352,-110.44723631237123,-0.10352859251374995,4.838961142276224,106.018231,-110.485767,5.0,9555,0.9854579207920792,0.0739292574110304,0.25392065699469635,0.056643352559,5.0,34.440184997947654,True,True
18.731,106.46304249292297,-110.4809850915145,-0.0953627761839014,4.875704029994561,106.320477,-110.440095,5.0,9557,0.985664191419142,-0.03338470322696994,0.2505219598365862,0.050225554163,5.0,31.915597999613965,True,True
18.782,106.62820163292582,-110.49632857390854,-0.08932673885651417,4.89090667522524,106.4718,-110.41698899999999,5.0,9558,0.9857673267326733,-0.06459252015007619,0.24846716141373593,0.046592028839,5.0,32.15671900034067,True,True
18.833,106.95904098100121,-110.52403838293178,-0.07895000886807783,4.873568595664975,106.77521999999999,-110.369251,5.0,9560,0.985973597359736,-0.14257041690395303,0.24199427085960368,0.084139243063,5.0,33.080709999921964,True,True
18.882,107.12476016980746,-110.53692181460603,-0.07440476857069227,4.868600322120927,106.926493,-110.34496200000001,5.0,9561,0.9860767326732673,-0.18197536057254,0.2386612123348315,0.10020854701,5.0,32.22647000075085,True,True
18.946,107.45492193922027,-110.56008730249995,-0.0659191642625885,4.866756527141407,107.227985,-110.29615700000001,5.0,9563,0.98628300330033,-0.25933882898107696,0.23052631437820192,0.23301150668,5.0,46.16322799847694,True,True
18.99,107.62069843042472,-110.57065957678284,-0.06197094071764858,4.859577219210464,107.378629,-110.27178899999998,5.0,9564,0.9863861386138614,-0.2967606556510757,0.22593131982180692,0.29573205222,5.0,40.57553500024369,True,True
19.036,107.95020687522242,-110.58921979720927,-0.04944719346291989,4.853473865751286,107.52958000000001,-110.247482,5.0,9565,0.9864892739273927,-0.33359071084092906,0.22211315230832085,0.30444478976,5.0,36.59793600309058,True,True
19.094,108.11487894561996,-110.5967038977773,-0.040998031710991714,4.848318028851125,107.830822,-110.19866100000002,5.0,9567,0.9866955445544554,-0.4046884900436511,0.21068734324540372,0.31726197283,5.0,44.33840199999395,True,True
19.133,108.27943860037672,-110.60263792719061,-0.03088289737926788,4.843455100674506,107.981264,-110.174109,5.0,9568,0.9867986798679867,-0.43861099490465144,0.20287041020288,0.32146144976,5.0,33.401259999664035,True,True
19.187,108.60690234799024,-110.60842500942991,-0.0025477356816404075,4.80747715554902,108.432377,-110.09998200000001,5.0,9571,0.9871080858085809,-0.5066892856089252,0.1820295216171237,0.40579456525,5.0,37.12557399921934,True,True
19.236,108.76953936548412,-110.6080400977096,0.01429530210774929,4.797082528550077,108.581833,-110.07559199999999,5.0,9572,0.9872112211221122,-0.5334224293623234,0.16676923999195603,0.39183608485,5.0,36.935068001184845,True,True
19.285,109.09584874269648,-110.59828551172325,0.047710237275284575,4.792568726209529,108.88304099999999,-110.024615,5.0,9574,0.9874174917491749,-0.582102019640385,0.14025106388960884,0.36291106153,5.0,35.49172400016687,True,True
19.336,109.25808187013772,-110.58951425140638,0.06675779846928538,4.787253217297943,109.033825,-109.998646,5.0,9575,0.9875206270627063,-0.6028386920875116,0.12316845255219544,0.34518941284,5.0,36.13895700254943,True,True
19.386,109.58066504691548,-110.5608185033999,0.11264039544707682,4.749088043319029,109.335094,-109.94633,5.0,9577,0.987726897689769,-0.6363596163224157,0.08445582882390301,0.30368738377,5.0,37.04434199971729,True,True
19.434,109.74077178692231,-110.5406991697504,0.13799957976632315,4.740626202052344,109.485476,-109.919995,5.0,9578,0.9878300330033003,-0.6478547037433622,0.062187544724937815,0.28021769631,5.0,34.29931099890382,True,True
19.484,110.05870641211874,-110.48775599218776,0.19212370746947924,4.761748780373853,109.786955,-109.865953,5.0,9580,0.988036303630363,-0.6602651400878855,0.015236267029965056,0.22926662649,5.0,34.819083997717826,True,True
19.532,110.2173377733298,-110.45499785449083,0.21740428337163753,4.744524819120986,109.93826899999999,-109.838225,5.0,9581,0.9881394389438944,-0.6606021495645606,-0.010360496321590418,0.20168367034,5.0,32.68203200059361,True,True
19.579,110.53171400210827,-110.37833185602241,0.2611609977531034,4.7904930659117,110.239157,-109.782595,5.0,9583,0.9883457095709571,-0.6498359751501268,-0.05655679270490932,0.15471023048,5.0,29.937672999949427,True,True
19.63,110.6878189369701,-110.33487132654854,0.2824039063112051,4.765382337523727,110.38923,-109.754733,5.0,9584,0.9884488448844885,-0.6391021363055002,-0.07812544590244519,0.13267818103,5.0,30.17702199940686,True,True
19.681,110.99788992133378,-110.23842848596743,0.31997602589540064,4.780199289710205,110.68960600000001,-109.699202,5.0,9586,0.9886551155115512,-0.6070827704769525,-0.11850669906845379,0.096944376783,5.0,31.655440001486568,True,True
19.733,111.15178777028062,-110.18595876828724,0.3369146546936472,4.792387796250767,110.839776,-109.671297,5.0,9587,0.9887582508250825,-0.5865076197704262,-0.13591494564841167,0.080837030446,5.0,33.556049998878734,True,True
19.78,111.30521821648361,-110.13095522275226,0.3512655692777164,4.798955346628518,111.13943300000001,-109.615393,5.0,9589,0.9889645214521452,-0.5372093121788225,-0.16689770170386176,0.05290055654,5.0,30.729587000678293,True,True
19.829,111.61029576608516,-110.01462919440922,0.37642764694590364,4.810055224748419,111.43912399999999,-109.55951,5.0,9591,0.9891707920792079,-0.5146245183896397,-0.1791771299404723,0.044683093528,5.0,29.711559996940196,True,True
19.879,111.76153494522899,-109.95423851055102,0.3862335042604834,4.8166746765771995,111.58866299999998,-109.531351,5.0,9592,0.9892739273927392,-0.4837621210470441,-0.19202797840328323,0.037126060433,5.0,29.286434000823647,True,True
19.928,112.0630581413012,-109.82801935129399,0.4065837618174884,4.821224883646854,111.887612,-109.47521100000002,5.0,9594,0.989480198019802,-0.41763253049433197,-0.2075356740965879,0.0247928846,5.0,28.608774999156594,True,True
19.979,112.21331550958884,-109.76274455243278,0.41326455461802364,4.8290983945935615,112.03759299999999,-109.446322,5.0,9595,0.9895833333333334,-0.38254586836919463,-0.21521021571563326,0.017648908253,5.0,29.32430500004557,True,True
20.031,112.51385511156502,-109.62944537822631,0.42073751171272444,4.839338379609008,112.33745900000001,-109.387653,5.0,9597,0.9897896039603961,-0.30987124507690494,-0.22266423695051474,0.009568290625,5.0,31.24937000029604,True,True
20.081,112.6636209753486,-109.56208388791633,0.4239677251389676,4.82431675111532,112.48738999999999,-109.357964,5.0,9598,0.9898927392739274,-0.27276829151095894,-0.22434565488940894,0.0070928446073,5.0,31.511750999925425,True,True
20.129,112.96336251886136,-109.42590542537238,0.42894966664515133,4.844996734532806,112.786837,-109.297354,5.0,9600,0.9900990099009901,-0.19872003157310825,-0.22364246678151334,0.003789198306,5.0,29.644795002241153,True,True
20.178,113.11371456419653,-109.35714673643433,0.4308738511562927,4.84508417340942,112.936663,-109.266028,5.0,9601,0.9902021452145214,-0.16209150332798639,-0.22030984777520368,0.0039700822006,5.0,28.87530299994978,True,True
20.231,113.41274691070706,-109.2191123553267,0.43300210946297274,4.835409219901482,113.236749,-109.20133899999999,5.0,9603,0.9904084158415841,-0.09045496165471106,-0.21750266460366952,0.0031173221871,5.0,31.66732200043043,True,True
20.279,113.56181011251512,-109.15006240307669,0.4344212512364433,4.832896578447409,113.385847,-109.16860700000001,5.0,9604,0.9905115511551155,-0.05511927279622812,-0.21622831127833164,0.004467036068,5.0,29.88297100091586,True,True
20.33,113.85976943052823,-109.01105515210774,0.43862615926544696,4.832835056056829,113.684137,-109.10268,5.0,9606,0.9907178217821783,0.01565357161704898,-0.2180387229570715,0.004888498274,5.0,30.456845001026522,True,True
20.387,114.00837773123666,-108.94110320662804,0.4412554688375911,4.834148261936585,113.83301999999999,-109.06951399999998,5.0,9607,0.9908209570957096,0.051162533348887776,-0.21839237344881735,0.0077360730931,5.0,37.58161799851223,True,True
20.431,114.30554340965077,-108.80003976128803,0.44409031192356013,4.835702765081846,114.13053300000001,-109.002326,5.0,9609,0.9910272277227723,0.12255429244317037,-0.22003848725606856,0.0092723449465,5.0,31.546315000014147,True,True
20.481,114.45392083038963,-108.72948721970377,0.4435782817050997,4.835382023370638,114.279016,-108.96849399999999,5.0,9610,0.9911303630363036,0.1582832888017823,-0.2195261113204796,0.01174759802,5.0,31.39292899868451,True,True
20.533,114.75034921850714,-108.58894589820287,0.4405989568074649,4.838365587945311,114.724112,-108.86566,5.0,9613,0.9914397689768977,0.23977405240510866,-0.21407220239476876,-0.22889819168,5.0,33.3213390003948,True,True
20.583,114.89851121509479,-108.51891378309449,0.44107701311300734,4.833973308776372,114.87126799999999,-108.8314,5.0,9614,0.991542904290429,0.27093420455153144,-0.208720399735022,-0.23480973049,5.0,33.639926001342246,True,True
20.633,115.19620792114522,-108.37850331463036,0.4386288849041133,4.847429564535303,115.167759,-108.75981000000002,5.0,9616,0.9917491749174917,0.3337098471039008,-0.20061111451512081,-0.25090753782,5.0,33.70872500090627,True,True
20.686,115.3452282630192,-108.3090441327845,0.43277944915687044,4.840001951323306,115.31608200000001,-108.72314899999999,5.0,9617,0.991852310231023,0.36489785313863565,-0.19527732433450984,-0.25639232946,5.0,36.74388900253689,True,True
20.733,115.49495982099192,-108.24061899679782,0.42404896554429694,4.841448186667577,115.46403899999999,-108.686252,5.0,9618,0.9919554455445545,0.3954766318142915,-0.18638104945253042,-0.25884951943,5.0,33.785259001888335,True,True
20.785,115.79578702647056,-108.10807637757824,0.40374888327996705,4.845278933662441,115.759859,-108.61101599999999,5.0,9620,0.9921617161716172,0.452169432459017,-0.16130754087103583,-0.25626555224,5.0,35.22721900299075,True,True
20.831,115.9476080784153,-108.04415502796009,0.39321962840384145,4.839957766238195,115.907793,-108.57243000000001,5.0,9621,0.9922648514851485,0.47754753096085256,-0.14645977573918678,-0.25371816715,5.0,31.96124199894257,True,True
20.888,116.25385955669823,-107.9217348445069,0.3676343434871734,4.821022113074238,116.20385900000001,-108.49305600000001,5.0,9623,0.9924711221122112,0.5203690519218201,-0.11489594531158875,-0.31065255475,5.0,38.22482200121158,True,True
20.932,116.40696102264793,-107.86408195045566,0.35178695702838175,4.8116759979579165,116.35203999999999,-108.452598,5.0,9624,0.9925742574257426,0.5378431384422082,-0.09963734535084479,-0.29620230262,5.0,32.42096300164121,True,True
20.982,116.71561701371851,-107.75664366591234,0.317237397610468,4.824633773717702,116.646124,-108.371152,5.0,9626,0.9927805280528053,0.5644233448349302,-0.06406291135890196,-0.26039514119,5.0,32.969881998724304,True,True
21.031,116.8711029058631,-107.7071332331787,0.29838510511453387,4.795596030260414,116.940096,-108.28906,5.0,9628,0.9929867986798679,0.5778044375784219,-0.04316046440391297,-0.23516834306,5.0,31.720631999633042,True,True
21.082,117.18467463261537,-107.6174849181297,0.2569575503748074,4.785028044112994,117.233574,-108.2059,5.0,9630,0.9931930693069307,0.5829298098447065,5.184232530819344e-06,-0.18870405765,5.0,32.90961799939396,True,True
21.131,117.34237254164573,-107.57778309748858,0.23611650274281792,4.787104400283238,117.38006899999999,-108.16401599999999,5.0,9631,0.9932962046204621,0.5804094953185558,0.022211139401417945,-0.16504618402,5.0,31.742453000333626,True,True
21.178,117.65984902143775,-107.5080059100777,0.19518179728417942,4.750946465412857,117.672927,-108.079527,5.0,9633,0.9935024752475248,0.5649846000167981,0.06780459960752383,-0.11586599681,5.0,28.235645997483516,True,True
21.228,117.81938803621172,-107.47770220504194,0.1758054531993745,4.765204988472899,117.819313,-108.03676000000002,5.0,9634,0.9936056105610561,0.5522767857410597,0.08921348737254142,-0.091137877307,5.0,28.465125000366243,True,True
21.28,118.14067467460254,-107.42756920561187,0.13381894786610068,4.799207909673818,118.110399,-107.95094499999999,5.0,9636,0.9938118811881188,0.5165359354899168,0.13760955760242233,-0.040294044758,5.0,30.13013400050113,True,True
21.326999999999998,118.30282700167439,-107.40718634608412,0.1159382176236841,4.8098401233689545,118.25666799999999,-107.906626,5.0,9637,0.9939150165016502,0.49202008499084826,0.16193310446768594,-0.017139355988,5.0,27.21907200248097,True,True
21.379,118.4656729221857,-107.38954244170765,0.09975551418459111,4.823742522680236,118.54898100000001,-107.81668799999998,5.0,9639,0.9941212871287128,0.432543705750024,0.20159536241338794,0.021169036996,5.0,29.366413000389002,True,True
21.428,118.79152098716474,-107.36011339367458,0.07503143739811549,4.832978258769822,118.69503200000001,-107.771024,5.0,9640,0.9942244224422442,0.3992724319845923,0.21871899074143775,0.036223907016,5.0,28.423948999261484,True,True
21.478,118.95566701203461,-107.34865282307004,0.06465593570017711,4.843722608230845,118.986519,-107.678028,5.0,9642,0.994430693069307,0.32268306332765495,0.24882749451678787,0.061006031277,5.0,28.834175998781575,True,True
21.531,119.285247207445,-107.32943201124861,0.0517385227380456,4.843254048773009,119.277776,-107.58196000000001,5.0,9644,0.9946369636963697,0.28988166085492734,0.2652762466445946,0.07101004786,5.0,31.54172699942137,True,True
21.58,119.44977512772519,-107.32136353631344,0.046534292962653614,4.8576461211760344,119.42393899999999,-107.532794,5.0,9645,0.994740099009901,0.24615343140211296,0.27438057937895133,0.078785101746,5.0,31.010122002044227,True,True
21.632,119.77927636018892,-107.30727808172708,0.04066958419466156,4.841096756115425,119.71305900000002,-107.43415800000001,5.0,9647,0.9949463696369637,0.1551323356108384,0.28761135304430674,0.092574408814,5.0,32.83032000035746,True,True
21.679,119.9441960476962,-107.30071277114808,0.03925166799711973,4.866491457817743,119.857564,-107.38451,5.0,9648,0.995049504950495,0.1099714678782902,0.2909381951220684,0.097329543147,5.0,29.50710699951742,True,True
21.73,120.27255012273761,-107.28756175552921,0.04276034509449127,4.829507979539505,120.145923,-107.28468500000001,5.0,9650,0.9952557755775577,0.03861386202321357,0.2955015896130937,0.10503584654,5.0,30.957292001403403,True,True
21.78,120.43646826392352,-107.28027102363136,0.04631635503382126,4.826597286345535,120.289826,-107.23443700000001,5.0,9651,0.9953589108910891,-0.05586318631462209,0.2939621572415314,0.10497435871,5.0,31.02582000065013,True,True
21.834,120.76382574993153,-107.2631680021347,0.05898324922414229,4.8224475964638405,120.577405,-107.13328600000001,5.0,9653,0.9955651815181518,-0.14082759876306153,0.28796119245091134,0.18529731395,5.0,34.163777003414,True,True
21.887,120.92674642608497,-107.25281884483807,0.06785142090743489,4.805911875390662,120.72111799999999,-107.08228899999999,5.0,9654,0.9956683168316832,-0.18585253648380878,0.28330689363863826,0.30870909213,5.0,37.67216699998244,True,True
21.934,121.25246210144813,-107.2272165817881,0.09103181889665729,4.798553069824463,121.00724,-106.97953999999999,5.0,9656,0.9958745874587459,-0.2740610189502358,0.2675478899228092,0.33901934827,5.0,34.26395499991486,True,True
21.982,121.41529321346447,-107.21138902184039,0.10330707490958227,4.810683658449282,121.15068899999999,-106.92735400000001,5.0,9657,0.9959777227722773,-0.31666280510188416,0.2597723401989436,0.34456352466,5.0,32.766529999207705,True,True
22.031,121.73946551704996,-107.1734420824504,0.1347521095763878,4.802001923438151,121.43780100000001,-106.82122199999999,5.0,9659,0.9961839933993399,-0.3976032570378721,0.23883108273240605,0.35053355259,5.0,31.60165900044376,True,True
22.082,121.90100171571986,-107.15006406236608,0.1542087118438245,4.795415711943169,121.581052,-106.76748300000001,5.0,9660,0.9962871287128713,-0.4357502316741892,0.2256710910529578,0.35066155823,5.0,32.22358399943914,True,True
22.132,122.22188794308418,-107.0931611714777,0.19786232591097258,4.789509777093367,121.867269,-106.65855400000001,5.0,9662,0.996493399339934,-0.5037107276846172,0.19218326197773994,0.34266045397,5.0,32.166987999517005,True,True
22.183,122.38113041157902,-107.05936310042861,0.22073386549184038,4.782594316562041,122.01018799999999,-106.603118,5.0,9663,0.9965965346534653,-0.5335071160358787,0.17403970799533797,0.33593406847,5.0,33.54047999891918,True,True
22.239,122.69715965875825,-106.98068759291553,0.2675376993304362,4.770180511842985,122.29565900000001,-106.490378,5.0,9665,0.996802805280528,-0.584065186079547,0.13619424316005357,0.37321342601,5.0,39.95879899957799,True,True
22.29,122.8521713136808,-106.93624998256571,0.2926941330189947,4.727002006251983,122.43924299999999,-106.43262299999999,5.0,9666,0.9969059405940595,-0.6048555805705396,0.11688758210431871,0.3523531499,5.0,40.41047499777051,True,True
22.335,123.15623245414768,-106.83548507668905,0.34874454146934,4.691097490856864,122.72215800000001,-106.31693,5.0,9668,0.9971122112211221,-0.6358896484517106,0.07089833633153475,0.30509966299,5.0,35.56562199810287,True,True
22.388,123.30516992999675,-106.77889552141626,0.3769760405498506,4.6730872471978095,122.86341399999999,-106.258338,5.0,9669,0.9972153465346535,-0.6454780620652846,0.046343308824321916,0.28020009262,5.0,38.615012002992444,True,True
22.435,123.59615392681415,-106.65384653773108,0.4343396743746729,4.655922697677487,123.004251,-106.199293,5.0,9670,0.9973184818481848,-0.6510695352834868,0.021876594937485727,0.25484250582,5.0,35.804639002890326,True,True
22.483,123.73860541942733,-106.58532943526842,0.46234436990654787,4.653359905406449,123.285472,-106.079645,5.0,9672,0.9975247524752475,-0.6502721215042653,-0.02902602368000018,0.20373205395,5.0,33.86271300041699,True,True
22.53,123.8792713021816,-106.5128755494068,0.48899381301740413,4.660066018085903,123.42574599999999,-106.019205,5.0,9673,0.9976278877887789,-0.6438664349233313,-0.05430771286567815,0.17949676503,5.0,30.777285999647574,True,True
22.579,124.15480940174511,-106.35788119129008,0.5398166416419977,4.6743338767058935,123.706047,-105.897227,5.0,9675,0.9978341584158416,-0.619474857066739,-0.1021193507333229,0.13224034376,5.0,29.41938199728611,True,True
22.628,124.28963216037765,-106.27489387062599,0.5639153443969341,4.6361625422067325,123.84607700000001,-105.83558899999998,5.0,9676,0.9979372937293729,-0.6026490082524939,-0.12349487219979283,0.11021187491,5.0,28.707149002002552,True,True
22.678,124.55219115887895,-106.09930649256636,0.6135184933832127,4.680736154274336,124.12438600000002,-105.711469,5.0,9678,0.9981435643564357,-0.5575706989917588,-0.16941902051935864,0.063405857242,5.0,28.769324002496433,True,True
22.729,124.68150953158984,-106.00636876122063,0.6332547942167526,4.679269240152225,124.264133,-105.648432,5.0,9679,0.998246699669967,-0.5296671913013545,-0.18828310621906308,0.043899688268,5.0,29.864446001738543,True,True
22.779,124.9345636994609,-105.81240818674101,0.6724950085368946,4.696614552885595,124.682195,-105.45644399999999,5.0,9682,0.9985561056105611,-0.47174570362631496,-0.21934866250589247,0.0063735898509,5.0,29.337257998122368,True,True
22.83,125.05905229494321,-105.71213304137905,0.6886647027957035,4.710413611340219,124.820973,-105.39159599999999,5.0,9683,0.9986592409240924,-0.43587354073604095,-0.2344155988934471,-0.010416992065,5.0,30.387695001991233,True,True
22.878,125.30462934509575,-105.50467884721655,0.7141700170107996,4.771997725971437,125.09869499999999,-105.26065,5.0,9685,0.9988655115511551,-0.35851659241168876,-0.2589391214173773,-0.036759234092,5.0,28.421111997886328,True,True
22.935,125.42588383580188,-105.39841681756307,0.7253376171292409,4.730004092621027,125.237349,-105.194571,5.0,9686,0.9989686468646864,-0.31732242552566464,-0.26840561336042246,-0.46485817519,5.0,35.29041600268101,True,True
22.99,125.66465571115991,-105.18223064563237,0.7451115389327977,4.744891543329844,125.514548,-105.06135900000001,5.0,9688,0.9991749174917491,-0.2318705101719847,-0.28531955657837305,-0.061893532431,5.0,40.37928699835902,True,True
