t,x,y,yaw,speed_measured,x_ref,y_ref,speed_ref,path_index,progress,cte,heading_error,steering_cmd,speed_cmd,compute_time_ms,did_compute,controller_success
0.03500000000000003,33.39999566050942,-92.89999666748118,-0.6334334859363075,0.003343028436129128,32.934173,-93.47543,5.0,9047,0.9330651815181518,0.7403218250829543,-0.03949249178777858,-0.23074486806,5.0,35.82081499916967,True,True
0.08500000000000002,33.40000748595754,-92.90000529067257,-0.6334344537399785,8.58363725535817e-05,32.934173,-93.47543,5.0,9047,0.9330651815181518,0.7403217304425005,-0.03949300585147153,-0.23074538212,5.0,35.14937999898393,True,True
0.139,33.400012479050346,-92.90000894001187,-0.6334341724639123,8.353934319088751e-05,32.934173,-93.47543,5.0,9047,0.9330651815181518,0.7403224805870978,-0.03949258645617215,-0.23074496273,5.0,39.28208400066069,True,True
0.186,33.39999025733218,-92.89999251734693,-0.6334340929590903,0.0010065550428387466,32.934173,-93.47543,5.0,9047,0.9330651815181518,0.7403226005928053,-0.03949231932386654,-0.23074469559,5.0,36.9848299997102,True,True
0.23500000000000004,33.39998867114703,-92.89999132763369,-0.6334341145386863,0.000967951949684472,32.934173,-93.47543,5.0,9047,0.9330651815181518,0.7403216131951326,-0.039492398828688824,-0.2307447751,5.0,35.84573199987062,True,True
0.284,33.39998725153236,-92.89999027043059,-0.6334341123179447,0.0009525268994561812,32.934173,-93.47543,5.0,9047,0.9330651815181518,0.740321556379801,-0.03949237724909249,-0.23074475352,5.0,34.45861900036107,True,True
0.334,33.399985412292935,-92.89998890658659,-0.6334341254429012,0.000937378833728277,32.934173,-93.47543,5.0,9047,0.9330651815181518,0.7403214996040988,-0.039492379469834304,-0.23074475574,5.0,34.24906800137251,True,True
0.38400000000000006,33.39998050774791,-92.89998527721224,-0.6334341356254691,0.00090789624934422,32.934173,-93.47543,5.0,9047,0.9330651815181518,0.7403213242675298,-0.03949236574480608,-0.23074474202,5.0,34.957340998516884,True,True
0.433,33.399977456836304,-92.89998302286035,-0.6334341392313626,0.0008935521789105966,32.934173,-93.47543,5.0,9047,0.9330651815181518,0.7403212072394599,-0.03949235616230995,-0.23074473243,5.0,33.68068500094523,True,True
0.48700000000000004,33.399970193356154,-92.8999776612772,-0.6334341517060762,0.0008656355552995047,32.934173,-93.47543,5.0,9047,0.9330651815181518,0.7403209166599913,-0.03949234517182898,-0.23074472144,5.0,37.25386299993261,True,True
0.534,33.39996599477401,-92.89997456420586,-0.6334341581474443,0.0008520541482214764,32.934173,-93.47543,5.0,9047,0.9330651815181518,0.7403207436265867,-0.03949234008170288,-0.23074471635,5.0,34.612387000379385,True,True
0.5840000000000001,33.3999564978742,-92.89996756239942,-0.6334341699105803,0.0008256234951959437,32.934173,-93.47543,5.0,9047,0.9330651815181518,0.7403203436643314,-0.03949232797480562,-0.23074470425,5.0,35.00347699991835,True,True
0.6360000000000001,33.39995121276815,-92.8999636673861,-0.6334341757712518,0.0008127657999855732,32.934173,-93.47543,5.0,9047,0.9330651815181518,0.7403201174103732,-0.039492321877198755,-0.23074469815,5.0,36.549847000060254,True,True
0.6839999999999999,33.401364414714386,-92.90099867375297,-0.6334595431395486,0.10534872231134734,32.934173,-93.47543,5.0,9047,0.9330651815181518,0.7403196139349407,-0.0394923100310276,-0.2307446863,5.0,34.64518699911423,True,True
0.734,33.405659734718164,-92.90415294566978,-0.6335216438047296,0.20966589281209297,32.934173,-93.47543,5.0,9047,0.9330651815181518,0.740390024610067,-0.03946694864823019,-0.23071932492,5.0,34.27682900110085,True,True
0.782,33.4226903225285,-92.91666843234465,-0.6341327342134625,0.4125467821900887,32.934173,-93.47543,5.0,9047,0.9330651815181518,0.7409380328468973,-0.03919672384723771,-0.23044910012,5.0,32.74313300062204,True,True
0.8339999999999999,33.43531531054917,-92.92595939337838,-0.6348035445138771,0.5110830639620085,32.934173,-93.47543,5.0,9047,0.9330651815181518,0.7414087197992519,-0.038793757574316245,-0.23004613385,5.0,34.41145099895948,True,True
0.8819999999999999,33.46848967458563,-92.95044929355791,-0.6371889917111916,0.7022453951612512,32.934173,-93.47543,5.0,9047,0.9330651815181518,0.742701520777636,-0.037124930159877945,-0.22837730643,5.0,32.94998999990639,True,True
0.933,33.48865648788569,-92.96535328554353,-0.6387743039214463,0.7670860327766307,33.052184000000004,-93.569346,5.0,9048,0.9331683168316832,0.7458844065517513,-0.032048039400289774,-0.22312491029,5.0,33.91896100038139,True,True
0.984,33.53449415819587,-92.99941294559015,-0.643789562368949,0.9426034418401772,33.052184000000004,-93.569346,5.0,9048,0.9331683168316832,0.7454352607274942,-0.028452323547859315,-0.21952919443,5.0,34.02822499992908,True,True
1.033,33.560872321605004,-93.01939147895705,-0.6472140255214809,0.998792533426297,33.052184000000004,-93.569346,5.0,9048,0.9331683168316832,0.7461384245660039,-0.02544746874253212,-0.21652433963,5.0,33.150113998999586,True,True
1.0839999999999999,33.58865826671361,-93.04040634023599,-0.6511883017067954,1.085975448920634,33.052184000000004,-93.569346,5.0,9048,0.9331683168316832,0.7467357320521005,-0.022023005590000366,-0.21309987648,5.0,34.57127000001492,True,True
1.134,33.65006977680947,-93.08739439129957,-0.6592057105017162,1.2083518651558909,33.169982,-93.661958,5.0,9049,0.9332714521452146,0.748117176174962,-0.010444539547016518,-0.2027985184,5.0,35.02414600006887,True,True
1.183,33.68342281556843,-93.11339954637627,-0.6642979410215081,1.3008488340870588,33.169982,-93.661958,5.0,9049,0.9332714521452146,0.7483689360625395,-0.006268813071894641,-0.19862279193,5.0,33.26017900144507,True,True
1.234,33.75681650962225,-93.17142374843873,-0.6749305351439747,1.4499470203640699,33.288132,-93.754545,5.0,9050,0.9333745874587459,0.7494068290310214,0.004423797660005224,-0.18749852757,5.0,34.95207100058906,True,True
1.284,33.79546069210475,-93.20262470496495,-0.6824149414002126,1.4903956067854285,33.288132,-93.754545,5.0,9050,0.9333745874587459,0.7480737037107926,0.010102061262049933,-0.18182026397,5.0,34.3920449995494,True,True
1.333,33.877985412296724,-93.2704353617858,-0.6937457389466758,1.6348683529414214,33.406313,-93.847211,5.0,9051,0.9334777227722773,0.7473524049498186,0.023556214392457697,-0.16914285951,5.0,34.021853000012925,True,True
1.3840000000000001,33.9213789778492,-93.30678053406875,-0.7007081830160267,1.694968223928427,33.406313,-93.847211,5.0,9051,0.9334777227722773,0.7448942218209189,0.029699006198974587,-0.1630000677,5.0,34.758048999719904,True,True
1.434,34.01199751685393,-93.38437398631348,-0.7155933030290462,1.8145809224886333,33.524688,-93.939676,5.0,9052,0.9335808580858086,0.7407762655416522,0.045682138534548056,-0.14858556105,5.0,34.64738200091233,True,True
1.485,34.05916615088902,-93.42570361700956,-0.7234725071623204,1.8750048730702455,33.524688,-93.939676,5.0,9052,0.9335808580858086,0.737528299829502,0.05327765593665612,-0.14099004365,5.0,35.32335499949113,True,True
1.535,34.15711681800667,-93.51365786273848,-0.739817184494483,1.9986144141161315,33.643235,-94.031968,5.0,9053,0.9336839933993399,0.7295900851375332,0.07078744373345458,-0.12097188571,5.0,35.493994000717066,True,True
1.583,34.20794941110302,-93.56042652586686,-0.7474276122770672,2.0656459541052055,33.761978000000006,-94.12414100000001,5.0,9054,0.9337871287128713,0.7272030984370034,0.0812889253225304,-0.053203377921,5.0,33.44623799966939,True,True
1.633,34.31342394396529,-93.65950076535114,-0.7605319097828305,2.1903303327236334,33.880936,-94.215889,5.0,9055,0.9338902640264026,0.715527156721113,0.09935344158246373,-0.0096451066951,5.0,33.638655999311595,True,True
1.683,34.36798732777533,-93.71172645093924,-0.766192028676936,2.253272074084314,33.880936,-94.215889,5.0,9055,0.9338902640264026,0.7046842713767433,0.10579255196355586,-0.063698176983,5.0,33.7379519987735,True,True
1.7369999999999999,34.48080831983159,-93.82126039083244,-0.7753464198696972,2.387314771056996,34.000335,-94.30713,5.0,9056,0.933993399339934,0.6872985264044047,0.12010450931703875,-0.025372997238,5.0,37.09122999862302,True,True
1.784,34.5385384434254,-93.8782494784635,-0.780449642422933,2.3952708240425196,34.120124,-94.398051,5.0,9057,0.9340965346534653,0.6802797846447171,0.12695742767862006,0.018724189154,5.0,34.90979200068978,True,True
1.8339999999999999,34.65697736595752,-93.99615643916131,-0.7856713409759508,2.5104719097388664,34.24047,-94.489072,5.0,9058,0.9341996699669967,0.6577263687255063,0.13595015166490088,0.035759810424,5.0,34.637995000593946,True,True
1.886,34.717951775937536,-94.05733352873841,-0.7877451741811371,2.5743536289875024,34.24047,-94.489072,5.0,9058,0.9341996699669967,0.6443669246095908,0.13836005210444124,-0.016469509696,5.0,36.12672700000985,True,True
1.937,34.841908317430246,-94.18210139492477,-0.7905626858940712,2.629910837223415,34.360640000000004,-94.579874,5.0,9059,0.934302805280528,0.6330246830337033,0.14043887777325015,0.029993034464,5.0,37.96279800008051,True,True
1.985,34.90523965104297,-94.2461732170621,-0.7916901035771224,2.6733519564510706,34.479834999999994,-94.670023,5.0,9060,0.9344059405940595,0.6075891538647933,0.14341884945850003,0.032710122083,5.0,35.64513700075622,True,True
2.035,34.969016963435465,-94.31062069275178,-0.7934857683856605,2.659206422329689,34.599365999999996,-94.760281,5.0,9061,0.9345090759075908,0.5982186079350041,0.14527358039114002,0.035760674886,5.0,35.852794999300386,True,True
2.085,35.09934917554994,-94.4427549809885,-0.791794843151467,2.7742644778553163,34.718590999999996,-94.85018000000001,5.0,9062,0.9346122112211221,0.5691280622425569,0.146875984181424,0.037535860397,5.0,35.62778400009847,True,True
2.1350000000000002,35.16614535883482,-94.51045125779457,-0.792070804932182,2.8160252558715704,34.718590999999996,-94.85018000000001,5.0,9062,0.9346122112211221,0.5543953225097873,0.14700525287114363,0.028561031691,5.0,35.97274900130287,True,True
2.1820000000000004,35.302800774685736,-94.6480592302904,-0.7844578373288454,2.889888624202948,34.958356,-95.0294,5.0,9064,0.9348184818481848,0.5280320993260647,0.1501507685008785,0.042733474607,5.0,32.44157900007849,True,True
2.237,35.373004881752465,-94.71787173046347,-0.7812661562421153,2.934723331887308,34.958356,-95.0294,5.0,9064,0.9348184818481848,0.5114575575275684,0.14549522173931528,0.029872865917,5.0,37.88278799947875,True,True
2.286,35.51705949049282,-94.8599988771101,-0.7758500039531643,3.0191342429775627,35.199332,-95.207504,5.0,9066,0.9350247524752475,0.4853848635609476,0.14452296432194034,0.040686918149,5.0,36.256589000913664,True,True
2.338,35.59091668419185,-94.9323141007387,-0.7739949049035566,3.0618939425815537,35.199332,-95.207504,5.0,9066,0.9350247524752475,0.46814226894107047,0.14162332285915946,0.031964722357,5.0,39.03372899912938,True,True
2.3840000000000003,35.741844703841316,-95.07913008499355,-0.7696185470080853,3.10950996456069,35.441594,-95.384826,5.0,9068,0.9352310231023102,0.4406988104898679,0.14233278673856553,0.045242465918,5.0,35.580024999944726,True,True
2.436,35.818611154770096,-95.15410541443295,-0.7672529800559966,3.199136733999097,35.441594,-95.384826,5.0,9068,0.9352310231023102,0.4238315447736657,0.1399065479985384,0.038357874645,5.0,36.82353800104465,True,True
2.486,35.975393021274876,-95.30478576355596,-0.7643493287910204,3.223482827312875,35.684101,-95.560905,5.0,9070,0.9354372937293729,0.39377061862068,0.14053088358369958,0.051742267902,5.0,37.25282100094773,True,True
2.535,36.05517987403893,-95.38104611322986,-0.762089054766256,3.264376850036631,35.805278,-95.64807900000001,5.0,9071,0.9355404290429042,0.38313100455534077,0.1427223566310749,0.055175582356,5.0,36.016751000715885,True,True
2.5860000000000003,36.21791997220684,-95.53545403166578,-0.7568268023924523,3.3380833225592967,35.927166,-95.735029,5.0,9072,0.9356435643564357,0.34684098397350405,0.14116352438926283,0.057525736474,5.0,37.05555299893604,True,True
2.636,36.30093249339786,-95.61359580246405,-0.7536915322799238,3.3729903860241333,36.049278,-95.821738,5.0,9073,0.935746699669967,0.3322628858524534,0.14030175828044156,0.059633065405,5.0,36.60518099968613,True,True
2.686,36.47052088721316,-95.77165297460819,-0.7465984890511895,3.4482131328477084,36.171611999999996,-95.908262,5.0,9074,0.9358498349834984,0.299425758095441,0.1362137731477242,0.060793615729,5.0,36.830131999522564,True,True
2.736,36.557134661546385,-95.85148578986728,-0.7427233021814573,3.4826737380286374,36.294256,-95.994434,5.0,9075,0.9359529702970297,0.2835286355690488,0.13680098967049936,0.062429500796,5.0,36.430874999496154,True,True
2.789,36.73386998055581,-96.01243048858146,-0.7345031110964794,3.5493254855196827,36.417396000000004,-96.079971,5.0,9076,0.9360561056105611,0.2678290215420395,0.13741942237157412,0.06383734094,5.0,39.235557000210974,True,True
2.842,36.824212619081514,-96.09356103462319,-0.7299818389280243,3.584077941731004,36.540925,-96.16511700000001,5.0,9077,0.9361592409240924,0.23506256212659957,0.13206972782862536,0.064398428486,5.0,42.2430369999347,True,True
2.891,37.007204487503344,-96.2561910895287,-0.7210334682510608,3.658237831249047,36.664683000000004,-96.250034,5.0,9078,0.9362623762376238,0.2192021464976633,0.12950207576251405,0.06531380674,5.0,41.16647499904502,True,True
2.9450000000000003,37.099933450346235,-96.33744612991119,-0.7167765671448293,3.60600247900521,36.912752000000005,-96.41981899999999,5.0,9080,0.9364686468646864,0.1889321716404313,0.1207387022418378,0.069788781711,5.0,45.41064699878916,True,True
2.9850000000000003,37.19337517761437,-96.41826770843754,-0.7117946870490218,3.6496270977130267,37.036164,-96.50421,5.0,9081,0.9365717821782178,0.17854055887797624,0.1172579208562281,0.070562475932,5.0,35.95035699981963,True,True
3.0370000000000004,37.3842117987064,-96.58166963062996,-0.7021159763322296,3.7237937646444097,37.159335999999996,-96.588342,5.0,9082,0.9366749174917491,0.14556991060105962,0.10833992172516638,0.070020947643,5.0,38.11949100054335,True,True
3.0860000000000003,37.48150951275549,-96.66352870779309,-0.6971119219877585,3.7538559560983797,37.282787,-96.672537,5.0,9083,0.9367780528052805,0.13210920036394896,0.10521937408406545,0.069693808684,5.0,36.52983000029053,True,True
3.1390000000000002,37.67960162655209,-96.82759186916437,-0.6865168617841142,3.807163481367334,37.530642,-96.839927,5.0,9085,0.9369843234323433,0.10651413672589015,0.10006518220103544,0.070760563196,5.0,39.78186700078368,True,True
3.189,37.780258416594435,-96.90964996507601,-0.6814038626696773,3.8341035269653156,37.654959000000005,-96.92327,5.0,9086,0.9370874587458746,0.09880062633195634,0.09684322410177959,0.070011114775,5.0,39.394213001287426,True,True
3.236,37.98490242719594,-97.07388175991717,-0.6709554569942452,3.885283690109416,37.904269,-97.089495,5.0,9088,0.9372937293729373,0.10023167784207286,0.08911178039584255,0.070290955871,5.0,36.925338999935775,True,True
3.286,38.08901321256911,-97.15622401814251,-0.6658371320264754,3.9230294496926104,37.904269,-97.089495,5.0,9088,0.9372937293729373,0.057665021131401505,0.08373696780921058,0.068586116189,5.0,36.7613030011853,True,True
3.335,38.29933730330278,-97.31931649040617,-0.6575635194505169,3.9137143642546546,38.154688,-97.25560300000001,5.0,9090,0.9375,0.03646396227848215,0.07914307992974923,0.068745554848,5.0,35.360444999241736,True,True
3.388,38.405001693046806,-97.40030784861824,-0.6524613895686368,3.945600291434054,38.279334000000006,-97.337129,5.0,9091,0.9376031353135313,0.02586630251207012,0.07762663775783629,0.070209798136,5.0,38.22224299983645,True,True
3.436,38.62027400645163,-97.56295492653992,-0.6417420438740739,3.990629292575782,38.529576,-97.500711,5.0,9093,0.937809405940594,0.025821850709311596,0.06946849047658077,0.068319980755,5.0,36.6294060004293,True,True
3.49,38.729464456948484,-97.64426528536356,-0.6379030952212442,4.013584810778399,38.655107,-97.58251700000001,5.0,9094,0.9379125412541254,-0.039950120870892454,0.06465865504850044,0.067132016643,5.0,40.21818299952429,True,True
3.536,38.95032791757351,-97.8069642188114,-0.6302090430918227,4.050844607139815,38.906801,-97.745525,5.0,9096,0.9381188118811881,-0.07013988688623592,0.06450198350909453,0.069196208256,5.0,36.45952899933036,True,True
3.584,39.062051716988904,-97.88804275192034,-0.6249884175770388,4.071013041323027,38.906801,-97.745525,5.0,9096,0.9381188118811881,-0.028401172279252436,0.05997411852113377,0.07005361587,5.0,34.758669999064296,True,True
3.6340000000000003,39.174763362559844,-97.96892442958357,-0.6199203708210693,4.091502088460864,39.033291999999996,-97.826183,5.0,9097,0.9382219471947195,-0.0368591309490113,0.058764116558842616,0.068357903887,5.0,34.3605159996514,True,True
3.684,39.40311659305002,-98.13007160748536,-0.6092979455240497,4.117107253723065,39.287158000000005,-97.986475,5.0,9099,0.9384282178217822,-0.052910334465834735,0.05525958965162703,0.065214435443,5.0,34.92832600022666,True,True
3.7350000000000003,39.517627187931446,-98.21024493742692,-0.6031959147571797,4.115684341000918,39.414963,-98.066249,5.0,9100,0.9385313531353136,-0.060350080424753254,0.0499478247403502,0.061102701655,5.0,35.96412199840415,True,True
3.7860000000000005,39.74960849360325,-98.36808992978247,-0.5892935047526531,4.151434717382859,39.668546,-98.225139,5.0,9102,0.9387376237623762,-0.07306198092454833,0.03699402230878501,0.050391885059,5.0,36.156292000669055,True,True
3.8370000000000006,39.86740111632746,-98.44639367515948,-0.5841179029638294,4.168305750196952,39.795010999999995,-98.303997,5.0,9103,0.9388407590759076,-0.07854483582774911,0.03218607911942373,0.048810999062,5.0,37.13177500139864,True,True
3.885,40.105662467312776,-98.60209877406673,-0.5736789221189257,4.20102857836667,40.049136,-98.461721,5.0,9105,0.9390470297029703,-0.08891960358124182,0.02586988982552807,0.045381458828,5.0,35.806507999950554,True,True
3.936,40.226118133435186,-98.67933763095883,-0.5674757838599108,4.214111533343882,40.176519,-98.540239,5.0,9106,0.9391501650165016,-0.0940599801830871,0.022153929910393,0.043897270989,5.0,36.33819200149446,True,True
3.9859999999999998,40.469576495931754,-98.83245297822899,-0.5563002526851443,4.246954509794039,40.431926000000004,-98.696774,5.0,9108,0.9393564356435643,-0.10324866464234446,0.013178232837860016,0.03640262537,5.0,36.88154700103041,True,True
4.037,40.592773171872714,-98.9087707659246,-0.5523866856457792,4.264061498971174,40.560003,-98.774837,5.0,9109,0.9394595709570958,-0.10722198275207913,0.009448007496791089,0.035325660163,5.0,37.220710999463336,True,True
4.086,40.84023422023755,-99.05996276226699,-0.545797604820198,4.253381520982202,40.816981,-98.930548,5.0,9111,0.9396658415841584,-0.11433745746368573,0.007276329139710658,0.033553584405,5.0,37.00950699931127,True,True
4.135,40.96364662310575,-99.13511224891961,-0.5436519792448947,4.274650155101782,40.944743,-99.00724100000001,5.0,9112,0.9397689768976898,-0.1170541296322928,0.00583656020636214,0.033896040224,5.0,35.11882300153957,True,True
4.187,41.213591667147725,-99.28525900992815,-0.5382693116433049,4.300265213185326,41.20117,-99.160536,5.0,9114,0.9399752475247525,-0.12330660855007933,0.00269090439792663,0.033783935633,5.0,37.10205000061251,True,True
4.235,41.339417437902874,-99.36019178643511,-0.5358719712165254,4.315076674694906,41.20117,-99.160536,5.0,9114,0.9399752475247525,-0.10073767022696128,9.984410221353102e-05,0.036602392371,5.0,35.868844999640714,True,True
4.285,41.59270819593964,-99.51032804399776,-0.5337927604611281,4.341275914214833,41.458358000000004,-99.313988,5.0,9116,0.9401815181518152,-0.10035061755480866,-0.0026714308695199307,0.036563873911,5.0,35.59857900108909,True,True
4.3340000000000005,41.72000416771252,-99.58540654052646,-0.5313602722082613,4.354396219698099,41.5872,-99.39061600000001,5.0,9117,0.9402846534653465,-0.10032757683477278,-0.0008276223213545819,0.038468941325,5.0,35.02628000023833,True,True
4.386,41.976432835680924,-99.73515803205032,-0.5258760277502393,4.382118008462564,41.845752000000005,-99.542514,5.0,9119,0.9404909240924092,-0.10068004037233926,-0.0003628862244213771,0.035972653591,5.0,36.56216000126733,True,True
4.436,42.10465176181617,-99.81007827073316,-0.522485000292731,4.385143765991035,41.975415000000005,-99.618166,5.0,9120,0.9405940594059405,-0.10060682406638437,-0.0017026838146234624,0.0351494892,5.0,36.584382000000915,True,True
4.485,42.36295683384651,-99.95785326681164,-0.5153503960692041,4.3934113487523945,42.10545,-99.693832,5.0,9121,0.940697194719472,-0.10080885529175218,-0.005087033032255217,0.033640762162,5.0,35.77252499962924,True,True
4.5360000000000005,42.49322367847977,-100.03136381708642,-0.5123498193818744,4.4048123119490175,42.363875,-99.844012,5.0,9123,0.9409034653465347,-0.09905874621532222,-0.008713655535153464,0.02837438704,5.0,36.364610999953584,True,True
4.586,42.62406380401953,-100.10465472247529,-0.5089393845828638,4.41653072618504,42.493435,-99.918782,5.0,9124,0.941006600660066,-0.09777673460721978,-0.009616884247316104,0.027325852218,5.0,36.55328399872815,True,True
4.636,42.88762319061626,-100.25044493471611,-0.5016231854435722,4.4400505866279945,42.753454,-100.067539,5.0,9126,0.9412128712871287,-0.09472282803684262,-0.012411761136750243,0.022366842606,5.0,36.169557000903296,True,True
4.686,43.02039434362948,-100.32287965745812,-0.49745454330553696,4.452612702446947,42.883720000000004,-100.141666,5.0,9127,0.9413160066006601,-0.0926895831518297,-0.015053441685645819,0.02011816194,5.0,36.43427099996188,True,True
4.746,43.28765185264558,-100.46684589597243,-0.49113508103958614,4.462624134572664,43.144923,-100.28992,5.0,9129,0.9415222772277227,-0.0869093840020291,-0.023427221974023915,0.013356630486,5.0,46.34663700016972,True,True
4.787,43.42156749538132,-100.53828442795194,-0.4891938386760846,4.471567465277102,43.275632,-100.364369,5.0,9130,0.9416254125412541,-0.08328415800072518,-0.025080508467476115,0.013346895789,5.0,37.19577400079288,True,True
4.837000000000001,43.689348886355944,-100.68018411900536,-0.486851727674936,4.470239842045113,43.537657,-100.512043,5.0,9132,0.9418316831683168,-0.07596175501390373,-0.023739279346434383,0.011510189649,5.0,37.739040000815294,True,True
4.8870000000000005,43.82386047947021,-100.75134227950548,-0.4862819330657863,4.479592496543023,43.667452000000004,-100.58465600000001,5.0,9133,0.9419348184818482,-0.07283043060352444,-0.02204886902894021,0.013908069837,5.0,37.238263999824994,True,True
4.936,44.093720437363984,-100.89381672235892,-0.48524978878081626,4.496635557355288,43.928764,-100.72990300000001,5.0,9135,0.9421410891089109,-0.06643569205011,-0.021503224916067598,0.015354644898,5.0,36.8411509989528,True,True
4.987,44.22913493503231,-100.96529479367024,-0.4855696002727526,4.506432754609161,44.059613,-100.802686,5.0,9136,0.9422442244224423,-0.06299545893575226,-0.02280438390751449,0.016743294847,5.0,37.42027399857761,True,True
5.034,44.50069696149241,-101.1090114484169,-0.48701935584872863,4.524774698264872,44.452502,-101.021361,5.0,9139,0.9425536303630363,-0.08910738131834799,-0.01732368880613322,0.020789154149,5.0,34.63130199997977,True,True
5.086,44.63676725346071,-101.1810158303518,-0.4864131697235558,4.533769602956026,44.584039000000004,-101.09352700000001,5.0,9140,0.9426567656765676,-0.08476829316068994,-0.013827698497330676,0.022708826528,5.0,36.13659499933419,True,True
5.135,44.90986875001357,-101.32427135504709,-0.4835456960679817,4.54038972327208,44.847282,-101.237289,5.0,9142,0.9428630363036303,-0.0760178485173095,-0.014023916138652393,0.023771369271,5.0,36.33421499944234,True,True
5.1850000000000005,45.04618848236648,-101.39563157326813,-0.4815853171878246,4.531509463384311,44.978806,-101.30906800000001,5.0,9143,0.9429661716171617,-0.07059381304603489,-0.01458518909872586,0.022130385089,5.0,35.559345998990466,True,True
5.235,45.320182826212495,-101.53843051078992,-0.47894769563308065,4.551215835647211,45.241615,-101.451164,5.0,9145,0.9431724422442245,-0.06071473643499911,-0.013056242876865909,0.021277111374,5.0,35.850890999427065,True,True
5.283,45.45769898929703,-101.60967729981799,-0.47713630941139223,4.55899583899455,45.373496,-101.521939,5.0,9146,0.9432755775577558,-0.055805594947380126,-0.012651295244388017,0.020966728887,5.0,33.91886099961994,True,True
5.3340000000000005,45.59544834815274,-101.68077035667986,-0.47506708472773157,4.564690961483729,45.505568,-101.592496,5.0,9147,0.9433787128712872,-0.05085901345009127,-0.012639177204476049,0.020398773163,5.0,34.61597299974528,True,True
5.3870000000000005,45.87226827065981,-101.82226036219993,-0.46920731346836714,4.583624573660878,45.77035,-101.733108,5.0,9149,0.9435849834983498,-0.041171576678345034,-0.014014517732773513,0.017429026339,5.0,37.4592259995552,True,True
5.4350000000000005,46.01171346258219,-101.8928941508567,-0.4671516520906522,4.5979554113183045,45.903078,-101.803044,5.0,9150,0.9436881188118812,-0.036311265444964026,-0.01492532889290521,0.015756661779,5.0,35.804094000923214,True,True
5.488,46.29103586501277,-102.03293713288006,-0.46335367313080367,4.596652201486406,46.169297,-101.942297,5.0,9152,0.9438943894389439,-0.02760789051934121,-0.013928883798248748,0.014325815433,5.0,38.94153700093739,True,True
5.535,46.42968722902653,-102.10235091097108,-0.46271949409711327,4.55096987954258,46.302738,-102.01140500000001,5.0,9153,0.9439975247524752,-0.024506585025734134,-0.013969685367559492,0.014085349934,5.0,35.604310000053374,True,True
5.586,46.7094332382924,-102.24161871077605,-0.4613725985148883,4.6068664333463145,46.567659,-102.147855,5.0,9155,0.9442037953795379,-0.02065127148968655,-0.011670136405685483,0.016129703278,5.0,36.439722000068286,True,True
5.636,46.849839642418765,-102.31138518274105,-0.46077553027533696,4.6164335569876895,46.700998,-102.216084,5.0,9156,0.9443069306930693,-0.018886932915550596,-0.011645790540590895,0.017276604698,5.0,36.69820499999332,True,True
5.686,47.131529668833814,-102.45144508642299,-0.46164020209667006,4.634065831122002,46.968021,-102.35268,5.0,9158,0.9445132013201321,-0.015336575672270768,-0.009926471880754573,0.020688776584,5.0,36.396260000401526,True,True
5.734,47.27276073427926,-102.52167131114106,-0.4611193472709842,4.641226676811615,47.101865000000004,-102.420581,5.0,9159,0.9446163366336634,-0.014282429154337898,-0.005627466351258104,0.023109626586,5.0,34.28683799938881,True,True
5.785,47.55518708946453,-102.66186236334971,-0.4597670419999214,4.60846077817448,47.370698,-102.555145,5.0,9161,0.9448226072607261,-0.013478659393296349,-0.0022761474172359186,0.025655956518,5.0,35.51202800008468,True,True
5.836,47.69735489872574,-102.73132533075076,-0.45625345764813624,4.672356778806416,47.505236,-102.622226,5.0,9162,0.9449257425742574,-0.01345932268490525,-0.0005459663454292496,0.026281503214,5.0,36.87221899963333,True,True
5.885,47.98087442260755,-102.86965780083995,-0.45289136794078877,4.643773474699345,47.908434,-102.822216,5.0,9165,0.9452351485148515,-0.07273046629367085,-0.005209441561234929,0.023146298838,5.0,35.337061000973335,True,True
5.9350000000000005,48.122961454636865,-102.93869064656226,-0.4516676971881743,4.648386491734634,48.042998,-102.888524,5.0,9166,0.9453382838283828,-0.06492512871594856,-0.0034750441678568222,0.023453645176,5.0,35.52707599919813,True,True
5.985,48.40762157551382,-103.07641438640373,-0.4488945450740704,4.656073408423422,48.313035,-103.020169,5.0,9168,0.9455445544554455,-0.049419709845884355,-0.0008547965727312423,0.024753853473,5.0,35.71974599981331,True,True
6.034,48.550297021355775,-103.14498988261064,-0.44656649043418467,4.661361821196579,48.448370000000004,-103.085614,5.0,9169,0.945647689768977,-0.04177399895182336,-0.0010372309564439242,0.024641382829,5.0,35.026259000005666,True,True
6.085,48.837153898738016,-103.28172102636734,-0.4425290766002378,4.667833195079602,48.719885,-103.216208,5.0,9171,0.9458539603960396,-0.026633494856895985,-0.002228024581548471,0.022806109122,5.0,35.55493900057627,True,True
6.136,48.98091367590943,-103.34947878108505,-0.4406213359168225,4.699443079137869,48.856297,-103.281301,5.0,9172,0.945957095709571,-0.01914770868996444,-0.0007418054779608774,0.023246976255,5.0,36.29036299935251,True,True
6.186,49.26734383927507,-103.48426304085845,-0.43788219255863925,4.626187019877697,48.992791,-103.34577900000001,5.0,9173,0.9460602310231023,-0.012440225385003835,-0.00040088335097365757,0.02292056419,5.0,36.57808999923873,True,True
6.234,49.410947246670275,-103.55138960462097,-0.4369352024092005,4.673392529588845,49.264376,-103.4736,5.0,9175,0.946266501650165,-0.008408483544556661,0.0001092875810297933,0.024216222997,5.0,34.738192000077106,True,True
6.2860000000000005,49.555043833362575,-103.61860852396094,-0.4360328836874419,4.679580056397216,49.400439,-103.537076,5.0,9176,0.9463696369636964,-0.00856056173641376,0.0014494116229482046,0.025149614099,5.0,36.702762999993865,True,True
6.336,49.84404267765657,-103.75301124736295,-0.43452779978765105,4.694827079699048,49.673856,-103.663826,5.0,9178,0.946575907590759,-0.00927490692964444,0.0026297805542867536,0.027725553468,5.0,36.32001699952525,True,True
6.386,49.98897820995179,-103.82028197009383,-0.43387570435062056,4.701391589003831,49.810911,-103.726913,5.0,9179,0.9466790429042904,-0.010018846278587346,0.005151896306407444,0.029013940811,5.0,36.30464900015795,True,True
6.4350000000000005,50.27974771790145,-103.9545354119934,-0.4308515153988078,4.712232735922762,50.08602,-103.851772,5.0,9181,0.9468853135313532,-0.012803662628124459,0.008737403229534646,0.031633850723,5.0,35.83425000033458,True,True
6.486,50.42475307834997,-104.02062671999695,-0.42813539047800986,4.72864909849066,50.223967,-103.913834,5.0,9182,0.9469884488448845,-0.014271085525971063,0.008372943936502342,0.031616537897,5.0,36.180105998937506,True,True
6.537,50.71677704776073,-104.15213845568556,-0.42075091009161175,4.702284743918846,50.637508000000004,-104.098558,5.0,9185,0.9472978547854786,-0.0674599966180866,0.004430757159928689,0.02775170369,5.0,37.98287499921571,True,True
6.587000000000001,50.86287563199383,-104.21730126986336,-0.41838080139322353,4.707575691321744,50.775146,-104.159911,5.0,9186,0.9474009900990099,-0.058884183195745066,0.0024885272499379774,0.026497942492,5.0,37.595591000354034,True,True
6.636,51.15594454383802,-104.34687716447412,-0.41421406030515395,4.7161290666502955,51.051152,-104.281888,5.0,9188,0.9476072607260726,-0.041871414428719785,0.0019203661423148333,0.026195999697,5.0,36.193430998537224,True,True
6.6850000000000005,51.30277967158353,-104.41127501295504,-0.4117775527050407,4.720948258796674,51.189405,-104.34255999999999,5.0,9189,0.9477103960396039,-0.03373781314289147,0.0012109027959894547,0.026389571473,5.0,35.763026999120484,True,True
6.734,51.59790990346275,-104.53948622131098,-0.4065982461982641,4.755302792921989,51.466529,-104.463563,5.0,9191,0.9479166666666666,-0.020320380189724735,-0.0013316544879162784,0.025013079342,5.0,35.01791500093532,True,True
6.784,51.74569093987604,-104.60289068799196,-0.40470611703029324,4.731167974496016,51.605824,-104.52401,5.0,9192,0.948019801980198,-0.017382357436987933,-0.001317770672820906,0.025061365185,5.0,34.968993000802584,True,True
6.837000000000001,52.04206067019419,-104.7289075326392,-0.4007336125192645,4.69195316512283,51.884506,-104.643539,5.0,9194,0.9482260726072608,-0.01701072836352963,-0.0006648404307716405,0.02524269899,5.0,37.51318799913861,True,True
6.885,52.18875027094759,-104.79119083040551,-0.3994771004836487,4.714210843631576,52.023782000000004,-104.702816,5.0,9195,0.9483292079207921,-0.016870978791765603,-0.0012545364218494726,0.025763927794,5.0,35.419976000412134,True,True
6.9350000000000005,52.48551707748754,-104.91601545044604,-0.3968646985871041,4.74029753332921,52.301076,-104.820095,5.0,9197,0.9485354785478548,-0.017101774437959755,0.0006455258839217493,0.027895759619,5.0,35.32675099995686,True,True
6.987,52.63433344356283,-104.97831981045667,-0.3958603976461914,4.74837496814791,52.440711,-104.878518,5.0,9198,0.9486386138613861,-0.017390796115611264,0.0014344132772809992,0.028836391384,5.0,37.21139299887,True,True
7.035,52.93282309803161,-105.10281779970977,-0.39368616157022884,4.76043210780964,52.58061899999999,-104.93678100000001,5.0,9199,0.9487417491749175,-0.01791623803301756,0.002938366359741096,0.030090607641,5.0,35.85969800042221,True,True
7.086,53.08246051016537,-105.16484304397335,-0.39222003199991085,4.765247057164128,53.001959,-105.109274,5.0,9202,0.9490511551155115,-0.06943670112534168,0.00927642901775183,0.032883826361,5.0,36.04390200052876,True,True
7.136,53.23157651497242,-105.22630235053191,-0.39030360719942053,4.735467473595746,53.142872,-105.16603899999998,5.0,9203,0.9491542904290429,-0.06042332674437107,0.010059961028994202,0.033305973165,5.0,36.645135000071605,True,True
7.184,53.531879017065584,-105.34808843990584,-0.38157813586216716,4.744411369454536,53.424622,-105.278893,5.0,9205,0.9493605610561056,-0.04370195466688957,0.005815285685311089,0.030484135512,5.0,34.95368500080076,True,True
7.234,53.68180359376051,-105.4080134156245,-0.3789153545835311,4.752621561347007,53.565132,-105.33490900000001,5.0,9206,0.949463696369637,-0.03576951929041981,0.00263864882009468,0.02789684399,5.0,34.83311899981345,True,True
7.285,53.98259318329331,-105.5269368975153,-0.374292047214917,4.760474984520514,53.846776,-105.446554,5.0,9208,0.9496699669966997,-0.02569551340895028,0.0013085516426136756,0.027006884457,5.0,35.85354599999846,True,True
7.335,54.133237959035455,-105.58596961060029,-0.37202202734138595,4.762690436783819,53.987977,-105.50198600000002,5.0,9209,0.949773102310231,-0.025200129200276457,0.001113399991964581,0.027071926484,5.0,35.723393000807846,True,True
7.384,54.435399966280855,-105.70296066215998,-0.36575911803637134,4.796015884798453,54.2709,-105.61219399999999,5.0,9211,0.9499793729372937,-0.025502683171837254,-0.0005520672577854491,0.025968892242,5.0,34.86071999941487,True,True
7.434,54.58729657419422,-105.76100108235707,-0.36316007412324836,4.772009764495921,54.41270600000001,-105.66699399999999,5.0,9212,0.9500825082508251,-0.025431379022932563,-0.002081118177601482,0.02449257956,5.0,34.09679300057178,True,True
7.485,54.89120377164418,-105.87571311338974,-0.35899213633235866,4.778434709644056,54.697224,-105.775851,5.0,9214,0.9502887788778878,-0.024950942942878963,-0.001844215540138805,0.023823165877,5.0,35.781029999270686,True,True
7.5360000000000005,55.04245567038626,-105.9323514601071,-0.35661677361826166,4.702132955541077,54.839721999999995,-105.82979499999999,5.0,9215,0.9503919141914191,-0.024847228831580432,-0.0018883157574745013,0.024100680999,5.0,36.33615800026746,True,True
7.585,55.34628540359606,-106.04507419991899,-0.3528379440396855,4.782953191591063,55.265268999999996,-105.989301,5.0,9218,0.9507013201320133,-0.07145514371718,-0.0006364588430458618,0.023696489347,5.0,35.96438300155569,True,True
7.635000000000001,55.49910056249202,-106.10126085636901,-0.3514778672759778,4.79114793535066,55.408026,-106.042125,5.0,9219,0.9508044554455446,-0.061810994365694476,-0.0004598548155669846,0.024203589607,5.0,35.35966299932625,True,True
7.6850000000000005,55.80554114125638,-106.21331595437991,-0.34900804499480786,4.8023888163709865,55.694325,-106.146892,5.0,9221,0.9510107260726073,-0.04342609973442425,0.002332077644110697,0.026371586081,5.0,35.750192999330466,True,True
7.737000000000001,55.959127280232565,-106.269086617241,-0.34762692401996703,4.806272860825308,55.837875,-106.19878,5.0,9222,0.9511138613861386,-0.03545098575480157,0.0033187336928013345,0.027042852162,5.0,37.85485699881974,True,True
7.783,56.26592688998092,-106.37930841227504,-0.3423844603209504,4.8018864739791,56.125011,-106.30166799999999,5.0,9224,0.9513201320132013,-0.026167831066540855,0.003676528620482067,0.028596022012,5.0,33.926485000847606,True,True
7.835,56.42057182452511,-106.43423188847017,-0.3376153927664344,4.829324238628284,56.2688,-106.352747,5.0,9225,0.9514232673267327,-0.025992412975814894,0.0011811715099927511,0.025999843373,5.0,35.45398000096611,True,True
7.887,56.72834747840488,-106.5415258199748,-0.3340577903151503,4.795364510968466,56.41298199999999,-106.403924,5.0,9226,0.951526402640264,-0.026036045977685083,-0.0030896039311487655,0.022623993637,5.0,37.509320998651674,True,True
7.935,56.88244555081693,-106.59492065663086,-0.33307918286995974,4.797924237375118,56.700078000000005,-106.50523799999999,5.0,9228,0.9517326732673267,-0.02493620089017256,-0.003045228307779979,0.02327163937,5.0,35.30213599879062,True,True
7.985,57.03660817265943,-106.64820556219651,-0.3320958094809832,4.799027721033784,56.843804000000006,-106.55543999999999,5.0,9229,0.951835808580858,-0.024600677765490638,-0.002250790105708056,0.024696001102,5.0,35.320610000781016,True,True
8.035,57.34531549121937,-106.75413725956763,-0.32805733329894193,4.806293055165648,57.131562,-106.65535,5.0,9231,0.9520420792079208,-0.024119647970098582,-0.002479820620877149,0.026158534428,5.0,35.49456499968073,True,True
8.087,57.50035910438573,-106.80679125470722,-0.3260410648988153,4.804814206815991,57.420364,-106.754792,5.0,9233,0.9522483498349835,-0.07505136477926602,-0.0014027513441154937,0.025134359466,5.0,37.56165900085762,True,True
8.135,57.81047227645904,-106.9109011552917,-0.32231881684151426,4.810802465235117,57.709817,-106.85285400000001,5.0,9235,0.9524546204620462,-0.05473692817981257,-0.0005198456719761602,0.02468133861,5.0,35.17981699951633,True,True
8.184,57.96550113721769,-106.96239281168099,-0.31996538245058037,4.752177387566052,57.854475,-106.90143300000001,5.0,9236,0.9525577557755776,-0.04500983940928794,-4.058348329749606e-05,0.024568216493,5.0,35.433331000604085,True,True
8.235,58.274609389580384,-107.06458110464162,-0.3159192755625815,4.814883661368228,58.14273000000001,-106.997437,5.0,9238,0.9527640264026402,-0.02858496555275055,-0.0015914921892714595,0.023465756512,5.0,35.50712800097244,True,True
8.285,58.430351139910414,-107.1153278340257,-0.31408714470361415,4.8202075250409155,58.287901,-107.045027,5.0,9239,0.9528671617161716,-0.023643813480104702,-3.324106626223511e-05,0.023237449009,5.0,36.041858000317006,True,True
8.334999999999999,58.74277840079237,-107.216411576537,-0.3111696689087211,4.83247397351009,58.579071,-107.139627,5.0,9241,0.9530734323432343,-0.022807830212012208,0.00067040425736975,0.023491881972,5.0,35.537674999432056,True,True
8.385,58.899377449048785,-107.26665876583085,-0.3095329506789311,4.83819621521498,58.725048,-107.18651200000001,5.0,9242,0.9531765676567657,-0.023101495409518405,0.0014746721661489381,0.023978435876,5.0,35.77805500026443,True,True
8.436,59.212385970237705,-107.3658586887444,-0.30429447801564896,4.834673775462684,59.01763199999999,-107.27949199999999,5.0,9244,0.9533828382838284,-0.024002003510335865,0.001975523873228191,0.024486071117,5.0,36.4003180002328,True,True
8.485999999999999,59.36981534627388,-107.41475291848217,-0.30006636052270336,4.881436702202054,59.163478000000005,-107.325433,5.0,9245,0.9534859735973598,-0.02394083466810754,-0.000207600062297697,0.021882078471,5.0,36.574562998794136,True,True
8.536,59.68382899466393,-107.5115836605534,-0.2969110236791788,4.827808194317232,59.60260400000001,-107.46244899999999,5.0,9248,0.9537953795379538,-0.07541601061908904,-0.002626481504651501,0.017236125236,5.0,36.30556099960813,True,True
8.584,59.84083622090074,-107.55961105719997,-0.2967663590021064,4.830358854151181,59.74874200000001,-107.507447,5.0,9249,0.9538985148514851,-0.06504467866240227,-0.0010868154760319548,0.01983312899,5.0,34.743801999866264,True,True
8.639,60.15492464753906,-107.65557710216497,-0.2952822053795105,4.834527855492436,60.041142,-107.597017,5.0,9251,0.9541047854785478,-0.044577828189375564,-0.000912315001613706,0.023743063101,5.0,39.211171000715694,True,True
8.686,60.312188981406756,-107.7032982376175,-0.29334642697412766,4.8383491861791805,60.187445,-107.641879,5.0,9252,0.9542079207920792,-0.03528755201349744,-0.0018342714744856714,0.024315988991,5.0,36.23863600114419,True,True
8.734,60.47009184475598,-107.7509505582362,-0.2916880895956081,4.836293442076475,60.333895,-107.686652,5.0,9253,0.9543110561056105,-0.027354130766462214,-0.002987917642376825,0.023905757474,5.0,34.70220399867685,True,True
8.783999999999999,60.78553590306573,-107.84506688324544,-0.28861059379339016,4.841346229683177,60.627455000000005,-107.775778,5.0,9255,0.9545173267326733,-0.02127720089873242,-0.00244204485739985,0.024219784144,5.0,34.985263000635314,True,True
8.834999999999999,60.94333332882438,-107.89178511415695,-0.2866116206847729,4.843608948068142,60.774347,-107.819901,5.0,9256,0.9546204620462047,-0.020908271727501152,-0.0024946693973859624,0.024253411205,5.0,35.190185999454116,True,True
8.886999999999999,61.25744269176146,-107.98403118436366,-0.28272784762918834,4.843388801267216,61.066787,-107.907146,5.0,9258,0.9548267326732673,-0.020111955279912715,-0.004307629920670131,0.023725615403,5.0,37.256547999277245,True,True
8.934999999999999,61.41570645028196,-108.0298484554742,-0.28087642868444623,4.848282561586007,61.213102,-107.950597,5.0,9259,0.9549298679867987,-0.019606386578816953,-0.004225250189798135,0.023334740675,5.0,35.75749599986011,True,True
8.985,61.733111704160876,-108.12099433219035,-0.27787861647733836,4.859573328633099,61.50733,-108.036546,5.0,9261,0.9551361386138614,-0.018900650796400166,-0.0024735871413632537,0.023522524956,5.0,35.42788000049768,True,True
9.035,61.89217435532839,-108.1662477218886,-0.27618995387398837,4.864795205867203,61.802424,-108.121163,5.0,9263,0.9553424092409241,-0.06931250106092328,0.0010782871723220566,0.023959569577,5.0,35.89782900053251,True,True
9.084999999999999,62.21001966088283,-108.25542891799002,-0.27093946334492586,4.860092285822662,62.097654000000006,-108.204472,5.0,9265,0.9555486798679867,-0.047048791349820186,0.0010550974808403168,0.02442846409,5.0,35.899162001442164,True,True
9.133999999999999,62.36957158548378,-108.298950565599,-0.26696866612237613,4.8631621401765175,62.245495999999996,-108.245798,5.0,9266,0.9556518151815182,-0.03676037565758552,0.00042293493787903813,0.021868270739,5.0,34.51689800021995,True,True
9.184999999999999,62.68859069449225,-108.38604004188866,-0.26340840647375796,4.850925200926051,62.541385,-108.327932,5.0,9268,0.9558580858085809,-0.019148901747956155,-0.006738068957965915,0.017434416997,5.0,35.52942099850043,True,True
9.235,62.84785185066874,-108.42902922881319,-0.26354243195098365,4.852544705819748,62.6888,-108.368407,5.0,9269,0.9559612211221122,-0.01707054363172143,-0.0032745993945040297,0.019795289352,5.0,36.16645100009919,True,True
9.285,63.16647263465964,-108.51505114576041,-0.26344670873909454,4.854995100668727,62.984143,-108.448397,5.0,9271,0.9561674917491749,-0.016838699293737117,0.0005207191150105039,0.024897989084,5.0,35.48419599974295,True,True
9.337,63.32581080429459,-108.55798626287918,-0.26232177514605465,4.857678131826861,63.131933999999994,-108.488133,5.0,9272,0.9562706270627063,-0.01703283299666748,0.0008621192044606651,0.026735764936,5.0,37.89710499950161,True,True
9.385,63.645265734345394,-108.64338760334257,-0.2595850759864753,4.8772745750736615,63.42815,-108.56766499999999,5.0,9274,0.956476897689769,-0.01740676194431699,0.0005844171336417681,0.028510390249,5.0,35.8880899984797,True,True
9.434999999999999,63.805056054722876,-108.68566379080134,-0.2578292000788008,4.8592145615945235,63.576264,-108.60692399999999,5.0,9275,0.9565800330033003,-0.01771371266139616,0.0014467697177762417,0.028349170427,5.0,35.691935001523234,True,True
9.487,64.12332124363736,-108.76901931045573,-0.25366927869702466,4.805049735278395,64.021132,-108.723141,5.0,9278,0.9568894389438944,-0.05651338010911804,0.0015223151594701,0.02799138044,5.0,37.543274000199744,True,True
9.535,64.28280384413206,-108.81039795965442,-0.2511454420376106,4.860184647641975,64.16766700000001,-108.76123500000001,5.0,9279,0.9569925742574258,-0.04502378923020704,0.0008549303712830358,0.027603167592,5.0,35.52036300061445,True,True
9.584,64.4430033405938,-108.85127911158466,-0.24861156518887997,4.865116195756213,64.315908,-108.79929399999999,5.0,9280,0.9570957095709571,-0.0349168019116245,0.0010532303015904354,0.026646795763,5.0,34.87700099867652,True,True
9.635,64.76433894057175,-108.93221783439336,-0.24441150174543422,4.876348209763419,64.613258,-108.87443400000001,5.0,9282,0.9573019801980198,-0.019972185764663534,0.001609862700396203,0.025620377122,5.0,35.51233800135378,True,True
9.684999999999999,64.9253764778211,-108.97222141819064,-0.2421655402809116,4.881731997824763,64.762231,-108.91145700000001,5.0,9283,0.9574051155115512,-0.019657357457355893,0.0020918670281799834,0.025496762749,5.0,35.01353600040602,True,True
9.737,65.24736259900702,-109.05072091754452,-0.23600685314039715,4.878161413790064,65.060694,-108.984449,5.0,9285,0.9576113861386139,-0.020649347211551504,0.0017580914704842243,0.024952639623,5.0,37.37131299931207,True,True
9.785,65.40859900669244,-109.08900040160022,-0.23254687962857482,4.895889066968163,65.20961199999999,-109.020549,5.0,9286,0.9577145214521452,-0.020452825933869375,-0.001547290068537155,0.022206139455,5.0,35.68280699983006,True,True
9.835999999999999,65.73197382843787,-109.16509914092333,-0.22896393057653983,4.870241955181429,65.508262,-109.092735,5.0,9288,0.9579207920792079,-0.019204402655747722,-0.005294717200075905,0.019747901221,5.0,36.734672999955365,True,True
9.886,65.893301722574,-109.20258378873743,-0.22765549313752365,4.872415977483229,65.80604,-109.16335,5.0,9290,0.9581270627062707,-0.07408682247093283,-0.0009973243305467783,0.020979619769,5.0,36.189243000990245,True,True
9.934999999999999,66.21623943783035,-109.2770302632072,-0.22524335399888204,4.875758286670155,66.10409200000001,-109.232267,5.0,9292,0.9583333333333334,-0.049923113353777006,0.0009569571239116392,0.022474696818,5.0,35.39601200100151,True,True
9.985999999999999,66.37781058223489,-109.31393851460827,-0.22330906262479314,4.878732655251341,66.253249,-109.26638999999999,5.0,9293,0.9584364686468647,-0.038508737879958725,0.00042645082997383454,0.023272840694,5.0,36.63566800059925,True,True
10.035,66.70181495798404,-109.38704807766054,-0.22013616667266553,4.889699623226306,66.552311,-109.33466100000001,5.0,9295,0.9586427392739274,-0.020238176597711426,-0.0011178106129143828,0.023160556409,5.0,35.706501999811735,True,True
10.084999999999999,66.86385889842339,-109.42313551955154,-0.2185616149666865,4.878909962290849,66.70160899999999,-109.368261,5.0,9296,0.9587458745874587,-0.01829352171672833,-5.5265698894135795e-05,0.023445386977,5.0,35.5855950001569,True,True
10.133999999999999,67.18663198308104,-109.4942539093116,-0.21461655578057962,4.8088259364066035,67.00071700000001,-109.43461200000002,5.0,9298,0.9589521452145214,-0.018442765524154095,0.00011171075016491727,0.023293292587,5.0,34.48455699981423,True,True
10.184999999999999,67.34791793268937,-109.52970380926283,-0.21264555469745697,4.879185637073338,67.149777,-109.46723300000001,5.0,9299,0.9590552805280528,-0.018374590474926653,-0.0025308748429231365,0.022970930548,5.0,35.72904300017399,True,True
10.235,67.67262666591385,-109.59912399008834,-0.20871248178010715,4.888825569462634,67.447322,-109.532448,5.0,9301,0.9592615511551155,-0.018178404464445245,-0.0016258888270042071,0.022169595368,5.0,35.43198900115385,True,True
10.286,67.83536131756115,-109.63352384177416,-0.20735620365676713,4.89248955882723,67.74701800000001,-109.59640900000001,5.0,9303,0.9594678217821783,-0.074440860811104,0.0012963636874863127,0.022092995188,5.0,36.71662899978401,True,True
10.334999999999999,68.1611052132823,-109.70161310436058,-0.20408105855978656,4.863766396397403,68.047483,-109.658879,5.0,9305,0.959674092409241,-0.049965782466837305,0.0021203159535199134,0.022723431018,5.0,35.73182899890526,True,True
10.386,68.32401035291116,-109.73479380540667,-0.200555659305996,4.895261299177027,68.197469,-109.689777,5.0,9306,0.9597772277227723,-0.038241578823117184,0.0012900286975905395,0.022893423513,5.0,36.45019099894853,True,True
10.437999999999999,68.65091585059544,-109.80036606276938,-0.1956092748062641,4.897867417139649,68.347764,-109.72062199999999,5.0,9307,0.9598803630363036,-0.02766000394985106,-0.0014349763134506865,0.020457717866,5.0,38.20986000027915,True,True
10.487,68.81368361830263,-109.83255661316501,-0.194583216541838,4.882761039843988,68.648651,-109.78191899999999,5.0,9309,0.9600866336633663,-0.017642058801380665,-0.003509061118817325,0.018506372915,5.0,37.09427499961748,True,True
10.535,68.97660069576061,-109.86457369126632,-0.19350951325048132,4.883923870635719,68.798549,-109.811968,5.0,9310,0.9601897689768977,-0.017250626045907966,-0.0022403152872314536,0.01974366018,5.0,35.53007099981187,True,True
10.584999999999999,69.30261980429273,-109.92815670889641,-0.19158930725779966,4.8854334642668595,69.098617,-109.871241,5.0,9312,0.9603960396039604,-0.01684429407847509,-0.0012675439922937848,0.021495678141,5.0,35.839419999319944,True,True
10.635,69.46564298257363,-109.95969670878193,-0.19000249265540664,4.887484462565571,69.248704,-109.90062900000001,5.0,9313,0.9604991749174917,-0.016653820850723377,-0.001775587869980999,0.022444444715,5.0,35.80507600054261,True,True
10.684999999999999,69.79242085821244,-110.02207552153753,-0.1867279393082134,4.898081379524438,69.69989100000001,-109.988469,5.0,9316,0.9608085808580858,-0.07071691783629311,-0.0007533049513122059,0.022758641114,5.0,35.7847879986366,True,True
10.738,69.95581305570298,-110.05278102492936,-0.18496288827815588,4.887708788720001,69.850494,-110.017156,5.0,9317,0.9609117161716172,-0.05828114179763678,-0.0007852199681899208,0.022509317061,5.0,38.13297600026999,True,True
10.785,70.28169855559722,-110.11309587287,-0.18068882738671777,4.810404847151799,70.15134300000001,-110.073774,5.0,9319,0.9611179867986799,-0.033558532154629846,-0.0019530300827916847,0.02183001769,5.0,35.27677800047968,True,True
10.834,70.44418717385828,-110.14308330278953,-0.17871131220214348,4.887514674774076,70.30065400000001,-110.10164499999999,5.0,9320,0.9612211221122112,-0.022145684951984886,-0.003978687841351913,0.021140495148,5.0,34.21488399908412,True,True
10.885,70.77176816433214,-110.20163932316105,-0.1750933439699359,4.898347096519788,70.601077,-110.157183,5.0,9322,0.9614273927392739,-0.013839255385204849,-0.0028594752638504417,0.020362710097,5.0,35.11976499976299,True,True
10.936,70.93589947089065,-110.23058601724797,-0.1735370533588715,4.9035111790246635,70.751914,-110.184358,5.0,9323,0.9615305280528053,-0.013547162806974603,-0.0018285143603682386,0.020642657978,5.0,36.69983700092416,True,True
10.987,71.26430482595524,-110.28766647369893,-0.1701237612914638,4.873419367893416,71.054142,-110.23768500000001,5.0,9325,0.9617367986798679,-0.01335615293656084,-0.0010758579242406974,0.020824395152,5.0,37.19373999956588,True,True
11.033999999999999,71.42852060064187,-110.31533616192426,-0.16650675697838807,4.902916840261446,71.205404,-110.26396499999998,5.0,9326,0.9618399339933993,-0.01332048858059579,-0.0014863514607283967,0.021025466164,5.0,34.62600199964072,True,True
11.084,71.75822972940493,-110.37001146121047,-0.1619250776508887,4.9193175048119695,71.65825600000001,-110.34181699999999,5.0,9329,0.9621493399339934,-0.06556964391107822,-0.004532843131111353,0.017194872155,5.0,34.47964800034242,True,True
11.136,71.92240573454605,-110.39675131420923,-0.16083487653723635,4.89105426622636,71.810038,-110.36757,5.0,9330,0.9622524752475248,-0.05186576553850033,-0.004530157375137289,0.017632577809,5.0,36.44265699949756,True,True
11.184,72.25078405517378,-110.44966659911152,-0.15875809067638091,4.8918664036209565,72.11166700000001,-110.417396,5.0,9332,0.9624587458745875,-0.025776752775883083,-0.0019264809170254082,0.019337838764,5.0,34.46798700133513,True,True
11.232999999999999,72.41497256082475,-110.47590373555265,-0.15776950335798196,4.891036405831187,72.262614,-110.441873,5.0,9333,0.9625618811881188,-0.014166431509116274,-0.0013881043566836837,0.020275027544,5.0,33.936202999029774,True,True
11.285,72.74377966665396,-110.52774567438138,-0.15448245946526637,4.889679339282452,72.41355,-110.466159,5.0,9334,0.9626650165016502,-0.009395515899501772,-0.0016786955830925265,0.021114716078,5.0,35.989941001389525,True,True
11.335999999999999,72.90807176283504,-110.5531359272123,-0.15270207733301644,4.903676814337963,72.716151,-110.514733,5.0,9336,0.9628712871287128,-0.008529944758194713,-0.003550341901242149,0.021073128433,5.0,36.377385000378126,True,True
11.385,73.07261392667944,-110.57827136468464,-0.15088086810071114,4.892528407690898,72.86718,-110.538656,5.0,9337,0.9629744224422442,-0.008004487819923002,-0.003214995747185423,0.020777994403,5.0,35.840442000335315,True,True
11.434999999999999,73.40095306160379,-110.6274439951071,-0.14628326442710649,4.802553420776818,73.16971600000001,-110.585582,5.0,9339,0.963180693069307,-0.007178327655741115,-0.003657493582847504,0.019738106554,5.0,35.4005799999868,True,True
11.485999999999999,73.56418716593902,-110.65185062343542,-0.14427376114439444,4.895194931229769,73.47061500000001,-110.631592,5.0,9341,0.9633869636963697,-0.06978532514584036,-0.004574215505346313,0.018984765052,5.0,36.419042999114026,True,True
11.533999999999999,73.89387173492713,-110.69907960405803,-0.14052319774577368,4.903191724910279,73.773165,-110.676736,5.0,9343,0.9635932343234324,-0.044275453249841654,-0.002775278601593101,0.017905106342,5.0,34.506178000810905,True,True
11.584999999999999,74.05909509755848,-110.72235228799198,-0.13899891630150232,4.908366694419629,73.92483299999999,-110.69868400000001,5.0,9344,0.9636963696369637,-0.030963792362736834,-0.0019457676701422066,0.017961799447,5.0,35.65918300046178,True,True
11.635,74.38965306874557,-110.76813403651724,-0.13594267357361212,4.884250300005756,74.22868299999999,-110.74151200000001,5.0,9346,0.9639026402640264,-0.005693748273495881,-0.0008183965378685265,0.018078601251,5.0,35.99819699957152,True,True
11.684,74.5549820619163,-110.79028145575657,-0.13260163270897893,4.909653646907394,74.380414,-110.76253600000001,5.0,9347,0.9640057755775577,-0.0042994485826598405,-0.0006089848464569947,0.018321056686,5.0,34.99246600040351,True,True
11.735,74.88674230174884,-110.83386133338637,-0.1284313476547251,4.939528727802201,74.684057,-110.803828,5.0,9349,0.9642120462046204,-0.0033969412288928583,-0.004514424406021789,0.014288836075,5.0,35.18440500010911,True,True
11.785,75.0519779011215,-110.85515690253601,-0.12779713819256994,4.89164743052295,74.83635500000001,-110.82432800000001,5.0,9350,0.9643151815181518,-0.0028811976393256695,-0.0038579662718856156,0.01494142908,5.0,35.14096400067501,True,True
11.834999999999999,75.38214122138618,-110.89749852071664,-0.12723662195817656,4.89502608209641,75.291954,-110.883427,5.0,9353,0.9646245874587459,-0.07522897420279816,0.000719048406561118,0.018381904079,5.0,35.164669001460425,True,True
11.886999999999999,75.54720231112142,-110.91860980846168,-0.12693054628363815,4.893845983829443,75.443641,-110.90268799999998,5.0,9354,0.9647277227722773,-0.06171833977661231,0.0010397571917031279,0.019842145016,5.0,37.528536000536405,True,True
11.934999999999999,75.87748898504458,-110.96047321684517,-0.12478565791541082,4.892435466176596,75.74720400000001,-110.94118999999999,5.0,9356,0.9649339933993399,-0.035056679744781986,0.0003496805434286543,0.021994543306,5.0,35.302726000736584,True,True
11.985,76.0425566039014,-110.9809964423831,-0.12312516326099411,4.906668993169368,75.899472,-110.960328,5.0,9357,0.9650371287128713,-0.021983494591682196,0.0009008486484933798,0.02204745845,5.0,35.35989400006656,True,True
12.035,76.37307309626449,-111.02126083594152,-0.11909054437140675,4.898168428575211,76.20349300000001,-110.997607,5.0,9359,0.965243399339934,-0.0031009542636461665,0.0007614077380400097,0.021272798132,5.0,35.595833998741,True,True
12.084,76.53803143396121,-111.04065969005786,-0.11657912742521374,4.823058790460234,76.355467,-111.015904,5.0,9360,0.9653465346534653,-0.0032321546078357983,-0.00022539505102292523,0.020166514844,5.0,34.79078000054869,True,True
12.135,76.86712825632044,-111.0791766680765,-0.11227705033671341,4.899068493679008,76.507475,-111.03405,5.0,9361,0.9654496699669967,-0.002900072209236503,-0.002889341642459353,0.018807810154,5.0,35.60673500032863,True,True
12.187999999999999,77.03275901259025,-111.09769884487022,-0.1103068821897079,4.905345167142597,76.809632,-111.06999099999999,5.0,9363,0.9656559405940595,-0.0025801744627382815,-0.003105478495128544,0.017337607526,5.0,38.46577900003467,True,True
12.235,77.19867240456868,-111.11594590750772,-0.10822104428293877,4.909813299931158,76.961894,-111.08743899999999,5.0,9364,0.9657590759075908,-0.0023143688345805048,-0.0024665870206965756,0.016918457211,5.0,35.875887999281986,True,True
12.285,77.53077448571199,-111.15144374677729,-0.10428949529790364,4.889817381513781,77.419578,-111.13771499999999,5.0,9367,0.9660684818481848,-0.05489888490967011,-0.0007342536196679461,0.01598743363,5.0,35.77857600066636,True,True
12.337,77.69692812301763,-111.16838855968516,-0.10158485724279767,4.915514889207269,77.57195,-111.153985,5.0,9368,0.9661716171617162,-0.04125385975668707,-0.0020591736120496584,0.01570494949,5.0,37.19146700132114,True,True
12.383999999999999,78.03023910071488,-111.20202886047606,-0.09922260699155046,4.962006256019902,77.876819,-111.186402,5.0,9370,0.9663778877887789,-0.013877905175211269,-0.003960993738537422,0.013980047414,5.0,34.72665999834135,True,True
12.437,78.19663351693673,-111.2185262827008,-0.09851619105533155,4.903490357227806,78.030235,-111.202183,5.0,9371,0.9664810231023102,0.0001541940618305727,-0.001965438281162246,0.01520266365,5.0,37.30489899862732,True,True
12.484,78.52876385152089,-111.25085261414252,-0.09557073132108723,4.909110493392599,78.33507900000001,-111.232436,5.0,9373,0.9666872937293729,0.00029967877111441044,-0.00036549813153152755,0.016345981119,5.0,34.47757499998261,True,True
12.533999999999999,78.69491855709664,-111.26668923828292,-0.0942428530719746,4.909459390223393,78.48733399999999,-111.24721799999999,5.0,9374,0.9667904290429042,0.0003700074760767187,-0.0010222606652394717,0.016469322303,5.0,34.618407999005285,True,True
12.584999999999999,79.02759515844261,-111.29755311491387,-0.09047861511031781,4.91012049220367,78.791934,-111.27677,5.0,9376,0.966996699669967,0.0012073990864094235,-0.0046733199759443345,0.016158274833,5.0,35.12278000016522,True,True
12.633999999999999,79.19386170893252,-111.31247771384467,-0.08892828183310998,4.914339637692276,79.097081,-111.30609799999999,5.0,9378,0.9672029702970297,0.07000926537305203,-0.0031434927141344993,0.016228050199,5.0,34.615792999829864,True,True
12.686,79.52678583237055,-111.34163539190794,-0.0857938029710157,4.915938335855712,79.402284,-111.334321,5.0,9380,0.9674092409240924,0.04252352510356227,-0.0036607095881575624,0.015802704968,5.0,36.129681999227614,True,True
12.735,79.69317503462605,-111.35571489482454,-0.08408514704872601,4.864703885239245,79.55481400000001,-111.348129,5.0,9381,0.9675123762376238,0.02877056006959581,-0.00359056943507996,0.015705971974,5.0,35.83115399851522,True,True
12.785,80.02431369778148,-111.38359129190123,-0.0808422347817567,4.916599721532994,79.858153,-111.375522,5.0,9383,0.9677186468646864,0.005655658463626113,-0.006198649199682382,0.015326801185,5.0,35.2624819988705,True,True
12.834999999999999,80.19109483748629,-111.3970205220964,-0.07942114304821034,4.922919854051958,80.010811,-111.388676,5.0,9384,0.9678217821782178,0.006204372011381738,-0.004314661496882977,0.015041685797,5.0,35.881818999769166,True,True
12.885,80.52526436743237,-111.42311277186325,-0.0763892398056471,4.930668011705734,80.316731,-111.414189,5.0,9386,0.9680280528052805,0.007282830317763129,-0.003115752170396391,0.014977506265,5.0,35.525011999197886,True,True
12.934999999999999,80.69217814398468,-111.4358310938053,-0.0749793686894375,4.904222714945679,80.469923,-111.426456,5.0,9387,0.9681311881188119,0.007652383647392914,-0.0026276814377421687,0.015085766843,5.0,35.928094999690074,True,True
12.987,81.02617861011873,-111.45983224846694,-0.06997576882253026,4.9218510059510026,80.623203,-111.438456,5.0,9388,0.9682343234323433,0.00794135560511988,-0.002719705466271094,0.015301462899,5.0,37.947078000797774,True,True
13.035,81.19399039145532,-111.47165482186287,-0.06926339185618995,4.980358252739453,81.081964,-111.473621,5.0,9391,0.9685437293729373,0.05746424447467424,-0.0035985532055247127,0.013418514327,5.0,35.85970700078178,True,True
13.084,81.36142479765255,-111.48319334676994,-0.06853532219024966,4.916141511954985,81.23609300000001,-111.484719,5.0,9392,0.9686468646864687,0.04408290367780318,-0.001570558310115544,0.014670437595,5.0,34.92098300012003,True,True
13.133999999999999,81.69490019889336,-111.50580626193587,-0.06693513584372,4.914231983593372,81.541892,-111.50581299999999,5.0,9394,0.9688531353135313,0.017736191989243373,0.0003936444975822795,0.016749853515,5.0,34.48411599856627,True,True
13.184999999999999,81.86153782344022,-111.5169424931973,-0.06616012534341209,4.911740203120073,81.694723,-111.516016,5.0,9395,0.9689562706270627,0.0102112756688744,0.0005834751594773202,0.017649947842,5.0,35.163676999218296,True,True
13.237,82.19499068029087,-111.53865104858515,-0.06348863208119329,4.908023303299755,82.000416,-111.536302,5.0,9397,0.9691625412541254,0.010186960486713588,-0.0013097581636625222,0.018923712436,5.0,37.24010800033284,True,True
13.286999999999999,82.36149206063513,-111.54908487913225,-0.061988723947915644,4.910439307269418,82.153687,-111.54639399999999,5.0,9398,0.9692656765676567,0.010380482016053622,-0.0015312476128275243,0.018956544843,5.0,38.02233900023566,True,True
13.334999999999999,82.69475444985669,-111.56916184742207,-0.05819038770597413,4.910277271552527,82.459753,-111.56576000000001,5.0,9400,0.9694719471947195,0.010650465486354326,-0.0010004201263904555,0.018642989857,5.0,35.11866300141264,True,True
13.383999999999999,82.86134151295018,-111.57866297176045,-0.05568164663456841,4.911037552396176,82.765715,-111.584107,5.0,9402,0.9696782178217822,0.07251728940204033,-0.00038823220119033053,0.018211417331,5.0,34.06598500077962,True,True
13.437,83.19258073273285,-111.59699812014073,-0.05152559675829369,4.9081384465293505,83.069962,-111.602043,5.0,9404,0.9698844884488449,0.04612039857271957,-0.003532686866683843,0.01564644117,5.0,37.50488299920107,True,True
13.485999999999999,83.35941237109347,-111.60549523167009,-0.04988610226616927,4.914549838787559,83.22315400000001,-111.61038899999998,5.0,9405,0.9699876237623762,0.03337724276800258,-0.0017783356357465863,0.014761171022,5.0,36.76073200040264,True,True
13.536,83.69359015638841,-111.6217966808557,-0.04729454046104885,4.921863752109956,83.529963,-111.62606299999999,5.0,9407,0.9701938943894389,0.012792589191246624,-0.00011628710737676684,0.015366994484,5.0,36.59337899989623,True,True
13.587,83.86052896826769,-111.62965643216735,-0.046002649718754264,4.893118865447771,83.683561,-111.633389,5.0,9408,0.9702970297029703,0.012045255917050747,0.00025236507645454154,0.01554662515,5.0,37.413471000036225,True,True
13.635,84.19436154994425,-111.64384976685112,-0.0402781028269893,4.906661371365008,83.990526,-111.64733899999999,5.0,9410,0.970503300330033,0.012056051522220832,-0.0010383011434194067,0.011905572775,5.0,35.61935799916682,True,True
13.684,84.36198304939265,-111.65026676050607,-0.03920367540710941,4.96755431714685,84.14386999999999,-111.654,5.0,9411,0.9706064356435643,0.012338154187241837,-0.0031957177179187113,0.010706780291,5.0,34.377146999759134,True,True
13.732999999999999,84.69612398341201,-111.66312225408755,-0.0365837418891927,4.822806197218141,84.605885,-111.67228,5.0,9414,0.9709158415841584,0.07694303286905442,0.0021040214873861984,0.011565607236,5.0,34.04868399957195,True,True
13.783999999999999,84.85966221326913,-111.66940165291352,-0.036479955819357104,4.844606023245182,84.756338,-111.67751299999999,5.0,9415,0.9710189768976898,0.06190978405369572,0.0032850783129179106,0.012834932639,5.0,34.33135099840001,True,True
13.834999999999999,85.19107530479809,-111.6809406558774,-0.03434418054375613,4.876447391010744,84.908548,-111.68236200000001,5.0,9416,0.9711221122112211,0.05057460569196574,0.004732040508172108,0.014741693913,5.0,35.77214399956574,True,True
13.885,85.35705206036336,-111.68665348817908,-0.033640588398616146,4.875584416634591,85.213443,-111.692049,5.0,9418,0.9713283828382838,0.024974168610619234,0.0021428342414759882,0.015460853181,5.0,35.30016200056707,True,True
13.936,85.52265671580948,-111.6921762840891,-0.032657054814898494,4.873586426666442,85.366049,-111.697015,5.0,9419,0.9714315181518152,0.013722457871695664,0.0012406662448163353,0.016288364096,5.0,36.43356000065978,True,True
13.985,85.85373465118982,-111.70246602217956,-0.029075187304645946,4.871081955043474,85.67090300000001,-111.70671200000001,5.0,9421,0.9716377887788779,0.0097954782628987,-6.385023604860152e-05,0.016504829299,5.0,35.35178799938876,True,True
14.035,86.01921943092256,-111.70711243711156,-0.026525127073900288,4.871820372212879,85.823252,-111.71141999999999,5.0,9422,0.9717409240924092,0.00987316243089706,-0.001518100364552133,0.015612316159,5.0,35.29239800081996,True,True
14.084999999999999,86.34291504038403,-111.71660348770833,-0.02160674013347797,4.811166425590929,86.126696,-111.72018200000001,5.0,9424,0.971947194719472,0.01087975311393861,-0.008606289155702385,0.012311907471,5.0,35.98659400086035,True,True
14.133999999999999,86.50826519226442,-111.72211655613722,-0.019314555700357307,4.916809536105283,86.275121,-111.72574499999999,5.0,9425,0.9720503300330033,0.0118491122678028,-0.01716895500307647,0.012066138018,5.0,34.929448998809676,True,True
14.181,86.83990075444464,-111.72967272381094,-0.015518612459231673,4.842025489163951,86.732539,-111.740248,5.0,9428,0.9723597359735974,0.05873563675094466,-0.005001108357667761,0.012521377373,5.0,31.98263199919893,True,True
14.232999999999999,87.0045631325395,-111.73220784710288,-0.014843553713426275,4.843576851862847,86.88446,-111.743609,5.0,9429,0.9724628712871287,0.046687751696576026,-0.005952833665798796,0.01185314372,5.0,33.38710599928163,True,True
14.283999999999999,87.33333549614395,-111.73618799165862,-0.010812472879485393,4.802529462777665,87.188068,-111.74949699999999,5.0,9431,0.9726691419141914,0.024483023794206978,-0.004943447657314248,0.011763650481,5.0,34.581568999783485,True,True
14.334,87.49756507652555,-111.73816765013716,-0.01071973430980428,4.83700619854056,87.339902,-111.75221100000002,5.0,9432,0.9727722772277227,0.01731634399057251,-0.006794378828774317,0.010759391376,5.0,34.63945700059412,True,True
14.385,87.82709911951133,-111.74149530863899,-0.00954677566855503,4.822205423771914,87.644701,-111.756751,5.0,9434,0.9729785478547854,0.017002620911833258,-0.0011118768114202204,0.012891407786,5.0,35.82654500132776,True,True
14.434999999999999,87.99100133293899,-111.74305472610148,-0.009439534425189995,4.819631775962893,87.79648399999999,-111.758147,5.0,9435,0.9730816831683168,0.01686329748783184,0.0014851719095529958,0.0143759422,5.0,35.030768000069656,True,True
14.485,88.3184737173735,-111.74613204756476,-0.008909014703135404,4.814594142929521,88.09967900000001,-111.760005,5.0,9437,0.9732879537953796,0.015655112273604006,0.004457944758261334,0.017486926747,5.0,35.98579300160054,True,True
14.537999999999998,88.48229889745086,-111.74768038552662,-0.0079648687004683,4.840545723022971,88.251175,-111.76066399999999,5.0,9438,0.9733910891089109,0.014846655922475875,0.004394730237738287,0.018360152208,5.0,38.62319199834019,True,True
14.585999999999999,88.80980707958194,-111.74987977505296,-0.006088813714524809,4.814161383428157,88.706079,-111.762992,5.0,9441,0.973700495049505,0.061707044494245716,0.002697483895701236,0.020210215435,5.0,36.43383099915809,True,True
14.635,88.97339939427384,-111.75078464499927,-0.004667839757499292,4.815917369495701,88.857823,-111.76353,5.0,9442,0.9738036303630363,0.0499185061344748,0.0029760346233436152,0.020094173316,5.0,35.91522099850408,True,True
14.687,89.30063862267315,-111.75153007515267,-0.00038302434019278636,4.764659844038451,89.009344,-111.76393600000002,5.0,9443,0.9739067656765676,0.03827496334635132,0.002232747496740295,0.01962692076,5.0,37.20488199905958,True,True
14.735,89.4629871376454,-111.75188053413525,0.0015641462424783516,4.81619066014301,89.312173,-111.764384,5.0,9445,0.9741130363036303,0.017270357387707838,-0.00188651672607687,0.017492914437,5.0,35.2679919997172,True,True
14.783999999999999,89.62692116557291,-111.75144095106093,0.0037636422944504547,4.825930591804285,89.462273,-111.76495200000001,5.0,9446,0.9742161716171617,0.013070445399734948,-0.002737131250900582,0.016842080846,5.0,34.42789200016705,True,True
14.834999999999999,89.95558354261316,-111.7497374487589,0.007121688381524575,4.838387319908583,89.76579699999999,-111.764133,5.0,9448,0.9744224422442245,0.013240977114215128,-0.0002205541062827443,0.015529777873,5.0,35.80737999982375,True,True
14.886,90.12021062614528,-111.74841376483417,0.008969578390835765,4.842861949342252,89.917812,-111.763166,5.0,9449,0.9745255775577558,0.01311503853353108,0.0002033449113252317,0.015265413486,5.0,36.325678000139305,True,True
14.934,90.44915294850908,-111.74457342024243,0.01392339563158888,4.846586584738607,90.221899,-111.760534,5.0,9451,0.9747318481848185,0.013166159067726233,-0.0009710741642638965,0.013890376603,5.0,34.52699700028461,True,True
14.984,90.61342094103529,-111.74239471268966,0.014914771946979858,4.84367413053732,90.373991,-111.758829,5.0,9452,0.9748349834983498,0.013340677214806517,-0.002239547079544213,0.012299780688,5.0,34.213009999803035,True,True
15.035,90.9439746298306,-111.73734130510304,0.016091815362733807,4.836038601680403,90.830848,-111.752572,5.0,9455,0.9751443894389439,0.05384673913194477,0.002399472116577872,0.015475999274,5.0,35.979972999484744,True,True
15.084,91.10842824548155,-111.73460800962897,0.017132032480479797,4.838712037060918,90.98297,-111.74971599999999,5.0,9456,0.9752475247524752,0.040911758315185905,0.003422539741447128,0.016444005633,5.0,34.62803600086772,True,True
15.135,91.43747584852167,-111.7286868576157,0.019103534967624316,4.841511370055894,91.28666899999999,-111.743394,5.0,9458,0.9754537953795379,0.018016674107735053,0.0034509405841229857,0.017691654311,5.0,35.829401000228245,True,True
15.184999999999999,91.60201223964366,-111.72545184554014,0.020828526785098195,4.844391105687273,91.438503,-111.740096,5.0,9459,0.9755569306930693,0.011455285684108602,0.002237488509463592,0.018134682347,5.0,35.27233999921009,True,True
15.235,91.93172029088828,-111.71793477731589,0.024177248607132218,4.867898194769422,91.742713,-111.73369199999999,5.0,9461,0.9757632013201321,0.01123243629700542,-0.0005277047682161751,0.017603114653,5.0,35.65651700046146,True,True
15.285,92.09643466905821,-111.71388810053827,0.025895320106301026,4.848853226841196,91.89457900000001,-111.73023700000002,5.0,9462,0.9758663366336634,0.011373360458552407,-0.0003488922224379465,0.017131863807,5.0,35.382334999667364,True,True
15.334999999999999,92.42606421101206,-111.70466668484791,0.030258806299328145,4.855683488782979,92.198514,-111.722479,5.0,9464,0.9760726072607261,0.011314964124675288,-0.0016321663282323762,0.016000351771,5.0,35.41263199986133,True,True
15.383,92.58964999466318,-111.69968486997833,0.03183710609576811,4.802148912429284,92.502023,-111.71416599999999,5.0,9466,0.9762788778877888,0.07655047101665607,-0.0037555820532260142,0.01574114185,5.0,33.98006399947917,True,True
15.433,92.91945261394713,-111.68876932368552,0.03545451038940202,4.863963391683823,92.804289,-111.705878,5.0,9468,0.9764851485148515,0.05135665000029841,-0.002595331224645392,0.014888348451,5.0,33.88538699982746,True,True
15.484,93.08486110427582,-111.68280274987411,0.03718102340392438,4.870507357371451,92.956352,-111.70091799999999,5.0,9469,0.9765882838283828,0.03884784456404438,-0.001659546977339943,0.014758718209,5.0,34.26552900054958,True,True
15.533999999999999,93.25047278943333,-111.67650846244945,0.038820416067099406,4.8751445205837305,93.108538,-111.69559199999999,5.0,9470,0.9766914191419142,0.026910226864816776,-0.0010630778872964264,0.014487568153,5.0,34.72667999994883,True,True
15.584999999999999,93.58137942929193,-111.66291167689202,0.04297752143123208,4.876700223639137,93.412987,-111.68404,5.0,9472,0.976897689768977,0.013885852274709455,-0.0009374057831141869,0.013959610292,5.0,35.37097400112543,True,True
15.633999999999999,93.7467680520605,-111.65577278767975,0.04422530829972644,4.8747261638248585,93.56532800000001,-111.677869,5.0,9473,0.9770008250825083,0.014283682168748523,-0.0021406510721386773,0.012630569013,5.0,34.94073999900138,True,True
15.684999999999999,94.07934469553705,-111.6408611257396,0.04643795499627031,4.893491143416833,93.869578,-111.66516299999999,5.0,9475,0.977207095709571,0.014702665713393988,-0.0004946333297857208,0.014316012691,5.0,36.05635500025528,True,True
15.735,94.24485140143615,-111.63305452364027,0.04786532004556653,4.871771020143325,94.022669,-111.65810400000001,5.0,9476,0.9773102310231023,0.014484381415525747,0.0007656618436024942,0.014013105727,5.0,35.290965000967844,True,True
15.783999999999999,94.57585310123781,-111.61676480396724,0.05042296231658993,4.874252403756042,94.478998,-111.635433,5.0,9479,0.9776196369636964,0.06945450952547524,0.001798070452528222,0.015200552531,5.0,34.43757999957597,True,True
15.834,94.74129954754567,-111.60834728394754,0.051908483931718714,4.875960481679139,94.630935,-111.627652,5.0,9480,0.9777227722772277,0.056147543211639644,0.0004317497505463841,0.015415142052,5.0,34.98243799913325,True,True
15.886,95.07262096539847,-111.59065307542889,0.05469073652752601,4.887531885252503,94.935262,-111.6122,5.0,9482,0.9779290429042904,0.0307684363620734,-0.0012534184306347562,0.015328095779,5.0,36.200955999447615,True,True
15.934999999999999,95.2382884655178,-111.58142238973453,0.056127937606354136,4.876835860821261,95.087328,-111.60410700000001,5.0,9483,0.9780321782178217,0.0199325099557492,-0.0009915937429516575,0.015280200416,5.0,35.50665799957642,True,True
15.985,95.56933251792836,-111.56225632937462,0.059839256579763016,4.88175642299024,95.391301,-111.587359,5.0,9485,0.9782384488448845,0.014613461966893884,-0.001762983695198006,0.014709781867,5.0,35.3081570010545,True,True
16.034,95.73434403262043,-111.55213948467008,0.06158983121344413,4.810058611784383,95.543257,-111.578779,5.0,9486,0.9783415841584159,0.014996045829556876,-0.0028726458816379363,0.013955963203,5.0,34.773137000229326,True,True
16.084,96.06464582643967,-111.5316884653765,0.06463676910780604,4.888167990123393,95.845647,-111.56165800000001,5.0,9488,0.9785478547854786,0.016157402934658966,-0.005283566589334487,0.01340464038,5.0,34.2198529997404,True,True
16.134,96.23061486175777,-111.52087856182324,0.06608622613550122,4.892554348035031,95.997716,-111.552536,5.0,9489,0.9786509900990099,0.01665010143217766,-0.0036028722401457713,0.013197338731,5.0,34.57830199840828,True,True
16.186,96.56280533395298,-111.49853389273697,0.06905035291704398,4.862960309288777,96.45472600000001,-111.52314799999999,5.0,9492,0.9789603960396039,0.05950908001480994,-0.0007018662726356872,0.013774546642,5.0,36.57200899942836,True,True
16.232,96.72875636376301,-111.48666959432933,0.07115551306494475,4.899531183772519,96.60681899999999,-111.51286,5.0,9493,0.9790635313531353,0.046286500712511856,-0.0008644685308434319,0.013772156779,5.0,33.025901999280904,True,True
16.284,97.06094418735637,-111.46273073686203,0.0730121481868812,4.902639849239538,96.911204,-111.491708,5.0,9495,0.979269801980198,0.02369343159200711,-0.0013746484020011884,0.012745364804,5.0,34.51247900011367,True,True
16.336,97.22806594051129,-111.4504217984831,0.07495430752553402,4.945997690757858,97.0636,-111.48068400000001,5.0,9496,0.9793729372937293,0.018148636260052378,0.000567273093428966,0.014003203034,5.0,36.637010000049486,True,True
16.386,97.56029084715925,-111.42492968311761,0.07793619737359551,4.894690253402578,97.216756,-111.46918500000001,5.0,9497,0.9794760726072608,0.0178361389681084,0.0010707261276365898,0.013364078615,5.0,36.04565599925991,True,True
16.432,97.72619899151071,-111.41187639956631,0.07927820111965864,4.894661603753425,97.52127800000001,-111.44545900000001,5.0,9499,0.9796823432343235,0.017372159723596563,0.0009391292607081603,0.013252713323,5.0,33.286138001130894,True,True
16.483999999999998,97.89202804750111,-111.39861143784022,0.08096168231719673,4.89647303269556,97.673239,-111.433375,5.0,9500,0.9797854785478548,0.01722334881260458,0.00016193763485317092,0.013430179538,5.0,34.33401600159414,True,True
16.534,98.2240539237648,-111.371112886548,0.08409501673671839,4.898436767034499,98.129498,-111.397072,5.0,9503,0.9800948844884488,0.07228051329089862,-0.0018066093464881305,0.013664648457,5.0,34.445735000190325,True,True
16.585,98.39008946544205,-111.35697867714622,0.08543514510155649,4.897819462130844,98.281666,-111.38461799999999,5.0,9504,0.9801980198019802,0.05917380685304674,-0.0018034913425570842,0.013546517575,5.0,35.338853998837294,True,True
16.634,98.72187698416732,-111.32804850091546,0.08905822243642565,4.902512512584457,98.58551,-111.35916200000001,5.0,9506,0.9804042904290429,0.03382804467826771,-0.002534550936550417,0.013106174558,5.0,35.04596700076945,True,True
16.684,98.88767643104879,-111.3129948687685,0.09052711167953334,4.8449667117047115,98.737473,-111.346249,5.0,9507,0.9805074257425742,0.023968601894548577,-0.0035528353828420123,0.012186416519,5.0,34.368319998975494,True,True
16.735,99.2180348366355,-111.28297056330055,0.09345129405146398,4.906807503417189,99.039745,-111.320527,5.0,9509,0.980713696369637,0.021014206951911113,-0.005816916414628004,0.012059558329,5.0,35.75563300000795,True,True
16.782999999999998,99.3842574955456,-111.26733577226439,0.09471901421035571,4.911118516358932,99.191788,-111.30706799999999,5.0,9510,0.9808168316831684,0.021620686087805215,-0.003948688168363024,0.011591503094,5.0,33.23963099865068,True,True
16.833,99.71698396339416,-111.23537648409207,0.09747287244547698,4.8810353619305,99.496222,-111.279058,5.0,9512,0.981023102310231,0.022340035661928336,-0.002396114203949029,0.01150331466,5.0,33.89522600082273,True,True
16.887,99.88320480238961,-111.21893308148837,0.09839439319197177,4.917895057411555,99.64860999999999,-111.26456999999999,5.0,9513,0.9811262376237624,0.022509881894977254,-0.0021118443768397555,0.011471317147,5.0,37.228125000183354,True,True
16.934,100.2159000660521,-111.18557974526027,0.10149889114236227,4.9212973428933315,100.104996,-111.22023300000001,5.0,9516,0.9814356435643564,0.058394411177861656,-0.0006615876047999514,0.012351526103,5.0,34.49508799894829,True,True
16.987,100.3829321503515,-111.16838738220466,0.10267193221939432,4.9533278366148386,100.257285,-111.204825,5.0,9517,0.9815387788778878,0.04564090914814008,0.000829653724167212,0.012203490152,5.0,37.869163001232664,True,True
17.032,100.71602788213832,-111.13392892207013,0.10382572455622399,4.914057542193015,100.562647,-111.17268700000001,5.0,9519,0.9817450495049505,0.024998329558013545,0.003252364561840082,0.013205980567,5.0,32.98391300086223,True,True
17.084,100.88220415073417,-111.11659063895496,0.10427740835228395,4.913739877995072,100.7145,-111.156342,5.0,9520,0.9818481848184818,0.022117223702310215,0.0038595705865507313,0.014168564665,5.0,34.190738000688725,True,True
17.134,101.21482329076684,-111.08200909352924,0.10290085628549289,4.915291894756227,101.017995,-111.12337600000001,5.0,9522,0.9820544554455446,0.020703266896383438,0.0041382861133318904,0.017631610391,5.0,34.671356001126696,True,True
17.184,101.38091006019823,-111.06476269946894,0.10415786904037815,4.922223414571218,101.170002,-111.10696399999999,5.0,9523,0.9821575907590759,0.019974362189709657,0.00491574787338811,0.020032295456,5.0,34.72721099933551,True,True
17.235,101.71316469482713,-111.02958744223818,0.10622718510315692,4.913428512465568,101.321747,-111.090499,5.0,9524,0.9822607260726073,0.019119477525144132,0.004611210712074154,0.019618653262,5.0,35.88891199979116,True,True
17.284,101.87921728018408,-111.01184475192274,0.10669739761264149,4.915001172412718,101.777005,-111.039973,5.0,9527,0.9825701320132013,0.06467955144085244,0.005461731034792194,0.021060833246,5.0,34.21628600153781,True,True
17.336,102.04531662154878,-110.99398862554162,0.10762599128033193,4.916899996284182,101.928713,-111.022925,5.0,9528,0.9826732673267327,0.050720786444514276,0.005950707224533502,0.021633652391,5.0,36.20754800067516,True,True
17.384,102.3758755677965,-110.95787602459298,0.11172554746179725,4.916841992090718,102.230755,-110.988998,5.0,9530,0.9828795379537953,0.024474218517911848,0.003081484726360273,0.020931140488,5.0,34.79533900099341,True,True
17.433,102.54209679458573,-110.93908733170538,0.11402795394640154,4.920206717448366,102.382548,-110.97133400000001,5.0,9531,0.9829826732673267,0.015021266709791993,0.005172090210723734,0.020240118378,5.0,33.957311999984086,True,True
17.485,102.8746292109651,-110.90046852746931,0.11819755799888687,4.888183028011611,102.686501,-110.935027,5.0,9533,0.9831889438943895,0.012360270427975861,0.004370130038747089,0.018274042059,5.0,35.32407599959697,True,True
17.532999999999998,103.04077204332296,-110.88064507191716,0.11879776139473118,4.924748630537508,102.838616,-110.91649699999999,5.0,9534,0.9832920792079208,0.011529891433044163,0.003367730906825628,0.01759382108,5.0,33.274715999141335,True,True
17.584,103.37291167531187,-110.84015880595906,0.12389081682742606,4.925366690342844,103.142105,-110.87908,5.0,9536,0.9834983498349835,0.010375803141192302,0.002639902468623667,0.017914773297,5.0,34.78994800025248,True,True
17.636,103.53952210044491,-110.81903628721044,0.12633094483194823,4.95908383556909,103.445782,-110.840781,5.0,9538,0.9837046204620462,0.07287298090223415,0.004486772794484839,0.016867137984,5.0,36.64826099884522,True,True
17.685,103.87206689791411,-110.77641053408745,0.12921363172297054,4.914810768487711,103.750442,-110.80075900000001,5.0,9540,0.9839108910891089,0.044201430070367746,0.004210637531097738,0.015705494397,5.0,36.00150300007954,True,True
17.735,104.03773017261959,-110.75479845767863,0.1304124988118197,4.91248289195162,103.90196,-110.78053100000001,5.0,9541,0.9840140264026402,0.03017574840255372,0.0038157830119982528,0.016184280225,5.0,35.64722000010079,True,True
17.785,104.36900010508236,-110.71137228268984,0.1299021576544276,4.909592583865569,104.204662,-110.739893,5.0,9543,0.9842202970297029,0.006936509213481006,0.002812396026123043,0.018332382112,5.0,36.000370999317965,True,True
17.836,104.53447729637683,-110.68964981843446,0.13057416689429813,4.933768688860946,104.356348,-110.719558,5.0,9544,0.9843234323432343,0.0064245196032069645,0.0036385068342301707,0.020994460005,5.0,36.4762699991843,True,True
17.884999999999998,104.8653337150419,-110.64610688913943,0.13107050475278073,4.908198788016086,104.65894300000001,-110.67856699999999,5.0,9546,0.9845297029702971,0.004970282065266844,0.00487564058263823,0.023067687296,5.0,35.319278000315535,True,True
17.936,105.03071840856514,-110.62429272639461,0.13137389932517154,4.9096332643046185,104.810061,-110.657802,5.0,9547,0.9846328382838284,0.004025544996851843,0.005806665751943996,0.024540038936,5.0,36.42569499970705,True,True
17.983999999999998,105.36018892240128,-110.58047142815782,0.13473113274513882,4.860224433683963,105.26309099999999,-110.594815,5.0,9550,0.9849422442244224,0.06736895496554657,0.005472444309805535,0.026460781828,5.0,34.86933699969086,True,True
18.035999999999998,105.52529007454203,-110.55816658803279,0.13664919398534567,4.910680306662914,105.41313899999999,-110.57426399999999,5.0,9551,0.9850453795379538,0.05331268969057916,0.004544931714824951,0.024741768425,5.0,36.642119999669376,True,True
18.086,105.85636001028533,-110.51201150412544,0.1411349876676307,4.917933107622694,105.56430300000001,-110.55259,5.0,9552,0.9851485148514851,0.0394094745826123,0.006796015363794261,0.023833808984,5.0,36.670313000286114,True,True
18.136,106.0218579870751,-110.48844885229342,0.1433866315097273,4.89004885533664,105.86696299999998,-110.50821499999999,5.0,9554,0.9853547854785478,-0.011262186042843769,0.005865775512567506,0.02182649324,5.0,36.95377199983341,True,True
18.184,106.18733753574334,-110.46442100953531,0.1445491624685298,4.920155441472975,106.018231,-110.485767,5.0,9555,0.9854579207920792,-0.0031920753342880533,0.005012889242926644,0.020876334915,5.0,34.128291001252364,True,True
18.235,106.51804247438866,-110.41533626932421,0.15038959253283576,4.921517487860524,106.320477,-110.440095,5.0,9557,0.985664191419142,-0.004888973647307695,0.0035792902477607136,0.01957073711,5.0,35.75370999897132,True,True
18.282,106.6836671126986,-110.38991564642679,0.15321264930674985,4.963914328809091,106.4718,-110.41698899999999,5.0,9558,0.9857673267326733,-0.0054915241918003,0.0027147926969983693,0.01785234068,5.0,32.98151899980439,True,True
18.336,107.01501627100987,-110.33812922085308,0.15702731470346495,4.9118727519808445,106.77521999999999,-110.369251,5.0,9560,0.985973597359736,-0.006779014086014087,0.002953246586234748,0.015376499431,5.0,36.70755200073472,True,True
18.384,107.17993519065583,-110.31188479397623,0.15855164223668516,4.911300822594027,107.0773,-110.320591,5.0,9562,0.9861798679867987,-0.06470588912615884,0.003458784542791804,0.015847089313,5.0,34.62178400150151,True,True
18.434,107.5097162246529,-110.25894135925448,0.1595481087018258,4.905947475416069,107.378629,-110.27178899999998,5.0,9564,0.9863861386138614,-0.03658878197300249,0.0005223784882910643,0.016397766909,5.0,34.09379699951387,True,True
18.486,107.67439626767602,-110.23226876422856,0.16074338758129136,4.930263394891304,107.52958000000001,-110.247482,5.0,9565,0.9864892739273927,-0.022932215016507558,0.0005941028888463151,0.018280177527,5.0,36.80257000087295,True,True
18.535,108.00347893312899,-110.17881969222319,0.1611230413342543,4.903659949721469,107.830822,-110.19866100000002,5.0,9567,0.9866955445544554,-0.008143214743793174,-0.00015023771929056906,0.019204053602,5.0,35.524490998795955,True,True
18.585,108.16798469363964,-110.15210472638267,0.16092776734209796,4.905025669129238,107.981264,-110.174109,5.0,9568,0.9867986798679867,-0.008231515214259941,0.0007493371576341445,0.021085485817,5.0,35.47245400113752,True,True
18.636,108.49626325095086,-110.0985932237124,0.16320688071216716,4.836165141973495,108.282211,-110.124882,5.0,9570,0.9870049504950495,-0.008709096808786718,0.0018774789226223554,0.023759281177,5.0,36.360202999276225,True,True
18.686,108.66008385343956,-110.07174513780026,0.16482514611088456,4.906234524030754,108.432377,-110.09998200000001,5.0,9571,0.9871080858085809,-0.008918956128882655,-0.00015996184931488244,0.022648017119,5.0,36.22405799978878,True,True
18.736,108.98950430301522,-110.01648420028677,0.16828679081379438,4.91457171865824,108.88304099999999,-110.024615,5.0,9574,0.9874174917491749,-0.061512084166718876,0.003151749904756418,0.021306685718,5.0,36.832375000813045,True,True
18.785999999999998,109.15415444884,-109.98851086615043,0.17010817665091504,4.888356207235845,109.033825,-109.998646,5.0,9575,0.9875206270627063,-0.04777578435449117,0.002591899013685506,0.020465259892,5.0,36.79624799951853,True,True
18.835,109.48321994479778,-109.93130737988618,0.17434650861701542,4.916893779725733,109.335094,-109.94633,5.0,9577,0.987726897689769,-0.02126772623353196,0.0013329577539411552,0.019384604475,5.0,35.562061000746326,True,True
18.884999999999998,109.64792910897377,-109.90213720225242,0.17636235816477575,4.919868092760091,109.485476,-109.919995,5.0,9578,0.9878300330033003,-0.011535151657636912,0.00048143155499902335,0.017825160037,5.0,35.126527000102215,True,True
18.934,109.81272733791431,-109.87260450093751,0.1785064752368981,4.924296415064769,109.636179,-109.893149,5.0,9579,0.9879331683168316,-0.010931212829762046,0.0010100940933526203,0.01727754994,5.0,34.823620999304694,True,True
18.983999999999998,110.14278742284748,-109.81241554067239,0.18166513680369675,4.911566049484525,109.93826899999999,-109.838225,5.0,9581,0.9881394389438944,-0.011499813230161955,0.0013569647112570138,0.015990975795,5.0,34.95069900054659,True,True
19.035,110.30701496612507,-109.78216402183449,0.1827315044955529,4.910471859640857,110.088998,-109.81043999999999,5.0,9582,0.9882425742574258,-0.01174976657121278,0.0011564679508468956,0.016745612114,5.0,35.40535799947975,True,True
19.086,110.6355023976047,-109.72150372150955,0.18230977689600034,4.907498028429888,110.539372,-109.727023,5.0,9585,0.9885519801980198,-0.07263149236955213,-0.00011808696757897863,0.019958154777,5.0,36.06359799960046,True,True
19.134999999999998,110.79961198063769,-109.69112709268563,0.18302978113341986,4.9242736489118855,110.68960600000001,-109.699202,5.0,9586,0.9886551155115512,-0.05851979643197579,0.001108804622234949,0.022754499724,5.0,35.677407000548556,True,True
19.186,111.12751736906868,-109.63038076964662,0.1834161535076669,4.906247356497984,110.989625,-109.643348,5.0,9588,0.9888613861386139,-0.031327500796542625,0.0009934060223160124,0.025613105236,5.0,36.13166600007389,True,True
19.235,111.2914646770371,-109.59994902019356,0.18380710222545904,4.907520629029781,111.13943300000001,-109.615393,5.0,9589,0.9889645214521452,-0.019147206048712156,0.0009517140661876589,0.027375355021,5.0,35.326111001268146,True,True
19.287,111.61891691183565,-109.53846663782387,0.18695498155667642,4.8778234739058135,111.43912399999999,-109.55951,5.0,9591,0.9891707920792079,-0.012717814086112951,0.00034761888854006884,0.030017573102,5.0,37.6330519993644,True,True
19.336,111.78198399705221,-109.50798895082785,0.18962355526781305,4.907984079259439,111.58866299999998,-109.531351,5.0,9592,0.9892739273927392,-0.012492957678869043,-0.002555313014056093,0.029092311556,5.0,36.668437998741865,True,True
19.386,112.11001398175031,-109.4443518075394,0.19432543239861744,4.916288733025223,111.887612,-109.47521100000002,5.0,9594,0.989480198019802,-0.012178217946833563,-0.002366280013810673,0.028151776428,5.0,36.62311399966711,True,True
19.436999999999998,112.27390985360863,-109.4120310571127,0.19680774684707195,4.891152649077818,112.03759299999999,-109.446322,5.0,9595,0.9895833333333334,-0.011918327626412336,-0.0029518862967625736,0.027251693273,5.0,37.94913199999428,True,True
19.486,112.60137616429839,-109.34580004262628,0.20234036756012372,4.918692534851709,112.48738999999999,-109.357964,5.0,9598,0.9898927392739274,-0.053918492538241804,-0.0029916291784952698,0.026884637235,5.0,36.59036200042465,True,True
19.535,112.76525633110118,-109.31197607619052,0.2050602964315755,4.921725384901999,112.636987,-109.32806000000001,5.0,9599,0.9899958745874587,-0.039784930963237874,-0.0026320015095420146,0.025950998445,5.0,35.98750600031053,True,True
19.586,113.09362029105215,-109.24266451961374,0.2105246237664287,4.936501509803874,112.936663,-109.266028,5.0,9601,0.9902021452145214,-0.013807189403871694,0.0008768442790088038,0.025358176388,5.0,36.38102200056892,True,True
19.634999999999998,113.25766902918828,-109.20752269672906,0.21255014818475593,4.915434246097695,113.086968,-109.23381,5.0,9602,0.9903052805280528,-0.010062916057998248,0.001794571820953994,0.025038718615,5.0,35.58933199929015,True,True
19.688,113.58431068881158,-109.13652942982016,0.21515178017673908,4.918588450524609,113.385847,-109.16860700000001,5.0,9604,0.9905115511551155,-0.011021235034227354,0.002370296685192841,0.026939801999,5.0,38.47171899906243,True,True
19.737,113.74787456028251,-109.10075463505319,0.21567946641682564,4.916778267131486,113.53488600000001,-109.13567900000001,5.0,9605,0.9906146864686468,-0.011500359104946652,0.0023678527378589997,0.029216563858,5.0,37.25034699891694,True,True
19.788,114.07433011491315,-109.0285377007407,0.21983562185831407,4.917629630822363,113.684137,-109.10268,5.0,9606,0.9907178217821783,-0.011979526224109494,0.0027113796638520427,0.031660923599,5.0,38.92640899903199,True,True
19.837,114.23738789505693,-108.99195651748857,0.22142466761320306,4.918368843935624,114.13053300000001,-109.002326,5.0,9609,0.9910272277227723,-0.062014655911382034,0.0036446167480876923,0.033661121811,5.0,37.37303600064479,True,True
19.884999999999998,114.40044875354249,-108.9551207526344,0.22297310585117192,4.920139993299617,114.279016,-108.96849399999999,5.0,9610,0.9911303630363036,-0.047784818175372966,0.0031395329898775692,0.034409689767,5.0,36.742517000675434,True,True
19.936999999999998,114.7264639271856,-108.8803667705248,0.2278321036545899,4.879222217491068,114.575823,-108.90025800000001,5.0,9612,0.9913366336633663,-0.021580502076634252,0.002875280230310473,0.036426087057,5.0,37.88518299916177,True,True
19.985,114.88816192539512,-108.8431189057707,0.23155425252288395,4.9060223366772595,114.724112,-108.86566,5.0,9613,0.9914397689768977,-0.014893644978828483,0.0011456927068507206,0.035821626153,5.0,35.842876000970136,True,True
20.035,115.21398169630638,-108.76546823163342,0.23761338245542166,4.929133898673642,115.01948,-108.79591599999999,5.0,9615,0.9916460396039604,-0.015906906299077626,0.002504515307720112,0.034567195602,5.0,35.761825000008685,True,True
20.085,115.37667856203802,-108.72592314362664,0.24078462130818593,4.910122896482731,115.167759,-108.75981000000002,5.0,9616,0.9917491749174917,-0.016584022230647043,0.0029703678358545815,0.033773415138,5.0,35.26087899990671,True,True
20.136,115.70185240384667,-108.64487215622931,0.2474231079830655,4.932075178464081,115.46403899999999,-108.686252,5.0,9618,0.9919554455445545,-0.01784944774623659,0.0021651142426577508,0.032672009219,5.0,36.836172999755945,True,True
20.185,115.86446982704709,-108.60352502847867,0.2508808281091976,4.93623905664371,115.759859,-108.61101599999999,5.0,9620,0.9921617161716172,-0.06716401202965779,0.005001526724573768,0.032525923411,5.0,35.738440999921295,True,True
20.236,116.18987400211601,-108.51878243494538,0.25771188514505067,4.9720599945584105,116.055704,-108.533173,5.0,9622,0.9923679867986799,-0.04030933435629372,0.007761364153358485,0.031760193387,5.0,36.42631699949561,True,True
20.288,116.35302834956947,-108.47565559410197,0.26133099586261477,4.927996280325678,116.20385900000001,-108.49305600000001,5.0,9623,0.9924711221122112,-0.029281899200933863,0.00777390382901455,0.031148514554,5.0,38.528876000782475,True,True
20.338,116.67630678960398,-108.3881442770077,0.268121860615846,4.928366226211704,116.49912900000001,-108.411974,5.0,9625,0.9926773927392739,-0.02364293134612226,0.0056579387198953945,0.030826693199,5.0,38.76040900104272,True,True
20.387999999999998,116.83799766717813,-108.3434334267416,0.27162575429569774,4.928187264261245,116.646124,-108.371152,5.0,9626,0.9927805280528053,-0.02446886100231691,0.0031661436370931106,0.03037024514,5.0,38.99640900090162,True,True
20.436999999999998,117.16055483860373,-108.25245072131958,0.27834689571535476,4.931029495528524,116.940096,-108.28906,5.0,9628,0.9929867986798679,-0.024887744859996057,-0.0008674471583707266,0.029749243428,5.0,37.18251999998756,True,True
20.487,117.3216163041589,-108.20615895425321,0.28176405853383557,4.9316176663129605,117.087001,-108.247577,5.0,9629,0.9930899339933993,-0.024804972970452983,-0.0022249583284885688,0.029555362187,5.0,37.23279400037427,True,True
20.537,117.64347549444558,-108.1118264819294,0.2882635844351619,4.938137445270701,117.526519,-108.121926,5.0,9632,0.9933993399339934,-0.05767205011195168,-0.0042614630539974385,0.029063418556,5.0,37.48121799981163,True,True
20.586,117.8043415233627,-108.06385067196773,0.2913970104022489,4.941345411627087,117.672927,-108.079527,5.0,9633,0.9935024752475248,-0.04371095643348033,-0.005200662372075282,0.02898271023,5.0,36.45922800023982,True,True
20.634999999999998,118.12413291831542,-107.96773847055825,0.29806115701789265,4.939590172549476,117.819313,-108.03676000000002,5.0,9634,0.9936056105610561,-0.0309523766512917,-0.0070017257455283755,0.028845917514,5.0,35.723572998904274,True,True
20.685,118.28470784208398,-107.91813706063294,0.30167073015636126,4.9442556781630165,118.110399,-107.95094499999999,5.0,9636,0.9938118811881188,-0.020054443134203084,-0.0065525922307849704,0.028122690935,5.0,35.231444000601186,True,True
20.735,118.44509716870604,-107.86801874530609,0.30475446424845165,4.93933399415158,118.25666799999999,-107.906626,5.0,9637,0.9939150165016502,-0.019220045976258752,-0.005918677822574825,0.027368830876,5.0,35.72315200108278,True,True
20.785999999999998,118.76564757918327,-107.76655071562284,0.3089968548095433,4.943455827642074,118.54898100000001,-107.81668799999998,5.0,9639,0.9941212871287128,-0.01755258949445706,-0.004596292595093754,0.02930457821,5.0,36.139330000878545,True,True
20.835,118.9256765178007,-107.71501370754643,0.31434389357025566,4.9442211827415825,118.69503200000001,-107.771024,5.0,9640,0.9942244224422442,-0.017027830231687614,-0.004333502006557133,0.029135052739,5.0,35.18390399949567,True,True
20.884999999999998,119.24526921544148,-107.60982359228439,0.322113758021845,4.947620357028328,119.13216100000001,-107.630473,5.0,9643,0.9945338283828383,-0.05670645520031743,0.0005634239406036023,0.025531152142,5.0,35.911484999815,True,True
20.935,119.40587219351826,-107.5557903813644,0.3255779195826219,4.95603173371386,119.277776,-107.58196000000001,5.0,9644,0.9946369636963697,-0.04281437629259645,0.0009307146445456382,0.02455546643,5.0,35.483714998918,True,True
20.985,119.72341959630901,-107.44761608674052,0.3308960551973179,4.9300046706664915,119.568591,-107.483608,5.0,9646,0.9948432343234324,-0.018643699528902366,0.0003049262745116188,0.024346325413,5.0,35.75835799892957,True,True
21.035999999999998,119.88196038124445,-107.39303054264002,0.33229550745244113,4.9268596639304665,119.71305900000002,-107.43415800000001,5.0,9647,0.9949463696369637,-0.01609429331158172,-0.0005319937778134332,0.025567075621,5.0,36.53758400105289,True,True
21.088,120.1983034965203,-107.28324752815446,0.33560104786976613,4.9232071671366056,120.001713,-107.334768,5.0,9649,0.9951526402640264,-0.015938574736098384,-0.0009060031272669633,0.029593028208,5.0,38.314225001158775,True,True
21.139,120.35622687269857,-107.2281084324529,0.33613214963507004,4.921921566970693,120.145923,-107.28468500000001,5.0,9650,0.9952557755775577,-0.015910657311899425,-0.0004995706534485223,0.031684851346,5.0,39.195281999127474,True,True
21.186999999999998,120.67201882784875,-107.11759806186075,0.33754272564023446,4.923902603414459,120.577405,-107.13328600000001,5.0,9653,0.9955651815181518,-0.07466125301143363,0.0034191232593321352,0.039591956685,5.0,37.78179000073578,True,True
21.237,120.82988624199893,-107.0620214106762,0.33956963356401393,4.926260088999851,120.72111799999999,-107.08228899999999,5.0,9654,0.9956683168316832,-0.060476925809968,0.004747417222545902,0.041504803427,5.0,37.69701199962583,True,True
21.287,121.14370517197912,-106.95067370696462,0.345306153211185,4.928173533738407,121.00724,-106.97953999999999,5.0,9656,0.9958745874587459,-0.03392529733447413,0.005260969548741556,0.044021618092,5.0,37.51501099941379,True,True
21.337,121.30137974543811,-106.89367822397622,0.3485219879207514,4.931227364522599,121.15068899999999,-106.92735400000001,5.0,9657,0.9959777227722773,-0.0243430192609805,0.005498005884415846,0.043426992125,5.0,37.41821999938111,True,True
21.387,121.61612347831169,-106.77798291762643,0.35647082198578145,4.9351371672754105,121.43780100000001,-106.82122199999999,5.0,9659,0.9961839933993399,-0.021446058693278508,0.005055908356314198,0.043663821859,5.0,38.01681900040421,True,True
21.436,121.77316616150291,-106.71908708171179,0.3602379917191851,4.910035138545451,121.581052,-106.76748300000001,5.0,9660,0.9962871287128713,-0.022238414316772794,0.003952378643564014,0.041902798613,5.0,36.60285600017232,True,True
21.487,122.08703353299936,-106.60003106968773,0.36696436865284743,4.9381672785982165,121.724373,-106.71321699999999,5.0,9661,0.9963902640264026,-0.022915806000822086,0.00341736649320179,0.041287881458,5.0,37.53075999884459,True,True
21.535999999999998,122.24370828577896,-106.53946685757722,0.37073709950046707,4.939631985269177,122.01018799999999,-106.603118,5.0,9663,0.9965965346534653,-0.025185690130520414,0.004937665253462953,0.042279963452,5.0,36.94085800088942,True,True
21.585,122.40114826312251,-106.47792717028358,0.3742052172321314,4.973148435169601,122.29565900000001,-106.490378,5.0,9665,0.996802805280528,-0.0714744195241455,0.009719884931146172,0.04178408703,5.0,35.358040000573965,True,True
21.636,122.71275500403772,-106.35443053226855,0.3804157336345129,4.9200215667794325,122.580828,-106.37501200000001,5.0,9667,0.9970090759075908,-0.04756446469842794,0.010776757463371478,0.042531747731,5.0,36.69927600094525,True,True
21.686999999999998,122.86794916040009,-106.29213872191582,0.3833231919812781,4.924174561198691,122.72215800000001,-106.31693,5.0,9668,0.9971122112211221,-0.038661431084371235,0.011144219387167809,0.042879688364,5.0,37.527324000620865,True,True
21.739,123.17750655339354,-106.16632162911914,0.38770759797238374,4.918782756341507,123.004251,-106.199293,5.0,9670,0.9973184818481848,-0.034944831501105965,0.013201034233748299,0.045040537075,5.0,39.1312920000928,True,True
21.791,123.48608057733702,-106.03940228592596,0.3937491032162699,4.908157157847542,123.14486000000001,-106.139725,5.0,9671,0.9974216171617162,-0.037284844968686136,0.014551745975801555,0.046262283466,5.0,41.49150300145266,True,True
21.839,123.63995489724735,-105.9751462443732,0.3974999779361469,4.907036161905819,123.42574599999999,-106.019205,5.0,9673,0.9976278877887789,-0.04253732409464825,0.014287553824599897,0.047208187902,5.0,39.15017699910095,True,True
21.887999999999998,123.79361185974794,-105.9102985237132,0.4012298430916042,4.9085599719312745,123.565933,-105.958402,5.0,9674,0.9977310231023102,-0.044963995859830505,0.012951361058520572,0.046466150803,5.0,38.60305399939534,True,True
21.939999999999998,124.09845973112323,-105.77966264296747,0.41082323436537516,4.908133505527274,123.98494099999999,-105.773909,5.0,9677,0.9980404290429042,-0.08077280277749091,0.013879511774266717,0.045717384193,5.0,40.515639000659576,True,True
21.988,124.25139725223258,-105.71258163420603,0.4154739609157336,4.913195482957059,124.12438600000002,-105.711469,5.0,9678,0.9981435643564357,-0.07295576988180266,0.011555801763099005,0.044081975079,5.0,38.403771999583114,True,True
22.041,124.55656192356791,-105.57627430376962,0.4248946951742948,4.918896241006972,124.403828,-105.584919,5.0,9680,0.9983498349834984,-0.05982656083439867,0.008397788331826472,0.029857180961,5.0,41.486073001578916,True,True
22.093,124.70889749124298,-105.50694055681242,0.42927927907217633,4.923056875355835,124.542928,-105.521032,5.0,9681,0.9984529702970297,-0.056899876956196034,0.007506929523578343,-0.18290109657,5.0,43.87076900093234,True,True
22.139,125.01275012682581,-105.36671262465579,0.4361630088529361,4.927813355898137,124.820973,-105.39159599999999,5.0,9683,0.9986592409240924,-0.05824949152986697,0.004983746028320191,-0.18989666762,5.0,39.536859998406726,True,True
22.191,125.16464120713644,-105.29568092363854,0.4384991545643616,4.932751468440178,124.95990400000001,-105.326355,5.0,9684,0.9987623762376238,-0.05908858021947786,0.0044259974564986315,-0.19146594232,5.0,41.73469799934537,True,True
22.261,125.46939741025345,-105.15265762112583,0.43872237736465824,4.916294377836274,125.237349,-105.194571,5.0,9686,0.9989686468646864,-0.061179402983259114,0.00689168671782836,0.22931814537,5.0,61.87892500020098,True,True
22.311999999999998,125.77272542215746,-105.01153915821718,0.4303033085553569,4.921792149129586,125.376718,-105.127799,5.0,9687,0.9990717821782178,-0.06263657577983504,0.009256294047414126,-0.18601820423,5.0,49.94335799892724,True,True
