t,x,y,yaw,speed_measured,x_ref,y_ref,speed_ref,path_index,progress,cte,heading_error,steering_cmd,speed_cmd,compute_time_ms,did_compute,controller_success
0.030000000000000027,33.4,-92.9,-0.7207000000000001,7.035546500820997e-18,32.934173,-93.47543,5.0,9047,0.9330651815181518,0.7403218250829543,0.04777350821222104,-0.14347886806,5.0,30.796127000940032,True,True
0.08200000000000002,33.39995623378675,-92.89995895260685,-0.7207010410081597,0.011737620520507355,32.934173,-93.47543,5.0,9047,0.9330651815181518,0.7403218250829543,0.04777350821222104,-0.14347886806,5.0,32.087936997413635,True,True
0.131,33.4000064454076,-92.9000054368225,-0.7207002767165891,8.568541108863964e-05,32.934173,-93.47543,5.0,9047,0.9330651815181518,0.7403266897825485,0.04777454922038071,-0.14347782705,5.0,31.452006001927657,True,True
0.18,33.4000111112495,-92.90000952089038,-0.7207001066069549,8.3842495223866e-05,32.934173,-93.47543,5.0,9047,0.9330651815181518,0.7403214445424334,0.047773522706963334,-0.14347885356,5.0,30.919428001652705,True,True
0.22899999999999998,33.399990895663414,-92.89999166165995,-0.7207001379819234,0.001073907175550167,32.934173,-93.47543,5.0,9047,0.9330651815181518,0.7403212943480271,0.04777361481917586,-0.14347876145,5.0,29.42834299756214,True,True
0.281,33.3999897236567,-92.89999059965909,-0.7207001274727906,0.000971622055511721,32.934173,-93.47543,5.0,9047,0.9330651815181518,0.740322718063333,0.047773582444323726,-0.14347879383,5.0,31.4990039987606,True,True
0.32999999999999996,33.39998849465265,-92.89998950418452,-0.7207001035789264,0.0009561312503372306,32.934173,-93.47543,5.0,9047,0.9330651815181518,0.7403227813893836,0.047773635685011584,-0.14347874059,5.0,30.81044400096289,True,True
0.381,33.39998486571366,-92.89998628782114,-0.7207001229249057,0.0009259794116438869,32.934173,-93.47543,5.0,9047,0.9330651815181518,0.740322988891888,0.04777363588295103,-0.14347874039,5.0,31.946873001288623,True,True
0.43000000000000005,33.39998248051231,-92.89998417836593,-0.7207001349899214,0.0009113093603458074,32.934173,-93.47543,5.0,9047,0.9330651815181518,0.740323130186417,0.04777363113712685,-0.14347874513,5.0,30.14681000058772,True,True
0.479,33.39997660291095,-92.89997898659526,-0.7207001453165107,0.0008827578572534638,32.934173,-93.47543,5.0,9047,0.9330651815181518,0.7403234849460228,0.047773645732755554,-0.14347873054,5.0,30.0028299971018,True,True
0.53,33.39997312368092,-92.89997591605304,-0.7207001502817871,0.0008688672425287804,32.934173,-93.47543,5.0,9047,0.9330651815181518,0.7403236978520293,0.04777365352873186,-0.14347872274,5.0,30.20673200080637,True,True
0.58,33.39996511667268,-92.89996885405597,-0.7207001624239897,0.0008418341411956303,32.934173,-93.47543,5.0,9047,0.9330651815181518,0.7403241926469026,0.04777366494104607,-0.14347871133,5.0,30.45227199982037,True,True
0.629,33.39996053550842,-92.89996491038214,-0.7206988960254822,0.0008266130004726075,32.934173,-93.47543,5.0,9047,0.9330651815181518,0.7403244736721061,0.04777367063621085,-0.14347870563,5.0,29.600125999422744,True,True
0.678,33.39995567721563,-92.89996059455122,-0.7207006971808609,0.0008169149658282729,32.934173,-93.47543,5.0,9047,0.9330651815181518,0.7403250584492997,0.04777420539308208,-0.14347817088,5.0,29.030527999566402,True,True
0.73,33.40142232907576,-92.90124626328382,-0.7207752732214158,0.11060492194977398,32.934173,-93.47543,5.0,9047,0.9330651815181518,0.7403253240732681,0.04777311043825527,-0.14347926583,5.0,30.863231997500407,True,True
0.7789999999999999,33.40554627006679,-92.90486903620719,-0.7209950406623,0.21380548450940356,32.934173,-93.47543,5.0,9047,0.9330651815181518,0.7399656643059191,0.048068548874521166,-0.1431838274,5.0,30.318821998662315,True,True
0.829,33.42156517575647,-92.91896232874151,-0.7221904292702948,0.41430509783698416,32.934173,-93.47543,5.0,9047,0.9330651815181518,0.73952663690551,0.04852863935765317,-0.14272373691,5.0,30.02575299979071,True,True
0.8799999999999999,33.43334558340223,-92.92934431706469,-0.7232381107273906,0.5046702374072758,32.934173,-93.47543,5.0,9047,0.9330651815181518,0.7389132076403033,0.049263937482515896,-0.14198843879,5.0,30.26384899931145,True,True
0.9299999999999999,33.46257940258856,-92.95502577112588,-0.7259960582507307,0.6460487157468762,32.934173,-93.47543,5.0,9047,0.9330651815181518,0.7372334008316361,0.05147766159301259,-0.13977471468,5.0,30.58368900019559,True,True
0.9790000000000001,33.48025995767797,-92.97072490218008,-0.7280868221274442,0.7521212137964088,33.052184000000004,-93.569346,5.0,9048,0.9331683168316832,0.7387920749911809,0.05675902713924952,-0.13431784375,5.0,29.953948000184027,True,True
1.028,33.522624156909046,-93.00867878523972,-0.7326998487454348,0.9190436772881758,33.052184000000004,-93.569346,5.0,9048,0.9331683168316832,0.7333617732363654,0.06099580170540486,-0.13008106918,5.0,28.722480998112587,True,True
1.077,33.54690174721305,-93.03061714586985,-0.7352348110978008,1.0090004491238227,33.052184000000004,-93.569346,5.0,9048,0.9331683168316832,0.7315179142896783,0.06346281763395378,-0.12761405325,5.0,27.685298002325,True,True
1.13,33.60180727121708,-93.08060110382728,-0.7412971439575766,1.1749488986040313,33.169982,-93.661958,5.0,9049,0.9332714521452146,0.7290847750965852,0.07264128383007229,-0.11971269503,5.0,30.90000099837198,True,True
1.18,33.63207438821155,-93.10843514286388,-0.7441778363717048,1.2520181979744351,33.169982,-93.661958,5.0,9049,0.9332714521452146,0.7241884461859981,0.07582262038396603,-0.11653135847,5.0,30.435811000643298,True,True
1.228,33.69828114529322,-93.1692070454654,-0.7503869385031909,1.3983042469036513,33.169982,-93.661958,5.0,9049,0.9332714521452146,0.7174016510731979,0.081626686247537,-0.11072729261,5.0,28.396640002029017,True,True
1.28,33.7337222888673,-93.20251919475402,-0.7537307664577818,1.4633132467567636,33.288132,-93.754545,5.0,9050,0.9333745874587459,0.7147327069635936,0.08555846462126615,-0.10636386061,5.0,30.425642002228415,True,True
1.327,33.810216894127024,-93.27484997124827,-0.7603721057641203,1.6223402741240407,33.288132,-93.754545,5.0,9050,0.9333745874587459,0.7046777699828359,0.0917438372558319,-0.10017848797,5.0,28.061812998203095,True,True
1.377,33.850987941867565,-93.31376551358717,-0.7638513776429956,1.6935743272749773,33.406313,-93.847211,5.0,9051,0.9334777227722773,0.700525162235243,0.0963253730164193,-0.096373700883,5.0,27.298291999613866,True,True
1.427,33.89336039596282,-93.3544879626497,-0.7671874493146587,1.7636949673884916,33.524688,-93.939676,5.0,9052,0.9335808580858086,0.6916389047782621,0.10487180222226833,-0.08939589736,5.0,27.912271998502547,True,True
1.478,33.982737059799,-93.44123233564031,-0.773732855218951,1.8991824470615772,33.524688,-93.939676,5.0,9052,0.9335808580858086,0.6817289273615958,0.10810561150094689,-0.086162088082,5.0,28.579613001056714,True,True
1.528,34.029629012653864,-93.48720755135498,-0.7772758676409142,1.9647049069099478,33.643235,-94.031968,5.0,9053,0.9336839933993399,0.6678804379697624,0.11647927984402084,-0.078580165784,5.0,29.395041001407662,True,True
1.5779999999999998,34.12760979978414,-93.58429234494965,-0.7842377533753055,2.0919072612935974,33.643235,-94.031968,5.0,9053,0.9336839933993399,0.6592023052021981,0.11997815019164548,-0.075081295437,5.0,28.367305996653158,True,True
1.6280000000000001,34.178608647013135,-93.63534985678913,-0.7876933121081424,2.1534186007238825,33.761978000000006,-94.12414100000001,5.0,9054,0.9337871287128713,0.6414923528288862,0.12916505293619007,-0.066535788412,5.0,28.72160900005838,True,True
1.6760000000000002,34.28440871891861,-93.74237718800633,-0.7945849968654868,2.2724770991674994,33.880936,-94.215889,5.0,9055,0.9338902640264026,0.6333075451753984,0.13639626106851122,-0.060191473297,5.0,26.223418000881793,True,True
1.726,34.33912541427791,-93.79830226783544,-0.7980514739229309,2.330101314304228,33.880936,-94.215889,5.0,9055,0.9338902640264026,0.6212161878053861,0.1398456390462126,-0.056742095319,5.0,26.538076999713667,True,True
1.7759999999999998,34.45210032355391,-93.9149897837818,-0.8052874525421484,2.448103840814438,34.000335,-94.30713,5.0,9056,0.933993399339934,0.5981044659900587,0.1506458772414705,-0.046881856829,5.0,27.053824000176974,True,True
1.8279999999999998,34.509573357674086,-93.97508395755777,-0.8097288867936585,2.480864579704206,34.120124,-94.398051,5.0,9057,0.9340965346534653,0.5861368594573853,0.15689846035107102,-0.04063693685,5.0,29.02579899819102,True,True
1.8780000000000001,34.62766071413003,-94.09980561760277,-0.8157106315757342,2.572955885481922,34.24047,-94.489072,5.0,9058,0.9341996699669967,0.5585177207881524,0.16515325680007997,-0.031201645662,5.0,28.20812700156239,True,True
1.9300000000000002,34.688100387179475,-94.16431268543786,-0.8192994892064802,2.636450748685775,34.24047,-94.489072,5.0,9058,0.9341996699669967,0.5439970108349935,0.16839934270422496,-0.027955559758,5.0,30.517724000674207,True,True
1.979,34.81056106769883,-94.29600332672958,-0.8256240415791859,2.6830793856379263,34.479834999999994,-94.670023,5.0,9060,0.9344059405940595,0.5161663062612609,0.17438975598364514,-0.01761791683,5.0,29.458008000801783,True,True
2.027,34.87242230279847,-94.36328512110424,-0.8294232638552212,2.6594511148183235,34.479834999999994,-94.670023,5.0,9060,0.9344059405940595,0.49777956132804957,0.1784802051436145,-0.01352746767,5.0,27.18621200256166,True,True
2.077,34.99849081149841,-94.50068479994749,-0.8238962383551693,2.7837989255488367,34.599365999999996,-94.760281,5.0,9061,0.9345090759075908,0.46453369271507433,0.18342425679987606,-0.0076131629046,5.0,27.76179099964793,True,True
2.127,35.06345479723378,-94.57060105191383,-0.8215905068713704,2.8231063025647085,34.718590999999996,-94.85018000000001,5.0,9062,0.9346122112211221,0.44753614197927527,0.17910664807484622,-0.010924777581,5.0,27.40855799856945,True,True
2.18,35.19602027815772,-94.71293366748776,-0.8196428742089085,2.9001629664481667,34.8383,-94.939963,5.0,9063,0.9347153465346535,0.4133060675968695,0.17905384101565236,-0.010125059439,5.0,30.2950969999074,True,True
2.2279999999999998,35.26384498745285,-94.78544774048257,-0.8179152818437193,2.9414575389745146,34.958356,-95.0294,5.0,9064,0.9348184818481848,0.3957634056717358,0.1806802586193781,-0.0083432907149,5.0,28.967630001716316,True,True
2.278,35.33275552831544,-94.85889033597914,-0.8169345603973479,2.983703869532742,35.0787,-95.118564,5.0,9065,0.9349216171617162,0.35977172493647325,0.1804496812440619,-0.009029993954,5.0,28.961288000573404,True,True
2.328,35.47358081720645,-95.00882602139453,-0.8164412696330041,3.0673532559123653,35.199332,-95.207504,5.0,9066,0.9350247524752475,0.3413236752409994,0.18251981037176268,-0.0067300266103,5.0,29.052870002487907,True,True
2.379,35.54546403270228,-95.08533370175812,-0.8167792289658332,3.1088731826080487,35.320334,-95.296312,5.0,9067,0.9351278877887789,0.3031418913903167,0.1849350450428946,-0.0024577806542,5.0,29.63504099898273,True,True
2.431,35.69143790123458,-95.24122519599963,-0.8164591448193128,3.1871811361469664,35.441594,-95.384826,5.0,9068,0.9352310231023102,0.28340041595758203,0.18745881035304102,0.0024274193134,5.0,31.846183999732602,True,True
2.48,35.766456545626696,-95.32099266336095,-0.8171695310173801,3.2158834605063973,35.684101,-95.560905,5.0,9070,0.9354372937293729,0.2536540265146218,0.19178802532026618,0.0072502576126,5.0,30.832714997814037,True,True
2.531,35.91662412239866,-95.48119169635733,-0.8198195210119334,3.2701465386305664,35.684101,-95.560905,5.0,9070,0.9354372937293729,0.22168439975664947,0.19259349438568885,0.008055726678,5.0,31.16201200100477,True,True
2.581,35.99291720710828,-95.56299882081132,-0.8203136611307794,3.306054017692612,35.805278,-95.64807900000001,5.0,9071,0.9355404290429042,0.2006223593978036,0.198192548851988,0.010182698514,5.0,32.08361799988779,True,True
2.6310000000000002,36.14794496306102,-95.72900916579208,-0.8199800332875571,3.378865995188803,35.927166,-95.735029,5.0,9072,0.9356435643564357,0.15564944195905306,0.20138715249768335,0.010199530934,5.0,31.625461000658106,True,True
2.68,36.22668446166369,-95.81335751824633,-0.819889125745482,3.4131087976166703,36.049278,-95.821738,5.0,9073,0.935746699669967,0.13268123574635668,0.2034549891755466,0.01102187676,5.0,30.290839000372216,True,True
2.73,36.38676027110966,-95.98484553668102,-0.8196418168209226,3.487115156824859,36.294256,-95.994434,5.0,9075,0.9359529702970297,0.0965527031698776,0.21003006539128588,0.013491452284,5.0,30.428746998950373,True,True
2.779,36.46805913480028,-96.07189000901741,-0.819374955307646,3.5209684614911847,36.294256,-95.994434,5.0,9075,0.9359529702970297,0.06064865116005732,0.20984431744023224,0.013305704333,5.0,29.98389400090673,True,True
2.828,36.63307043541158,-96.24836090923957,-0.8184197989331291,3.5864100351487105,36.540925,-96.16511700000001,5.0,9077,0.9361592409240924,0.009660889881574269,0.2165318710202837,0.017860329757,5.0,28.82454100108589,True,True
2.88,36.71689532969175,-96.33781426446654,-0.8179288712792192,3.6012216639152252,36.664683000000004,-96.250034,5.0,9078,0.9362623762376238,-0.03165680768096745,0.2179400357676191,0.019306651011,5.0,30.923884998628637,True,True
2.931,36.88576736332434,-96.5180247609032,-0.8176583687709251,3.6618852891272073,36.789054,-96.33504599999999,5.0,9079,0.9363655115511551,-0.06957647050731806,0.21740344372709153,0.020107734185,5.0,31.563404001644813,True,True
2.98,36.969631628423045,-96.6090757851433,-0.8165186214718643,3.6616242417354585,36.912752000000005,-96.41981899999999,5.0,9080,0.9364686468646864,-0.09629665188844794,0.21736360276170208,0.021000369347,5.0,30.53853299934417,True,True
3.0300000000000002,37.14176685339947,-96.7921108519246,-0.8145680808160742,3.7203011519930844,37.159335999999996,-96.588342,5.0,9082,0.9366749174917491,-0.1528593485445046,0.21685066489351712,0.024556375821,5.0,30.473710998194292,True,True
3.081,37.228941393772544,-96.8843491001778,-0.8128771808165837,3.7454871662856046,37.282787,-96.672537,5.0,9083,0.9367780528052805,-0.18489074560756547,0.21767147856791036,0.087215532748,5.0,31.902718998026103,True,True
3.13,37.40516988050042,-97.07054728377014,-0.8135052159394128,3.791150083807317,37.406579,-96.756366,5.0,9084,0.9368811881188119,-0.23325343485062788,0.21932915889808413,0.037618943142,5.0,30.108597999060294,True,True
3.183,37.494124002570445,-97.164403630396,-0.8120297066195149,3.8130832796299297,37.530642,-96.839927,5.0,9085,0.9369843234323433,-0.2614253944111047,0.2218398016480485,0.11088713095,5.0,33.170434999192366,True,True
3.246,37.6737776929158,-97.35335634467711,-0.8090139135652784,3.857272768792279,37.779496,-97.006431,5.0,9087,0.937190594059406,-0.3193539000217639,0.22280282870308454,0.30720682281,5.0,46.32578500240925,True,True
3.284,37.7646526494559,-97.44840023938495,-0.8064818927866949,3.8801592924182096,37.904269,-97.089495,5.0,9088,0.9372937293729373,-0.3503556077133575,0.22179542438024358,0.31354913088,5.0,34.121696997317486,True,True
3.332,37.856831454779574,-97.54431252785446,-0.8039718675155996,3.904784086640365,38.029492,-97.172812,5.0,9089,0.9373968646864687,-0.4051119789427487,0.21828957604623822,0.21612232112,5.0,32.65200299938442,True,True
3.391,38.041481629928455,-97.73361423155475,-0.7910266723415886,3.9167318766514843,38.154688,-97.25560300000001,5.0,9090,0.9375,-0.43363165640088636,0.21702472825005348,0.3391473945,5.0,41.44468899903586,True,True
3.433,38.13532998627409,-97.82821521394948,-0.785166746094757,3.898609412041062,38.279334000000006,-97.337129,5.0,9091,0.9376031353135313,-0.4619818971429813,0.21108979064890754,0.34032677523,5.0,33.33981199830305,True,True
3.482,38.32677271667106,-98.01622623033202,-0.7675661546518544,3.9682138045383946,38.529576,-97.500711,5.0,9093,0.937809405940594,-0.5169457630249616,0.20066307518693982,0.34403044068,5.0,33.081167999625904,True,True
3.531,38.42465384891097,-98.10965769838246,-0.7569408048421548,3.9905285627070146,38.655107,-97.58251700000001,5.0,9094,0.9379125412541254,-0.5439734350906463,0.19048276582628088,0.34234578095,5.0,31.24755200042273,True,True
3.592,38.624657174025494,-98.29433377437381,-0.7322817678969153,4.020845023263331,38.906801,-97.745525,5.0,9096,0.9381188118811881,-0.5961383268337057,0.17542382011413382,0.3996294005,5.0,42.92488300052355,True,True
3.629,38.7271075480354,-98.38523618509893,-0.7181923193509788,4.037644921562322,38.906801,-97.745525,5.0,9096,0.9381188118811881,-0.6144325499555483,0.16204684332622676,0.34626197216,5.0,29.52142700087279,True,True
3.6879999999999997,38.93720872654413,-98.56315013669314,-0.6860053304381499,4.064102042626845,39.160109999999996,-97.906542,5.0,9098,0.9383250825082509,-0.6561936120906617,0.13953855217045597,0.36064423828,5.0,38.306619000650244,True,True
3.7359999999999998,39.04483919240447,-98.65001204863398,-0.6686898056037565,4.031027244694611,39.287158000000005,-97.986475,5.0,9099,0.9384282178217822,-0.6744973708860252,0.1262108901965835,0.34560524623,5.0,36.24510599911446,True,True
3.7830000000000004,39.2636834437282,-98.8180963889772,-0.6293337606004383,4.059511356054976,39.541806,-98.145896,5.0,9101,0.9386344884488449,-0.7059508243836204,0.09100950026457122,0.31333135136,5.0,33.83024100185139,True,True
3.8339999999999996,39.376297174457996,-98.89823826837754,-0.6081360150506792,4.071076162705041,39.668546,-98.225139,5.0,9102,0.9387376237623762,-0.717991751076287,0.07116659627331678,0.29400396926,5.0,34.183643001597375,True,True
3.8819999999999997,39.60720456407436,-99.05143192229568,-0.5634561929472317,4.085158306942334,39.921956,-98.382995,5.0,9104,0.9389438943894389,-0.7332345944490208,0.030701413335787464,0.25564873338,5.0,33.010395000019344,True,True
3.9370000000000003,39.725558760858895,-99.12441157585127,-0.5410398566154199,4.097540939296533,40.049136,-98.461721,5.0,9105,0.9390470297029703,-0.7369276531207922,0.010122310087287811,0.23408697522,5.0,37.68938199937111,True,True
3.9829999999999997,39.96823452248389,-99.26288123230988,-0.49549774030167915,4.131089171060461,40.176519,-98.540239,5.0,9106,0.9391501650165016,-0.7309023053863677,-0.03342242647874816,0.18937260843,5.0,33.6876539986406,True,True
4.032,40.092781895266626,-99.32853595410951,-0.47391132722439533,4.162774970200167,40.304111,-98.618583,5.0,9107,0.939253300330033,-0.7248876821213943,-0.054341854148486135,0.16698239045,5.0,32.580569000856485,True,True
4.08,40.21934898343436,-99.39177985622463,-0.45234877869844,4.154767726229074,40.560003,-98.774837,5.0,9109,0.9394595709570958,-0.7041272980955512,-0.09450346648991337,0.12716790616,5.0,30.627649997768458,True,True
4.13,40.4771176281524,-99.51028623582206,-0.41130876169571806,4.225844934734427,40.688594,-98.853029,5.0,9110,0.9395627062706271,-0.6893760281431719,-0.11366741088144217,0.10936751957,5.0,30.610687997977948,True,True
4.18,40.60778836995615,-99.56626618605566,-0.3942634394350772,4.1946337003301455,40.944743,-99.00724100000001,5.0,9112,0.9397689768976898,-0.6527232042393964,-0.1456976051787584,0.07612423811,5.0,30.47055600109161,True,True
4.229,40.87360103109117,-99.67148417704041,-0.35897304199476904,4.224089217548337,41.072705,-99.083823,5.0,9113,0.9398721122112211,-0.6310804437909987,-0.1620252638360027,0.058650941042,5.0,29.419184997095726,True,True
4.279,41.0088017377556,-99.72093813344559,-0.34241500948114445,4.244718257585029,41.20117,-99.160536,5.0,9114,0.9399752475247525,-0.6069344849429137,-0.1791964255463223,0.04197933768,5.0,29.638336000061827,True,True
4.327,41.28361589537531,-99.81443213292212,-0.31464182123194384,4.288701125774991,41.458358000000004,-99.313988,5.0,9116,0.9401815181518152,-0.5518085744015397,-0.20988297330287642,0.014808862001,5.0,28.183319998788647,True,True
4.378,41.4227735914639,-99.85883554348187,-0.30317064022020895,4.299893232565193,41.5872,-99.39061600000001,5.0,9117,0.9402846534653465,-0.521328517449246,-0.21997856155053874,0.0044288328075,5.0,29.094808000081684,True,True
4.428,41.703453856182996,-99.94382781496238,-0.2858358153861754,4.290936925570826,41.845752000000005,-99.542514,5.0,9119,0.9404909240924092,-0.45735237976610243,-0.23594699625506532,-0.01427618507,5.0,28.708623998682015,True,True
4.477,41.84492394921446,-99.98524327653426,-0.2839977096639316,4.348479386868716,41.975415000000005,-99.618166,5.0,9120,0.9405940594059405,-0.42428584877514236,-0.24174289617868716,-0.020965910148,5.0,27.34170300027472,True,True
4.53,42.12986541465022,-100.06791177034032,-0.2802523352992375,4.359495404586851,42.10545,-99.693832,5.0,9121,0.940697194719472,-0.34717957152282847,-0.24499495410576966,-0.025095913141,5.0,30.810453001322458,True,True
4.579,42.272126140067016,-100.10851092130832,-0.2781712534210569,4.325069894737336,42.234633,-99.769202,5.0,9122,0.9408003300330033,-0.31100854071114337,-0.24618087925508947,-0.026523743969,5.0,30.248949999077013,True,True
4.63,42.557821781793876,-100.18985483563407,-0.2759985074736444,4.381997925382635,42.493435,-99.918782,5.0,9124,0.941006600660066,-0.23920714201441726,-0.2463474076018244,-0.02585316934,5.0,30.69521699944744,True,True
4.681,42.701327438300815,-100.23054038690715,-0.2765060386355812,4.391988713161801,42.623352000000004,-99.993257,5.0,9125,0.9411097359735974,-0.20322140634448893,-0.243653991190103,-0.023462578991,5.0,31.2203600005887,True,True
4.73,42.98896771911612,-100.31264908760463,-0.280040718531426,4.41284401489802,42.883720000000004,-100.141666,5.0,9127,0.9413160066006601,-0.13195135410512154,-0.23899874845598168,-0.020136173249,5.0,30.28747200005455,True,True
4.778,43.1333090836586,-100.3543440228144,-0.2823309456466014,4.42613321161655,43.014255,-100.215715,5.0,9128,0.9414191419141914,-0.0967778522880864,-0.2362005172421231,-0.018573943918,5.0,28.795997000997886,True,True
4.829,43.42299683271822,-100.43895922223922,-0.2857485844120452,4.441489189911971,43.275632,-100.364369,5.0,9130,0.9416254125412541,-0.026777911548594942,-0.23194367504824553,-0.013868093849,5.0,29.61838799819816,True,True
4.879,43.56752541892061,-100.48166764043096,-0.28698473161013827,4.411848804658196,43.406531,-100.438395,5.0,9131,0.9417285478547854,0.007571438891356126,-0.22746656222259443,-0.0088851662209,5.0,29.633105998073006,True,True
4.929,43.71252052857088,-100.52431038834256,-0.2891301063377589,4.42244880756302,43.667452000000004,-100.58465600000001,5.0,9133,0.9419348184818482,0.07464523271296332,-0.21977049036611707,-0.0012890461372,5.0,29.85237699977006,True,True
4.981,44.00314505380146,-100.60992513520854,-0.28850082890092765,4.4681977419570424,43.797895000000004,-100.657234,5.0,9134,0.9420379537953796,0.10809421143663256,-0.21830944793638674,-0.0012520888407,5.0,31.947853000019677,True,True
5.031,44.149034479548156,-100.65320422260297,-0.28782583923296146,4.481406861519636,44.059613,-100.802686,5.0,9136,0.9422442244224423,0.17410507688701907,-0.22022833345536919,-0.031246723854,5.0,31.639505999919493,True,True
5.08,44.442063847182865,-100.73973359728828,-0.2860286426398038,4.501079791440584,44.190449,-100.87561099999999,5.0,9137,0.9423473597359736,0.20754979911744742,-0.22197975788323854,-0.04511269248,5.0,30.649710999568924,True,True
5.131,44.58900910058549,-100.78301544222039,-0.286003309686696,4.51091133824756,44.321381,-100.94864399999999,5.0,9138,0.942450495049505,0.24122623818095837,-0.22155087590715183,-0.076598992979,5.0,31.664692996855592,True,True
5.181,44.883799374849566,-100.87010968493638,-0.2882676429649429,4.5305023333043595,44.584039000000004,-101.09352700000001,5.0,9140,0.9426567656765676,0.3073763084938338,-0.21425327805301553,-0.12833741235,5.0,31.20650499840849,True,True
5.243,45.17901391250028,-100.95928322724043,-0.2959671115180393,4.516698718630295,44.715714,-101.165444,5.0,9141,0.942759900990099,0.3397635891932531,-0.21159101974933758,-0.2772865619,5.0,43.55499300072552,True,True
5.295,45.32576527181267,-101.0044440323344,-0.3026542672280099,4.529252067094308,44.978806,-101.30906800000001,5.0,9143,0.9429661716171617,0.4029210318204108,-0.20216377364866833,-0.28639994293,5.0,45.807554000930395,True,True
5.335,45.47229593074891,-101.05043723406331,-0.3089293719678797,4.526489854171721,45.109942,-101.380144,5.0,9144,0.943069306930693,0.4331229820265029,-0.19300659104569418,-0.2881636509,5.0,35.93553500104463,True,True
5.382,45.76552596278986,-101.14691091204014,-0.32809291237191757,4.547117120727851,45.373496,-101.521939,5.0,9146,0.9432755775577558,0.48971222936399383,-0.1744170483169425,-0.28971696567,5.0,32.473628998559434,True,True
5.432,45.9116592822305,-101.19759361113019,-0.33965440417555964,4.549036171241062,45.505568,-101.592496,5.0,9147,0.9433787128712872,0.5154752711363411,-0.1616825742439505,-0.28682034036,5.0,32.73078100028215,True,True
5.482,46.201907337172,-101.30472907185012,-0.3688182267540239,4.555496921009015,45.77035,-101.733108,5.0,9149,0.9435849834983498,0.5610064992114911,-0.13244261890255205,-0.27613659617,5.0,32.903523999266326,True,True
5.539,46.34593673732576,-101.3617622388437,-0.3852708169613986,4.58689530036959,45.903078,-101.803044,5.0,9150,0.9436881188118812,0.5801089086575844,-0.11531441560724831,-0.31167008294,5.0,39.952683000592515,True,True
5.583,46.63067707169392,-101.48260134091488,-0.4208929777197904,4.512306596568213,46.169297,-101.942297,5.0,9152,0.9438943894389439,0.6098219247105617,-0.07717763033625635,-0.2715018131,5.0,33.829169002274284,True,True
5.636,46.770938169231435,-101.54551409548363,-0.44017842254907313,4.543737503308175,46.302738,-102.01140500000001,5.0,9153,0.9439975247524752,0.6203281711663197,-0.05643038077857243,-0.25137028006,5.0,36.68661299889209,True,True
5.68,47.04656714437599,-101.68308049572643,-0.484840884995176,4.538352805364918,46.567659,-102.147855,5.0,9155,0.9442037953795379,0.6320827290121812,-0.010802453325744032,-0.20671458572,5.0,30.257395999797154,True,True
5.731,47.18235279397487,-101.75645248844766,-0.5058217553135971,4.5379202803984855,46.700998,-102.216084,5.0,9156,0.9443069306930693,0.6319147782306294,0.011822495939696864,-0.1862283429,5.0,31.61931800059392,True,True
5.779,47.31648225001012,-101.83266984957669,-0.5273041129920149,4.541093227703856,47.101865000000004,-102.420581,5.0,9159,0.9446163366336634,0.6258594768747718,0.06003644454408663,-0.13573896534,5.0,29.328516000532545,True,True
5.83,47.58086156440166,-101.9938502342647,-0.5672330874985929,4.556356927451124,47.236148,-102.487959,5.0,9160,0.9447194719471947,0.6142634081830831,0.08349284193728002,-0.11322904312,5.0,30.340741999680176,True,True
5.879,47.710726045892265,-102.07841596279671,-0.587447802827285,4.555477593133732,47.505236,-102.622226,5.0,9162,0.9449257425742574,0.5813394150785292,0.12713479448193432,-0.07031000647,5.0,29.843790998711484,True,True
5.928,47.96510331219447,-102.25564527633492,-0.6280810543264757,4.509283529941215,47.639963,-102.68865699999999,5.0,9163,0.9450288778877888,0.559497268720922,0.1483561028427398,-0.047108970578,5.0,28.217162998771528,True,True
5.98,48.08919019860507,-102.34626848261242,-0.6485744494034263,4.547867978408114,47.774366,-102.755628,5.0,9164,0.9451320132013201,0.5351293733544511,0.1664513366689584,-0.024629337991,5.0,30.55559499989613,True,True
6.027,48.33463630464871,-102.53747733810172,-0.676574848537284,4.582979894459241,48.042998,-102.888524,5.0,9166,0.9453382838283828,0.4788837223382382,0.20821750986910859,0.015252711206,5.0,27.90477799862856,True,True
6.076,48.45556572242623,-102.63579169587902,-0.6896660524969334,4.577516650990824,48.177879,-102.954495,5.0,9167,0.9454414191419142,0.4455071075704969,0.22297128044222925,0.02936243332,5.0,27.070414002082543,True,True
6.131,48.694114726867674,-102.83765284821335,-0.7117311852790272,4.609233852289659,48.448370000000004,-103.085614,5.0,9169,0.945647689768977,0.37203730174699573,0.2539470574040683,0.060351796551,5.0,31.017549998068716,True,True
6.182,48.8124648063433,-102.9405020379385,-0.7201479284706311,4.611756695998819,48.583954,-103.151015,5.0,9170,0.9457508250825083,0.3321614425492118,0.26341288622145953,0.069743815072,5.0,32.834665002155816,True,True
6.228,49.04787915794886,-103.14931793780697,-0.7302772160361497,4.634768531271147,48.856297,-103.281301,5.0,9172,0.945957095709571,0.24822195184746143,0.28303076212832945,0.090808809643,5.0,28.123175998189254,True,True
6.279,49.16450135372246,-103.25337622836437,-0.7302498988424886,4.605931966178687,48.992791,-103.34577900000001,5.0,9173,0.9460602310231023,0.20403836429508987,0.28925499676835376,0.097081249159,5.0,29.627154999616323,True,True
6.33,49.39874958663906,-103.46145802064764,-0.7232654409882309,4.614641702816398,49.264376,-103.4736,5.0,9175,0.946266501650165,0.11727116341273178,0.28812674219120193,0.09590716273,5.0,30.154873998981202,True,True
6.38,49.51591376548352,-103.56489888504284,-0.723107278176293,4.616125781328295,49.400439,-103.537076,5.0,9176,0.9463696369636964,0.07563684894836535,0.2877796502019785,0.094772060708,5.0,30.38443399782409,True,True
6.432,49.75228078599523,-103.77157012481396,-0.7134186356630384,4.622424827395074,49.673856,-103.663826,5.0,9178,0.946575907590759,-0.04034414765572599,0.2860025452405166,0.090848512127,5.0,32.54872000252362,True,True
6.481,49.87146782251429,-103.87419491542911,-0.7078582974441869,4.628004749580877,49.810911,-103.726913,5.0,9179,0.9466790429042904,-0.07370048026230695,0.28404273218179465,0.087851387547,5.0,31.442084997252095,True,True
6.531,50.11222299856469,-104.07681506275243,-0.6898431592971995,4.633818919838305,50.08602,-103.851772,5.0,9181,0.9468853135313532,-0.15621164125853343,0.27562373196683065,0.14854054678,5.0,31.444579999515554,True,True
6.594,50.23429339994563,-104.1767233628816,-0.6816433974413996,4.646427582728339,50.223967,-103.913834,5.0,9182,0.9469884488448845,-0.19760958648984786,0.26736458783489425,0.27815606474,5.0,44.93644099784433,True,True
6.634,50.47933623151743,-104.37327602060358,-0.6635116928361137,4.647190341596649,50.499922,-104.037251,5.0,9184,0.9471947194719472,-0.27767491705907416,0.2538482023644528,0.31501830451,5.0,34.51057500205934,True,True
6.6850000000000005,50.60440610693799,-104.4703296016177,-0.6543435754551611,4.690070661114388,50.637508000000004,-104.098558,5.0,9185,0.9472978547854786,-0.3169988946183531,0.24426163826301162,0.31985599811,5.0,35.79247699963162,True,True
6.734,50.85737353099612,-104.65996937157585,-0.6305475188034916,4.640306101363352,50.913026,-104.221023,5.0,9187,0.9475041254125413,-0.39035569449136565,0.22787440817134552,0.32771026565,5.0,34.11050500290003,True,True
6.781,50.98553312688112,-104.75214537301454,-0.6167185277978987,4.6431866418222585,51.051152,-104.281888,5.0,9188,0.9476072607260726,-0.4248477592999302,0.21625213090150197,0.32798208201,5.0,31.214508999255486,True,True
6.832,51.11488725136982,-104.84234278966667,-0.6011177777384945,4.633919914032626,51.189405,-104.34255999999999,5.0,9189,0.9477103960396039,-0.4575193093591444,0.2037153702887342,0.32747640897,5.0,32.89309399769991,True,True
6.881,51.3778245260005,-105.01617552901419,-0.5653476744413338,4.659900319022079,51.466529,-104.463563,5.0,9191,0.9479166666666666,-0.5164548221848809,0.17378081744340523,0.32067519047,5.0,31.497108000621665,True,True
6.932,51.511354836971016,-105.09921964830336,-0.5460819367410464,4.610620869422216,51.605824,-104.52401,5.0,9192,0.948019801980198,-0.5424118989235593,0.1574316575702488,0.31460559261,5.0,32.246282000414794,True,True
6.986,51.78187712075753,-105.25577238355103,-0.502503768743923,4.5952089665032885,51.884506,-104.643539,5.0,9194,0.9482260726072608,-0.5862642859211006,0.12139675972233865,0.34959688212,5.0,36.765931003174046,True,True
7.037,51.918344105410036,-105.32901344368774,-0.477298239308378,4.558524635481897,52.023782000000004,-104.702816,5.0,9195,0.9483292079207921,-0.6035550784403655,0.10051561980280876,0.32978320801,5.0,37.4810110006365,True,True
7.091,52.19607968522095,-105.46482194597344,-0.4270482332082575,4.546936352487988,52.301076,-104.820095,5.0,9197,0.9485354785478548,-0.6285369607101308,0.05563415055809573,0.28256893593,5.0,41.59062200051267,True,True
7.134,52.337662005869724,-105.52692570596835,-0.3992942540753533,4.546596680329928,52.440711,-104.878518,5.0,9198,0.9486386138613861,-0.635292686275038,0.031617947898434196,0.25754825641,5.0,34.8501619992021,True,True
7.183,52.62593733801882,-105.63900545135982,-0.3415188606334704,4.552506836853225,52.720797999999995,-104.994607,5.0,9200,0.9488448844884488,-0.6372811522276804,-0.019186616229846187,0.20499960908,5.0,33.56469299978926,True,True
7.231,52.77261821647642,-105.68891931785053,-0.31257238536949783,4.5251479864476565,52.86124,-105.052109,5.0,9201,0.9489480198019802,-0.6323025043862293,-0.04572262185946219,0.17777972365,5.0,31.82550400015316,True,True
7.28,53.07160389697996,-105.77799206159958,-0.2626258813216613,4.614515313713942,53.142872,-105.16603899999998,5.0,9203,0.9491542904290429,-0.6111852292010603,-0.09504840058098196,0.1268519332,5.0,30.23115600080928,True,True
7.328,53.22400164492229,-105.81749120122413,-0.24053190036395503,4.637967523680048,53.283274,-105.22233999999999,5.0,9204,0.9492574257425742,-0.5945214604700927,-0.11835159993843636,0.10422515535,5.0,28.71985399906407,True,True
7.378,53.37766926352149,-105.85380906350876,-0.22014344244952438,4.637337743461191,53.565132,-105.33490900000001,5.0,9206,0.949463696369637,-0.5514443814774095,-0.15879604459254804,0.066683107057,5.0,28.278667999984464,True,True
7.428,53.687622958491076,-105.91707533248126,-0.1839631048238942,4.667195683390498,53.705829,-105.39086499999999,5.0,9207,0.9495668316831684,-0.5250700808418494,-0.1762301267396742,0.049732058314,5.0,28.22120999917388,True,True
7.479,53.84407255797213,-105.94489268889335,-0.1684243837055439,4.67963881893918,53.987977,-105.50198600000002,5.0,9209,0.949773102310231,-0.46491191630363954,-0.20475426351740822,0.019875740037,5.0,30.03166299822624,True,True
7.5280000000000005,54.15895322951807,-105.99397822040049,-0.14137535644778682,4.6934805022138955,54.12935600000001,-105.55719099999999,5.0,9210,0.9498762376237624,-0.4316011612158929,-0.21705270231031948,0.0085776566633,5.0,29.03343199795927,True,True
7.577,54.317486346107955,-106.01567591241255,-0.1299844335951368,4.705014480793833,54.41270600000001,-105.66699399999999,5.0,9212,0.9500825082508251,-0.3596318590168791,-0.237855802618836,-0.011376282179,5.0,27.926308001042344,True,True
7.628,54.634987514732025,-106.05402489495904,-0.11204579753559604,4.710108602845051,54.555096999999996,-105.721718,5.0,9213,0.9501856435643564,-0.32142631231074653,-0.2453082094787855,-0.018579130126,5.0,29.776053997920826,True,True
7.681,54.79416023090745,-106.07134900199418,-0.1056168037244642,4.713090560662663,54.697224,-105.775851,5.0,9214,0.9502887788778878,-0.28219083657992755,-0.2508540480965218,-0.024204003527,5.0,31.827065999095794,True,True
7.731,55.112197890144074,-106.10245458897072,-0.09477119588080017,4.673306171215676,54.982011,-105.88333200000001,5.0,9216,0.9504950495049505,-0.2008175318683605,-0.2603297345030491,-0.033487459343,5.0,31.19077399969683,True,True
7.779999999999999,55.271282512321974,-106.1175034376949,-0.09213869642328686,4.705632177176982,55.122814,-105.936311,5.0,9217,0.9505981848184818,-0.15942048271080675,-0.26321695802740663,-0.036992582691,5.0,30.345500003022607,True,True
7.829000000000001,55.59025047801476,-106.1463954670302,-0.08880999616810503,4.713481998409274,55.408026,-106.042125,5.0,9219,0.9508044554455446,-0.07660258751275006,-0.26329667914350896,-0.039808621233,5.0,29.132627001672518,True,True
7.878,55.74997027212197,-106.16065862243674,-0.08880220543219157,4.716916854141079,55.551054,-106.09468999999999,5.0,9220,0.9509075907590759,-0.03516257230732887,-0.2619902298453649,-0.038853512216,5.0,28.327077998255845,True,True
7.929,56.069005343474174,-106.18920559412608,-0.09068520364229274,4.7145202815694,55.837875,-106.19878,5.0,9222,0.9511138613861386,0.04663760521257202,-0.25594000828289554,-0.034990709558,5.0,29.693959000724135,True,True
7.981,56.22900038468184,-106.20373836262516,-0.09246023714909259,4.726241937680455,55.981609999999996,-106.250358,5.0,9223,0.95121699669967,0.08702040434343357,-0.25338673804610545,-0.032782768883,5.0,31.6739099980623,True,True
8.03,56.549541228866076,-106.23449262334216,-0.09929883878834489,4.7564006048400564,56.2688,-106.352747,5.0,9225,0.9514232673267327,0.1664366613981254,-0.24497705077190446,-0.023794336365,5.0,30.475995001324918,True,True
8.08,56.70902189394816,-106.25060367028222,-0.10213630701334146,4.721230403722901,56.41298199999999,-106.403924,5.0,9226,0.951526402640264,0.2052970003405269,-0.24140615790923814,-0.017909617739,5.0,30.20956600084901,True,True
8.132,57.028804681573774,-106.28461563426941,-0.10930539095456863,4.735005716416046,56.843804000000006,-106.55543999999999,5.0,9229,0.951835808580858,0.2892278995018906,-0.229078341311296,-0.26592420221,5.0,32.78301799946348,True,True
8.182,57.188820545115085,-106.30242738713349,-0.11160967463236256,4.741687451156051,56.987609,-106.60543999999999,5.0,9230,0.9519389438943895,0.3234584329195211,-0.224874131861879,-0.27224317877,5.0,32.55059200091637,True,True
8.231,57.50955984116779,-106.33914440236384,-0.11693983706236305,4.756081399541486,57.275714,-106.70506,5.0,9232,0.9521452145214522,0.39142942516101903,-0.218323014886316,-0.28611345062,5.0,31.46665100211976,True,True
8.281,57.67042286338075,-106.35863830152007,-0.12317749255431502,4.7739522944734265,57.420364,-106.754792,5.0,9233,0.9522483498349835,0.4251103662607332,-0.21252024758069465,-0.29148926461,5.0,31.81188800226664,True,True
8.338,57.99093711083865,-106.4007174985587,-0.139734739983696,4.75842777691191,57.709817,-106.85285400000001,5.0,9235,0.9524546204620462,0.4890354061783285,-0.19445896909760974,-0.38683537539,5.0,38.266973999270704,True,True
8.386,58.15104320233222,-106.42290518493508,-0.15013237144477898,4.787423457636435,57.854475,-106.90143300000001,5.0,9236,0.9525577557755776,0.5189777654949761,-0.18262466034111569,-0.3756730602,5.0,36.404733000381384,True,True
8.433,58.46954998149126,-106.47400140042977,-0.17442951610929658,4.732682820396937,58.14273000000001,-106.997437,5.0,9238,0.9527640264026402,0.5752901997868103,-0.15960555606737614,-0.35284021366,5.0,33.630525998887606,True,True
8.484,58.627647087618996,-106.5033820061951,-0.19301957032998357,4.730008884858259,58.287901,-107.045027,5.0,9239,0.9528671617161716,0.5992216516793756,-0.14152300051954736,-0.33675491979,5.0,34.37896800096496,True,True
8.534,58.78530000501808,-106.53581400703715,-0.21241209534468894,4.7373255274361465,58.433351,-107.09244199999999,5.0,9240,0.9529702970297029,0.620267045302671,-0.12111835984979447,-0.3161263229,5.0,35.084619998087874,True,True
8.582,59.09839011874586,-106.6101008911066,-0.2552663856312814,4.731326503825612,58.725048,-107.18651200000001,5.0,9242,0.9531765676567657,0.652090814546634,-0.07693148718385068,-0.27392718079,5.0,32.58856300089974,True,True
8.632,59.25363737696629,-106.65248839492985,-0.2785903772075985,4.737330308313429,58.871254,-107.23312299999999,5.0,9243,0.9532797029702971,0.662526611248605,-0.05242972157169001,-0.25154512419,5.0,32.66935500141699,True,True
8.678,59.56227604871095,-106.7463433791986,-0.3265746636129695,4.776884835135859,59.163478000000005,-107.325433,5.0,9245,0.9534859735973598,0.6712137579792096,-0.0018901496830934228,-0.20316192646,5.0,29.002702998695895,True,True
8.733,59.714056634953046,-106.79926868216799,-0.3487780290265063,4.699172483770556,59.309996,-107.371375,5.0,9246,0.9535891089108911,0.6718227707521854,0.02326525303436844,-0.17762480507,5.0,33.30372300115414,True,True
8.779,60.01372660291104,-106.91598716808788,-0.3965675350955563,4.747620604088628,59.60260400000001,-107.46244899999999,5.0,9248,0.9537953795379538,0.6571589532257808,0.07348344644038862,-0.127354944,5.0,29.56488800191437,True,True
8.829,60.162208176536254,-106.98006970200562,-0.41774156532182294,4.76453627754354,59.894897,-107.552225,5.0,9250,0.9540016501650165,0.6472395640597374,0.09931635498471358,-0.10193114581,5.0,29.80764200037811,True,True
8.878,60.456405723421945,-107.11755478118837,-0.4555614625044946,4.78727728132245,60.187445,-107.641879,5.0,9252,0.9542079207920792,0.6069775581155754,0.14025194870096147,-0.056280168719,5.0,28.627070001675747,True,True
8.928,60.602149252665534,-107.19043260637933,-0.4720272019028484,4.803039857249918,60.333895,-107.686652,5.0,9253,0.9543110561056105,0.582134453380394,0.15922711788799004,-0.035717646515,5.0,28.200601002026815,True,True
8.981,60.89220405500998,-107.34378060115529,-0.5002528537505475,4.808100283782242,60.627455000000005,-107.775778,5.0,9255,0.9545173267326733,0.5237044184131509,0.19425518446961565,0.00068828467113,5.0,31.556658999761567,True,True
9.028,61.03468596937484,-107.42250996200232,-0.5121259566387237,4.778101509562628,60.774347,-107.819901,5.0,9256,0.9546204620462047,0.4904904888085742,0.2091475905597715,0.015781140418,5.0,28.86491599929286,True,True
9.079,61.31789807167283,-107.58548108107554,-0.5313709423711099,4.7973404957697525,61.066787,-107.907146,5.0,9258,0.9548267326732673,0.418440560460748,0.23420829721899628,0.043311429241,5.0,29.52726600051392,True,True
9.131,61.459094915928624,-107.66856641892383,-0.5368107156486792,4.822378892209322,61.213102,-107.950597,5.0,9259,0.9549298679867987,0.3798576718852857,0.24441784455212368,0.051164651351,5.0,31.23886400135234,True,True
9.18,61.59984174115781,-107.75277437349602,-0.5414079378527692,4.825393536545364,61.50733,-108.036546,5.0,9261,0.9551361386138614,0.2982916063217829,0.259568339072473,0.065285421745,5.0,30.28839300168329,True,True
9.23,61.8805372035498,-107.92309362902635,-0.5487920123954781,4.831427642574571,61.654764,-108.079021,5.0,9262,0.9552392739273927,0.25558317687649423,0.26625349727997927,0.071574767995,5.0,30.194907001714455,True,True
9.286,62.16078299270437,-108.09488603296694,-0.5494200775213589,4.838072962058121,61.950255000000006,-108.16296799999999,5.0,9264,0.9554455445544554,0.16733950743876064,0.2751275772118227,0.078135680531,5.0,36.27829699689755,True,True
9.328,62.300071551589994,-108.17987546354753,-0.5476390550339272,4.8187868129542455,62.097654000000006,-108.204472,5.0,9265,0.9555486798679867,0.1225351249753295,0.2759010008812055,0.077673625048,5.0,28.25413099708385,True,True
9.379,62.44042336532008,-108.26470624561173,-0.5448111791364983,4.831494656421864,62.245495999999996,-108.245798,5.0,9266,0.9556518151815182,0.07803716547842937,0.2771225266268802,0.077597153047,5.0,29.239286999654723,True,True
9.43,62.722363794203794,-108.43371100176533,-0.5340680224326398,4.820356790103917,62.541385,-108.327932,5.0,9268,0.9558580858085809,-0.010279125226344483,0.2685566136692712,0.07334990876,5.0,30.509117001201957,True,True
9.48,62.863617726814056,-108.51678251779188,-0.528782302662147,4.820348484768208,62.6888,-108.368407,5.0,9269,0.9559612211221122,-0.05421366170976439,0.26738501656437785,0.069925521943,5.0,30.6498099998862,True,True
9.529,63.147445302008784,-108.68084497942947,-0.5198040870361877,4.82189883176018,62.984143,-108.448397,5.0,9271,0.9561674917491749,-0.140056245371763,0.2609351419156356,0.061798108085,5.0,29.676977999770315,True,True
9.58,63.28991413535541,-108.76200902293246,-0.515972555990618,4.823229321254393,63.131933999999994,-108.488133,5.0,9272,0.9562706270627063,-0.18208443048813072,0.2572194975015538,0.076402996375,5.0,30.54194899959839,True,True
9.63,63.57642899038138,-108.92307482230461,-0.507955056402407,4.81487576095833,63.42815,-108.56766499999999,5.0,9274,0.956476897689769,-0.2648579428386056,0.2512124428314695,0.1437346827,5.0,30.24101399932988,True,True
9.683,63.71953258249615,-109.002372656233,-0.5033531364898071,4.814639596933712,63.724658999999996,-108.64595200000001,5.0,9276,0.9566831683168316,-0.3142756662447866,0.2516658147184452,0.31791517991,5.0,33.204195999132935,True,True
9.73,64.00634112275218,-109.15862862032088,-0.49184197623881476,4.81114841342417,64.021132,-108.723141,5.0,9278,0.9568894389438944,-0.3910698556974562,0.24398186298130975,0.33457284979,5.0,30.37371300160885,True,True
9.78,64.15009781624364,-109.2350165582562,-0.48185706783363924,4.756823468561807,64.16766700000001,-108.76123500000001,5.0,9279,0.9569925742574258,-0.4288912777633864,0.2390276279130732,0.34157934779,5.0,30.959250001615146,True,True
9.836,64.44112190003676,-109.38296881385264,-0.4580848630600739,4.807645071996839,64.464488,-108.837055,5.0,9281,0.9571988448844885,-0.5022302735521411,0.2224947456908999,0.44661262921,5.0,36.97678499884205,True,True
9.884,64.58820338765406,-109.45417418841045,-0.44324104213328397,4.807042409524647,64.613258,-108.87443400000001,5.0,9282,0.9573019801980198,-0.5368784721058274,0.21321288775788405,0.43756311839,5.0,34.42648599957465,True,True
9.937,64.88556956130002,-109.58930240820514,-0.4063055053069938,4.74564709338919,64.911397,-108.948127,5.0,9284,0.9575082508250825,-0.600968226669136,0.18617623261126637,0.4099571148,5.0,37.29974999805563,True,True
9.987,65.0349031297773,-109.6529034841176,-0.3843687863734678,4.800035825834561,65.060694,-108.984449,5.0,9285,0.9576113861386139,-0.6296953346241045,0.16806594928307028,0.39092811238,5.0,37.17246100131888,True,True
10.033,65.34035456226482,-109.76859819162824,-0.33733548618497927,4.795202019582379,65.358824,-109.056634,5.0,9287,0.9578176567656765,-0.6782516966683094,0.12454268141887948,0.34838332287,5.0,33.80576400013524,True,True
10.084,65.49523454101887,-109.8209955204211,-0.3130114619146578,4.795438533406103,65.508262,-109.092735,5.0,9288,0.9579207920792079,-0.6964078987523781,0.10176693204565357,0.32658356405,5.0,35.020018000068376,True,True
10.135,65.80645852518484,-109.91288342315055,-0.2593370673614363,4.764759549480437,65.80604,-109.16335,5.0,9290,0.9581270627062707,-0.7226462654978884,0.05751959467264278,0.28041037863,5.0,35.331502000190085,True,True
10.183,65.96363774476265,-109.95226141772481,-0.23149712150721424,4.771765020015093,65.955057,-109.197981,5.0,9291,0.958230198019802,-0.7300190872337737,0.032105772545688804,0.25162914698,5.0,33.8944189970789,True,True
10.236,66.28186519416082,-110.01825692969597,-0.1762696131191809,4.773325069796893,66.10409200000001,-109.232267,5.0,9292,0.9583333333333334,-0.7331848717373655,0.005986699221098402,0.22517153355,5.0,36.849465999694075,True,True
10.284,66.44204509950586,-110.04460193203695,-0.14929539956517462,4.785837458492561,66.402488,-109.300505,5.0,9294,0.9585396039603961,-0.7266081869026578,-0.04816815953441411,0.17544402808,5.0,34.62283400222077,True,True
10.33,66.60357018742666,-110.06681631705509,-0.12433166530580682,4.795462441972396,66.552311,-109.33466100000001,5.0,9295,0.9586427392739274,-0.7168275623279428,-0.07346250212778171,0.15131879171,5.0,30.862759002047824,True,True
10.379,66.92872435333383,-110.09970419565114,-0.07868573532044991,4.824397898415169,66.851256,-109.40157099999999,5.0,9297,0.9588490099009901,-0.6858712189412992,-0.1180602347922095,0.10606218648,5.0,29.456674001266947,True,True
10.43,67.09144269696111,-110.11163622997489,-0.058454962075164436,4.822275815335185,67.00071700000001,-109.43461200000002,5.0,9298,0.9589521452145214,-0.6651066858360545,-0.137824245869135,0.085334215698,5.0,30.142269002681132,True,True
10.477,67.41929971704917,-110.12451129558453,-0.01938359832103147,4.84603673292315,67.447322,-109.532448,5.0,9301,0.9592615511551155,-0.6181593873879428,-0.1748924039180766,0.04758917475,5.0,27.757380001276033,True,True
10.528,67.58423933401419,-110.12638121997693,-0.00289352090318859,4.855274646162212,67.597082,-109.564622,5.0,9302,0.9593646864686468,-0.5874372846877745,-0.19088149695692147,0.031999576731,5.0,29.006772001594072,True,True
10.578,67.91503142375076,-110.12311082040554,0.02193630102744766,4.8757793384903145,67.897178,-109.627775,5.0,9304,0.9595709570957096,-0.519301333699728,-0.2160630305320348,0.0045692542335,5.0,28.856429998995736,True,True
10.63,68.08087368641078,-110.11857389744625,0.032031176978130245,4.882260384612236,68.047483,-109.658879,5.0,9305,0.959674092409241,-0.48275729215409396,-0.22554813341463964,-0.0058616859159,5.0,30.62227899863501,True,True
10.68,68.41342943424289,-110.1053645544511,0.04642429674689259,4.878150734206165,68.347764,-109.72062199999999,5.0,9307,0.9598803630363036,-0.40463951858690805,-0.24208671660539416,-0.022394610786,5.0,30.99695000128122,True,True
10.73,68.57897946757997,-110.09691955223974,0.0522296742133051,4.8831536806364655,68.497596,-109.75123799999999,5.0,9308,0.959983498349835,-0.36399124626667084,-0.24739516587523536,-0.026222732755,5.0,30.355809001775924,True,True
10.78,68.91101181335758,-110.07836611644156,0.05796526066804619,4.8900010018521085,68.798549,-109.811968,5.0,9310,0.9601897689768977,-0.28100947312518765,-0.25263223669853385,-0.032387565227,5.0,30.251833999500377,True,True
10.829,69.0770421636252,-110.06861773691597,0.05924666519990282,4.89318666250703,68.94856300000001,-109.841723,5.0,9311,0.960292904290429,-0.2394411603668317,-0.25298651802002414,-0.033416270728,5.0,30.199646000255598,True,True
10.879,69.243087729031,-110.05880511749777,0.05901524933073303,4.894216165937406,69.248704,-109.90062900000001,5.0,9313,0.9604991749174917,-0.15630733297898614,-0.25238014445851364,-0.032377942018,5.0,29.807201000949135,True,True
10.932,69.57579482107701,-110.03986741551992,0.05492922259682733,4.90207328311147,69.398865,-109.93003300000001,5.0,9314,0.960602310231023,-0.11494166477366514,-0.25034837509740315,-0.027146484547,5.0,32.18602799825021,True,True
10.981,69.74186520938798,-110.03087083514373,0.053138374354280406,4.895600875796798,69.69989100000001,-109.988469,5.0,9316,0.9608085808580858,-0.03379885012712528,-0.24237632060174885,-0.018347468677,5.0,31.826504000491695,True,True
11.031,70.07433243104805,-110.01340893783357,0.05163225631732779,4.899121455137827,69.850494,-110.017156,5.0,9317,0.9609117161716172,0.00584640332675266,-0.23966580978195795,-0.015574511029,5.0,31.40936199997668,True,True
11.079,70.24018185194313,-110.00538670692738,0.04969389816673361,4.881801929165824,70.000873,-110.045578,5.0,9318,0.9610148514851485,0.04514852063816706,-0.23765062691410366,-0.01380285883,5.0,29.88033800284029,True,True
11.139,70.57165332328778,-109.98942677313973,0.04658033451715224,4.8876293526652335,70.450413,-110.12963899999998,5.0,9321,0.9613242574257426,0.13966573226761936,-0.22950167604995686,-0.22147534344,5.0,39.38979599843151,True,True
11.185,70.73766438081499,-109.98172240943299,0.045983725628070224,4.888411412378419,70.601077,-110.157183,5.0,9322,0.9614273927392739,0.1703170702004423,-0.22611479863142847,-0.23111233521,5.0,35.53291999924113,True,True
11.235,71.06985646408549,-109.96698472432801,0.041830392615880396,4.891807165109142,70.902971,-110.21115900000001,5.0,9324,0.9616336633663366,0.2369706561230547,-0.21930735078276475,-0.24870494379,5.0,35.136426999088144,True,True
11.285,71.23610291609057,-109.96046665634464,0.03688117791947931,4.857336085110928,71.054142,-110.23768500000001,5.0,9325,0.9617367986798679,0.2711560134505416,-0.21469176337814977,-0.25573745383,5.0,35.149411000020336,True,True
11.333,71.56756699068677,-109.95143196963096,0.015838798907637886,4.874227025262908,71.356205,-110.29003700000001,5.0,9327,0.9619430693069307,0.33805117646123056,-0.19890133539253219,-0.26186473003,5.0,33.6014200001955,True,True
11.383,71.7335174529792,-109.94990221616838,0.002994784042019159,4.872142701234446,71.50738100000001,-110.316194,5.0,9328,0.9620462046204621,0.3696940522565767,-0.18561652153023322,-0.26030212735,5.0,33.923403003427666,True,True
11.434,72.06419387286351,-109.95168290672896,-0.019752170230038477,4.858941037759269,71.810038,-110.36757,5.0,9330,0.9622524752475248,0.4269844848915274,-0.15862931152187887,-0.25549495775,5.0,34.2221739992965,True,True
11.483,72.22923110306769,-109.95609170514368,-0.03334537795525934,4.853524177352461,71.96078,-110.39264399999999,5.0,9331,0.9623556105610561,0.45188564184055896,-0.1439591022807889,-0.2520411907,5.0,33.46121799768298,True,True
11.534,72.55806421122107,-109.97198961279138,-0.06412737441068284,4.829378548313376,72.262614,-110.441873,5.0,9333,0.9625618811881188,0.4938698947006457,-0.11237579771324491,-0.23951868031,5.0,34.63931499936734,True,True
11.584,72.72158316078567,-109.9839923985601,-0.08169719687513657,4.819499421442125,72.41355,-110.466159,5.0,9334,0.9626650165016502,0.5108402991500577,-0.09532082453039159,-0.23004550538,5.0,34.21368700219318,True,True
11.634,73.0477295181386,-110.01681123929407,-0.11781561923347005,4.8041356018931465,72.86718,-110.538656,5.0,9337,0.9629744224422442,0.5399012229881762,-0.05602414960488922,-0.24957524963,5.0,34.341596998274326,True,True
11.683,73.210156281337,-110.03747546246893,-0.13731692250803598,4.824156472849295,73.01853100000001,-110.562265,5.0,9338,0.9630775577557755,0.546234710110705,-0.036066939721505875,-0.22988274997,5.0,33.87120499974117,True,True
11.729,73.37166051956758,-110.061353898698,-0.15687636835512486,4.795709464688335,73.32096800000001,-110.608709,5.0,9340,0.9632838283828383,0.549697497230463,0.005143190660657382,-0.18772269129,5.0,29.19421200203942,True,True
11.781,73.69058739557536,-110.11711472429198,-0.1988565413008736,4.780089605029812,73.47061500000001,-110.631592,5.0,9341,0.9633869636963697,0.5472835059632777,0.026192421292372092,-0.1667379427,5.0,31.683326000347733,True,True
11.829,73.8497320303748,-110.1508989593841,-0.21902123355950773,4.789827302555121,73.773165,-110.676736,5.0,9343,0.9635932343234324,0.5313820513909954,0.07403628743487811,-0.12025629108,5.0,29.714616997807752,True,True
11.879,74.16655018324833,-110.22777705651957,-0.2565120021293062,4.801352581471376,73.92483299999999,-110.69868400000001,5.0,9344,0.9636963696369637,0.5175318635205659,0.09564599150101039,-0.099427931647,5.0,29.150300000765128,True,True
11.928,74.32406792745105,-110.2706307180635,-0.27542925917595407,4.797906454827133,74.076684,-110.72027299999999,5.0,9345,0.963799504950495,0.5001935664734758,0.11648333926044518,-0.079734692714,5.0,29.03376099857269,True,True
11.978,74.63743213421651,-110.36534704012311,-0.3083621890455105,4.787936249400459,74.380414,-110.76253600000001,5.0,9347,0.9640057755775577,0.4554547958028766,0.15764013100702456,-0.041407735356,5.0,28.155735999462195,True,True
12.028,74.79332203565627,-110.41392434451598,-0.32263819160167195,4.816070958663443,74.532358,-110.783239,5.0,9348,0.9641089108910891,0.4282267953765557,0.17320263963783544,-0.026706254016,5.0,28.788472001906484,True,True
12.078,75.10392001977888,-110.5213307250068,-0.3437218523948637,4.834388766112902,74.83635500000001,-110.82432800000001,5.0,9350,0.9643151815181518,0.3693494636043771,0.2011907030241522,0.0020297574129,5.0,28.23238999917521,True,True
12.129,75.25834177836396,-110.57737992250631,-0.3517669592311748,4.834663677143078,74.988574,-110.844349,5.0,9351,0.9644183168316832,0.3351651084801089,0.21388383799905242,0.013729387397,5.0,29.443038001772948,True,True
12.18,75.56655746628152,-110.69271206703482,-0.36301680655943697,4.8442670938957,75.443641,-110.90268799999998,5.0,9354,0.9647277227722773,0.2699099804615655,0.232272800560676,0.030638328848,5.0,30.44703900013701,True,True
12.23,75.72048831836675,-110.75144508382128,-0.3658978982311752,4.846987741940366,75.595388,-110.921924,5.0,9355,0.9648308580858086,0.23101798607062796,0.23685679201517607,0.038194767488,5.0,30.636605002655415,True,True
12.277,76.02938433464382,-110.87030479753636,-0.3674657652543497,4.850524162161031,75.899472,-110.960328,5.0,9357,0.9650371287128713,0.15178660268297217,0.2434558581661017,0.047560253341,5.0,27.480250999360578,True,True
12.328,76.18286636348127,-110.92939230585101,-0.366591511845293,4.840959711898766,76.05139,-110.979068,5.0,9358,0.9651402640264026,0.11096703797936405,0.24545501595584085,0.049636861344,5.0,28.50604299965198,True,True
12.379,76.48952728155503,-111.04623426365251,-0.3608418767971773,4.826209301174141,76.355467,-111.015904,5.0,9360,0.9653465346534653,0.03351583302753347,0.24622039218886727,0.049748152462,5.0,29.444701998727396,True,True
12.431000000000001,76.64327851129633,-111.10354532386391,-0.3534309972082878,4.833553882722608,76.507475,-111.03405,5.0,9361,0.9654496699669967,-0.021692784010679343,0.24137340772950422,0.045469489053,5.0,31.177617998764617,True,True
12.48,76.95143309817493,-111.21620643567222,-0.3456347491533784,4.836274249939934,76.809632,-111.06999099999999,5.0,9363,0.9656559405940595,-0.09102487768967876,0.23450350739868986,0.042746803221,5.0,30.679735999001423,True,True
12.531,77.10638902611399,-111.27153436328975,-0.34049639625924205,4.842600548125582,76.961894,-111.08743899999999,5.0,9364,0.9657590759075908,-0.12913198770186923,0.2328612799429739,0.055943352818,5.0,31.344972001534188,True,True
12.582,77.41762467753463,-111.38023243149446,-0.3314463942458754,4.852907726200892,77.266901,-111.12123100000001,5.0,9366,0.9659653465346535,-0.20433824546125734,0.22769632740421608,0.10470169506,5.0,32.20321999833686,True,True
12.637,77.57310206028127,-111.43349151328549,-0.32671368863469036,4.7790287251994465,77.419578,-111.13771499999999,5.0,9367,0.9660684818481848,-0.24135399573521887,0.22448328141049512,0.15194135621,5.0,37.417560000903904,True,True
12.688,77.88584560320456,-111.53728253239687,-0.3145508725102712,4.878312404191808,77.724595,-111.170276,5.0,9369,0.9662747524752475,-0.3132201004631673,0.21530541373639966,0.29526190782,5.0,38.684163002471905,True,True
12.734,78.04293330446693,-111.58775621748237,-0.30687870442087506,4.84534554454409,77.876819,-111.186402,5.0,9370,0.9663778877887789,-0.3481151575483238,0.21053358649808684,0.30134289784,5.0,35.03887300030328,True,True
12.786,78.35835435231024,-111.68420132900708,-0.2844266004606261,4.834002672846904,78.030235,-111.202183,5.0,9371,0.9664810231023102,-0.3823861584999569,0.20569065914816242,0.30637278722,5.0,36.21319299782044,True,True
12.833,78.51643916360591,-111.72908955960999,-0.2692427895430145,4.835643451356045,78.33507900000001,-111.232436,5.0,9373,0.9666872937293729,-0.447401952382526,0.1870507582178349,0.30970066083,5.0,33.34458800236462,True,True
12.883,78.67529826411692,-111.77158107698097,-0.25364676900250704,4.834949557898132,78.48733399999999,-111.24721799999999,5.0,9374,0.9667904290429042,-0.47683272602728377,0.17264979755668763,0.30734130802,5.0,33.32835800028988,True,True
12.935,78.9949211964018,-111.84872987803404,-0.2180721974466938,4.819095079301062,78.94459499999999,-111.29163799999999,5.0,9377,0.9670998349834984,-0.5314789034915006,0.14034001141568897,0.36239119397,5.0,35.900347000279,True,True
12.982,79.15473708761837,-111.88245685084573,-0.1975061567361304,4.800493944328959,79.097081,-111.30609799999999,5.0,9378,0.9672029702970297,-0.5521648128321613,0.12445008962224158,0.34653421985,5.0,32.42683899952681,True,True
13.035,79.47543436908526,-111.93915305616811,-0.15111697499136587,4.77991070118921,79.402284,-111.334321,5.0,9380,0.9674092409240924,-0.5849114730066808,0.08415802864210686,0.30689862281,5.0,35.38413999922341,True,True
13.085,79.63603224192444,-111.96143294253903,-0.12523514063984328,4.727240203155192,79.55481400000001,-111.348129,5.0,9381,0.9675123762376238,-0.5963309154937092,0.0617326025852698,0.28344579404,5.0,35.74183099772199,True,True
13.133,79.95675060691218,-111.99651455096888,-0.06979058680441186,4.760002417350001,79.858153,-111.375522,5.0,9383,0.9677186468646864,-0.6090141201961287,0.008099056048408215,0.23275037231,5.0,33.64105400032713,True,True
13.182,80.1182570692525,-112.00559386956311,-0.04197911039637866,4.755380571030614,80.010811,-111.388676,5.0,9384,0.9678217821782178,-0.6102378471913685,-0.01536630947422779,0.20839614688,5.0,32.38508999857004,True,True
13.23,80.44198341151889,-112.01046392988376,0.013164460931793867,4.762478480132649,80.316731,-111.414189,5.0,9386,0.9680280528052805,-0.5969713983387778,-0.06754317234975593,0.15556225515,5.0,30.9384489992226,True,True
13.278,80.60482153507833,-112.00667085530539,0.036829401792580735,4.797830399251156,80.469923,-111.426456,5.0,9387,0.9681311881188119,-0.5844070796849216,-0.09218138217518312,0.12992338862,5.0,28.624654998566257,True,True
13.329,80.93151421535605,-111.98768157912676,0.08029593663126527,4.823374650317338,80.776053,-111.45029,5.0,9389,0.9683374587458746,-0.5475143369029494,-0.136494615180907,0.083939022245,5.0,29.687446000025375,True,True
13.38,81.09558683780408,-111.97350995783698,0.09905642690947268,4.8714317514373375,80.92925799999999,-111.462103,5.0,9390,0.968440594059406,-0.5239202038350494,-0.15641585635418442,0.064123693914,5.0,30.95187500002794,True,True
13.429,81.25951488649541,-111.95570143696352,0.11575996491883658,4.866518741615718,81.23609300000001,-111.484719,5.0,9392,0.9686468646864687,-0.46820323413894066,-0.18659391508514211,0.032383349373,5.0,29.94822400069097,True,True
13.477,81.58650112034246,-111.91265649402573,0.1447023243233408,4.85758717886839,81.389042,-111.49540900000001,5.0,9393,0.96875,-0.43664823948254167,-0.2001278928115191,0.018289228333,5.0,27.5803780023125,True,True
13.528,81.74992430992555,-111.88780985747867,0.15664045554161188,4.8661061280429525,81.847539,-111.526123,5.0,9396,0.969059405940594,-0.3746278294402719,-0.22290399553727935,-0.0043557468221,5.0,28.77416499904939,True,True
13.579,82.07686220841516,-111.83306189541271,0.17431818310079902,4.879244175189549,82.000416,-111.536302,5.0,9397,0.9691625412541254,-0.336372958570098,-0.23279385353222048,-0.010541711678,5.0,29.480719000275712,True,True
13.628,82.23997660175155,-111.80377997093589,0.18037670588913185,4.879790161295367,82.153687,-111.54639399999999,5.0,9398,0.9692656765676567,-0.29678364318542233,-0.23933806279481962,-0.015921456702,5.0,28.18842699707602,True,True
13.679,82.56622122889004,-111.74281330049386,0.18763384283835716,4.886564612276608,82.459753,-111.56576000000001,5.0,9400,0.9694719471947195,-0.21542555639043875,-0.24600088063506043,-0.022307349833,5.0,29.17390400034492,True,True
13.729,82.72964691947652,-111.71150808528884,0.1901199940677781,4.883173335747014,82.612711,-111.575025,5.0,9401,0.9695750825082509,-0.1741097716972745,-0.24752708653654132,-0.023608006838,5.0,29.61020099974121,True,True
13.787,83.0543002398939,-111.64829634685353,0.19123656851514614,4.8435196508991405,82.918053,-111.592932,5.0,9403,0.9697813531353136,-0.09084954455541887,-0.24996792467025575,-0.025118284572,5.0,37.62604999792529,True,True
13.83,83.21700158499614,-111.61711235158486,0.1895137900885722,4.880034633018772,83.069962,-111.602043,5.0,9404,0.9698844884488449,-0.04883300958137009,-0.24839137003493805,-0.02328325001,5.0,30.487333999190014,True,True
13.883,83.54338811980982,-111.55503345870792,0.1865719298692537,4.889891218458462,83.376478,-111.618397,5.0,9406,0.9700907590759076,0.03255597851461434,-0.23882309424930837,-0.013550300487,5.0,33.50972800035379,True,True
13.931,83.70686823919073,-111.52426879659895,0.18546400112242944,4.892371007835353,83.529963,-111.62606299999999,5.0,9407,0.9701938943894389,0.07158848277804253,-0.23535387503680072,-0.010431083206,5.0,31.490984998526983,True,True
13.979,84.0332964659521,-111.46291226119078,0.18392384943784998,4.893305799957625,83.837035,-111.640519,5.0,9409,0.9704001650165016,0.1483455810902626,-0.2305535893806665,-0.034449840711,5.0,29.73859199846629,True,True
14.03,84.19697633122368,-111.43258710296249,0.18242982050938325,4.895588367096306,83.990526,-111.64733899999999,5.0,9410,0.970503300330033,0.18610911395136925,-0.22783127758669997,-0.048713585855,5.0,30.857157998980256,True,True
14.082,84.5233352623358,-111.37232261770765,0.17777519732564975,4.829846892178928,84.297184,-111.660679,5.0,9412,0.9707095709570958,0.2605065910886609,-0.22153843944196927,-0.097540755982,5.0,32.235068996669725,True,True
14.132,84.6854018244174,-111.34313020937746,0.17606735884563698,4.862890019825639,84.452398,-111.666807,5.0,9413,0.9708127062706271,0.2968252020486861,-0.21533757455140767,-0.11330853164,5.0,32.180687001527986,True,True
14.182,85.01133981766371,-111.28647741625285,0.16785404437387794,4.866191811077537,84.908548,-111.68236200000001,5.0,9416,0.9711221122112211,0.37280330330840245,-0.2038085637074074,-0.27912188642,5.0,32.16810300000361,True,True
14.232,85.1745258054478,-111.25932799963618,0.16175049432944663,4.865089970775647,85.06104300000001,-111.68718999999999,5.0,9417,0.9712252475247525,0.4037833343609682,-0.19961495389948292,-0.28457156643,5.0,32.821729000716005,True,True
14.281,85.50148636025536,-111.20869426275749,0.14444211043849933,4.862598491054856,85.366049,-111.697015,5.0,9419,0.9714315181518152,0.4645425155076637,-0.18631203271086427,-0.29018482748,5.0,31.80445299949497,True,True
14.337,85.66502532579199,-111.18581558651692,0.13299853099994827,4.858563956840254,85.518337,-111.701931,5.0,9420,0.9715346534653465,0.49352449080612265,-0.1762400581014152,-0.37629268861,5.0,37.51509200083092,True,True
14.387,85.9935721402049,-111.14605375485493,0.10656147152055938,4.8584088477886285,85.823252,-111.71141999999999,5.0,9422,0.9717409240924092,0.5464862260346631,-0.15023442331882997,-0.34847164348,5.0,38.01057099917671,True,True
14.434,86.15585968689119,-111.12961398299943,0.08977377455479739,4.805973488360498,85.975646,-111.71603799999998,5.0,9423,0.9718440594059405,0.5702614763276104,-0.1354286299938483,-0.33391782734,5.0,34.648681998078246,True,True
14.485,86.4804703902302,-111.09748205875322,0.046419804719623585,4.804346439680476,86.126696,-111.72018200000001,5.0,9424,0.971947194719472,0.5912459427016616,-0.12217582033429375,-0.3168201365,5.0,35.63645299800555,True,True
14.534,86.64364268519881,-111.09163840631288,0.02357136322494854,4.798977751109529,86.427146,-111.73183799999998,5.0,9426,0.9721534653465347,0.6357471380934012,-0.08257869150544828,-0.26669570839,5.0,34.347436998359626,True,True
14.589,86.96977702890787,-111.09174143606363,-0.02520159395914627,4.796687492161462,86.580777,-111.736802,5.0,9427,0.972256600660066,0.646424436552138,-0.0511026918365971,-0.24107247722,5.0,39.155786002083914,True,True
14.632,87.13275221799366,-111.09787166733277,-0.05063526757213197,4.794614719029357,86.88446,-111.743609,5.0,9429,0.9724628712871287,0.6535026272461241,0.003730147834116071,-0.18907839229,5.0,32.611223999992944,True,True
14.68,87.29557645279164,-111.1076913312317,-0.07642684057467684,4.80988003360607,87.188068,-111.74949699999999,5.0,9431,0.9726691419141914,0.6539689670868507,0.03271842199444075,-0.16383371487,5.0,30.62280800077133,True,True
14.728,87.62075556077268,-111.13830782173397,-0.12325906817854414,4.8108520075708485,87.491782,-111.75484499999999,5.0,9433,0.9728754125412541,0.6341198620756274,0.08526941092207085,-0.11369506663,5.0,28.293502997257747,True,True
14.779,87.78334502226576,-111.16032267755736,-0.1454669593066438,4.823915870426708,87.644701,-111.756751,5.0,9434,0.9729785478547854,0.6189065751820425,0.11242267474973966,-0.089293221152,5.0,29.78839500065078,True,True
14.827,88.10798932978695,-111.21418499015812,-0.18180939590539993,4.851761184503789,87.94810799999999,-111.759197,5.0,9436,0.9731848184818482,0.5734509889308217,0.15848724298139238,-0.046303656246,5.0,27.590666999458335,True,True
14.878,88.27014797415804,-111.24532804435728,-0.1972696833515881,4.860888683072896,88.09967900000001,-111.760005,5.0,9437,0.9732879537953796,0.5458509950703834,0.17696891989646035,-0.0298996554,5.0,28.214896999998018,True,True
14.928,88.59380042288348,-111.31464362396937,-0.22362690426974077,4.873310126540096,88.402715,-111.76137299999999,5.0,9439,0.9734942244224423,0.48262506894131946,0.20612853800090214,0.0044167973436,5.0,28.35665199745563,True,True
14.977,88.75638017122562,-111.35260682570562,-0.23472576760160058,4.887794722152384,88.55458399999999,-111.76218999999999,5.0,9440,0.9735973597359736,0.4477477098971171,0.21829013184567536,0.019361038403,5.0,27.486270999361295,True,True
15.028,88.91713774719426,-111.39187808511817,-0.24474042174976562,4.867329322853812,88.857823,-111.76353,5.0,9442,0.9738036303630363,0.3718095138052439,0.24162764265858439,0.043956113069,5.0,28.150646001449786,True,True
15.077,89.23669649654907,-111.4746269623175,-0.26241966887652896,4.866856619309307,89.009344,-111.76393600000002,5.0,9443,0.9739067656765676,0.33135237683858326,0.2516024906012708,0.054714917138,5.0,27.634258000034606,True,True
15.128,89.39658721257406,-111.51806880112485,-0.2678667137723359,4.875961103736587,89.462273,-111.76495200000001,5.0,9446,0.9742161716171617,0.2554719878119585,0.2666937287639133,0.072886641786,5.0,28.33359800206381,True,True
15.18,89.71512980290223,-111.60601407529069,-0.2713728163601809,4.869945289714066,89.613967,-111.764738,5.0,9447,0.974319306930693,0.21109756238137564,0.2733415219722195,0.078894718301,5.0,30.3612069983501,True,True
15.229,89.87466317800764,-111.65043860414221,-0.27174269277557705,4.871341553547783,89.917812,-111.763166,5.0,9449,0.9745255775577558,0.12070329993917754,0.27906772606842667,0.083116840333,5.0,29.820052997820312,True,True
15.278,90.19413186065665,-111.73905569711411,-0.2679102562782992,4.876663599242829,90.06995400000001,-111.761905,5.0,9450,0.9746287128712872,0.07593362191387625,0.2793759338744546,0.082824942531,5.0,28.631688001041766,True,True
15.332,90.35370946807379,-111.78249161386549,-0.26357745761628787,4.810358883306461,90.221899,-111.760534,5.0,9451,0.9747318481848185,0.03510457978912035,0.2780271007934525,0.079811769516,5.0,32.6769070015871,True,True
15.382,90.67300433944115,-111.86742733425893,-0.25177630941405527,4.907853438030634,90.525809,-111.756983,5.0,9453,0.9749381188118812,-0.06997707400672512,0.270301394784477,0.070575230635,5.0,32.29221599758603,True,True
15.428,90.8337829920812,-111.90809590697152,-0.24445158422068738,4.863647341898892,90.677875,-111.75511399999999,5.0,9454,0.9750412541254125,-0.11241889692858813,0.2662357476670545,0.086525408945,5.0,28.51867599747493,True,True
15.481,91.15580739594259,-111.98622254693294,-0.23124016460964783,4.8631399996322395,90.98297,-111.74971599999999,5.0,9456,0.9752475247524752,-0.19801505506404513,0.2567343892439182,0.14074198913,5.0,32.01976600030321,True,True
15.532,91.316890232891,-112.02357652367306,-0.22428526778259214,4.864449051143577,91.134842,-111.74663899999999,5.0,9457,0.9753506600660066,-0.23997683543337936,0.25205382240645546,0.16599131823,5.0,32.31495799991535,True,True
15.593,91.64001782740723,-112.09496098214993,-0.21052322630273138,4.88367957890931,91.438503,-111.740096,5.0,9459,0.9755569306930693,-0.32049501058187063,0.2390456122055018,0.2451172778,5.0,43.86151300059282,True,True
15.636,91.8026899614306,-112.12907482852499,-0.20215035304221496,4.856314530945599,91.590404,-111.736911,5.0,9460,0.9756600660066007,-0.3590183807087882,0.23157136496748265,0.32316633535,5.0,36.46111700072652,True,True
15.682,92.12611061757681,-112.19150743180917,-0.1766992817719062,4.844563848600688,91.89457900000001,-111.73023700000002,5.0,9462,0.9758663366336634,-0.4327384659570678,0.21488317521712963,0.33170232542,5.0,32.618777000607224,True,True
15.732,92.28832981697538,-112.21917547244749,-0.16067498632484245,4.841609115637413,92.046663,-111.726448,5.0,9463,0.9759694719471947,-0.4669765067918087,0.2022189349458019,0.33150424143,5.0,32.3476590019709,True,True
15.79,92.61283286701686,-112.26688641139746,-0.12081865975717311,4.826762763440562,92.502023,-111.71416599999999,5.0,9466,0.9762788778877888,-0.5322443267938071,0.1683598872735006,0.39303362973,5.0,40.18853100205888,True,True
15.835999999999999,92.77452837598982,-112.28562289531793,-0.0982035845824528,4.8100568213987565,92.65234699999999,-111.71041799999999,5.0,9467,0.9763820132013201,-0.5578695722018165,0.14823134882858913,0.37444411583,5.0,36.92026800126769,True,True
15.885000000000002,93.10066479088692,-112.30997681629935,-0.04774034609785379,4.802242062967546,92.956352,-111.70091799999999,5.0,9469,0.9765882838283828,-0.59934264298745,0.10797796587756814,0.33266444411,5.0,35.7064130002982,True,True
15.934000000000001,93.2638386024995,-112.31552731929716,-0.019697962461884565,4.799404245880713,93.108538,-111.69559199999999,5.0,9470,0.9766914191419142,-0.614435260968103,0.08385829161448166,0.30747481928,5.0,34.76204400067218,True,True
15.981000000000002,93.58907120958905,-112.31388296257182,0.03884728626459509,4.780882481756835,93.412987,-111.68404,5.0,9472,0.976897689768977,-0.6336446049823764,0.030938241217364215,0.25168864197,5.0,31.874341999355238,True,True
16.035,93.75150129544387,-112.30516491684504,0.07038182865528035,4.790215066470773,93.56532800000001,-111.677869,5.0,9473,0.9770008250825083,-0.6364569903676932,0.0019895840944985643,0.22132299027,5.0,35.144729998137336,True,True
16.081,93.91415029563277,-112.29126966088982,0.10030414196450277,4.80647815456962,93.869578,-111.66516299999999,5.0,9475,0.977207095709571,-0.6274951721578867,-0.056118196132084464,0.16283451106,5.0,31.07788999841432,True,True
16.129,94.23993299094269,-112.24917443097472,0.15632855822557998,4.821697114173599,94.022669,-111.65810400000001,5.0,9476,0.9773102310231023,-0.6164153194134449,-0.08203107875984683,0.13524616244,5.0,29.327410000405507,True,True
16.178,94.4017690241272,-112.22150742828926,0.1814022187838479,4.83594392513433,94.175069,-111.650732,5.0,9477,0.9774133663366337,-0.6009276688541413,-0.10728662682061563,0.10924039626,5.0,28.07630600000266,True,True
16.225,94.72463561866995,-112.15485971696314,0.2249072129361688,4.883842452187709,94.478998,-111.635433,5.0,9479,0.9776196369636964,-0.5580949241338488,-0.15327382392797073,0.061720867264,5.0,25.69792999929632,True,True
16.276,94.88532872043254,-112.11633831591224,0.2445840283235945,4.862397285370539,94.630935,-111.627652,5.0,9480,0.9777227722772277,-0.5312682992337442,-0.17405250086903257,0.042290002283,5.0,26.879674001975218,True,True
16.329,95.20513896493759,-112.03042124215617,0.27899921303186065,4.881891413886709,95.087328,-111.60410700000001,5.0,9483,0.9780321782178217,-0.47254806389617615,-0.2089640442233036,0.012023283017,5.0,29.357788000197615,True,True
16.381,95.36472117759992,-111.98347052313652,0.29352939290443686,4.888594613389156,95.239369,-111.595854,5.0,9484,0.9781353135313532,-0.4359132749247112,-0.22395786522962746,-0.0026424324126,5.0,31.278186001145514,True,True
16.43,95.68179436983098,-111.8840177203666,0.3142936048581824,4.884998636375807,95.543257,-111.578779,5.0,9486,0.9783415841584159,-0.35612392568150336,-0.2484504225876054,-0.026598116356,5.0,30.500297998514725,True,True
16.479,95.84022317284553,-111.83201850975435,0.3202771749304347,4.907997095543201,95.695115,-111.57003300000001,5.0,9487,0.9784447194719472,-0.31426715356808455,-0.2577350541242973,-0.03378129674,5.0,29.198108000855427,True,True
16.53,96.1557260247138,-111.7253543203468,0.33125343490455017,4.910599918947143,95.997716,-111.552536,5.0,9489,0.9786509900990099,-0.22683342778130436,-0.2661061997742209,-0.041675552749,5.0,30.584295996959554,True,True
16.58,96.31370485084864,-111.67081683431087,0.3326480030335586,4.916096144506161,96.149919,-111.54306399999999,5.0,9490,0.9787541254125413,-0.1823827909320637,-0.26807827348833513,-0.044058734729,5.0,30.44596600011573,True,True
16.629,96.62953035571435,-111.5621259302133,0.3295243656567175,4.916789023900261,96.45472600000001,-111.52314799999999,5.0,9492,0.9789603960396039,-0.09408709928246628,-0.26383728245782656,-0.041874903844,5.0,29.1508199989039,True,True
16.679,96.78782524467087,-111.50814447870346,0.32687387746083835,4.9180902117819,96.60681899999999,-111.51286,5.0,9493,0.9790635313531353,-0.050711271650154564,-0.2613384812705166,-0.041027820529,5.0,30.31172500050161,True,True
16.731,97.1049474302503,-111.40222568997952,0.3193313122270202,4.95417097466223,96.911204,-111.491708,5.0,9495,0.979269801980198,0.034324659241484076,-0.25112548356878195,-0.031886254947,5.0,31.309915000747424,True,True
16.783,97.26382051297104,-111.34983710624235,0.3166540317397732,4.908997274219045,97.0636,-111.48068400000001,5.0,9496,0.9793729372937293,0.07514243880458513,-0.24575189094671002,-0.027600276594,5.0,33.1709719976061,True,True
16.83,97.42272894395224,-111.29800203016804,0.3129421260299214,4.9073072606078325,97.369251,-111.457402,5.0,9498,0.9795792079207921,0.15472213373532157,-0.23518693609391184,-0.018993582329,5.0,30.918141001166077,True,True
16.88,97.74057349996335,-111.19643480651594,0.3058122565442293,4.907065884752377,97.52127800000001,-111.44545900000001,5.0,9499,0.9796823432343235,0.1931455691324351,-0.23059971958310177,-0.014530148925,5.0,30.66792200115742,True,True
16.933,98.05948859591845,-111.09739425686465,0.29748147094358257,4.926114909155043,97.977308,-111.40928600000001,5.0,9502,0.9799917491749175,0.2738607485071913,-0.22176757179203221,-0.26066945819,5.0,33.94621500046924,True,True
16.982,98.21902254281805,-111.04861064064413,0.2957847425777647,4.909094481647753,98.129498,-111.397072,5.0,9503,0.9800948844884488,0.3077467569131293,-0.21660895468234864,-0.26731401791,5.0,32.45688400056679,True,True
17.032,98.37865929557879,-110.99998074518587,0.29531789618507104,4.911058809102512,98.281666,-111.38461799999999,5.0,9504,0.9801980198019802,0.3417969401106531,-0.2134932171836037,-0.27538924284,5.0,32.54282600028091,True,True
17.081,98.69863188621048,-110.90354177336701,0.28842440849460804,4.907443681185839,98.58551,-111.35916200000001,5.0,9506,0.9804042904290429,0.4104542071183514,-0.20840809698840568,-0.2918062416,5.0,31.619605997548206,True,True
17.13,98.85794027711847,-110.85707595661793,0.2798347312003292,4.887142563301697,98.737473,-111.346249,5.0,9507,0.9805074257425742,0.44440783142681434,-0.20291902144102414,-0.29734393026,5.0,30.98030700130039,True,True
17.181,99.17753471566593,-110.76840111538644,0.26043071440533044,4.882217953037466,99.039745,-111.320527,5.0,9509,0.980713696369637,0.5085644253877694,-0.18361027867725221,-0.29904516125,5.0,31.094922000193037,True,True
17.233,99.33795646543591,-110.72677527957639,0.2472375931750961,4.8698040602508765,99.191788,-111.30706799999999,5.0,9510,0.9808168316831684,0.5377432779516164,-0.1709281085222294,-0.29956144104,5.0,33.44407400072669,True,True
17.285,99.6597950271312,-110.65079923674358,0.21484507009969767,4.851406009900881,99.496222,-111.279058,5.0,9512,0.981023102310231,0.5887130193547119,-0.13822454725666145,-0.33376462863,5.0,35.41853299975628,True,True
17.334,99.82067909532074,-110.6171339239737,0.19467635865577015,4.829584233953224,99.64860999999999,-111.26456999999999,5.0,9513,0.9811262376237624,0.6098771150600395,-0.11948404203106033,-0.31608754388,5.0,34.087238997017266,True,True
17.384,100.14305412006453,-110.56049969485207,0.15069119331125905,4.786439780671913,100.104996,-111.22023300000001,5.0,9516,0.9814356435643564,0.6449273808658935,-0.07297855651639606,-0.27305239977,5.0,34.12621199822752,True,True
17.434,100.30556344806753,-110.53697668617089,0.12923674659532078,4.852742302404991,100.257285,-111.204825,5.0,9517,0.9815387788778878,0.6543728239962319,-0.048362648444729484,-0.25007075927,5.0,34.26855899670045,True,True
17.479,100.63029145850369,-110.50217090704247,0.08298647409853616,4.785002351531152,100.562647,-111.17268700000001,5.0,9519,0.9817450495049505,0.6618397232414445,-0.0008527461932152924,-0.20516825123,5.0,29.896837000706,True,True
17.529,100.79272029773774,-110.49066053630173,0.05917502975362385,4.791971159316156,100.7145,-111.156342,5.0,9520,0.9818481848184818,0.6595687206972294,0.02469882104423826,-0.1797778795,5.0,29.54053999928874,True,True
17.579,101.11807803437497,-110.47898303502785,0.012895376163647158,4.797360166148465,101.017995,-111.12337600000001,5.0,9522,0.9820544554455446,0.6434529392190114,0.07226060013672964,-0.13198704132,5.0,29.897658998379484,True,True
17.629,101.28152044159727,-110.47862960736589,-0.00828061476068375,4.818200921049496,101.170002,-111.10696399999999,5.0,9523,0.9821575907590759,0.6299177187701864,0.09492122799523361,-0.10543724873,5.0,29.16991500023869,True,True
17.675,101.44539001235802,-110.4814228432633,-0.028045572347350684,4.80651711316481,101.473674,-111.073803,5.0,9525,0.9823638613861386,0.5918801494512592,0.13810551662566217,-0.060871992598,5.0,25.93153699854156,True,True
17.728,101.77216170555647,-110.49656822156768,-0.06340029109702831,4.823967826881394,101.62534000000001,-111.05695,5.0,9526,0.98246699669967,0.5677390800192567,0.1580506526859229,-0.040892902213,5.0,28.26693299721228,True,True
17.776,101.93519462211805,-110.50773218903623,-0.0781902340503106,4.802270189388492,101.928713,-111.022925,5.0,9528,0.9826732673267327,0.5111508046983696,0.19083833888748547,-0.0076075630339,5.0,26.917264000076102,True,True
17.827,102.26160828990099,-110.53760299053572,-0.10663429832892454,4.823541221922006,102.08020400000001,-111.005673,5.0,9529,0.982776402640264,0.4791133251829651,0.2041440203620981,0.008303133358,5.0,27.457465999759734,True,True
17.878,102.424967757008,-110.55604591607785,-0.11884239712325637,4.843374472496343,102.382548,-110.97133400000001,5.0,9531,0.9829826732673267,0.4502765839456338,0.22353193600144516,0.027812966178,5.0,28.55985199857969,True,True
17.929,102.75230031869548,-110.59805453644366,-0.1361811605065639,4.860118167224237,102.686501,-110.935027,5.0,9533,0.9831889438943895,0.3718203026058674,0.24846053523233724,0.051528494434,5.0,29.12253599788528,True,True
17.98,102.91619173055135,-110.62099976677702,-0.14163875816247362,4.869992963251254,102.838616,-110.91649699999999,5.0,9534,0.9832920792079208,0.3299333257415714,0.2577464494122763,0.060194561564,5.0,30.829445000563283,True,True
18.03,103.24186252659803,-110.66854334008165,-0.14553701625714952,4.864384249294496,103.142105,-110.87908,5.0,9536,0.9834983498349835,0.24299298488467935,0.26814307909039403,0.068602520185,5.0,30.92709799966542,True,True
18.079,103.40570586285422,-110.69247815023483,-0.14460391243893891,4.901707347169722,103.29381500000001,-110.860193,5.0,9537,0.9836014851485149,0.19856649173362365,0.27099221844721777,0.070742780055,5.0,29.810355001245625,True,True
18.13,103.73358067361471,-110.73953082292617,-0.14091368628142176,4.863508654706281,103.59849200000001,-110.82086299999999,5.0,9539,0.9838077557755776,0.1085331174948127,0.2734824150727171,0.070301897249,5.0,30.35498600002029,True,True
18.179,103.897836949838,-110.76278574875708,-0.13885251124430129,4.871835338803515,103.750442,-110.80075900000001,5.0,9540,0.9839108910891089,0.06350743259853456,0.27304300115854163,0.068911926078,5.0,29.332729998714058,True,True
18.241,104.22511105277977,-110.80746737634036,-0.13226297145695845,4.855793438241941,104.053342,-110.760225,5.0,9542,0.9841171617161716,-0.026055754863203093,0.2690965991399059,0.064054386815,5.0,41.80178300157422,True,True
18.279,104.38909366280159,-110.82891252092743,-0.1282777824086304,4.880860487942302,104.204662,-110.739893,5.0,9543,0.9842202970297029,-0.06969230531719066,0.26567758915361095,0.062099525678,5.0,29.386680998868542,True,True
18.33,104.7163481432383,-110.86969470059809,-0.11903435037300338,4.844944928677752,104.507587,-110.699198,5.0,9545,0.9844265676567657,-0.15528542245165805,0.2583464382147449,0.096956024249,5.0,30.58880300159217,True,True
18.38,104.87984487402649,-110.88893724552452,-0.11466187996914859,4.843528160779031,104.65894300000001,-110.67856699999999,5.0,9546,0.9845297029702971,-0.19716305265985945,0.25504741413218524,0.11114488801,5.0,30.832891003228724,True,True
18.435,105.20639289900359,-110.92434464232743,-0.10131696922578927,4.8058331481035035,104.96116799999999,-110.63693899999998,5.0,9548,0.9847359735973598,-0.2791180802511134,0.2462589423606043,0.1862754063,5.0,35.54865700061782,True,True
18.49,105.36957786284692,-110.94007314390316,-0.08994327036423767,4.827214964597168,105.112303,-110.615999,5.0,9549,0.9848391089108911,-0.3184370534317489,0.23994114207878203,0.25231607625,5.0,40.17901299812365,True,True
18.541,105.69620033245153,-110.96630390867374,-0.06836181823359903,4.827446073355021,105.41313899999999,-110.57426399999999,5.0,9551,0.9850453795379538,-0.39299403663113713,0.21778595745310758,0.32396780148,5.0,41.48542099937913,True,True
18.583,105.8599572822528,-110.97642912471304,-0.05514275558766232,4.827616128183951,105.56430300000001,-110.55259,5.0,9552,0.9851485148514851,-0.4283936369524703,0.21180702758273906,0.32713355909,5.0,33.31008200257202,True,True
18.636,106.18692840871321,-110.99015790089304,-0.02479053269511835,4.801746697290685,106.018231,-110.485767,5.0,9555,0.9854579207920792,-0.498593689241984,0.18885507533074897,0.41045679137,5.0,36.57451900289743,True,True
18.682,106.35057490395884,-110.99296697403206,-0.00685441494539128,4.810849482723835,106.169501,-110.46298600000001,5.0,9556,0.9855610561056105,-0.5274598825177335,0.17476460627651935,0.39424219849,5.0,32.6157819981745,True,True
18.736,106.67753578112801,-110.98880878211067,0.033132395480782326,4.806124650434504,106.320477,-110.440095,5.0,9557,0.985664191419142,-0.553690620737629,0.15785352197037028,0.37643613678,5.0,36.59104000325897,True,True
18.783,106.8412352124154,-110.98159611874208,0.05372885051560482,4.818718229560904,106.623143,-110.39339,5.0,9559,0.9858704620462047,-0.5978980688453457,0.122921429139355,0.33754726454,5.0,34.063865001371596,True,True
18.834,107.00431879465891,-110.97130347337038,0.07425533033906978,4.809888996149174,106.77521999999999,-110.369251,5.0,9560,0.985973597359736,-0.6158932965356021,0.10457925473298868,0.31758303822,5.0,34.62970499822404,True,True
18.883,107.3265846610551,-110.94001667690058,0.12058407015488033,4.742947508540405,107.0773,-110.320591,5.0,9562,0.9861798679867987,-0.643045038144751,0.0641543353141687,0.27641934492,5.0,33.724979002727196,True,True
18.934,107.48640005189873,-110.91879589928838,0.14469817610616678,4.725490109388839,107.227985,-110.29615700000001,5.0,9563,0.98628300330033,-0.6513656244373756,0.03997765640139006,0.25190235895,5.0,34.525739996752236,True,True
18.981,107.80170523158024,-110.8648471738666,0.1945740067036924,4.6951089657391645,107.52958000000001,-110.247482,5.0,9565,0.9864892739273927,-0.6563662360690727,-0.009551724523880978,0.20739878693,5.0,32.045693002146436,True,True
19.032,107.95778023168094,-110.83211161845024,0.21887236735794216,4.692778139017442,107.680272,-110.22306599999999,5.0,9566,0.9865924092409241,-0.6529427250624662,-0.03390524380969406,0.18446662089,5.0,32.278680002491456,True,True
19.079,108.26699326249073,-110.75570394621238,0.26530010318927083,4.689235474165853,107.981264,-110.174109,5.0,9568,0.9867986798679867,-0.6346796589973823,-0.08063644340015363,0.13886822664,5.0,29.679769999347627,True,True
19.13,108.42037703453627,-110.71230439085966,0.2863463856621162,4.69236520499635,108.13172,-110.149524,5.0,9569,0.9869018151815182,-0.6200723965802504,-0.1031623460530966,0.11715500144,5.0,30.245670001022518,True,True
19.179,108.7234506880335,-110.61711207567181,0.3262294834831309,4.660695325167833,108.432377,-110.09998200000001,5.0,9571,0.9871080858085809,-0.5814318803677243,-0.14327588983656492,0.080489153798,5.0,29.28116300245165,True,True
19.228,108.87286683552892,-110.5646260322654,0.349051744215854,4.6530701089916935,108.581833,-110.07559199999999,5.0,9572,0.9872112211221122,-0.5575097238739742,-0.1620079791728153,0.063058865682,5.0,28.32266699988395,True,True
19.276,109.02068923149734,-110.5090617592616,0.3734579322363133,4.631800002844406,108.88304099999999,-110.024615,5.0,9574,0.9874174917491749,-0.5007806361606877,-0.20385681487856377,0.018803182758,5.0,26.8994809994183,True,True
19.326999999999998,109.31482445381108,-110.38759395980635,0.407899199042448,4.700245751272931,109.033825,-109.998646,5.0,9575,0.9875206270627063,-0.4674621477136705,-0.22194487995218504,7.6080333266e-05,5.0,27.990906000923133,True,True
19.379,109.46125273475329,-110.32323456798436,0.42002297848640097,4.703867003879826,109.335094,-109.94633,5.0,9577,0.987726897689769,-0.3930167087025942,-0.24700738409187029,-0.027775829148,5.0,29.61022000090452,True,True
19.43,109.75058724143521,-110.1891264412208,0.4492220939090411,4.698484201517601,109.485476,-109.919995,5.0,9578,0.9878300330033003,-0.3532677784203433,-0.2588831256454589,-0.04085297406,5.0,30.36926200002199,True,True
19.479,109.89474178101001,-110.11892421778613,0.45955882591747904,4.741315365138388,109.786955,-109.865953,5.0,9580,0.988036303630363,-0.2682561261505121,-0.279709986991604,-0.065679627535,5.0,29.86401499947533,True,True
19.53,110.18112501846122,-109.9741791093138,0.47469314164999565,4.714523512688198,109.93826899999999,-109.838225,5.0,9581,0.9881394389438944,-0.2235911457228272,-0.2862416868007518,-0.074197520135,5.0,30.684511999425013,True,True
19.581,110.32335269905133,-109.90065361959827,0.47929124144003954,4.709492589132232,110.088998,-109.81043999999999,5.0,9582,0.9882425742574258,-0.1777918367315243,-0.2918715368954521,-0.080902113474,5.0,31.721023999125464,True,True
19.629,110.60723984832107,-109.75203557062618,0.4840550499471223,4.714103724397388,110.38923,-109.754733,5.0,9584,0.9884488448844885,-0.08445884745913047,-0.2996305048849224,-0.088826877954,5.0,30.270728002506075,True,True
19.682,110.74897325883842,-109.67753763420917,0.48303997100567175,4.713262244180858,110.539372,-109.727023,5.0,9585,0.9885519801980198,-0.03695237242423999,-0.301247410848144,-0.088986266738,5.0,32.658440999512095,True,True
19.731,111.03326191815856,-109.52951568048329,0.4760066240965739,4.716978648950965,110.839776,-109.671297,5.0,9587,0.9887582508250825,0.057457790427971396,-0.2959432169479541,-0.079191240854,5.0,31.345100000180537,True,True
19.784,111.17635912270832,-109.45622589053313,0.4699678191258007,4.718490169734494,110.989625,-109.643348,5.0,9588,0.9888613861386139,0.10389599514336859,-0.29156693595296934,-0.073357026476,5.0,34.676631999900565,True,True
19.829,111.46283117006085,-109.31366113692776,0.45409763521898766,4.675088198560571,111.28926200000001,-109.58747,5.0,9590,0.9890676567656765,0.19426971978846425,-0.2782069374119889,-0.063514863357,5.0,29.736585998762166,True,True
19.881,111.60671030373575,-109.24422189970963,0.44224267003299783,4.708895903832017,111.43912399999999,-109.55951,5.0,9591,0.9891707920792079,0.23721560618249843,-0.2688099823975407,-0.11016800939,5.0,31.28911499879905,True,True
19.932,111.89701183073753,-109.10913321283948,0.4279912447648338,4.722999182324804,111.737727,-109.50381499999999,5.0,9593,0.9893770627062707,0.3192805343596571,-0.24804162818473774,-0.16094375484,5.0,32.84819699911168,True,True
19.98,112.04339269881098,-109.04298460467118,0.4208674313977207,4.726797381039434,112.03759299999999,-109.446322,5.0,9595,0.9895833333333334,0.36532087722710166,-0.23661769866297888,-0.28959847652,5.0,30.913311999029247,True,True
20.034,112.33765232719956,-108.91446534023159,0.39986672771655923,4.72349547617647,112.33745900000001,-109.387653,5.0,9597,0.9897896039603961,0.4353899008159961,-0.21734433521525132,-0.40399082812,5.0,34.60083000027225,True,True
20.083,112.48614646920818,-108.8527934646899,0.3868272539929177,4.730791562913878,112.48738999999999,-109.357964,5.0,9598,0.9898927392739274,0.46809446896119433,-0.20347487089324368,-0.39091539188,5.0,33.33335600109422,True,True
20.137,112.78523443532691,-108.73533537830318,0.3589773014611503,4.737824718272037,112.786837,-109.297354,5.0,9600,0.9900990099009901,0.5266935999258977,-0.16856117612588983,-0.36000853152,5.0,37.093250000907574,True,True
20.184,112.93711480292845,-108.679695544983,0.34333434708116367,4.789122744931909,112.936663,-109.266028,5.0,9601,0.9902021452145214,0.551874323485342,-0.1503374825912025,-0.34493657309,5.0,35.00084999905084,True,True
20.233,113.24214711952258,-108.57596978621892,0.3105940169289133,4.716561672980058,113.236749,-109.20133899999999,5.0,9603,0.9904084158415841,0.5934335592201261,-0.11371228310944925,-0.3119713168,5.0,33.22632500203326,True,True
20.283,113.39522821979833,-108.52842502103789,0.29111328073843845,4.719724587539704,113.385847,-109.16860700000001,5.0,9604,0.9905115511551155,0.6098102350792701,-0.09382021874427204,-0.29200389188,5.0,33.61760799816693,True,True
20.332,113.549202749206,-108.48387395461741,0.2711091921656791,4.714142821589794,113.684137,-109.10268,5.0,9606,0.9907178217821783,0.6333404153043292,-0.05271834608500159,-0.24867014533,5.0,32.235007998679066,True,True
20.38,113.85958206880348,-108.40482275075915,0.22713359754963114,4.7239015384994945,113.83301999999999,-109.06951399999998,5.0,9607,0.9908209570957096,0.6399034691041117,-0.02928243960813326,-0.22203301354,5.0,31.00490300130332,True,True
20.43,114.01651123312989,-108.37024489539793,0.2046055225990121,4.7111956282644005,113.981955,-109.036009,5.0,9608,0.990924092409241,0.6426219261951253,-0.005027245562150728,-0.1959893575,5.0,30.84040400062804,True,True
20.479,114.33175570329472,-108.31215042820348,0.1597935146811895,4.727927576249973,114.279016,-108.96849399999999,5.0,9610,0.9911303630363036,0.6367205350838134,0.042779237597764475,-0.14482607354,5.0,29.266254998219665,True,True
20.529,114.49077996305684,-108.28823400554944,0.13862615051531998,4.738026009140793,114.427442,-108.93450700000001,5.0,9611,0.991233498349835,0.6279325759709371,0.06618012170103071,-0.12018292235,5.0,29.446231998008443,True,True
20.576999999999998,114.80968186553896,-108.24889915480504,0.09842354129173436,4.75253779722814,114.724112,-108.86566,5.0,9613,0.9914397689768977,0.6000078204897076,0.11046063302591325,-0.070667566034,5.0,27.521175998117542,True,True
20.628,114.97091881041008,-108.23441571213668,0.08133757356981486,4.769237580823818,114.87126799999999,-108.8314,5.0,9614,0.991542904290429,0.5808310336938179,0.1334550157807084,-0.045927043117,5.0,28.918833999341587,True,True
20.678,115.29563959544554,-108.21270990141899,0.05304619575562864,4.79799019230613,115.31608200000001,-108.72314899999999,5.0,9617,0.991852310231023,0.533162608960227,0.177202088205914,-0.0054125581374,5.0,28.504948000772856,True,True
20.727,115.45847032114693,-108.20509151846935,0.04140128601969356,4.739982048030266,115.46403899999999,-108.686252,5.0,9618,0.9919554455445545,0.5025937510383479,0.19335220394871122,0.008802298258,5.0,27.529250000952743,True,True
20.777,115.7838982549822,-108.19332094426345,0.02296438067736557,4.812882071247584,115.759859,-108.61101599999999,5.0,9620,0.9921617161716172,0.43618714130525926,0.22119689963364308,0.033409687893,5.0,27.90013600315433,True,True
20.829,115.94766337069393,-108.19016698301544,0.01562998458415936,4.818975382510115,115.907793,-108.57243000000001,5.0,9621,0.9922648514851485,0.39884029884716116,0.23432472686341477,0.04371804647,5.0,29.166667998651974,True,True
20.88,116.27569846238575,-108.18654317296092,0.006354871890466616,4.818702069765552,116.20385900000001,-108.49305600000001,5.0,9623,0.9924711221122112,0.31870414751971404,0.2552887871900258,0.059532177753,5.0,30.985094999778084,True,True
20.931,116.44002258912533,-108.18588782794659,0.0031291089686904107,4.827331318268889,116.35203999999999,-108.452598,5.0,9624,0.9925742574257426,0.2767908982537111,0.2616421262458619,0.065077168974,5.0,31.56147499976214,True,True
20.98,116.76756455824128,-108.1852506532576,0.002303633186300702,4.817694032045824,116.646124,-108.371152,5.0,9626,0.9927805280528053,0.19013521217658558,0.26963305356124323,0.073300823726,5.0,30.779920998611487,True,True
21.03,116.93193536848595,-108.18466094405579,0.0042695589173594095,4.813635710283059,116.793299,-108.330152,5.0,9627,0.9928836633663366,0.14647456587272975,0.2700104664156959,0.074945206887,5.0,30.55003099871101,True,True
21.081,117.25881800840853,-108.1822562915391,0.011920240680238767,4.810146014368757,117.087001,-108.247577,5.0,9629,0.9930899339933993,0.059055143797195515,0.2686476132668467,0.078838217974,5.0,31.779643999470863,True,True
21.129,117.42226145199028,-108.17992904158602,0.017125712014505044,4.8108967791514115,117.233574,-108.2059,5.0,9630,0.9931930693069307,0.01579343701511262,0.26583447963828455,0.077125237759,5.0,29.94334300092305,True,True
21.18,117.58569992638971,-108.17664915740347,0.023396062763727472,4.810888611236239,117.526519,-108.121926,5.0,9632,0.9933993399339934,-0.06902549691666288,0.2574754883400563,0.0718277798,5.0,30.764611998165492,True,True
21.23,117.91211261579555,-108.16713603480139,0.037774551634196324,4.816983661256173,117.672927,-108.079527,5.0,9633,0.9935024752475248,-0.11024383388999252,0.2525478990866761,0.068877302665,5.0,30.545110999810277,True,True
21.28,118.07587132945753,-108.16036466971806,0.04555544458106989,4.795716026919688,117.819313,-108.03676000000002,5.0,9634,0.9936056105610561,-0.15118461530871946,0.24662073302252452,0.066269368343,5.0,30.587380002543796,True,True
21.333,118.40263771834988,-108.14323982818507,0.05971366007532693,4.8286456082886495,118.110399,-107.95094499999999,5.0,9636,0.9938118811881188,-0.2301466439073428,0.23868589883553515,0.12929984727,5.0,33.93189700000221,True,True
21.38,118.56636695143807,-108.1330049535234,0.06646412172881207,4.762631973625426,118.25666799999999,-107.906626,5.0,9637,0.9939150165016502,-0.26899406851657864,0.23603839225845968,0.141385381,5.0,30.181989997799974,True,True
21.431,118.89301730413568,-108.10881005559213,0.08122844801192827,4.833129029787745,118.69503200000001,-107.771024,5.0,9640,0.9942244224422442,-0.3520917832677135,0.23161561524791896,0.32156062428,5.0,31.638699998438824,True,True
21.482,119.05687434734855,-108.0947750378075,0.08979892703537593,4.837792990742431,118.84076999999999,-107.724934,5.0,9641,0.9943275577557755,-0.38741528989756707,0.22760338786886702,0.32741461651,5.0,32.719804999942426,True,True
21.53,119.38452763431482,-108.06171273531223,0.11183309877611154,4.870822651222112,119.13216100000001,-107.630473,5.0,9643,0.9945338283828383,-0.45741938907410606,0.21880088290525457,0.33671524879,5.0,30.084306999924593,True,True
21.6,119.71101051966241,-108.02097830942964,0.13906807633070759,4.825388622512034,119.277776,-107.58196000000001,5.0,9644,0.9946369636963697,-0.4914861121826736,0.21121137389027878,0.43582419558,5.0,50.60798200065619,True,True
21.636,119.87281027606302,-107.99703398319663,0.15545863236291685,4.804262916769057,119.568591,-107.483608,5.0,9646,0.9948432343234324,-0.5559228085241436,0.18970930662154828,0.41266157677,5.0,35.8855369995581,True,True
21.685,120.03410392668671,-107.97039142379752,0.17362801380731047,4.803948781967879,119.71305900000002,-107.43415800000001,5.0,9647,0.9949463696369637,-0.5851066934015704,0.17490542905658746,0.39874750531,5.0,35.13399800067418,True,True
21.736,120.35283774843327,-107.908191000708,0.21334425409731209,4.763955371053034,120.001713,-107.334768,5.0,9649,0.9951526402640264,-0.6358791168160772,0.1406312408464916,0.36760452447,5.0,36.96450899951742,True,True
21.785,120.51038333166589,-107.8723040040229,0.23490708015260212,4.747183760124181,120.145923,-107.28468500000001,5.0,9650,0.9952557755775577,-0.6569424982736919,0.12175722311900561,0.35017050053,5.0,35.32888299741899,True,True
21.834,120.82118196624556,-107.79036017429262,0.2817651029946536,4.716320107044339,120.43363899999999,-107.18396899999999,5.0,9652,0.9954620462046204,-0.6896070038506679,0.08048806195764602,0.3121329887,5.0,34.80536300048698,True,True
21.883,120.97439201829256,-107.74395514490308,0.3068155680995328,4.707974876108104,120.577405,-107.13328600000001,5.0,9653,0.9955651815181518,-0.7007664778927121,0.05819803172891547,0.29132976546,5.0,33.52524399815593,True,True
21.934,121.27511729926486,-107.64154759809368,0.3595157933337123,4.6531929478235385,120.86478500000001,-107.03088799999999,5.0,9655,0.9957714521452146,-0.7122134233703384,0.01222372505114011,0.24879864177,5.0,34.85377299875836,True,True
21.985,121.42465730443594,-107.58577044074997,0.3868589576827736,4.688123817078249,121.00724,-106.97953999999999,5.0,9656,0.9958745874587459,-0.7136991586415159,-0.012077155752844071,0.22604855947,5.0,36.09006999977282,True,True
22.032,121.57142967855007,-107.52374985144094,0.413933984100695,4.696183498882531,121.29428700000001,-106.874498,5.0,9658,0.9960808580858086,-0.7051163966177794,-0.05985873971525546,0.17993080757,5.0,32.530270000279415,True,True
22.08,121.86090677469369,-107.38759117284694,0.465790499416075,4.706136597805635,121.43780100000001,-106.82122199999999,5.0,9659,0.9961839933993399,-0.6938617278257331,-0.08259901350664611,0.1578488756,5.0,30.82539699971676,True,True
22.13,122.00307691641213,-107.31423518042504,0.4922276248285474,4.72400134608318,121.581052,-106.76748300000001,5.0,9660,0.9962871287128713,-0.6790264323043769,-0.10536729878672979,0.13520896384,5.0,30.546242000127677,True,True
22.18,122.28402670272501,-107.15569232450173,0.5354979413605977,4.749864605782469,121.867269,-106.65855400000001,5.0,9662,0.996493399339934,-0.6390292081492459,-0.14619640537984413,0.094403398996,5.0,30.972651999036316,True,True
22.231,122.42240284864313,-107.07166753816797,0.5554725543575222,4.7703027932396465,122.01018799999999,-106.603118,5.0,9663,0.9965965346534653,-0.6144100507186867,-0.1635959074542872,0.076200912827,5.0,31.96802699676482,True,True
22.277,122.69571298286765,-106.89541765237131,0.5894943038211998,4.798518262016059,122.29565900000001,-106.490378,5.0,9665,0.996802805280528,-0.5572879269997472,-0.19284887314914068,0.044170309699,5.0,27.391211999201914,True,True
22.329,122.83005496312022,-106.80413390400807,0.603770966150646,4.772157058627831,122.43924299999999,-106.43262299999999,5.0,9666,0.9969059405940595,-0.5253285133048141,-0.2050690223864451,0.030396545413,5.0,28.755117000400787,True,True
22.378,123.09494006347705,-106.61607109633124,0.6300219191764647,4.780782313354024,122.72215800000001,-106.31693,5.0,9668,0.9971122112211221,-0.4563299459659553,-0.22626536600921687,0.0079359606506,5.0,28.95743599947309,True,True
22.428,123.22571622788537,-106.51959946382998,0.6409204274333324,4.784067938206258,122.86341399999999,-106.258338,5.0,9669,0.9972153465346535,-0.4194296385505259,-0.23493406888280255,-0.0010772850858,5.0,28.92540600078064,True,True
22.477,123.48495644565776,-106.32252359844713,0.6570127811356902,4.829844993289633,123.285472,-106.079645,5.0,9672,0.9975247524752475,-0.34917850860727406,-0.2448037700583119,-0.012045692425,5.0,27.25465600087773,True,True
22.531,123.614089555453,-106.22256065334665,0.6611498551663215,4.794599025456401,123.42574599999999,-106.019205,5.0,9673,0.9976278877887789,-0.30904376557200697,-0.2489761240948205,-0.015171646198,5.0,31.40855899982853,True,True
22.578,123.87070142887333,-106.022588436273,0.663594736062195,4.7584092609163715,123.706047,-105.897227,5.0,9675,0.9978341584158416,-0.22813303287190995,-0.24978931289473216,-0.015429618398,5.0,28.29838100296911,True,True
22.632,123.99900018372797,-105.92285730515258,0.6585844441727278,4.783243790964926,123.84607700000001,-105.83558899999998,5.0,9676,0.9979372937293729,-0.18861376318753054,-0.24727296661999,-0.013566219513,5.0,32.43471200039494,True,True
22.681,124.2562908233717,-105.7250060733622,0.6529696447727522,4.782936477934695,124.12438600000002,-105.711469,5.0,9678,0.9981435643564357,-0.11229057267086225,-0.23034977385698152,0.0024751039042,5.0,31.17236599791795,True,True
22.73,124.38533966890571,-105.62654732477672,0.6508159233599112,4.778751249108064,124.264133,-105.648432,5.0,9679,0.998246699669967,-0.07697459610513298,-0.22773425760860277,0.0044485368786,5.0,30.784448998019798,True,True
22.779,124.51490530928967,-105.52841846014026,0.6461922733702291,4.782926887936288,124.542928,-105.521032,5.0,9681,0.9984529702970297,0.028979837612560153,-0.2137906486723562,0.014680345714,5.0,29.118046000803588,True,True
22.827,124.77537056106682,-105.33289821209989,0.641597248573548,4.795522749205226,124.682195,-105.45644399999999,5.0,9682,0.9985561056105611,0.04533648113873773,-0.20808400723408083,0.017638245123,5.0,27.002612998330733,True,True
22.877,124.90582954921541,-105.23544357236497,0.6407800310308875,4.789808938160942,124.95990400000001,-105.326355,5.0,9684,0.9987623762376238,0.10577775712452996,-0.20019102472145267,0.022796055982,5.0,27.526695001142798,True,True
22.927,125.16755755346551,-105.03969558516485,0.6442245582605363,4.8192438971297715,125.09869499999999,-105.26065,5.0,9685,0.9988655115511551,0.13770580255642698,-0.1997781871876767,0.022401700138,5.0,27.787183000327786,True,True
22.987,125.42835429396001,-104.84303266684303,0.647476288492404,4.796832324950438,125.237349,-105.194571,5.0,9686,0.9989686468646864,0.16982763263567363,-0.19846015461015876,-0.39491271644,5.0,37.4720689978858,True,True
23.039,125.55821911237815,-104.74468260599294,0.6488096940433952,4.793343345188462,125.514548,-105.06135900000001,5.0,9688,0.9991749174917491,0.2340650492479953,-0.1973846777744006,-0.39283767411,5.0,39.966453001397895,True,True
