t,x,y,yaw,speed_measured,x_ref,y_ref,speed_ref,path_index,progress,cte,heading_error,steering_cmd,speed_cmd,compute_time_ms,did_compute,controller_success
0.033999999999999975,33.4,-92.9,-0.7207000000000001,2.6309093454011074e-17,32.934173,-93.47543,5.0,9047,0.9330651815181518,0.7403218250829543,0.04777350821222104,-0.14347886806,5.0,34.84977999869443,True,True
0.08700000000000002,33.40000080435634,-92.90000078288348,-0.720699307280099,0.001714086713742207,32.934173,-93.47543,5.0,9047,0.9330651815181518,0.7403218250829543,0.04777350821222104,-0.14347886806,5.0,37.596993999613915,True,True
0.137,33.40000720434898,-92.90000610447487,-0.7207004645690455,8.58744254643439e-05,32.934173,-93.47543,5.0,9047,0.9330651815181518,0.7403217133810548,0.04777281549232004,-0.14347956078,5.0,37.27570299997751,True,True
0.186,33.40001022616643,-92.9000086469534,-0.7207001721575221,-0.0010805449400126121,32.934173,-93.47543,5.0,9047,0.9330651815181518,0.7403215347274955,0.047773972781266494,-0.14347897567,5.0,36.474687000009,True,True
0.235,33.39999090886401,-92.89999166251454,-0.7207000773013572,0.0009985235566805826,32.934173,-93.47543,5.0,9047,0.9330651815181518,0.7403214270270866,0.047773680369743055,-0.1434786959,5.0,35.94358400005149,True,True
0.28500000000000003,33.39999033029138,-92.89999114080524,-0.720700112671106,0.0009822709580129528,32.934173,-93.47543,5.0,9047,0.9330651815181518,0.7403226877767267,0.047773585513578354,-0.14347879076,5.0,35.12146699904406,True,True
0.33599999999999997,33.399988012438115,-92.89998907605134,-0.7207001157857087,0.0009511791553552343,32.934173,-93.47543,5.0,9047,0.9330651815181518,0.7403228082758376,0.04777361799066071,-0.14347875828,5.0,36.68134299914527,True,True
0.384,33.399986264997516,-92.89998752707528,-0.7207001243649456,0.0009360553754436682,32.934173,-93.47543,5.0,9047,0.9330651815181518,0.740322907974788,0.047773623997929615,-0.14347875227,5.0,34.83448199949635,True,True
0.43500000000000005,33.39998162901812,-92.89998342574931,-0.7207001357129218,0.0009066200103976501,32.934173,-93.47543,5.0,9047,0.9330651815181518,0.7403231810567801,0.047773635625453004,-0.14347874065,5.0,35.0107209997077,True,True
0.483,33.39997875388647,-92.89998088569922,-0.7207001399705705,0.0008922989400366379,32.934173,-93.47543,5.0,9047,0.9330651815181518,0.7403233541511218,0.04777364392514283,-0.14347873235,5.0,33.99879999960831,True,True
0.533,33.39997192245743,-92.89997485624626,-0.7207001522717159,0.0008644271345723468,32.934173,-93.47543,5.0,9047,0.9330651815181518,0.7403237717064509,0.047773655249236935,-0.14347872102,5.0,33.33971800020663,True,True
0.586,33.39996797918725,-92.89997137816648,-0.7207001586473205,0.0008508675544343507,32.934173,-93.47543,5.0,9047,0.9330651815181518,0.7403240151640322,0.047773660483937164,-0.14347871579,5.0,36.33574700143072,True,True
0.633,33.39995906913753,-92.89996352301618,-0.7207001704238374,0.000824479426679314,32.934173,-93.47543,5.0,9047,0.9330651815181518,0.7403245692971744,0.04777367254743803,-0.14347870372,5.0,33.31631400033075,True,True
0.684,33.39995411465535,-92.89995915676246,-0.7207001762877348,0.0008116424431378734,32.934173,-93.47543,5.0,9047,0.9330651815181518,0.7403248791941692,0.0477736786360583,-0.14185816787,5.0,34.86795400021947,True,True
0.733,33.401590131732995,-92.90139393426014,-0.720720103158782,0.11671841490585944,32.934173,-93.47543,5.0,9047,0.9330651815181518,0.7403244468147323,0.04777346002667926,-0.13876665898,5.0,33.541664999575005,True,True
0.7829999999999999,33.405870043702635,-92.9051526754824,-0.7207897480180477,0.2198911584538576,32.934173,-93.47543,5.0,9047,0.9330651815181518,0.7402213031502554,0.04779361137100313,-0.1434587649,5.0,33.524712998769246,True,True
0.8320000000000001,33.42220889955921,-92.91951293781531,-0.721411709893375,0.4205079723923753,32.934173,-93.47543,5.0,9047,0.9330651815181518,0.7394991648193555,0.04807573182952707,-0.14317664444,5.0,33.030139000402414,True,True
0.883,33.43415539094866,-92.93001913345553,-0.7220780638330857,0.5101761697224052,32.934173,-93.47543,5.0,9047,0.9330651815181518,0.7388832252178352,0.04848521810559614,-0.14276715817,5.0,33.738233001713525,True,True
0.933,33.4637191321676,-92.95592891427735,-0.7241439776409241,0.6524563689650686,32.934173,-93.47543,5.0,9047,0.9330651815181518,0.7372195624625326,0.0499648785635638,-0.14128749771,5.0,33.48728399942047,True,True
0.984,33.48159896508132,-92.97174457742173,-0.7259306292051065,0.7584201723279618,33.052184000000004,-93.569346,5.0,9048,0.9331683168316832,0.7386756298028664,0.05490694652944317,-0.13616992436,5.0,34.39580200029013,True,True
1.034,33.52434278551643,-93.00987066171874,-0.7301223361622547,0.9266678329803519,33.052184000000004,-93.569346,5.0,9048,0.9331683168316832,0.7358835998331203,0.0566935980936254,-0.13246841916,5.0,34.4011209999735,True,True
1.084,33.548834227071076,-93.03187178523318,-0.7325659659042523,1.0146860870717587,33.052184000000004,-93.569346,5.0,9048,0.9331683168316832,0.7316431439554506,0.06088530505077383,-0.13019156584,5.0,34.429675000865245,True,True
1.1320000000000001,33.57553799138806,-93.05596172872342,-0.7353970567272399,1.102302981103658,33.052184000000004,-93.569346,5.0,9048,0.9331683168316832,0.7294843251334858,0.06332893479277102,-0.12774793609,5.0,32.292321000568336,True,True
1.185,33.634549342273374,-93.10973902474281,-0.7415023806542306,1.256573081434746,33.169982,-93.661958,5.0,9049,0.9332714521452146,0.7245005298297974,0.07316698683024825,-0.11111091218,5.0,35.60407999975723,True,True
1.232,33.667052291417505,-93.13923071657541,-0.7444399792985841,1.3293870548114077,33.169982,-93.661958,5.0,9049,0.9332714521452146,0.7212080485175523,0.0760278570806201,-0.11632612178,5.0,32.94979900056205,True,True
1.284,33.73655804540612,-93.20377349647717,-0.7511581917628957,1.4636299751399338,33.288132,-93.754545,5.0,9050,0.9333745874587459,0.7152273295128233,0.08295351990929767,-0.07852935054,5.0,35.018705999391386,True,True
1.334,33.774112875318046,-93.23898696469004,-0.7538869166150243,1.5505838848459987,33.288132,-93.754545,5.0,9050,0.9333745874587459,0.7101163602898871,0.08632971788097077,-0.090657314716,5.0,34.1591199994582,True,True
1.3820000000000001,33.85425252333388,-93.3148029165888,-0.7609639652631549,1.6947233016239371,33.406313,-93.847211,5.0,9051,0.9334777227722773,0.7014154306618143,0.09357510903579458,-0.054908600592,5.0,32.35339400089288,True,True
1.432,33.89677661707219,-93.3554260144056,-0.7640411834697909,1.7649028612772428,33.406313,-93.847211,5.0,9051,0.9334777227722773,0.6953197967798016,0.09691723251545392,-0.072551099849,5.0,32.28041800139181,True,True
1.482,33.98653895230715,-93.44192221505456,-0.7695315321276768,1.9012804127778828,33.524688,-93.939676,5.0,9052,0.9335808580858086,0.6832546870778203,0.10456461437598152,-0.038737237355,5.0,32.627336999212275,True,True
1.534,34.03368390718939,-93.4877249534932,-0.77249627900632,1.9664266279970022,33.524688,-93.939676,5.0,9052,0.9335808580858086,0.6764795442129269,0.10721588503528645,-0.061817095128,5.0,34.66051699979289,True,True
1.584,34.13229001650039,-93.58438526368154,-0.7780592715940869,2.0947741960335455,33.643235,-94.031968,5.0,9053,0.9336839933993399,0.6616100345115609,0.11464870735436028,-0.026317415306,5.0,34.64237300067907,True,True
1.6320000000000001,34.183699025198294,-93.63516799284716,-0.7805662461710651,2.156559591241113,33.761978000000006,-94.12414100000001,5.0,9054,0.9337871287128713,0.6545740939368698,0.11953101242213471,0.0016174911695,5.0,32.674834999852465,True,True
1.6840000000000002,34.290505733970306,-93.7415111511235,-0.7856025111420543,2.276426974637727,33.880936,-94.215889,5.0,9055,0.9338902640264026,0.636810916491634,0.12850557879277735,0.0094664854108,5.0,34.273954001037055,True,True
1.732,34.345865607913794,-93.797005546896,-0.7875256704046181,2.3347100468386843,33.880936,-94.215889,5.0,9055,0.9338902640264026,0.6256062999366258,0.13086315332277998,0.001950789923,5.0,32.10434900029213,True,True
1.7839999999999998,34.4605711091594,-93.91250447218722,-0.7900367722341944,2.450982217691023,34.000335,-94.30713,5.0,9056,0.933993399339934,0.604103721440823,0.13800535051384966,0.0098936149044,5.0,34.95831299915153,True,True
1.8319999999999999,34.5191618157034,-93.97175381786896,-0.7917436536666123,2.4849757296059636,34.120124,-94.398051,5.0,9057,0.9340965346534653,0.5930089921797442,0.14164778004311707,0.016703754859,5.0,32.93431000020064,True,True
1.8860000000000001,34.640064174649176,-94.09424636875042,-0.7917664431158118,2.579945638486765,34.120124,-94.398051,5.0,9057,0.9340965346534653,0.5807118826965441,0.14335466147553522,0.009323350215,5.0,36.61127200030023,True,True
1.9329999999999998,34.70234097813997,-94.1572762324978,-0.7906265056171856,2.607423284649765,34.360640000000004,-94.579874,5.0,9059,0.934302805280528,0.5602785607280132,0.1444601467079245,0.029429333142,5.0,33.39018300175667,True,True
1.9859999999999998,34.76519784012579,-94.22075442597922,-0.790593956534274,2.65286974682935,34.360640000000004,-94.579874,5.0,9059,0.934302805280528,0.5431741849802872,0.14332020920929844,0.020766979376,5.0,36.13464200134331,True,True
2.041,34.89360122848872,-94.35055734057987,-0.7912292903288439,2.7254892719455674,34.479834999999994,-94.670023,5.0,9060,0.9344059405940595,0.5174725320891779,0.14349912486656313,0.027108051411,5.0,41.980105999755324,True,True
2.084,34.958631830453456,-94.41630058218679,-0.791016601096733,2.757220786489905,34.599365999999996,-94.760281,5.0,9061,0.9345090759075908,0.5044282374852148,0.14481276714286162,0.034289062254,5.0,34.638786000869004,True,True
2.134,35.09266728559926,-94.5517850937254,-0.7917346848419383,2.8440792527259395,34.718590999999996,-94.85018000000001,5.0,9062,0.9346122112211221,0.47731590844346855,0.14643180368111297,0.040753159388,5.0,35.342982000656775,True,True
2.185,35.16118529894893,-94.62093467042644,-0.7874134725126936,2.88066328077669,34.8383,-94.939963,5.0,9063,0.9347153465346535,0.4640956829177311,0.1498471028968802,0.047236687587,5.0,35.841152999637416,True,True
2.234,35.30202450118328,-94.76127512445639,-0.781364984683546,2.9677027775909046,34.958356,-95.0294,5.0,9064,0.9348184818481848,0.43447876220492737,0.1442218941292337,0.043785945049,5.0,34.79503800008388,True,True
2.285,35.374222845309156,-94.83269802249922,-0.7784046970456561,3.0081384097854373,35.0787,-95.118564,5.0,9065,0.9349216171617162,0.4213421097113189,0.14488010553025976,0.047894943909,5.0,35.93001899935189,True,True
2.336,35.52239566099131,-94.97782452285779,-0.7722735002637744,3.093159099292083,35.199332,-95.207504,5.0,9066,0.9350247524752475,0.3909232908403626,0.14061098347033907,0.047912761619,5.0,36.156502001176705,True,True
2.386,35.59830726585093,-95.05156169848239,-0.7692743975860087,3.1334568909607055,35.320334,-95.296312,5.0,9067,0.9351278877887789,0.3771779261024917,0.14042931634083544,0.051250835367,5.0,36.746805999428034,True,True
2.435,35.753057059413564,-95.20104794620562,-0.7624680824820266,3.228482575388577,35.441594,-95.384826,5.0,9068,0.9352310231023102,0.3468530930036881,0.13664060909621867,0.052783154628,5.0,35.67693599870836,True,True
2.484,35.832672290180945,-95.27694088993691,-0.7595999937675164,3.224161124623251,35.563344,-95.473387,5.0,9069,0.9353341584158416,0.331903005611088,0.1344536498308524,0.054663172605,5.0,34.147346999816364,True,True
2.534,35.99328513780412,-95.42851614364642,-0.7540393737365003,3.291190118710028,35.684101,-95.560905,5.0,9070,0.9354372937293729,0.30243711652488176,0.13154872122552863,0.057635829498,5.0,34.65241099911509,True,True
2.584,36.0754314916732,-95.50534773359468,-0.7507451120479235,3.3270364711387894,35.805278,-95.64807900000001,5.0,9071,0.9355404290429042,0.28792695944572333,0.13241240157655465,0.060318153362,5.0,35.05229900110862,True,True
2.635,36.24317955821094,-95.66060835011967,-0.7435422662394386,3.3984597543635395,36.049278,-95.821738,5.0,9073,0.935746699669967,0.26288880168684364,0.1307026672835292,0.067299104254,5.0,35.174205999283004,True,True
2.6870000000000003,36.32876939942992,-95.73904008642192,-0.7399415887984296,3.43730828680902,36.049278,-95.821738,5.0,9073,0.935746699669967,0.24351832341375218,0.12701722212742794,0.063171044916,5.0,37.507757000639685,True,True
2.737,36.503711497419296,-95.89750767915496,-0.7320085524756984,3.5064470673645127,36.171611999999996,-95.908262,5.0,9074,0.9358498349834984,0.2288111522367112,0.1259045809616932,0.065170005899,5.0,37.77718099991034,True,True
2.786,36.59295130763571,-95.97736550463928,-0.727893031872303,3.5397502927502815,36.417396000000004,-96.079971,5.0,9076,0.9360561056105611,0.2018495195648028,0.1267046726658152,0.070562829091,5.0,36.64177900100185,True,True
2.839,36.77515852744082,-96.13818057039475,-0.7191451932151146,3.6288568601867466,36.540925,-96.16511700000001,5.0,9077,0.9361592409240924,0.19482648869287514,0.12545964860444858,0.071119828929,5.0,39.301038999838056,True,True
2.885,36.867596498614425,-96.21886940541938,-0.7148669107245231,3.6219323584463443,36.664683000000004,-96.250034,5.0,9078,0.9362623762376238,0.1546843010924728,0.11866543004960484,0.07129995525,5.0,35.8165170000575,True,True
2.935,36.96110651275533,-96.29984658721037,-0.7102351997936344,3.6816390516388173,36.789054,-96.33504599999999,5.0,9079,0.9363655115511551,0.1402352495521149,0.11466959846591251,0.072106652644,5.0,35.65286100092635,True,True
2.989,37.15034482502136,-96.46099118804055,-0.7005176617582305,3.6651779054384708,37.036164,-96.50421,5.0,9081,0.9365717821782178,0.12500589889747316,0.10614382747328621,0.074790030246,5.0,39.253238999663154,True,True
3.039,37.246512195663165,-96.54163385845924,-0.6933531557354428,3.708259615704373,37.036164,-96.50421,5.0,9081,0.9365717821782178,0.10008936983914699,0.10099901546962942,0.072112685358,5.0,39.70366099929379,True,True
3.087,37.44288246590138,-96.70273711378185,-0.6807300652458538,3.7616817320983444,37.282787,-96.672537,5.0,9083,0.9367780528052805,0.07605010451998358,0.0901975652016489,0.06892779301,5.0,37.678726999729406,True,True
3.138,37.54289819211593,-96.78321747683425,-0.6736233801789285,3.7858395023473683,37.406579,-96.756366,5.0,9084,0.9368811881188119,0.06476091550814785,0.08673687174537692,0.067036857163,5.0,38.264049999270355,True,True
3.188,37.74649686991368,-96.94371378587579,-0.6617693234274082,3.838938091420462,37.654959000000005,-96.92327,5.0,9086,0.9370874587458746,0.06075551763775809,0.07773135476782711,0.063125290053,5.0,38.84918400035531,True,True
3.238,37.85000139088137,-97.02385634749163,-0.6559093150986848,3.863237453680548,37.779496,-97.006431,5.0,9087,0.937190594059406,0.07086883330461553,0.07371581186603482,0.062165640853,5.0,38.40932300045097,True,True
3.2880000000000003,38.06059193069789,-97.18415916582141,-0.6451332298333563,3.923647332361654,37.904269,-97.089495,5.0,9088,0.9372937293729373,0.015913414251193695,0.06294844395073529,0.059651238271,5.0,38.885583000592305,True,True
3.339,38.16716454487861,-97.26344030466069,-0.6395325500106641,3.9073084098824697,38.029492,-97.172812,5.0,9089,0.9373968646864687,0.007689647809184494,0.059450938363994954,0.059374250492,5.0,39.554953000333626,True,True
3.387,38.38194533790044,-97.42109426668482,-0.6292801535075591,3.9495420567031783,38.279334000000006,-97.337129,5.0,9091,0.9376031353135313,-0.007218032945774036,0.052491807324611006,0.054705810922,5.0,37.628494001182844,True,True
3.436,38.49087625547692,-97.5002325918477,-0.6268769958062032,3.9685223136355683,38.404046,-97.418952,5.0,9092,0.9377062706270627,-0.02220424670615587,0.050311621227085546,0.056356361256,5.0,36.450761999731185,True,True
3.487,38.71103156777115,-97.65853308087829,-0.6199543985804077,4.006437997670961,38.655107,-97.58251700000001,5.0,9094,0.9379125412541254,-0.054642182828240175,0.0463593849717725,0.059067131044,5.0,37.56823000003351,True,True
3.5380000000000003,38.82233079482021,-97.73769439314661,-0.6159161443778355,4.025129400699047,38.780808,-97.664265,5.0,9095,0.9380156765676567,-0.07001146614237604,0.04523750535672466,0.059428646361,5.0,38.65855799995188,True,True
3.585,39.04750973928804,-97.89527389668989,-0.6044585548430471,4.063412859061885,38.780808,-97.664265,5.0,9095,0.9380156765676567,-0.039202654268834916,0.04119925115415235,0.058808718745,5.0,35.14985100082413,True,True
3.637,39.161627721181816,-97.97374626086786,-0.6000145162672342,4.084765986233295,39.033291999999996,-97.826183,5.0,9097,0.9382219471947195,-0.05075079362353281,0.03823425382485102,0.051124671983,5.0,37.403612999696634,True,True
3.6870000000000003,39.39285625144318,-98.13043062928847,-0.5916372464347923,4.11395372123489,39.160109999999996,-97.906542,5.0,9098,0.9383250825082509,-0.05607437283211082,0.0368233481871032,0.048795651957,5.0,37.976903999151546,True,True
3.735,39.5085391850678,-98.2086661138177,-0.5894402332457758,4.118425126630101,39.414963,-98.066249,5.0,9100,0.9385313531353136,-0.06611032214237146,0.03228712565109282,0.047218831981,5.0,35.902015999454306,True,True
3.7880000000000003,39.742025747233185,-98.36371148838813,-0.5812499727820236,4.139957867938687,39.541806,-98.145896,5.0,9101,0.9386344884488449,-0.070859450467715,0.029705647196499374,0.049624932088,5.0,38.6981020001258,True,True
3.8360000000000003,39.86016623243115,-98.44087046179072,-0.5763197389455768,4.158930566619362,39.795010999999995,-98.303997,5.0,9103,0.9388407590759076,-0.07983268211841464,0.024142547148794158,0.047303361848,5.0,36.32803300024534,True,True
3.883,39.97910784004638,-98.517851125579,-0.5725347787317144,4.174499758491183,39.921956,-98.382995,5.0,9104,0.9389438943894389,-0.08466135159388351,0.02085088452380468,0.045436007286,5.0,33.72690200012585,True,True
3.9370000000000003,40.21918179813406,-98.67130464895592,-0.5650224818986076,4.205358393757901,40.176519,-98.540239,5.0,9106,0.9391501650165016,-0.09489609791424235,0.01724836218259629,0.043175050238,5.0,37.87939200083201,True,True
3.9850000000000003,40.34044906122324,-98.7478660707487,-0.5622806975454786,4.225034164414604,40.304111,-98.618583,5.0,9107,0.939253300330033,-0.09996270103502204,0.015182887448442095,0.042563056107,5.0,35.35046599972702,True,True
4.036,40.584876925874184,-98.90132805532654,-0.5575647221708735,4.268838217845162,40.560003,-98.774837,5.0,9109,0.9394595709570958,-0.10963061622419909,0.013989709065587164,0.043702681496,5.0,36.399266000444186,True,True
4.087,40.70773818986251,-98.97751877541695,-0.553237422515951,4.258137434158555,40.688594,-98.853029,5.0,9110,0.9395627062706271,-0.11441166990589907,0.012795420593533446,0.043143420909,5.0,37.676894000469474,True,True
4.136,40.9541319098971,-99.12816684897038,-0.5437309671356261,4.2609938425658616,40.944743,-99.00724100000001,5.0,9112,0.9397689768976898,-0.12249284623887635,0.008462805172275711,0.037542597214,5.0,36.87059699950623,True,True
4.186,41.078562218303695,-99.20328072227713,-0.5423041525934331,4.281343793685188,40.944743,-99.00724100000001,5.0,9112,0.9397689768976898,-0.09894131166144998,0.0037699225217902033,0.037653502955,5.0,36.80933299983735,True,True
4.236,41.32882193814498,-99.35364261328235,-0.5397938162555558,4.305271726507379,41.20117,-99.160536,5.0,9114,0.9399752475247525,-0.10006421572484084,0.0028573179812916294,0.039395497469,5.0,36.10490599930927,True,True
4.285,41.454675841527624,-99.42891325105921,-0.5373862075653961,4.317510776634156,41.329714,-99.237243,5.0,9115,0.9400783828382838,-0.10041987320063749,0.0018389561634952756,0.040654605799,5.0,36.076864000278874,True,True
4.335,41.708167702457224,-99.57825920730455,-0.5269468434785113,4.340602162055783,41.5872,-99.39061600000001,5.0,9117,0.9402846534653465,-0.1006763146637576,-0.0025942915684047385,0.035254288725,5.0,35.60497199941892,True,True
4.3870000000000005,41.83602803661545,-99.65241019582425,-0.5241074440164644,4.35516595380415,41.716312,-99.46673299999999,5.0,9118,0.9403877887788779,-0.10035986990856133,-0.0042270378817130805,0.031683883746,5.0,37.37884699876304,True,True
4.436,42.09295190160929,-99.80056372868823,-0.5191833311640514,4.3683094740385044,41.845752000000005,-99.542514,5.0,9119,0.9404909240924092,-0.09982151637702222,-0.004800484058820054,0.031033080789,5.0,36.408582998774364,True,True
4.4879999999999995,42.22199084978401,-99.87430395517367,-0.51797142165916,4.376061373109421,42.10545,-99.693832,5.0,9121,0.940697194719472,-0.09848675540828403,-0.008388702160934791,0.028935612746,5.0,38.87131600095017,True,True
4.538,42.480867336463,-100.02066943191394,-0.5115380759144982,4.390689662358903,42.234633,-99.769202,5.0,9122,0.9408003300330033,-0.097295631326094,-0.008461792895166909,0.030178182709,5.0,37.77053900012106,True,True
4.586,42.611295932632174,-100.09367488077775,-0.5090506063868029,4.401287804463813,42.493435,-99.918782,5.0,9124,0.941006600660066,-0.09464387973416817,-0.010428627714692329,0.025478221004,5.0,36.069549998501316,True,True
4.638,42.74221670722819,-100.16652975052794,-0.5065989155652393,4.4117388765401095,42.623352000000004,-99.993257,5.0,9125,0.9411097359735974,-0.09318275526675218,-0.010601892276944636,0.025014715139,5.0,38.353678999555996,True,True
4.687,43.00570861079817,-100.31216356191027,-0.5050208428317029,4.439211681897068,42.883720000000004,-100.141666,5.0,9127,0.9413160066006601,-0.08983937469307852,-0.012044908221970019,0.022785060237,5.0,37.878810999245616,True,True
4.736,43.13783851031135,-100.38525658662789,-0.5050985554646953,4.447699351637759,43.014255,-100.215715,5.0,9128,0.9414191419141914,-0.08808871364531388,-0.011220392941845958,0.025839128849,5.0,36.365513000419014,True,True
4.785,43.40332709017865,-100.53143461327522,-0.500612287199503,4.4566507592869495,43.275632,-100.364369,5.0,9130,0.9416254125412541,-0.08449306413313291,-0.012807544277323668,0.027197126279,5.0,35.29172599883168,True,True
4.836,43.53666916456974,-100.60398965548706,-0.4975169515449724,4.42121977032022,43.406531,-100.438395,5.0,9131,0.9417285478547854,-0.08268917778715862,-0.012602859435136615,0.025659565227,5.0,37.04096500041487,True,True
4.884,43.802251195103054,-100.74748027593147,-0.49189972283521244,4.46685785050603,43.667452000000004,-100.58465600000001,5.0,9133,0.9419348184818482,-0.07898010470567823,-0.01553399168118208,0.019742167023,5.0,34.84067299905291,True,True
4.937,43.936288604554115,-100.81919134849146,-0.49064132191359316,4.4749147603235375,43.797895000000004,-100.657234,5.0,9134,0.9420379537953796,-0.07678389611762239,-0.015414178154814273,0.020362458509,5.0,37.71530500125664,True,True
4.985,44.20547422180915,-100.96248055910182,-0.4861540765556438,4.491609522282115,44.059613,-100.802686,5.0,9136,0.9422442244224423,-0.07165594534392443,-0.01866680455147618,0.020379582402,5.0,35.21540299880144,True,True
5.035,44.3408172704901,-101.03360445355459,-0.4809156050766504,4.500588076525255,44.190449,-100.87561099999999,5.0,9137,0.9423473597359736,-0.06854615248945523,-0.022494154988466963,0.01845763441,5.0,35.35009500046726,True,True
5.085,44.61314854284953,-101.17491197299069,-0.47671928498427035,4.519582224755766,44.452502,-101.021361,5.0,9139,0.9425536303630363,-0.061069629552127296,-0.025693288888803067,0.011474838012,5.0,35.6383239995921,True,True
5.134,44.749601601156016,-101.24540683661755,-0.4751695954270389,4.476284664719629,44.584039000000004,-101.09352700000001,5.0,9140,0.9426567656765676,-0.05747273820118129,-0.024127769361788953,0.012106273608,5.0,34.706481999819516,True,True
5.184,45.02380760206405,-101.38532386482909,-0.47460762873589396,4.498272847123994,44.847282,-101.237289,5.0,9142,0.9428630363036303,-0.0493553260838217,-0.024397759652499573,0.013049227381,5.0,34.31196500059741,True,True
5.236,45.160685730133515,-101.45544439950912,-0.4722987299227755,4.531441466265376,45.109942,-101.380144,5.0,9144,0.943069306930693,-0.08629000815526124,-0.021053229537810303,0.013985403243,5.0,36.272368000936694,True,True
5.285,45.435755320790435,-101.59560785493693,-0.47028014919468913,4.548409359858691,45.241615,-101.451164,5.0,9145,0.9431724422442245,-0.08104238731108802,-0.021293446577901776,0.013043081785,5.0,35.23880700049631,True,True
5.334,45.573681880715355,-101.66570065641312,-0.46970851818890685,4.556220967309711,45.505568,-101.592496,5.0,9147,0.9433787128712872,-0.0698819992527814,-0.019495337421179038,0.013405792238,5.0,34.173555999586824,True,True
5.385,45.7118693439744,-101.73595863854845,-0.47047827140540055,4.566548026408309,45.637833,-101.66285699999999,5.0,9148,0.9434818481848185,-0.06421411439293331,-0.01846802399197589,0.01458869289,5.0,35.30377899915038,True,True
5.436,45.98940655694511,-101.87724921220077,-0.46955286709847477,4.613972024455046,45.903078,-101.803044,5.0,9150,0.9436881188118812,-0.052876731002628984,-0.013772849894543526,0.018465550793,5.0,36.19531500044104,True,True
5.486,46.12854266961102,-101.94766864941997,-0.4682789115644796,4.587503175607453,46.036341,-101.872986,5.0,9151,0.9437912541254125,-0.04712766621785169,-0.012385339484696889,0.018946777398,5.0,36.56024700103444,True,True
5.534,46.406927020133644,-102.08771677270981,-0.4641042367644379,4.529750402780875,46.302738,-102.01140500000001,5.0,9153,0.9439975247524752,-0.035161145828035464,-0.010670439512584284,0.018246523045,5.0,34.97670700016897,True,True
5.587,46.54591954700368,-102.15745829480626,-0.4622775615154458,4.596325682360745,46.434874,-102.079657,5.0,9154,0.9441006600660066,-0.029085969466126103,-0.011518029924421302,0.01671215931,5.0,37.17821200007165,True,True
5.635,46.826330542975505,-102.29674796057888,-0.4598013421275109,4.612609592096823,46.700998,-102.216084,5.0,9156,0.9443069306930693,-0.018656435549298866,-0.011990042480703789,0.016218943052,5.0,35.593881000750116,True,True
5.687,46.96711516666095,-102.36631974002111,-0.4572169001833969,4.620419552327878,46.83442,-102.284375,5.0,9157,0.9444100660066007,-0.014782742250268044,-0.013044655897446411,0.016573884264,5.0,37.372694998339284,True,True
5.735,47.2500339659832,-102.50445666334977,-0.4516228431004104,4.6366612406610805,47.101865000000004,-102.420581,5.0,9159,0.9446163366336634,-0.010439830819781832,-0.013748724325860273,0.012197235376,5.0,35.077745998933096,True,True
5.785,47.39212245408632,-102.57317378975465,-0.4488373900718022,4.6423648702252285,47.236148,-102.487959,5.0,9160,0.9447194719471947,-0.008556444002745866,-0.012463603769970799,0.012136335834,5.0,35.56991500045115,True,True
5.834,47.6772003008234,-102.70965526281765,-0.4474860482233952,4.6578804482807055,47.505236,-102.622226,5.0,9162,0.9449257425742574,-0.004552471585207028,-0.013510616642371964,0.0098825161251,5.0,34.594323000419536,True,True
5.884,47.81931598055601,-102.77762836720301,-0.4470757003206834,4.628688285665734,47.639963,-102.68865699999999,5.0,9163,0.9450288778877888,-0.0021870078595934064,-0.012698523264935702,0.012926977514,5.0,34.94546900037676,True,True
5.943,48.10444053563056,-102.91354824465917,-0.44333222250256676,4.651713939551559,47.908434,-102.822216,5.0,9165,0.9452351485148515,0.0025091536593568526,-0.014876217660410695,0.012866607949,5.0,43.545391999941785,True,True
5.985,48.24743981241978,-102.98136143429373,-0.442312916337626,4.657783343493174,48.042998,-102.888524,5.0,9166,0.9453382838283828,0.004516349352771613,-0.01303418960607905,0.013365583091,5.0,35.12313100145548,True,True
6.034,48.53402173975815,-103.11694428528075,-0.44180570367090355,4.67080591205943,48.448370000000004,-103.085614,5.0,9169,0.945647689768977,0.06829000662489186,-0.008522501850445341,0.015571412521,5.0,34.28925200023514,True,True
6.084,48.6775712592709,-103.18491400369237,-0.44199126848720754,4.676840854924238,48.583954,-103.151015,5.0,9170,0.9457508250825083,0.06044869075786402,-0.006512595386664266,0.017803171671,5.0,34.903149999081506,True,True
6.134,48.965775128337135,-103.32089495556058,-0.4392788941322492,4.697094062157348,48.719885,-103.216208,5.0,9171,0.9458539603960396,0.05262857455214869,-0.004218866182651659,0.019535069019,5.0,34.42339299908781,True,True
6.184,49.11034794792483,-103.38860003512556,-0.43769304206279197,4.686984333164569,48.992791,-103.34577900000001,5.0,9173,0.9460602310231023,0.03672972895854009,-0.0017433251355467583,0.019937994517,5.0,34.670936000111396,True,True
6.235,49.253831661750255,-103.45564526194691,-0.4353061834342365,4.621236882498053,49.129142,-103.410092,5.0,9174,0.9461633663366337,0.028550323072928097,-0.0021986584692643696,0.019540407056,5.0,35.34379399934551,True,True
6.284,49.542415404390724,-103.58963999346285,-0.4330763751516192,4.694091957208911,49.400439,-103.537076,5.0,9176,0.9463696369636964,0.014695349843296276,-0.0015764795323289782,0.018842329126,5.0,34.60711700063257,True,True
6.334,49.68740075224185,-103.65660304419096,-0.4322824169758743,4.699926456002051,49.537052,-103.60047,5.0,9177,0.9464727722772277,0.012081204769169077,-0.0010111514927171328,0.01975410926,5.0,34.54870700079482,True,True
6.383,49.97839031271816,-103.79009818501936,-0.4260280262352634,4.712136296032928,49.810911,-103.726913,5.0,9179,0.9466790429042904,0.012099311018040746,0.0009101252636298796,0.020703565757,5.0,33.203503999175155,True,True
6.436,50.124519771939156,-103.85621232066819,-0.42359961540936597,4.720918626198797,49.948301,-103.789485,5.0,9180,0.9467821782178217,0.011840759861393775,-2.5298088797143237e-05,0.0173545325,5.0,36.4331390010193,True,True
6.484,50.417111627714306,-103.98765833142822,-0.42188608276180173,4.722333704596929,50.223967,-103.913834,5.0,9182,0.9469884488448845,0.01170382129479968,-0.00035009623362292075,0.017190963034,5.0,34.828470001230016,True,True
6.534,50.56435189834619,-104.05362989128353,-0.4217793832739878,4.738046827819136,50.361453999999995,-103.975593,5.0,9183,0.9470915841584159,0.011618481121732045,0.001333108562179497,0.019350994579,5.0,34.91340899927309,True,True
6.583,50.85686599115138,-104.18379794782507,-0.41729079371500327,4.719994809720494,50.637508000000004,-104.098558,5.0,9185,0.9472978547854786,0.011332562427631088,0.0008376329412378425,0.021869687329,5.0,33.833210000011604,True,True
6.636,51.003765756607834,-104.24868650624957,-0.414689095136217,4.726500918661908,50.913026,-104.221023,5.0,9187,0.9475041254125413,0.06737693302090621,0.0011630558385400391,0.021432030999,5.0,36.10197000125481,True,True
6.686,51.29849651501354,-104.37773948764132,-0.4109808816346591,4.739216287723864,51.189405,-104.34255999999999,5.0,9189,0.9477103960396039,0.04826234807134594,-0.0006382593020206606,0.019944781635,5.0,36.15228499984369,True,True
6.734,51.44625937128028,-104.4420616437813,-0.4094100045651233,4.74566292599986,51.327839000000004,-104.403134,5.0,9190,0.9478135313531353,0.03880544656508577,-0.0007062129229642444,0.020574624725,5.0,34.791991998645244,True,True
6.785,51.74311971046874,-104.57031993187933,-0.40531076947443384,4.7509097132681735,51.605824,-104.52401,5.0,9192,0.948019801980198,0.02086782070001784,-0.0005682260392085858,0.021055154555,5.0,35.921683000196936,True,True
6.834,51.892042792805285,-104.63390448741234,-0.40286737203523704,4.7530989688787475,51.744960999999996,-104.583889,5.0,9193,0.9481229372937293,0.013693427503784595,0.00013448891484557635,0.020856305589,5.0,34.550550999483676,True,True
6.886,52.18819626098965,-104.75955199349195,-0.39782952776106034,4.7268434095782395,52.023782000000004,-104.702816,5.0,9195,0.9483292079207921,0.01189287059057617,-0.0013336810009669797,0.01994688913,5.0,36.33356299906154,True,True
6.935,52.33721198759805,-104.8220670857261,-0.39606309737034423,4.758965473500448,52.161839,-104.761444,5.0,9196,0.9484323432343235,0.011975437072771352,-0.0022958312627658906,0.019008974335,5.0,36.00315599942405,True,True
6.985,52.63636546397924,-104.94660490602303,-0.39285198527528015,4.772344744991369,52.301076,-104.820095,5.0,9197,0.9485354785478548,0.012128351650068751,-0.0014056467762393332,0.018920860485,5.0,35.45628299980308,True,True
7.035,52.78645702801413,-105.00861828827145,-0.38995494416296494,4.777140853754292,52.58061899999999,-104.93678100000001,5.0,9199,0.9487417491749175,0.0121769814003192,-7.004601117044373e-05,0.020646558559,5.0,35.44963099921006,True,True
7.085,52.93688945499183,-105.07023440523302,-0.3871667867466416,4.782755487695301,52.720797999999995,-104.994607,5.0,9200,0.9488448844884488,0.011912085344609977,2.3966942056308227e-05,0.019519293885,5.0,35.413754001638154,True,True
7.134,53.23809743151654,-105.19259294460397,-0.384084326463041,4.768792732311173,53.142872,-105.16603899999998,5.0,9203,0.9491542904290429,0.06506255275801028,0.0030465190864927827,0.019778810165,5.0,34.87149099964881,True,True
7.186,53.38948280643429,-105.25337474566471,-0.38389774664250775,4.809707226827175,53.283274,-105.22233999999999,5.0,9204,0.9492574257425742,0.05409075378171347,0.0031068452029430205,0.020976113283,5.0,36.938073000783334,True,True
7.235,53.691058883117236,-105.37457730771808,-0.38071828254679707,4.780509443543101,53.565132,-105.33490900000001,5.0,9206,0.949463696369637,0.032415565507860636,0.0038891587347817946,0.024382563192,5.0,35.15792600046552,True,True
7.285,53.84211131461878,-105.43484445292697,-0.37859513034487563,4.785896653307418,53.705829,-105.39086499999999,5.0,9207,0.9495668316831684,0.02198738894458881,0.003315155642832579,0.02387686057,5.0,35.3239259984548,True,True
7.335,54.14506005394998,-105.55467550033214,-0.37470637292754677,4.795711786427062,53.987977,-105.50198600000002,5.0,9209,0.949773102310231,0.00862539110086073,0.0034035551639597372,0.023691721363,5.0,35.487462000673986,True,True
7.385,54.29685165390749,-105.61426517860782,-0.3728705172955667,4.801391243912297,54.12935600000001,-105.55719099999999,5.0,9210,0.9498762376237624,0.008032804364458754,0.003255234103456406,0.023662231176,5.0,35.48209200016572,True,True
7.432,54.60170518169557,-105.73287910442912,-0.36833557860321403,4.805048093105725,54.41270600000001,-105.66699399999999,5.0,9212,0.9500825082508251,0.006821851846831226,0.0026725499682691556,0.023534219416,5.0,32.89806300017517,True,True
7.487,54.754527007845724,-105.79153863013362,-0.365640936294123,4.816786527562576,54.555096999999996,-105.721718,5.0,9213,0.9501856435643564,0.006159278590516826,0.002917332574476461,0.023284984923,5.0,37.22299500077497,True,True
7.535,55.05921617873597,-105.90739700302987,-0.3599221712616361,4.739877242450288,54.839721999999995,-105.82979499999999,5.0,9215,0.9503919141914191,0.005022922056275188,0.0022319321077755028,0.021792648416,5.0,35.68558199913241,True,True
7.584,55.211519411053935,-105.96486220423537,-0.35740678985448693,4.811327846470859,55.122814,-105.936311,5.0,9217,0.9505981848184818,0.06986202180240522,0.0019340173534292404,0.021150890613,5.0,35.00607200112427,True,True
7.635,55.51867410910161,-106.07878313743714,-0.35274748152188873,4.824501723383284,55.408026,-106.042125,5.0,9219,0.9508044554455446,0.04758993865770078,0.001822154287830724,0.020330888614,5.0,35.29745699961495,True,True
7.683,55.672794588888365,-106.13532640920853,-0.3499322284764715,4.829395208988269,55.551054,-106.09468999999999,5.0,9220,0.9509075907590759,0.03607610859259706,0.0019472555084187881,0.02006783313,5.0,33.99762700064457,True,True
7.735,55.98195963732582,-106.24732854697808,-0.3446914723528361,4.839335470725319,55.837875,-106.19878,5.0,9222,0.9511138613861386,0.012901958240481053,0.0016860971069410091,0.018521126588,5.0,35.562252000090666,True,True
7.784000000000001,56.136446367558044,-106.30278835444571,-0.34270128063120625,4.82020648473176,55.981609999999996,-106.250358,5.0,9223,0.95121699669967,0.003049562570542417,0.0006195306644376508,0.01796987234,5.0,34.2093629988085,True,True
7.835000000000001,56.446997316903044,-106.41324035355433,-0.3408316363061169,4.847180431605605,56.125011,-106.30166799999999,5.0,9224,0.9513201320132013,0.00277217869583717,0.0002297818517766892,0.019733586996,5.0,35.35784999985481,True,True
7.885,56.601798837489085,-106.467958984331,-0.3391965693512282,4.829773538881668,56.41298199999999,-106.403924,5.0,9226,0.951526402640264,0.0025723441665525333,0.00012663960853354084,0.020977966539,5.0,35.439061999568366,True,True
7.9350000000000005,56.756769730872136,-106.52246099757711,-0.3372328198443375,4.833414849602477,56.55653,-106.454756,5.0,9227,0.9516295379537953,0.002562988577222856,-5.2681833012435675e-05,0.021392982083,5.0,35.353121000298415,True,True
7.984,57.06729373708032,-106.63075378596572,-0.3339511577975399,4.840444654018774,56.843804000000006,-106.55543999999999,5.0,9229,0.951835808580858,0.0022933453654842497,6.116213136664328e-05,0.021500553542,5.0,34.896698000011384,True,True
8.036,57.222784338969724,-106.68466638452901,-0.3328686855139004,4.844922461645259,57.131562,-106.65535,5.0,9231,0.9520420792079208,0.06881412183217446,0.0010436750332010192,0.022556260285,5.0,36.068838999199215,True,True
8.086,57.534768264357545,-106.79197256573292,-0.32886180424790556,4.8476323595414526,57.420364,-106.754792,5.0,9233,0.9522483498349835,0.0449699655811285,0.0013863593454122025,0.02327245687,5.0,36.160158999337,True,True
8.137,57.69107996943056,-106.84499607044202,-0.32652807357600966,4.861639808029424,57.564903,-106.80394,5.0,9234,0.9523514851485149,0.03242409251124103,0.0022138374810882766,0.022904544308,5.0,37.53188300106558,True,True
8.184,58.003254459870135,-106.94977577814164,-0.32122937573027666,4.811633801753968,57.854475,-106.90143300000001,5.0,9236,0.9525577557755776,0.008100600282759175,0.0017653595818423184,0.021329277311,5.0,34.58679899995332,True,True
8.235,58.15833229170781,-107.00187594221731,-0.3184469235508763,4.853495120143246,57.998993999999996,-106.94944199999999,5.0,9237,0.9526608910891089,0.0010327808493602276,-0.0002682562731113336,0.019905246723,5.0,35.825093000312336,True,True
8.284,58.47227840657244,-107.10456553013888,-0.31381606960051683,4.863930388387385,58.287901,-107.045027,5.0,9239,0.9528671617161716,0.0005330427097489379,0.00012426424759759414,0.018078879146,5.0,34.077285999956075,True,True
8.335,58.62974003340614,-107.15552319716292,-0.3115759423448544,4.868572166446313,58.433351,-107.09244199999999,5.0,9240,0.9529702970297029,0.00045798345086648284,-0.0003218605792612017,0.017725579044,5.0,35.54132200042659,True,True
8.386,58.94551704713867,-107.2564807937977,-0.3071796283202735,4.878401001754276,58.725048,-107.18651200000001,5.0,9242,0.9531765676567657,0.00023757989989095637,-0.0004285733085414023,0.016511402905,5.0,36.3172620000114,True,True
8.437,59.10334031157022,-107.30650013882992,-0.3057893957383264,4.86936531009108,59.01763199999999,-107.27949199999999,5.0,9244,0.9533828382838284,0.07569730534883251,0.0012113383719900561,0.017042839708,5.0,37.45344600065437,True,True
8.487,59.42045183037282,-107.40616927329756,-0.3029735221925747,4.90967919124666,59.309996,-107.371375,5.0,9246,0.9535891089108911,-0.05070532270731407,0.0017919872118108415,0.018872399333,5.0,37.4249830001645,True,True
8.535,59.57855169953014,-107.45545474865902,-0.30150852936560324,4.855171312618693,59.456759,-107.41722,5.0,9247,0.9536922442244224,-0.037951668303101906,0.0012285965369378538,0.01842308917,5.0,35.06245700009458,True,True
8.586,59.894733337311116,-107.55288888886724,-0.2965530087271728,4.868788413357465,59.74874200000001,-107.507447,5.0,9249,0.9538985148514851,-0.012647900964233072,0.0006424881944848693,0.017443740966,5.0,36.46889599986025,True,True
8.635,60.05303325844165,-107.60119832778621,-0.29547464313934685,4.871629257636584,59.894897,-107.552225,5.0,9250,0.9540016501650165,-0.0006827114337449178,-0.0006981713836702319,0.017146117459,5.0,35.29556300054537,True,True
8.685,60.370061030494476,-107.69784772175296,-0.29479710255739805,4.910783673607466,60.041142,-107.597017,5.0,9251,0.9541047854785478,-0.0005115131521577151,-0.001897356438911757,0.018110284458,5.0,35.285854999528965,True,True
8.733,60.529096388062925,-107.74606679463962,-0.29323770067053395,4.875567383550318,60.333895,-107.686652,5.0,9253,0.9543110561056105,-0.00016039506558250747,-0.0015372420591064362,0.021759682395,5.0,33.193475001098705,True,True
8.784,60.688084781924175,-107.79384113585037,-0.291311582908425,4.886031275811632,60.480851,-107.73146299999999,5.0,9254,0.954414191419142,-1.94595743595654e-05,-0.0015222577756608402,0.021739110883,5.0,35.006122998311184,True,True
8.833,61.00557409743772,-107.88831422933691,-0.28790279473867025,4.830867993634798,60.774347,-107.819901,5.0,9256,0.9546204620462047,0.00022257537083729452,-0.0016134801512901475,0.021221280028,5.0,33.600986000237754,True,True
8.885,61.16304687240984,-107.93537369161602,-0.28524285539912714,4.873592129263061,61.066787,-107.907146,5.0,9258,0.9548267326732673,0.06404416465538107,-0.0011563759294430653,0.021691109012,5.0,35.54139299922099,True,True
8.935,61.481616088992,-108.02803762827001,-0.2810911659184975,4.882812088637218,61.36009,-107.99369899999999,5.0,9260,0.95503300330033,0.039682052705447085,-0.0010985319243594915,0.020111131631,5.0,35.25135100062471,True,True
8.985,61.64129654820422,-108.07399682706053,-0.27878531736648454,4.88807161220881,61.50733,-108.036546,5.0,9261,0.9551361386138614,0.02708500708553064,-0.0007484328617990421,0.019788255923,5.0,35.63189200031047,True,True
9.036,61.96139226502513,-108.16466199307429,-0.272974953712652,4.893983841696829,61.802424,-108.121163,5.0,9263,0.9553424092409241,0.0020091497851226427,-0.0012004176172366599,0.017418191729,5.0,36.09407600015402,True,True
9.084,62.12127447619017,-108.20938958403228,-0.27137187615520403,4.891114710400962,61.950255000000006,-108.16296799999999,5.0,9264,0.9554455445544554,0.001388016900500081,-0.0020572493803237,0.016610293908,5.0,34.860409001339576,True,True
9.137,62.442217898633004,-108.29841183119022,-0.2690714656891868,4.929748866406908,62.245495999999996,-108.245798,5.0,9266,0.9556518151815182,0.0017014321726346432,0.000764522503748033,0.019134797773,5.0,37.862750999920536,True,True
9.187,62.60246412951239,-108.3424790651734,-0.2673291387019152,4.86921615358756,62.39325,-108.286445,5.0,9267,0.9557549504950495,0.0016824844051882574,-0.0016953150917173865,0.018560373067,5.0,38.43809600039094,True,True
9.235,62.9227082240329,-108.42906056648825,-0.2608460336019621,4.881161602796601,62.6888,-108.368407,5.0,9269,0.9559612211221122,0.0023177892217020007,-0.002734445041411071,0.016717832295,5.0,35.6634909985587,True,True
9.286,63.08313015102094,-108.47164348011344,-0.258024189989487,4.881668773222096,62.984143,-108.448397,5.0,9271,0.9561674917491749,0.06440597300780655,-0.0022707911319801433,0.016084320348,5.0,36.86300300068979,True,True
9.336,63.4044411996362,-108.55623782738991,-0.2562693034868494,4.925297018847251,63.279804000000006,-108.527868,5.0,9273,0.9563737623762376,0.038791997466022986,-0.005883238538982649,0.014958318615,5.0,36.1638859994855,True,True
9.384,63.56542351612334,-108.59836014560749,-0.25535983066090123,4.8847738909534195,63.42815,-108.56766499999999,5.0,9274,0.956476897689769,0.026318956828703156,-0.004333088260476625,0.017327580916,5.0,35.00017099941033,True,True
9.435,63.886971210819965,-108.68153218997675,-0.2512751203558551,4.8842445826189875,63.724658999999996,-108.64595200000001,5.0,9276,0.9566831683168316,0.006043996004678865,-0.0032499264983196774,0.017742449314,5.0,35.57555600127671,True,True
9.486,64.04760094698521,-108.72249130752454,-0.24992357134563012,4.824830915337028,63.872831000000005,-108.68463999999999,5.0,9277,0.956786303630363,0.006561296786243545,-0.0034278698941063723,0.017683309285,5.0,36.097562000577454,True,True
9.533,64.20664345356205,-108.76358332936137,-0.24674896058468646,4.873090997651826,64.021132,-108.723141,5.0,9278,0.9568894389438944,0.007288440273834311,-0.004246362154509686,0.018139194192,5.0,33.67385199999262,True,True
9.585,64.52871326920743,-108.84429638869027,-0.24411568566243166,4.886640944416148,64.315908,-108.79929399999999,5.0,9280,0.9570957095709571,0.008105123185462314,-0.00499911405216924,0.016553765051,5.0,35.2160639995418,True,True
9.638,64.85161391371581,-108.92385169976933,-0.23773259898299745,4.891858552027541,64.464488,-108.837055,5.0,9281,0.9571988448844885,0.008627295798669412,-0.003401444500020112,0.017653607928,5.0,39.04546199919423,True,True
9.686,65.01342747905227,-108.9629024703693,-0.2357882670655712,4.896516500169305,64.911397,-108.948127,5.0,9284,0.9575082508250825,0.06452369802600766,-0.002119195252827666,0.014866389419,5.0,36.264644000766566,True,True
9.737,65.17498083634902,-109.00167502795148,-0.23557474489812116,4.894640221857565,65.060694,-108.984449,5.0,9285,0.9576113861386139,0.0519459039927953,-0.00245128895835256,0.014811202027,5.0,38.01498500070011,True,True
9.785,65.49885208907905,-109.07931721385668,-0.23385647873174528,4.93542775168877,65.358824,-109.056634,5.0,9287,0.9578176567656765,0.027234321948852776,-0.0013225785977324378,0.019311109855,5.0,35.394387999986066,True,True
9.836,65.66068600533355,-109.1177845455308,-0.2323496691910892,4.871562672784421,65.508262,-109.092735,5.0,9288,0.9579207920792079,0.016388514530857975,-0.001712075407580116,0.018730104848,5.0,36.647550001362106,True,True
9.886,65.98391576706716,-109.1933761363938,-0.22723247149888096,4.883501388255952,65.80604,-109.16335,5.0,9290,0.9581270627062707,0.011032493218016179,-0.0002580492192651995,0.017827749055,5.0,36.02693099855969,True,True
9.935,66.14568699938542,-109.23062429335259,-0.22514508256066698,4.884018742046635,65.955057,-109.197981,5.0,9291,0.958230198019802,0.010957692319075635,1.1766831335968675e-06,0.016809893613,5.0,35.83567200075777,True,True
9.986,66.4697665702587,-109.30491647426075,-0.22446206865672738,4.921035791133538,66.253249,-109.26638999999999,5.0,9293,0.9584364686468647,0.010850898884339018,-0.0002789229833215501,0.017652198004,5.0,36.733561000801274,True,True
10.033,66.63200115382244,-109.34184967453352,-0.22315090784116523,4.886540648018156,66.402488,-109.300505,5.0,9294,0.9585396039603961,0.010653074219476475,2.4296003132473487e-05,0.01975485651,5.0,35.84924800088629,True,True
10.084,66.95627682016612,-109.41485259050823,-0.21981118887099932,4.886489069127773,66.851256,-109.40157099999999,5.0,9297,0.9588490099009901,0.06149019954447636,0.0030199434104440925,0.020635782999,5.0,34.857583999837516,True,True
10.135,67.1183273124703,-109.45090636398365,-0.21877603155062603,4.843751237591734,67.00071700000001,-109.43461200000002,5.0,9298,0.9589521452145214,0.0486350063959281,0.0033012076814142866,0.020543945616,5.0,35.35238000040408,True,True
10.184,67.44074701986348,-109.52237958408314,-0.2142002271105993,4.88342741045293,67.297758,-109.500147,5.0,9300,0.9591584158415841,0.023323539906993866,0.0003315835145074608,0.020173225748,5.0,34.66848199968808,True,True
10.235,67.60310270727992,-109.55758122327875,-0.21249718967684503,4.888239929587037,67.447322,-109.532448,5.0,9301,0.9592615511551155,0.012025113840232781,0.002039822756402021,0.019791757669,5.0,35.944957000538125,True,True
10.285,67.92848092214501,-109.62673038175504,-0.2058346457276716,4.893896856751653,67.74701800000001,-109.59640900000001,5.0,9303,0.9594678217821783,0.0077035701750817615,0.001653254773762658,0.017635292441,5.0,35.6635810003354,True,True
10.335,68.0915234908518,-109.66059206751467,-0.20371216315756321,4.897071175859958,67.897178,-109.627775,5.0,9304,0.9595709570957096,0.0073663464293225785,0.0008439878181052407,0.015813704196,5.0,35.36738799994055,True,True
10.384,68.41722108244119,-109.72782092672898,-0.20369398865646163,4.895370641128071,68.047483,-109.658879,5.0,9305,0.959674092409241,0.007208170664307404,0.00010033077037130411,0.015513589498,5.0,34.88182000000961,True,True
10.436,68.58023207911518,-109.7612705085939,-0.2012127104002094,4.945846768640184,68.347764,-109.72062199999999,5.0,9307,0.9598803630363036,0.006852038669616463,0.0017033530370151873,0.02001123037,5.0,36.29296699909901,True,True
10.486,68.90608807975032,-109.82705293242627,-0.1963970319348553,4.8813299403575146,68.648651,-109.78191899999999,5.0,9309,0.9600866336633663,0.071466837990716,0.002094374475127836,0.019464887032,5.0,36.557962999722804,True,True
10.536,69.0689313318714,-109.85921809585115,-0.19370207153859428,4.882777163185534,68.94856300000001,-109.841723,5.0,9311,0.960292904290429,0.04493695286548981,0.0013757745828777423,0.0176916575,5.0,37.025637000624556,True,True
10.585,69.23191335408985,-109.8909693374709,-0.1911816768722441,4.884664235045347,69.098617,-109.871241,5.0,9312,0.9603960396039604,0.032027942744020335,-9.581184472029491e-05,0.016478913834,5.0,35.50827999970352,True,True
10.635,69.55840540101113,-109.9537149338508,-0.18828678149658432,4.913806612071881,69.398865,-109.93003300000001,5.0,9314,0.960602310231023,0.008596417054432082,-0.004272762017926368,0.014776029857,5.0,35.18632899977092,True,True
10.685,69.72176723930599,-109.98474081119063,-0.18698201901008238,4.885087464063183,69.549418,-109.95949099999999,5.0,9315,0.9607054455445545,0.007371407773593736,-0.003451258542596314,0.016259120553,5.0,35.30024199972104,True,True
10.736,70.0484493014966,-110.04589527555143,-0.1834178302551818,4.888116361181481,69.850494,-110.017156,5.0,9317,0.9609117161716172,0.008102700494624355,-0.0025669716446814483,0.016231824425,5.0,36.1995229995955,True,True
10.785,70.2118101640476,-110.07611674418169,-0.18253233601648797,4.890088944776764,70.000873,-110.045578,5.0,9318,0.9610148514851485,0.008450777829092402,-0.002600540341593849,0.016438110542,5.0,35.783204999461304,True,True
10.835,70.53647704088195,-110.13602920528075,-0.1789292486625516,4.886240255307639,70.30065400000001,-110.10164499999999,5.0,9320,0.9612211221122112,0.008916747742608942,-0.004442914032911638,0.016700425148,5.0,35.22372900079063,True,True
10.885,70.70000136110264,-110.16560673858599,-0.17852947677908942,4.889667056019412,70.601077,-110.157183,5.0,9322,0.9614273927392739,0.06797527307101293,-0.00060521545172465,0.018005216282,5.0,35.948081998867565,True,True
10.935,71.0277253631863,-110.22406687874059,-0.17332542288391117,4.898096103869673,70.902971,-110.21115900000001,5.0,9324,0.9616336633663366,0.04238008912987802,0.0019309635289155302,0.019257287455,5.0,35.971056000562385,True,True
10.985,71.19188613092776,-110.25264099478582,-0.17148239916654773,4.900370237379619,71.054142,-110.23768500000001,5.0,9325,0.9617367986798679,0.029720227576231478,0.0004640521216416893,0.01709195094,5.0,35.59792799933348,True,True
11.035,71.51997203037261,-110.3094690860109,-0.17162109467523218,4.899902803201665,71.356205,-110.29003700000001,5.0,9327,0.9619430693069307,0.009006633264857981,0.00011661935991646999,0.018937259948,5.0,35.87522699854162,True,True
11.084,71.68419664107206,-110.33755841389278,-0.16910988544558853,4.953294459662178,71.50738100000001,-110.316194,5.0,9328,0.9620462046204621,0.008738123486082166,0.001843372052636738,0.021317024417,5.0,34.110589000192704,True,True
11.137,72.01264346369247,-110.39284780923919,-0.16389672610808284,4.886094500238151,71.810038,-110.36757,5.0,9330,0.9622524752475248,0.008395776095569003,0.0002441657347889148,0.019349175926,5.0,37.23256400007813,True,True
11.186,72.17659294197527,-110.41973653065602,-0.16130355264197058,4.88686604789697,71.96078,-110.39264399999999,5.0,9331,0.9623556105610561,0.008194517898816277,0.00018545359725541388,0.017946468305,5.0,36.54118099984771,True,True
11.237,72.50462305687101,-110.47250881929959,-0.15815232470716298,4.889615543739182,72.11166700000001,-110.417396,5.0,9332,0.9624587458745875,0.008082048988548307,-0.00037245547158759607,0.016933217529,5.0,37.115805000212276,True,True
11.285,72.66904391290153,-110.49887244229302,-0.15815184934749102,4.9172489521447735,72.56457900000001,-110.49043300000001,5.0,9335,0.9627681518151815,0.06257788243675921,-0.0010114870881405835,0.018161386708,5.0,35.28689699851384,True,True
11.334,72.83328349022521,-110.52490181156612,-0.1566920017422759,4.887761206010896,72.716151,-110.514733,5.0,9336,0.9628712871287128,0.0497054820485553,0.00011904798098250069,0.020306936548,5.0,34.74847100005718,True,True
11.385,73.16189612946482,-110.57605608757359,-0.15262055154488283,4.891268904858552,73.01853100000001,-110.562265,5.0,9338,0.9630775577557755,0.023861154810923952,0.00039282479507951606,0.019561311123,5.0,35.40712100038945,True,True
11.436,73.32618926431843,-110.60126428343355,-0.15188822484576023,4.892147607583701,73.16971600000001,-110.585582,5.0,9339,0.963180693069307,0.012324503346697019,0.0002450412832732951,0.01944110201,5.0,36.44299799998407,True,True
11.484,73.6528459180813,-110.65118521355099,-0.14782989320487966,4.888110758570147,73.47061500000001,-110.631592,5.0,9341,0.9633869636963697,0.007975403002494632,-0.0011036316262624801,0.020145066446,5.0,35.00571199947444,True,True
11.534,73.81729803375288,-110.67561885870514,-0.1469999125749988,4.892203807653038,73.621654,-110.654417,5.0,9342,0.963490099009901,0.007743088429223608,-0.0002890123799783595,0.019774261575,5.0,34.4554130006145,True,True
11.585,74.14682954525414,-110.72372128271644,-0.1412818269811921,4.898544260951004,73.92483299999999,-110.69868400000001,5.0,9344,0.9636963696369637,0.006832181902838907,0.002547760053393855,0.020532130316,5.0,35.76099299971247,True,True
11.636,74.31190713909668,-110.74700312507022,-0.139150717605377,4.9030874648935585,74.076684,-110.72027299999999,5.0,9345,0.963799504950495,0.006292108119349708,0.0012531641123314508,0.017787958982,5.0,36.84706300009566,True,True
11.684,74.64177503589667,-110.79321064758967,-0.1391097131122462,4.901929469106754,74.532358,-110.783239,5.0,9348,0.9641089108910891,0.057191080522447243,0.004055315517770719,0.020008148275,5.0,34.88773099888931,True,True
11.738,74.80665153041576,-110.81579009158999,-0.13604604025622435,4.923011926493969,74.684057,-110.803828,5.0,9349,0.9642120462046204,0.043594640274232786,0.004761379426234225,0.021897004326,5.0,38.187517999176634,True,True
11.785,75.13713741746473,-110.86017600204003,-0.13086176989921014,4.889413235100198,74.988574,-110.844349,5.0,9351,0.9644183168316832,0.01729222627911824,0.0032271396303831246,0.018322569997,5.0,35.42899300009594,True,True
11.835,75.30199621136879,-110.88170385554295,-0.12889925041377637,4.890493728877551,75.140232,-110.864006,5.0,9352,0.9645214521452146,0.004923954248462711,0.0027583915743503162,0.017780524132,5.0,36.01548900041962,True,True
11.885,75.63180354399222,-110.9240231508332,-0.12670516552170447,4.89332761048515,75.443641,-110.90268799999998,5.0,9354,0.9647277227722773,0.002663692371894952,0.0009698471016612586,0.017337731609,5.0,35.829710999678355,True,True
11.935,75.79711396744369,-110.94525095154269,-0.1268301808007657,4.923918984141839,75.595388,-110.921924,5.0,9355,0.9648308580858086,0.002502046855514912,0.0005451509774436758,0.018981768074,5.0,35.49376299997675,True,True
11.986,76.12744664700679,-110.98678676688846,-0.12312509936558584,4.893059043931642,75.899472,-110.960328,5.0,9357,0.9650371287128713,0.0018982640243542502,0.0016881877440826365,0.021815001382,5.0,36.94249100044544,True,True
12.034,76.29246397445864,-111.00708163043565,-0.12155814546304218,4.8931308130590825,76.05139,-110.979068,5.0,9358,0.9651402640264026,0.00153996389793624,0.0011143500670769413,0.020449617378,5.0,35.46281600029033,True,True
12.085,76.62092163105572,-111.04703563009845,-0.11869455166165618,4.834966780600239,76.355467,-111.015904,5.0,9360,0.9653465346534653,0.06361772891337533,0.0022422060406124267,0.020705399655,5.0,35.203131001253496,True,True
12.134,76.78557782685417,-111.06699437828867,-0.11635108594758167,4.899180988038172,76.657616,-111.052174,5.0,9362,0.965552805280528,0.03705238936241748,0.0003027254215002273,0.021121357642,5.0,34.74766999897838,True,True
12.186,77.11619084168298,-111.10539246215541,-0.11386424654072518,4.897321251349065,76.809632,-111.06999099999999,5.0,9363,0.9656559405940595,0.02424011112619358,0.0009685571157396211,0.020161082406,5.0,36.70789300122124,True,True
12.235,77.28175289802246,-111.12406388058557,-0.11020118208252386,4.901541282765471,77.11431,-111.104497,5.0,9365,0.9658622112211221,-0.0006850909871112782,0.003523342688355857,0.021111763741,5.0,35.80619699823728,True,True
12.286,77.44751941173784,-111.14218464271327,-0.10777146616497599,4.9041301212155455,77.266901,-111.12123100000001,5.0,9366,0.9659653465346535,-0.001222270050022667,0.0018117884115333993,0.018384504078,5.0,36.44751600040763,True,True
12.336,77.7788439296615,-111.17797283731014,-0.10753950645516791,4.903675483542293,77.57195,-111.153985,5.0,9368,0.9661716171617162,-0.0017130877363594587,0.001027166272814295,0.018845635597,5.0,36.66141599933326,True,True
12.386,77.94435570644069,-111.19542237852924,-0.10453517601183418,4.935686172716216,77.724595,-111.170276,5.0,9369,0.9662747524752475,-0.0019390730873612776,0.001606628950430622,0.021195318029,5.0,36.71930400014389,True,True
12.437,78.27643303544616,-111.22919151703263,-0.09816969611975201,4.890429394946037,78.182783,-111.217468,5.0,9372,0.9665841584158416,-0.07177471681316525,0.002144108815520962,0.017339210163,5.0,37.35248799966939,True,True
12.485,78.4419270227806,-111.24531521267804,-0.09603568557415872,4.890705423452835,78.33507900000001,-111.232436,5.0,9373,0.9666872937293729,-0.05873564359208681,0.0007938538769605152,0.015979559946,5.0,35.91391900044982,True,True
12.534,78.77294735383437,-111.27665778863918,-0.09304880092427344,4.891837410889204,78.639606,-111.26194299999999,5.0,9375,0.9668935643564357,-0.03215653306684304,-0.0026610492713441403,0.014859462765,5.0,34.747038000205066,True,True
12.585,78.9387057130108,-111.29228696926583,-0.09343747173651196,4.923460749282429,78.791934,-111.27677,5.0,9376,0.966996699669967,-0.018986977748138466,-0.004009440832960731,0.015900351903,5.0,35.102541998639936,True,True
12.635,79.27021105462654,-111.32287796106466,-0.09073325892406675,4.897545940937696,79.097081,-111.30609799999999,5.0,9378,0.9672029702970297,-0.0008846111508873489,-0.0008928059599133675,0.01955304585,5.0,35.24133200153301,True,True
12.685,79.4358164595141,-111.33785820532266,-0.0894430858110738,4.89464149977936,79.249835,-111.320299,5.0,9379,0.9673061056105611,-0.0007018436315395109,-0.0014773782470478558,0.018778454439,5.0,35.74159700110613,True,True
12.736,79.76595023606697,-111.36730752269239,-0.0876718576798117,4.824889448641369,79.55481400000001,-111.348129,5.0,9381,0.9675123762376238,-0.0004070458510024853,-0.0003896440528645684,0.020364065854,5.0,36.86614799880772,True,True
12.785,79.9309513505732,-111.38220961468188,-0.08569205509435317,4.8943652017842245,79.707127,-111.36164199999999,5.0,9382,0.9676155115511551,-0.00025830194905218494,-0.0023887647622156116,0.020481512949,5.0,35.301122999953805,True,True
12.836,80.26276285360083,-111.41044748259225,-0.08326788608075596,4.900571098526424,80.16369399999999,-111.401604,5.0,9385,0.9679249174917491,-0.06715417932502099,0.001775565822609959,0.021427917426,5.0,36.97349899994151,True,True
12.884,80.42891866355167,-111.42408906867476,-0.07997739061250665,4.903437454867922,80.316731,-111.414189,5.0,9386,0.9680280528052805,-0.05409768736531028,0.0022903982477471274,0.021055918757,5.0,34.92254599950684,True,True
12.936,80.76129934672711,-111.45013870740931,-0.0775657462427168,4.905941862980722,80.469923,-111.426456,5.0,9387,0.9681311881188119,-0.041072593921808606,0.0009604693691174226,0.01879273993,5.0,36.35766800107376,True,True
12.985,80.92764170200452,-111.4630380709821,-0.0771381187492177,4.906412046729303,80.776053,-111.45029,5.0,9389,0.9683374587458746,-0.014754428973859842,0.00045505504727216817,0.019814120359,5.0,35.383137001190335,True,True
13.037,81.26108627965047,-111.48759363889822,-0.07066337662195903,4.919310883757087,80.92925799999999,-111.462103,5.0,9390,0.968440594059406,-0.00186729134087637,0.0010181990262982943,0.021327246187,5.0,37.996160999682616,True,True
13.087,81.42710259579607,-111.4991171781421,-0.06786356071707135,4.89423253797097,81.23609300000001,-111.484719,5.0,9392,0.9686468646864687,-0.0011250495660574578,-0.000170573544346464,0.017170025323,5.0,37.44141300012416,True,True
13.136,81.59314458308833,-111.51023159484292,-0.06580985325739114,4.894812492664634,81.389042,-111.49540900000001,5.0,9393,0.96875,-0.0011149379511404883,-0.001007293886172711,0.016043562996,5.0,36.49189899988414,True,True
13.182,81.92527128282829,-111.53156411039303,-0.0626652642584451,4.895981411400497,81.694723,-111.516016,5.0,9395,0.9689562706270627,-0.0007285128270120547,-0.002457657998318208,0.01542148565,5.0,32.93272699920635,True,True
13.235,82.09147046154197,-111.54210968259456,-0.06288485998124374,4.928806687716433,82.000416,-111.536302,5.0,9397,0.9691625412541254,-0.07529393147355362,-0.0034512997508979737,0.016907008833,5.0,35.46761500001594,True,True
13.285,82.42410931756216,-111.56258825607222,-0.06012974347392674,4.908436137161927,82.306567,-111.55623600000001,5.0,9399,0.9693688118811881,0.048945284084584886,-0.0008464726268200273,0.020586531422,5.0,35.31429900067451,True,True
13.334,82.59025926438943,-111.57250893197339,-0.05871897868618878,4.899016150433901,82.459753,-111.56576000000001,5.0,9400,0.9694719471947195,0.0357845225939069,-0.0011664524731651582,0.01945970131,5.0,34.93160300058662,True,True
13.385,82.92194381400557,-111.59173451456442,-0.057001607915881616,4.808141545696338,82.765715,-111.584107,5.0,9402,0.9696782178217822,0.00944465598859393,-0.00040934367269152006,0.020634531324,5.0,35.45269700043718,True,True
13.434,83.08687487002771,-111.60160473724679,-0.05485620340490165,4.900205401085667,82.918053,-111.592932,5.0,9403,0.9697813531353136,0.0014282770107089259,-0.0018823424875056283,0.020669419027,5.0,34.722722999504185,True,True
13.484,83.41972595597525,-111.6195774085331,-0.05234697408015169,4.904940708602603,83.22315400000001,-111.61038899999998,5.0,9405,0.9699876237623762,0.0012974346559734176,0.0007129304508879386,0.020236345024,5.0,34.18485700058227,True,True
13.535,83.58640284098007,-111.62808234466756,-0.04929436324824798,4.909507219564012,83.376478,-111.618397,5.0,9406,0.9700907590759076,0.0009784449691384524,0.0013041902395549698,0.019726418479,5.0,35.23904800022137,True,True
13.585,83.91975816628678,-111.64391362055876,-0.04629276595780554,4.91034009000991,83.683561,-111.633389,5.0,9408,0.9702970297029703,0.0005041796665222647,3.9289249909923996e-05,0.016320440311,5.0,35.871669999323785,True,True
13.633,84.08657327399175,-111.65165869399686,-0.04650636273704384,4.910679337379738,83.990526,-111.64733899999999,5.0,9410,0.970503300330033,0.07085068463168324,0.0023853378089557786,0.017581702505,5.0,33.87239400035469,True,True
13.683,84.420972492232,-111.66622372740747,-0.039441913181046985,4.987237877977297,84.297184,-111.660679,5.0,9412,0.9707095709570958,-0.04427261439458122,0.002541784834780625,0.018446881976,5.0,33.89840199997707,True,True
13.736,84.58868879036235,-111.67257213520102,-0.03620587884148981,4.887291586205378,84.452398,-111.666807,5.0,9413,0.9708127062706271,-0.03143092021233554,0.0018795359552887803,0.01452103137,5.0,36.471249999522115,True,True
13.785,84.91700564392039,-111.68374958796633,-0.03166157625338729,4.871690604248152,84.605885,-111.67228,5.0,9414,0.9709158415841584,-0.017198690905925063,0.0009963785242277368,0.01277032323,5.0,35.17043899955752,True,True
13.835,85.08260147628029,-111.68909955116575,-0.03219170021152513,4.872118875903277,84.908548,-111.68236200000001,5.0,9416,0.9711221122112211,-0.001119257690936045,-8.633905779786843e-05,0.010891870458,5.0,35.72543699920061,True,True
13.884,85.24814673649325,-111.69447746589131,-0.03274315945849042,4.871190419770506,85.06104300000001,-111.68718999999999,5.0,9417,0.9712252475247525,-0.001221577177100979,0.0004307906859204458,0.01401754392,5.0,34.09599199949298,True,True
13.935,85.5794478696085,-111.70540892065353,-0.032724116994668484,4.888927760449701,85.366049,-111.697015,5.0,9419,0.9714315181518152,-0.0014920668970364024,0.000436948548673044,0.018717387202,5.0,35.40595899903565,True,True
13.984,85.74479491107516,-111.7109182811153,-0.033057976595155004,4.865787304539278,85.518337,-111.701931,5.0,9420,0.9715346534653465,-0.0015621067829323018,0.00092616933175238,0.02010906379,5.0,34.48766300061834,True,True
14.035,86.0752826438865,-111.72195613581536,-0.03388335555746329,4.763129498525264,85.975646,-111.71603799999998,5.0,9423,0.9718440594059405,-0.06556393410633118,0.0049300216355616655,0.025355370827,5.0,35.49796199877164,True,True
14.084,86.23606438681468,-111.72772404755212,-0.03096725174847356,4.754575661910161,86.126696,-111.72018200000001,5.0,9424,0.971947194719472,-0.051443957320027954,0.0014813097779668993,0.026485000775,5.0,35.00945800078625,True,True
14.135,86.56633576361305,-111.7427744121223,-0.024866732046484423,4.905474244848498,86.427146,-111.73183799999998,5.0,9426,0.9721534653465347,-0.027882635246084246,-0.008020161024448136,0.023660824428,5.0,35.311663001266425,True,True
14.185,86.73152075884978,-111.7468973799472,-0.024567643718590257,4.843645831430232,86.580777,-111.736802,5.0,9427,0.972256600660066,-0.015627508276824766,-0.0026645965651641568,0.022329529977,5.0,35.439151999526075,True,True
14.234,87.06062889121114,-111.75455403065583,-0.021954407077327015,4.8299008266377355,86.88446,-111.743609,5.0,9429,0.9724628712871287,-0.00695884908987307,0.0015629210959406947,0.023707736386,5.0,34.89340099986293,True,True
14.286,87.2253415344239,-111.75806256773188,-0.021350223648826612,4.849157137406756,87.036198,-111.746769,5.0,9430,0.9725660066006601,-0.007345000249706997,0.0025634094829114495,0.023912311181,5.0,36.71070800010057,True,True
14.335,87.555117653603,-111.76369003120652,-0.0124560207579942,4.889262444642619,87.339902,-111.75221100000002,5.0,9432,0.9727722772277227,-0.008258416713088234,0.0003856248822375896,0.022631607858,5.0,36.00274500058731,True,True
14.386,87.72081047588726,-111.76552802628483,-0.008771545002531514,4.841757278616043,87.491782,-111.75484499999999,5.0,9433,0.9728754125412541,-0.008054982673881982,-0.0024379398264748886,0.017240634484,5.0,36.37743500075885,True,True
14.436,88.0500946711105,-111.76748473241808,-0.0033050714213423782,4.843250020564553,87.94810799999999,-111.759197,5.0,9436,0.9731848184818482,-0.06312206804236438,-0.000206089272995591,0.013301665565,5.0,36.125995000475086,True,True
14.485,88.21472613026727,-111.76785585001215,-0.0009807860789920225,4.842733901476659,88.09967900000001,-111.760005,5.0,9437,0.9732879537953796,-0.050145309536077265,-0.0015354045875972666,0.012521910317,5.0,35.658732000229065,True,True
14.535,88.54440721497893,-111.7680137168141,-9.936974450439538e-05,4.843712622488207,88.402715,-111.76137299999999,5.0,9439,0.9734942244224423,-0.024286079202502767,-0.005018989637948668,0.012133391866,5.0,35.80856199914706,True,True
14.585,88.70900278226829,-111.7679591232897,0.0009560082432055728,4.843862123757329,88.55458399999999,-111.76218999999999,5.0,9440,0.9735973597359736,-0.01172529875507481,-0.005237402679560965,0.014573269206,5.0,35.095289000310004,True,True
14.633,88.87391827288205,-111.76768511439273,0.0019667561777859284,4.844582375248954,88.706079,-111.762992,5.0,9441,0.973700495049505,-0.004956726027228333,-0.005374936144880049,0.015198123372,5.0,33.86385799967684,True,True
14.683,89.2033527127807,-111.76707186011866,0.0017716572980103205,4.84947957243591,89.009344,-111.76393600000002,5.0,9443,0.9739067656765676,-0.0033670488535266965,-0.004429958296892078,0.017215331275,5.0,33.45969200017862,True,True
14.737,89.53087349278286,-111.76668870508536,0.004315275320795236,4.853634741221772,89.160891,-111.76426799999999,5.0,9444,0.974009900990099,-0.0027713005152057795,-0.0032510389727016253,0.019095768818,5.0,37.42626599887444,True,True
14.784,89.69578869779784,-111.76596795517749,0.004411679597615311,4.852224851930076,89.462273,-111.76495200000001,5.0,9446,0.9742161716171617,-0.0018334803611971,-0.005488260329217454,0.019231882801,5.0,34.12429400123074,True,True
14.835,89.8609081083787,-111.76516031241816,0.006222709027043256,4.856653680677896,89.76579699999999,-111.764133,5.0,9448,0.9744224422442245,-0.07003234565350193,0.0007619647745960023,0.020855751731,5.0,35.342399998626206,True,True
14.887,90.1915859757595,-111.76230601139957,0.010564250010878308,4.846289105716971,90.06995400000001,-111.761905,5.0,9450,0.9746287128712872,-0.04381992451272553,-0.000347319920312561,0.018336082582,5.0,37.17325200159394,True,True
14.935,90.35674977990732,-111.76062221459821,0.010069853187961691,4.864271488301369,90.221899,-111.760534,5.0,9451,0.9747318481848185,-0.030364773389657828,-0.00044740549572530597,0.018104099901,5.0,35.6463989992335,True,True
14.988,90.68730291157668,-111.75679970047312,0.014282015060286774,4.864192323652592,90.525809,-111.756983,5.0,9453,0.9749381188118812,-0.004247018458791487,0.0016494433528646546,0.021766891929,5.0,38.20695400099794,True,True
15.035,90.85371286696395,-111.75404791102358,0.017892524988442984,4.892305715550087,90.677875,-111.75511399999999,5.0,9454,0.9750412541254125,-0.0018421126986978733,0.00017742319271230045,0.018629237462,5.0,35.43566500047746,True,True
15.085,91.1840613635303,-111.74732644625527,0.0223795961269474,4.856502100216503,90.98297,-111.74971599999999,5.0,9456,0.9752475247524752,-0.0018762280126085038,-0.0009072234426725778,0.014481625905,5.0,35.32183300012548,True,True
15.134,91.34910297916853,-111.74350557808343,0.024140084256877702,4.855571354662502,91.134842,-111.74663899999999,5.0,9457,0.9753506600660066,-0.0017390150571655245,-0.0015659383301396268,0.01427037586,5.0,34.61989100105711,True,True
15.185,91.67941330025997,-111.73554550823276,0.023831619595449556,4.87168925661029,91.438503,-111.740096,5.0,9459,0.9755569306930693,-0.0009942071780042986,-0.003323330501901811,0.015229340617,5.0,36.07249499873433,True,True
15.237,91.84444256179569,-111.73155085129632,0.024202710205391487,4.856605883585211,91.742713,-111.73369199999999,5.0,9461,0.9757632013201321,-0.06332683064820703,-0.0018938229088245606,0.018852834734,5.0,37.51694499987934,True,True
15.286,92.1748110030007,-111.72327760013081,0.02547147001240988,4.860421933427261,92.046663,-111.726448,5.0,9463,0.9759694719471947,-0.03692920095669921,0.00043704224817986415,0.020794015715,5.0,36.862912000287906,True,True
15.335,92.33992405367717,-111.71909244850366,0.02528811407598071,4.8616672247218995,92.198514,-111.722479,5.0,9464,0.9760726072607261,-0.02371644638047542,0.0009450941623319054,0.021794713752,5.0,35.29862899995351,True,True
15.386,92.6683195734968,-111.71082905437672,0.028253130593346235,4.8515232961840775,92.502023,-111.71416599999999,5.0,9466,0.9762788778877888,-0.0006066058273010277,0.0003815529654458416,0.024476063534,5.0,36.36256699974183,True,True
15.433,92.83357920765074,-111.70616734661301,0.02905986801792989,4.862319651097238,92.65234699999999,-111.71041799999999,5.0,9467,0.9763820132013201,-0.0008879157598418266,-0.0008404415219298578,0.023276763047,5.0,33.129315001133364,True,True
15.485,93.1645711786544,-111.69592593300261,0.03395650426707213,4.87272969541598,92.804289,-111.705878,5.0,9468,0.9764851485148515,-0.0012440747193185886,0.002179451941965116,0.023818832351,5.0,35.8510309997655,True,True
15.535,93.3303158900873,-111.69011985197302,0.03605601301036608,4.878066997369008,93.108538,-111.69559199999999,5.0,9470,0.9766914191419142,-0.002420577970590535,0.00216144124955564,0.021356130255,5.0,35.933626000769436,True,True
15.585,93.49580102361816,-111.68410348412819,0.03677164692217322,4.877045017395211,93.260888,-111.68991399999999,5.0,9471,0.9767945544554455,-0.0028849775271388807,0.0018697506158935617,0.02055721251,5.0,35.119404001306975,True,True
15.636,93.82695366887332,-111.67132512304389,0.04152092226185335,4.876772029666296,93.71727299999999,-111.67160700000001,5.0,9474,0.9771039603960396,-0.05610873516273242,0.0037529184253997094,0.022405242396,5.0,36.22783600076218,True,True
15.687,93.99311301482122,-111.66401788745694,0.04509957165290891,4.912335812410711,93.869578,-111.66516299999999,5.0,9475,0.977207095709571,-0.04306745133399101,0.0026650235705649727,0.019790183628,5.0,37.32365300129459,True,True
15.735,94.32476594297756,-111.64833516342784,0.04962886571699988,4.870648169725153,94.175069,-111.650732,5.0,9477,0.9774133663366337,-0.016680225629798692,0.0014377244132308675,0.01611088042,5.0,35.946169000453665,True,True
15.783999999999999,94.49017137007186,-111.63995780452294,0.05152084047946622,4.8715569960254195,94.327062,-111.64316399999998,5.0,9478,0.977516501650165,-0.005657986306797691,0.0006660972263339282,0.015954816296,5.0,34.2447799994261,True,True
15.834,94.82103176116459,-111.6227233699727,0.05268109657530288,4.903433889121588,94.630935,-111.627652,5.0,9480,0.9777227722772277,-0.004934113939349313,-0.0019907320394083605,0.015904700676,5.0,34.63432799981092,True,True
15.886,94.98649769348391,-111.61386140774809,0.053199657990607926,4.871779257301529,94.782916,-111.619964,5.0,9481,0.977825907590759,-0.004695767188904375,-0.0019503302794992017,0.018369864617,5.0,36.52278700064926,True,True
15.936,95.31736067796405,-111.59577554435884,0.055540083179375,4.8726633236040335,95.087328,-111.60410700000001,5.0,9483,0.9780321782178217,-0.00429072031887258,-0.0009977291689318157,0.019604166086,5.0,36.727468999742996,True,True
15.985,95.48271648121167,-111.58656226345178,0.05573892835304593,4.874611045835567,95.391301,-111.587359,5.0,9485,0.9782384488448845,-0.07441780325785337,0.0005893610704075236,0.020550336283,5.0,35.87416399932408,True,True
16.035,95.81199857174173,-111.5681343150705,0.057761447317146955,4.829843166360702,95.695115,-111.57003300000001,5.0,9487,0.9784447194719472,-0.04752335695368929,0.0005225098739560785,0.023455011735,5.0,35.26379399954749,True,True
16.085,95.97721267824662,-111.55871808919606,0.05941456257545852,4.876172803852817,95.845647,-111.56165800000001,5.0,9488,0.9785478547854786,-0.034266009121933866,-3.742336932344159e-06,0.022778362724,5.0,35.56814300100086,True,True
16.136,96.30854712394805,-111.53828494928297,0.06432888248186248,4.885898359666162,96.149919,-111.54306399999999,5.0,9490,0.9787541254125413,-0.00907834908097177,0.0012612364957975686,0.021198460987,5.0,36.30854599941813,True,True
16.184,96.4744259297143,-111.52744018972791,0.06627647620758274,4.889142978092149,96.302256,-111.533271,5.0,9491,0.9788572607260726,-0.005419706201709306,0.0009180773034001,0.019924128288,5.0,35.001132999241236,True,True
16.235,96.80590568738045,-111.50514025691476,0.06786260986296626,4.889363556840154,96.60681899999999,-111.51286,5.0,9493,0.9790635313531353,-0.005776747991528615,0.0010053616718512792,0.020055698273,5.0,35.80255000088073,True,True
16.287,96.97143486279319,-111.49362340419638,0.07083926096715945,4.887493197901005,96.75924300000001,-111.502352,5.0,9494,0.9791666666666666,-0.006041908336167474,0.0015167968277505217,0.021126757946,5.0,37.30849499879696,True,True
16.335,97.30419287532496,-111.46878208514904,0.07725413382097666,4.887817117539858,96.911204,-111.491708,5.0,9495,0.979269801980198,-0.006256028904943149,0.00023353691166239088,0.019183199589,5.0,35.29895000065153,True,True
16.385,97.46958580231251,-111.45580274777234,0.0793760522762977,4.879798149338935,97.369251,-111.457402,5.0,9498,0.9795792079207921,-0.0660459379843568,0.0005010561150329274,0.015220725198,5.0,35.950557999967714,True,True
16.436,97.63497051941762,-111.4424837767626,0.08128324783246058,4.880212395677301,97.52127800000001,-111.44545900000001,5.0,9499,0.9796823432343235,-0.052716946229283496,-0.0005007256419942152,0.014930392261,5.0,36.09331500047119,True,True
16.486,97.96556503426557,-111.41528740432486,0.08252087204705737,4.891404970151498,97.82520600000001,-111.421264,5.0,9501,0.9798886138613861,-0.02609895643221961,-0.0036038082952813966,0.014656697876,5.0,36.80065699882107,True,True
16.535,98.13108183412483,-111.40157576661774,0.08261250571460424,4.878918224577066,97.977308,-111.40928600000001,5.0,9502,0.9799917491749175,-0.013187649453570158,-0.003185159569170537,0.017025342143,5.0,35.678700000062236,True,True
16.584,98.46182726293998,-111.37388020713557,0.08433301729629887,4.881435106134436,98.281666,-111.38461799999999,5.0,9504,0.9801980198019802,-0.004363508087769566,-0.0013114949747765614,0.01929419844,5.0,34.87890500036883,True,True
16.635,98.6271442536131,-111.35986989294025,0.08468408771592573,4.883497719718807,98.433592,-111.371991,5.0,9505,0.9803011551155115,-0.004258429748380321,-0.0007483800838792298,0.020022346774,5.0,35.192772000300465,True,True
16.685,98.95705853274885,-111.33163494759702,0.08662817039225879,4.8142414772372355,98.737473,-111.346249,5.0,9507,0.9805074257425742,-0.004295882724457186,0.0003970282854348639,0.022454789614,5.0,35.906114000681555,True,True
16.734,99.12177820274565,-111.31757013019877,0.08832247293436951,4.886963418709974,98.889263,-111.33312600000001,5.0,9508,0.9806105610561056,-0.004170489533163296,-0.0017371388943074884,0.021908792392,5.0,35.41573800066544,True,True
16.784,99.45315138906084,-111.28777434955185,0.09184825826511091,4.895421114211356,99.343938,-111.293228,5.0,9511,0.9809199669966997,-0.05733798360001545,0.0018881418336826883,0.021343417144,5.0,34.73148900047818,True,True
16.835,99.61903573217727,-111.27234715846704,0.0938381811392064,4.900870952313831,99.496222,-111.279058,5.0,9512,0.981023102310231,-0.04394373989754565,0.0019376080140425245,0.020423930908,5.0,35.99610200035386,True,True
16.882,99.95062432453336,-111.24075827015595,0.09626914624523099,4.901546118888835,99.80069300000001,-111.24993500000001,5.0,9514,0.9812293729372937,-0.017345802881678533,0.0011842954380871795,0.019781818927,5.0,32.784689999971306,True,True
16.935,100.11614505223619,-111.22461062267377,0.09921493362150055,4.9001591543247836,99.95305,-111.23516699999999,5.0,9515,0.9813325082508251,-0.006094768529353123,0.001029307230289156,0.020076574394,5.0,35.895373999665026,True,True
16.984,100.44878634230982,-111.1905736510167,0.10452317942649374,4.928675859120021,100.257285,-111.204825,5.0,9517,0.9815387788778878,-0.005602663445723347,0.00026382363005605924,0.016276372515,5.0,34.87561799920513,True,True
17.034,100.6144344468649,-111.17303436540287,0.10637383431537978,4.893928289377531,100.410331,-111.188879,5.0,9518,0.9816419141914191,-0.005750258168376783,0.0003363714206057189,0.015269084872,5.0,34.474759000659105,True,True
17.084,100.94527280808079,-111.13723789559313,0.10909329394067502,4.894439623800065,100.7145,-111.156342,5.0,9520,0.9818481848184818,-0.0059544541854886475,-0.0002645695022907013,0.01465459622,5.0,34.78242399978626,True,True
17.135,101.11066167637932,-111.11918094295483,0.10877468354158626,4.896348667037016,101.017995,-111.12337600000001,5.0,9522,0.9820544554455446,-0.07403154291901078,-0.0011938479258777335,0.015664135432,5.0,35.39233399897057,True,True
17.185,101.44181099224072,-111.08281120836213,0.1104660773887256,4.902512158475533,101.170002,-111.10696399999999,5.0,9523,0.9821575907590759,-0.060584880148169366,-0.0009580793827055345,0.017959608398,5.0,35.37228599998343,True,True
17.233,101.60711626938793,-111.06441383795419,0.11151626082372705,4.894419912105438,101.473674,-111.073803,5.0,9525,0.9823638613861386,-0.03311191751263896,-0.000406133110414153,0.019139708613,5.0,33.938516999114654,True,True
17.287,101.93776987628657,-111.02726804179784,0.11218861940656392,4.897571001756717,101.62534000000001,-111.05695,5.0,9526,0.98246699669967,-0.019692974240272075,-0.00044692725875394856,0.019339727971,5.0,37.420674998429604,True,True
17.337,102.10271698478773,-111.00842094634918,0.11320949061109989,4.858727573371463,101.928713,-111.022925,5.0,9528,0.9826732673267327,-0.005339935951930953,0.00045948543061102853,0.021696934442,5.0,38.318251999953645,True,True
17.385,102.26685081623187,-110.99019322549782,0.11527535776588335,4.895405785455758,102.08020400000001,-111.005673,5.0,9529,0.982776402640264,-0.005209622516306817,-0.0013529116562658317,0.021655330407,5.0,35.84398800012423,True,True
17.435,102.59787210988036,-110.95130717331642,0.11926659000521031,4.903727577922534,102.382548,-110.97133400000001,5.0,9531,0.9829826732673267,-0.005442803212427435,-0.00020463382055346813,0.020117898153,5.0,35.92422799920314,True,True
17.485,102.76354060776647,-110.93130137989074,0.12135029827985368,4.90874493765845,102.53446,-110.953333,5.0,9532,0.983085808580858,-0.005568881661301754,-0.00038049448347443615,0.018978026577,5.0,35.99814599874662,True,True
17.534,103.09471116347139,-110.89054364248977,0.12341479445627367,4.909395551544024,102.99027199999999,-110.897916,5.0,9535,0.9833952145214522,-0.06263942397725028,-0.00015341271871660567,0.018061165131,5.0,34.499044999392936,True,True
17.586,103.26005769259085,-110.86984058463916,0.1260299015097655,4.907828311670927,103.142105,-110.87908,5.0,9536,0.9834983498349835,-0.0487605459365891,0.00022691869881752424,0.019143769461,5.0,37.335656001232564,True,True
17.634,103.5918645898205,-110.82676479971386,0.1318827715338819,4.9583766902669915,103.445782,-110.840781,5.0,9538,0.9837046204620462,-0.021598163010625688,-0.0009682662754517679,0.015153062675,5.0,34.7511250001844,True,True
17.684,103.75760319316882,-110.80460746788626,0.13367801521282466,4.900733092705501,103.59849200000001,-110.82086299999999,5.0,9539,0.9838077557755776,-0.008874334090511502,-0.0012645934451307461,0.014053776554,5.0,34.350776999417576,True,True
17.734,104.08777691537121,-110.75973090889713,0.13644172717975064,4.900069592968946,103.90196,-110.78053100000001,5.0,9541,0.9840140264026402,-0.004481664485376675,-0.002206765542445588,0.013532267597,5.0,34.03173200058518,True,True
17.784,104.25277821398784,-110.73711958453467,0.13622203391752993,4.899898225668163,104.053342,-110.760225,5.0,9542,0.9841171617161716,-0.004095922853725188,-0.0029888158827531264,0.014118866641,5.0,34.31324700068217,True,True
17.836,104.58310987003293,-110.69168428472756,0.13752588980871888,4.905725312109465,104.356348,-110.719558,5.0,9544,0.9843234323432343,-0.003182557556875884,-0.0025765883506077003,0.01809339383,5.0,36.13424000104715,True,True
17.886,104.74798120081229,-110.66881735993891,0.13837243089312432,4.897843273221163,104.507587,-110.699198,5.0,9545,0.9844265676567657,-0.0027551619103867464,-0.002880615772022921,0.017780899794,5.0,36.476870000115014,True,True
17.935,105.07774706900244,-110.62282119521511,0.13891503731181304,4.900703173680173,104.96116799999999,-110.63693899999998,5.0,9548,0.9847359735973598,-0.04914234842814842,-0.0011178214532887587,0.019806671795,5.0,35.171621999325,True,True
17.987,105.242568929442,-110.59960764829405,0.13985703385995185,4.845202833289853,105.112303,-110.615999,5.0,9549,0.9848391089108911,-0.03522292882002948,-0.00029086445882020584,0.020598435801,5.0,37.46391599997878,True,True
18.035,105.57091885971087,-110.55333739951789,0.14392124956396207,4.902269222307284,105.26309099999999,-110.594815,5.0,9550,0.9849422442244224,-0.02107427003854575,-0.0020068246482090046,0.020639117973,5.0,35.250117998657515,True,True
18.084,105.73596814715359,-110.52929386262623,0.14602451491929108,4.90603770228997,105.56430300000001,-110.55259,5.0,9552,0.9851485148514851,-0.0016921455700252984,-0.00047604021482205994,0.018626872452,5.0,34.84378900066076,True,True
18.135,105.90109482074216,-110.5048768847751,0.14808162175581446,4.911164667797684,105.71556100000001,-110.53058300000001,5.0,9553,0.9852516501650165,-0.001707265287699131,-0.00044508287159850113,0.017490572996,5.0,35.38048200061894,True,True
18.185,106.23125738907375,-110.45522740461169,0.1501249481881909,4.912316909121013,106.018231,-110.485767,5.0,9555,0.9854579207920792,-0.001610101235620308,-0.0011657318222151325,0.016094427768,5.0,35.6647829994472,True,True
18.234,106.3961403138675,-110.43010400920242,0.1526023341193595,4.91142517522188,106.169501,-110.46298600000001,5.0,9556,0.9855610561056105,-0.0015867806976797667,-0.00015087460678975262,0.017135508444,5.0,34.091022998836706,True,True
18.284,106.72672238245181,-110.37819830772663,0.15781275636184372,4.943466419610716,106.623143,-110.39339,5.0,9559,0.9858704620462047,-0.0628928919649805,0.0004808174588895042,0.01369695741,5.0,34.41980599927774,True,True
18.334,106.89239749236553,-110.35184442877829,0.1591819578785717,4.904037122235212,106.77521999999999,-110.369251,5.0,9560,0.985973597359736,-0.04931605441845933,0.0004953488867496247,0.012772327054,5.0,34.73322300123982,True,True
18.385,107.22152434760396,-110.29865012321112,0.16130214947086913,4.90186683863982,107.0773,-110.320591,5.0,9562,0.9861798679867987,-0.020834230836006707,0.0001280196591491034,0.01296789413,5.0,35.485348000293016,True,True
18.435,107.38593974443233,-110.27193444341998,0.16098366346063062,4.900338160665676,107.227985,-110.29615700000001,5.0,9563,0.98628300330033,-0.006925004890126714,-0.0007404229145984154,0.013643352924,5.0,35.17901499981235,True,True
18.484,107.7150825798674,-110.21836171687865,0.1619742407803563,4.903693491552569,107.52958000000001,-110.247482,5.0,9565,0.9864892739273927,-0.001097101903815674,-0.0007695985497102598,0.017309539118,5.0,34.69072299958498,True,True
18.534,107.87935039110327,-110.19150188619122,0.16226404826734706,4.897405898387657,107.680272,-110.22306599999999,5.0,9566,0.9865924092409241,-0.0009266113547850743,-0.0013054778863579308,0.017268476862,5.0,34.19859299901873,True,True
18.585,108.20791671969938,-110.13776831739071,0.16228283988768882,4.900173531609537,107.981264,-110.174109,5.0,9568,0.9867986798679867,-0.0007039361689308709,-0.00015844010739973768,0.020072245237,5.0,35.365883999475045,True,True
18.635,108.37227790300813,-110.11079613848199,0.16308709839498944,4.902533929087724,108.282211,-110.124882,5.0,9570,0.9870049504950495,-0.07540356265642366,0.0010287587231250228,0.020865918326,5.0,35.97536300003412,True,True
18.685,108.69924824801855,-110.05672127306559,0.1667426456413787,4.901493191489398,108.581833,-110.07559199999999,5.0,9572,0.9872112211221122,-0.047386649692269654,-0.0009472757757680306,0.019872933818,5.0,35.880807001376525,True,True
18.735,108.86369174199397,-110.02895608533937,0.16842465149902558,4.905673934039146,108.732376,-110.05026799999999,5.0,9573,0.9873143564356436,-0.03375044717635495,0.0009105671599192178,0.01910667283,5.0,35.746256000493304,True,True
18.784,109.1926313259019,-109.97256881629855,0.17158759361950798,4.908751098150059,109.033825,-109.998646,5.0,9575,0.9875206270627063,-0.006035087116405836,0.0007780314667398258,0.017666338199,5.0,34.87468599996646,True,True
18.836,109.35721336455495,-109.9439063610853,0.17286595661849824,4.913043027477612,109.184348,-109.97262099999999,5.0,9576,0.9876237623762376,-0.001371771059040589,0.00034994467283455677,0.017284815297,5.0,36.4225390003412,True,True
18.882,109.52156790846884,-109.91503314443257,0.17538093078919426,4.913407915294393,109.335094,-109.94633,5.0,9577,0.987726897689769,-0.0014281856303927783,0.00014963777603238526,0.017224929702,5.0,32.842298000105075,True,True
18.934,109.85085298726689,-109.8558874160413,0.17966370809775176,4.958349577532738,109.636179,-109.893149,5.0,9579,0.9879331683168316,-0.0015594642813406285,-0.00015082824746626144,0.01457593357,5.0,34.89037600047595,True,True
18.984,110.01615831574942,-109.82577933187075,0.18116742139078662,4.916816553025482,109.786955,-109.865953,5.0,9580,0.988036303630363,-0.0016166797199583822,0.00018513082812354753,0.013844361911,5.0,34.26844400019036,True,True
19.032,110.34425337255021,-109.76537112709428,0.18300083723513624,4.904970322384087,110.239157,-109.782595,5.0,9583,0.9883457095709571,-0.06031510563311236,0.0011911379883580153,0.015338326234,5.0,33.019579999745474,True,True
19.084,110.50817760629863,-109.73512144869184,0.1823388753642799,4.904640174947273,110.38923,-109.754733,5.0,9584,0.9884488448844885,-0.04621760232671987,3.4714615522180026e-05,0.016531149833,5.0,34.46123399953649,True,True
19.136,110.83630679480865,-109.67472635443615,0.1821656971213293,4.900535846216646,110.68960600000001,-109.699202,5.0,9586,0.9886551155115512,-0.01819683394223189,0.0018213470875219073,0.022588904852,5.0,36.172752999846125,True,True
19.184,111.00001369009304,-109.64455435902008,0.18223235812347,4.897767213128692,110.839776,-109.671297,5.0,9587,0.9887582508250825,-0.004878099682093475,0.0018953831256598441,0.023471108063,5.0,34.68483200049377,True,True
19.236,111.32742338171543,-109.5842979319586,0.182211632243747,4.899072765027283,111.13943300000001,-109.615393,5.0,9589,0.9889645214521452,-0.0034913416309004645,0.0024451763822264105,0.028173243365,5.0,36.595432999092736,True,True
19.286,111.49116156386508,-109.55404045816235,0.18334548590343708,4.900794650168813,111.28926200000001,-109.58747,5.0,9590,0.9890676567656765,-0.0038807982095270324,0.0021398856925278764,0.029291660774,5.0,36.84446800070873,True,True
19.336,111.81694195123467,-109.49340061989511,0.188288476810962,4.8980471331268545,111.58866299999998,-109.531351,5.0,9592,0.9892739273927392,-0.004381977341498019,-0.001397399588301429,0.029455551997,5.0,36.86283299975912,True,True
19.386,111.98061954666254,-109.46205430576846,0.19075523321243212,4.901953628797496,111.887612,-109.47521100000002,5.0,9594,0.989480198019802,-0.07297340655624572,0.001141670319009247,0.028773565833,5.0,36.21872800067649,True,True
19.436,112.30788298911408,-109.39806299764211,0.1961048107350269,4.904740609057888,112.187703,-109.41707,5.0,9596,0.9896864686468647,-0.04532169390629454,-0.00043789915624836695,0.027257565521,5.0,36.41785100080597,True,True
19.484,112.47157560901063,-109.36533998629729,0.19813667520769376,4.909008990911742,112.33745900000001,-109.387653,5.0,9597,0.9897896039603961,-0.0313545606066107,-0.0013781951566089745,0.026647880728,5.0,34.980555001311586,True,True
19.534,112.79845292784776,-109.29857594983599,0.2052568621375486,4.911179601685821,112.636987,-109.32806000000001,5.0,9599,0.9899958745874587,-0.004710540849524756,-0.002071746270122965,0.025409267363,5.0,34.50379300011264,True,True
19.588,112.96200739376566,-109.26424650389987,0.20873355276267358,4.915270886269565,112.786837,-109.297354,5.0,9600,0.9900990099009901,-0.003573367152578335,-0.0011426649982930748,0.024020749026,5.0,38.43052200136299,True,True
19.638,113.28943813092233,-109.1938719536429,0.21401165081898296,4.902990990984421,113.086968,-109.23381,5.0,9602,0.9903052805280528,-0.0037906850244928186,0.0005619139961736686,0.022243600315,5.0,38.707179000994074,True,True
19.683,113.45229185879043,-109.15829861643454,0.2160512447681975,4.902425283802231,113.236749,-109.20133899999999,5.0,9603,0.9904084158415841,-0.0040046153376194086,0.0007815090118148404,0.022921636131,5.0,34.398866999254096,True,True
19.736,113.77781073073425,-109.0864931524332,0.21823283039964858,4.89683723852527,113.385847,-109.16860700000001,5.0,9604,0.9905115511551155,-0.00426870019286782,0.000722553416443894,0.023766779356,5.0,36.4818699999887,True,True
19.786,113.94039505575961,-109.05028156926608,0.21978562580939792,4.900032208641068,113.83301999999999,-109.06951399999998,5.0,9607,0.9908209570957096,-0.05776118965367817,0.002000955416980865,0.028807935636,5.0,36.213527999279904,True,True
19.837,114.26498195665815,-108.97764116200446,0.220322070410592,4.893508975637973,113.981955,-109.036009,5.0,9608,0.990924092409241,-0.043942407748313955,0.002320726178082655,0.029676954057,5.0,38.001289998646826,True,True
19.887,114.42726596648384,-108.9412851124768,0.22057260368321074,4.894320389679298,114.279016,-108.96849399999999,5.0,9610,0.9911303630363036,-0.01675186393381154,0.004242130192488425,0.03564091286,5.0,37.1594370008097,True,True
19.936,114.58956303594346,-108.90481435556909,0.22172242946105916,4.895784362326238,114.427442,-108.93450700000001,5.0,9611,0.991233498349835,-0.006780397963754789,0.005401032699009267,0.037786888204,5.0,36.776951999854646,True,True
19.987,114.91279046765747,-108.8316671873191,0.22723642335146998,4.892806520635223,114.724112,-108.86566,5.0,9613,0.9914397689768977,-0.008450356399042376,0.005129821520334588,0.040274875634,5.0,37.4798760003614,True,True
20.035,115.07499995932497,-108.7939591145246,0.23003743153848183,4.898711291287923,114.87126799999999,-108.8314,5.0,9614,0.991542904290429,-0.009927681657145852,0.004642133720972996,0.038711142611,5.0,35.135573998559266,True,True
20.084,115.39921928108858,-108.71706400903918,0.23651952549553584,4.898957584121231,115.167759,-108.75981000000002,5.0,9616,0.9917491749174917,-0.012714344470477458,0.007232278266107617,0.038107676579,5.0,34.523951000664965,True,True
20.134,115.56129378442365,-108.6776735572211,0.23983571520932284,4.9051397230473315,115.46403899999999,-108.686252,5.0,9618,0.9919554455445545,-0.07177029929423866,0.009878874208804067,0.037386786362,5.0,34.851542999604135,True,True
20.185,115.88487173293476,-108.5971668295296,0.2481530882023728,4.908728717914135,115.759859,-108.61101599999999,5.0,9620,0.9921617161716172,-0.04557339623159393,0.0079913103942717,0.034984879423,5.0,35.638454000945785,True,True
20.233,116.04671108092883,-108.55582009376705,0.252349241551704,4.912864723698756,115.907793,-108.57243000000001,5.0,9621,0.9922648514851485,-0.033723807896678074,0.009136019338407575,0.034067778651,5.0,34.13384200030123,True,True
20.286,116.37088258987515,-108.47081731871393,0.2598257486012179,4.902113167167519,116.20385900000001,-108.49305600000001,5.0,9623,0.9924711221122112,-0.02104655588034149,0.008919218290032838,0.031493504644,5.0,37.054069000078016,True,True
20.338,116.53185630489972,-108.42783198097256,0.262291657694252,4.901630901498857,116.35203999999999,-108.452598,5.0,9624,0.9925742574257426,-0.02257809430319172,0.008171249535110725,0.031781039331,5.0,38.237430999288335,True,True
20.386,116.85373887915262,-108.3411718765162,0.2635484413320367,4.899752480602628,116.646124,-108.371152,5.0,9626,0.9927805280528053,-0.025457352480923966,0.008139913892529105,0.03608575907,5.0,36.84106099899509,True,True
20.436,117.01456072506008,-108.29756057291678,0.26518190256196295,4.920206296250703,116.793299,-108.330152,5.0,9627,0.9928836633663366,-0.02690425102960695,0.008765658269959786,0.039483343451,5.0,36.65952299888886,True,True
20.488,117.33578443051181,-108.20996789347261,0.2675547582349012,4.897578347051973,117.233574,-108.2059,5.0,9630,0.9931930693069307,-0.075532171546789,0.011178232448750158,0.043923869143,5.0,38.10231900024519,True,True
20.537,117.49627903901512,-108.165868559637,0.26899228113585927,4.8982675668390065,117.38006899999999,-108.16401599999999,5.0,9631,0.9932962046204621,-0.06381770607341448,0.011613931541324174,0.045887507696,5.0,37.917051999102114,True,True
20.59,117.81710746968737,-108.07654086142341,0.27446417498829606,4.902395167021124,117.526519,-108.121926,5.0,9632,0.9933993399339934,-0.05334232641925301,0.011879269967924877,0.047304633482,5.0,40.72970900051587,True,True
20.638,117.97595191415579,-108.03180693050831,0.2788014967604744,4.857992524049765,117.819313,-108.03676000000002,5.0,9634,0.9936056105610561,-0.03984195401266445,0.009931109668424476,0.048559848286,5.0,38.50286700071592,True,True
20.687,118.29610063275229,-107.93947492769738,0.2867759161998877,4.9060842165961995,117.96427299999999,-107.99436100000001,5.0,9635,0.9937087458745875,-0.03922134006090559,0.007886853552223183,0.046588389917,5.0,37.04031500092242,True,True
20.737,118.45595303687931,-107.8920719002597,0.29093001949994374,4.900045212793594,118.25666799999999,-107.906626,5.0,9637,0.9939150165016502,-0.042959237529562024,0.008976136133898915,0.045090863801,5.0,37.781520000862656,True,True
20.785,118.61579118099947,-107.84377126325539,0.2953249027275285,4.913090345786755,118.402918,-107.861818,5.0,9638,0.9940181518151815,-0.044561867249376566,0.007554969178632298,0.043781488683,5.0,35.27455400035251,True,True
20.838,118.93498001303905,-107.74529766600347,0.30406917402858985,4.917137138520352,118.69503200000001,-107.771024,5.0,9640,0.9942244224422442,-0.047051823759839,0.00499280989638029,0.041306325679,5.0,38.393343000279856,True,True
20.884,119.09449818812035,-107.69485227697623,0.3084891668236158,4.921118882118873,118.986519,-107.678028,5.0,9642,0.994430693069307,-0.08474358466090015,0.009414256188374992,0.039494421967,5.0,34.23798699986946,True,True
20.938,119.41420494240307,-107.59139521314445,0.31757962838556125,4.934147542973656,119.277776,-107.58196000000001,5.0,9644,0.9946369636963697,-0.06617537567446173,0.010218910803348802,0.037403671939,5.0,38.70932300014829,True,True
20.986,119.57274217230996,-107.53895352546094,0.32145727081475733,4.912232138283883,119.42393899999999,-107.532794,5.0,9645,0.994740099009901,-0.05940415860276162,0.008539473731435265,0.036209502548,5.0,36.27460300049279,True,True
21.039,119.88928995525553,-107.43225575117927,0.32929216949257906,4.910871781280389,119.71305900000002,-107.43415800000001,5.0,9647,0.9949463696369637,-0.05481804693361901,0.004985450741658681,0.035543688576,5.0,39.555745001052856,True,True
21.088,120.04708068353567,-107.37799977723039,0.333209648288649,4.91112116595316,119.857564,-107.38451,5.0,9648,0.995049504950495,-0.055483078445019755,0.0023156098241510215,0.035491873412,5.0,38.35464000076172,True,True
21.136,120.36231283598225,-107.26755051165836,0.341188147763922,4.914407386965576,120.145923,-107.28468500000001,5.0,9650,0.9952557755775577,-0.05566565776041577,-0.0020893489256459397,0.03458659199,5.0,36.54960700077936,True,True
21.188,120.51957106567221,-107.21133645945363,0.34535075743121235,4.915908650151923,120.289826,-107.23443700000001,5.0,9651,0.9953589108910891,-0.05524800487801624,-0.00446564542789929,0.034369437868,5.0,38.194251001186785,True,True
21.236,120.83375551922299,-107.09695269590506,0.3528659400922972,4.923174699790733,120.72111799999999,-107.08228899999999,5.0,9654,0.9956683168316832,-0.0847364876313734,-0.006866602330519278,0.033088174178,5.0,36.759289001565776,True,True
21.287,120.98968793251036,-107.03922753244603,0.35645170193438946,4.840046111665194,120.86478500000001,-107.03088799999999,5.0,9655,0.9957714521452146,-0.07298885341146878,-0.00809931266345787,0.033172813904,5.0,37.17857199990249,True,True
21.334,121.30221407416744,-106.92168647041288,0.3636317683724683,4.926610111421699,121.15068899999999,-106.92735400000001,5.0,9657,0.9959777227722773,-0.05388011030806983,-0.009225822843489162,0.032866568979,5.0,35.123921999911545,True,True
21.386,121.45867293293021,-106.86191676293681,0.36722910978681667,4.912913856945683,121.29428700000001,-106.874498,5.0,9658,0.9960808580858086,-0.04784966295349254,-0.009556523987028775,0.032922415596,5.0,36.31755300011719,True,True
21.439,121.77122892550831,-106.74088039333631,0.3714130258153152,4.899822296950917,121.43780100000001,-106.82122199999999,5.0,9659,0.9961839933993399,-0.045432957565884155,-0.010054895744873615,0.032967697865,5.0,39.63707699949737,True,True
21.486,121.92709766169756,-106.67971294287159,0.3771934232716113,4.925425335709533,121.724373,-106.71321699999999,5.0,9661,0.9963902640264026,-0.04257848899756218,-0.0077576676029282865,0.036309094418,5.0,36.90914899925701,True,True
21.538,122.2381686683165,-106.55478455751079,0.38696813708231925,4.93040622060828,121.867269,-106.65855400000001,5.0,9662,0.996493399339934,-0.04136290207795412,-0.009501081920328946,0.033071653715,5.0,38.27911000007589,True,True
21.588,122.39423434036331,-106.49077110470411,0.3924787827294614,4.973107458496997,122.153002,-106.547103,5.0,9664,0.9966996699669967,-0.038606452509479215,-0.01084329451905397,0.028957411883,5.0,38.61454599973513,True,True
21.635,122.54895485555151,-106.42626728669994,0.39708161209092174,4.916522676828081,122.43924299999999,-106.43262299999999,5.0,9666,0.9969059405940595,-0.07353218018644152,-0.0080535012947065,0.026681402182,5.0,35.823480000544805,True,True
21.686,122.85664542389182,-106.29599399021876,0.40410885852627354,4.921928927603332,122.72215800000001,-106.31693,5.0,9668,0.9971122112211221,-0.048409047066719085,-0.008840993073867764,0.02469630911,5.0,36.44426999926509,True,True
21.736,123.00983233790883,-106.23005483281554,0.4084443566469274,4.906471870350692,122.86341399999999,-106.258338,5.0,9669,0.9972153465346535,-0.03825947231585868,-0.00902100823261165,0.024463462331,5.0,36.35362999921199,True,True
21.785,123.3155772874691,-106.09637498314746,0.41525459858671665,4.906456476417759,123.14486000000001,-106.139725,5.0,9671,0.9974216171617162,-0.02886782656591423,-0.010236676566621306,0.02099821574,5.0,35.2420630006236,True,True
21.836,123.46806644252477,-106.02897850461726,0.4169724893446146,4.90637732349383,123.285472,-106.079645,5.0,9672,0.9975247524752475,-0.027277203958587792,-0.009940947892043805,0.021826068591,5.0,36.16825500103005,True,True
21.885,123.7728516963273,-105.89341831673147,0.41992224019311986,4.910149141310443,123.565933,-105.958402,5.0,9674,0.9977310231023102,-0.024503403819117843,-0.008067049524971281,0.024542138109,5.0,35.28000400001474,True,True
21.935,123.9249742293805,-105.82560260201878,0.421005152807168,4.857426628606635,123.706047,-105.897227,5.0,9675,0.9978341584158416,-0.023427985477472043,-0.006763014807515955,0.026437663247,5.0,35.75788700072735,True,True
21.985,124.22791829446324,-105.68907643902504,0.4238521203133249,4.912037762046839,124.12438600000002,-105.711469,5.0,9678,0.9981435643564357,-0.0671662546746311,0.0004913205719945246,0.03110119542,5.0,35.98083399992902,True,True
22.038,124.38017637354785,-105.62017091140746,0.42576936362761375,4.916774939097351,124.264133,-105.648432,5.0,9679,0.998246699669967,-0.054437811498765136,0.0013832668508246826,0.032060855731,5.0,38.74448899841809,True,True
22.089,124.68427609514664,-105.48120584874174,0.43153636177458043,4.920272411085545,124.542928,-105.521032,5.0,9681,0.9984529702970297,-0.031786357455754734,0.003886522065402964,0.022918006212,5.0,39.83150000021851,True,True
22.148,124.98774895624186,-105.34088870914373,0.435025449964508,4.920159548378976,124.682195,-105.45644399999999,5.0,9682,0.9985561056105611,-0.024849147070242956,0.004150231687518158,-0.18900653643,5.0,48.97201300082088,True,True
22.184,125.13946066218966,-105.27022754096446,0.4367077097800799,4.921822865125575,124.95990400000001,-105.326355,5.0,9684,0.9987623762376238,-0.025050459645905014,0.005563556344927001,-0.19032838343,5.0,34.95035800006008,True,True
22.259,125.4437696783191,-105.12782133744638,0.4384197435686637,4.906853134953383,125.09869499999999,-105.26065,5.0,9685,0.9988655115511551,-0.026183948085943844,0.006733642216589342,0.22891352954,5.0,59.41869699927338,True,True
22.311,125.59484857154136,-105.05693471825064,0.4381745712283301,4.911739155373626,125.376718,-105.127799,5.0,9687,0.9990717821782178,-0.029135721792943912,0.009558927843408949,-0.18571557043,5.0,51.961398999992525,True,True
