x,y,yaw,aux1,aux2
34.597002, -93.948582, -0.718370, 0.432404, 0.574538
34.611618, -93.961363, -0.718836, 0.428336, 0.569744
34.626106, -93.974048, -0.719471, 0.424826, 0.565396
34.640487, -93.986658, -0.720219, 0.422416, 0.562420
34.654718, -93.999122, -0.719845, 0.414268, 0.555927
34.668749, -94.011487, -0.719452, 0.410669, 0.549590
34.682589, -94.023620, -0.718292, 0.402960, 0.537359
34.696177, -94.035450, -0.716321, 0.396993, 0.527585
34.709622, -94.047060, -0.715411, 0.395022, 0.523171
34.723068, -94.058681, -0.716661, 0.400301, 0.525472
34.736733, -94.070661, -0.716763, 0.400570, 0.531631
34.750377, -94.082541, -0.716703, 0.402418, 0.534775
34.764097, -94.094509, -0.717004, 0.405946, 0.538117
34.777881, -94.106520, -0.717183, 0.406042, 0.539140
34.791660, -94.118543, -0.717501, 0.405772, 0.538428
34.805396, -94.130532, -0.717730, 0.403915, 0.536132
34.819075, -94.142479, -0.718086, 0.402742, 0.534588
34.832722, -94.154408, -0.718548, 0.402240, 0.534167
34.846363, -94.166343, -0.719032, 0.402753, 0.535003
34.860027, -94.178309, -0.719245, 0.403806, 0.536421
34.873734, -94.190312, -0.719293, 0.404917, 0.538139
34.887491, -94.202362, -0.719369, 0.406629, 0.540309
34.901309, -94.214467, -0.719445, 0.408537, 0.542980
34.914994, -94.226462, -0.718764, 0.396282, 0.529777
34.928398, -94.238318, -0.718046, 0.399086, 0.529276
34.941903, -94.250150, -0.718543, 0.401823, 0.531721
34.955559, -94.262064, -0.718431, 0.407426, 0.538853
34.969478, -94.274157, -0.718445, 0.414351, 0.548324
34.983655, -94.286426, -0.718429, 0.418237, 0.557162
34.997466, -94.298672, -0.718486, 0.414097, 0.549012
35.011412, -94.310903, -0.718306, 0.406738, 0.540113
35.025184, -94.322858, -0.718417, 0.403688, 0.536987
35.038895, -94.334806, -0.718403, 0.404247, 0.538782
35.052695, -94.346885, -0.718403, 0.407873, 0.544673
35.066681, -94.359179, -0.718405, 0.414204, 0.553638
35.080901, -94.371730, -0.718393, 0.423466, 0.563449
35.095136, -94.384033, -0.718303, 0.418194, 0.559606
35.109534, -94.396621, -0.718446, 0.427429, 0.567441
35.124117, -94.409368, -0.718345, 0.432016, 0.574048
35.138867, -94.422263, -0.718400, 0.437071, 0.580534
35.153782, -94.435302, -0.718371, 0.441784, 0.586898
35.168858, -94.448482, -0.718386, 0.446517, 0.593140
35.184093, -94.461800, -0.718379, 0.451116, 0.599264
35.199482, -94.475253, -0.718382, 0.455646, 0.605272
35.215025, -94.488840, -0.718381, 0.460084, 0.611164
35.230716, -94.502558, -0.718381, 0.464430, 0.616944
35.246554, -94.516404, -0.718381, 0.468700, 0.622613
35.262543, -94.530381, -0.718381, 0.474057, 0.629729
35.278759, -94.544557, -0.718381, 0.481290, 0.639336
35.295219, -94.558947, -0.718381, 0.488395, 0.648772
35.311918, -94.573545, -0.718381, 0.495370, 0.658031
35.328851, -94.588348, -0.718381, 0.502207, 0.667116
35.346015, -94.603353, -0.718381, 0.508919, 0.676032
35.363405, -94.618556, -0.718381, 0.515505, 0.684779
35.381017, -94.633952, -0.718381, 0.521968, 0.693362
35.398847, -94.649539, -0.718381, 0.528313, 0.701784
35.416890, -94.665313, -0.718381, 0.534530, 0.710047
35.435143, -94.681269, -0.718381, 0.540638, 0.718154
35.453601, -94.697406, -0.718381, 0.546623, 0.726107
35.472261, -94.713718, -0.718381, 0.552500, 0.733910
35.491119, -94.730204, -0.718381, 0.558262, 0.741565
35.510171, -94.746859, -0.718381, 0.563915, 0.749074
35.529413, -94.763681, -0.718381, 0.569465, 0.756441
35.548842, -94.780666, -0.718381, 0.574905, 0.763668
35.568454, -94.797811, -0.718381, 0.580240, 0.770756
35.588246, -94.815113, -0.718381, 0.585475, 0.777709
35.608215, -94.832570, -0.718381, 0.590613, 0.784529
35.628356, -94.850177, -0.718381, 0.595646, 0.791219
35.648667, -94.867933, -0.718381, 0.600587, 0.797779
35.669144, -94.885834, -0.718381, 0.605433, 0.804214
35.689784, -94.903878, -0.718381, 0.610182, 0.810525
35.710622, -94.922095, -0.718381, 0.617491, 0.820228
35.731722, -94.940541, -0.718381, 0.625165, 0.830424
35.753081, -94.959213, -0.718381, 0.632696, 0.840429
35.774693, -94.978106, -0.718381, 0.640087, 0.850245
35.796471, -94.997119, -0.718322, 0.636209, 0.844289
35.818203, -95.016011, -0.718396, 0.640950, 0.851857
35.840159, -95.035207, -0.718480, 0.650845, 0.867306
35.862500, -95.054893, -0.718450, 0.661765, 0.884820
35.885121, -95.074565, -0.718358, 0.645511, 0.887069
35.907577, -95.094411, -0.718430, 0.666757, 0.887622
35.930327, -95.114215, -0.718418, 0.672267, 0.890031
35.953312, -95.134225, -0.718215, 0.687283, 0.905040
35.976097, -95.154065, -0.718477, 0.659731, 0.879520
35.998610, -95.173880, -0.718573, 0.668257, 0.889107
36.021586, -95.193963, -0.718483, 0.695358, 0.913865
36.045263, -95.214513, -0.718419, 0.693043, 0.920577
36.068618, -95.234960, -0.718489, 0.694488, 0.922424
36.092305, -95.255674, -0.718549, 0.700301, 0.930552
36.116194, -95.276570, -0.718594, 0.706476, 0.938440
36.140285, -95.297637, -0.718609, 0.712105, 0.946171
36.164570, -95.318880, -0.718638, 0.717971, 0.953837
36.189052, -95.340292, -0.718638, 0.723641, 0.961462
36.213728, -95.361876, -0.718644, 0.729376, 0.969048
36.238597, -95.383628, -0.718640, 0.734996, 0.976507
36.263655, -95.405545, -0.718643, 0.740482, 0.983821
36.288898, -95.427625, -0.718642, 0.745902, 0.990994
36.314331, -95.449870, -0.718643, 0.752365, 0.999582
36.340027, -95.472345, -0.718642, 0.760673, 1.010633
36.366004, -95.495066, -0.718643, 0.768853, 1.021482
36.392256, -95.518028, -0.718643, 0.776855, 1.032127
36.418777, -95.541226, -0.718643, 0.784720, 1.042570
36.445563, -95.564655, -0.718643, 0.792435, 1.052814
36.472609, -95.588311, -0.718643, 0.799987, 1.062865
36.499910, -95.612190, -0.718644, 0.807416, 1.072723
36.527461, -95.636288, -0.718644, 0.814689, 1.082395
36.555256, -95.660600, -0.718644, 0.821839, 1.091881
36.583292, -95.685122, -0.718644, 0.828846, 1.101187
36.611564, -95.709851, -0.718645, 0.835709, 1.110314
36.640068, -95.734782, -0.718645, 0.842449, 1.119266
36.668798, -95.759911, -0.718645, 0.849062, 1.128047
36.697751, -95.785236, -0.718646, 0.855543, 1.136659
36.726922, -95.810751, -0.718646, 0.861870, 1.145102
36.756307, -95.836453, -0.718646, 0.868100, 1.153379
36.785901, -95.862339, -0.718646, 0.874236, 1.161492
36.815701, -95.888404, -0.718646, 0.880215, 1.169440
36.845703, -95.914646, -0.718647, 0.886063, 1.177222
36.875960, -95.941117, -0.718795, 0.896153, 1.186299
36.906124, -95.967484, -0.719356, 0.888126, 1.178820
36.936081, -95.993807, -0.719464, 0.879553, 1.175399
36.966583, -96.020505, -0.719465, 0.897577, 1.193831
36.997138, -96.047305, -0.720183, 0.901884, 1.199073
37.027803, -96.074203, -0.720163, 0.903635, 1.202450
37.058572, -96.101218, -0.720080, 0.909313, 1.214851
37.089468, -96.128311, -0.719014, 0.905255, 1.207269
37.120199, -96.155136, -0.718426, 0.902075, 1.197157
37.150994, -96.182101, -0.719412, 0.919358, 1.217421
37.182025, -96.209271, -0.718258, 0.898986, 1.203650
37.212971, -96.236489, -0.719410, 0.910832, 1.213234
37.244319, -96.263850, -0.719196, 0.932625, 1.235447
37.275659, -96.291058, -0.717312, 0.921905, 1.218843
37.307166, -96.318502, -0.717013, 0.934580, 1.242949
37.338990, -96.346379, -0.716944, 0.942669, 1.248401
37.370983, -96.374240, -0.716825, 0.947930, 1.256780
37.403352, -96.402441, -0.716614, 0.958028, 1.270661
37.436080, -96.430949, -0.716594, 0.968474, 1.284448
37.469159, -96.459762, -0.716563, 0.978835, 1.298105
37.502587, -96.488879, -0.716590, 0.988978, 1.311595
37.536357, -96.518295, -0.716624, 0.998936, 1.324859
37.570466, -96.548009, -0.716671, 1.009422, 1.338795
37.604977, -96.578076, -0.716720, 1.022093, 1.355650
37.639913, -96.608517, -0.716766, 1.034475, 1.372133
37.675267, -96.639324, -0.716808, 1.046578, 1.388237
37.711027, -96.670488, -0.716843, 1.058409, 1.403975
37.747185, -96.702000, -0.716873, 1.069979, 1.419358
37.783738, -96.733859, -0.716898, 1.082372, 1.435831
37.820755, -96.766124, -0.716921, 1.096564, 1.454685
37.858250, -96.798806, -0.716940, 1.110457, 1.473140
37.896212, -96.831897, -0.716957, 1.124053, 1.491198
37.934632, -96.865388, -0.716972, 1.137359, 1.508868
37.973499, -96.899270, -0.716983, 1.150381, 1.526160
38.012815, -96.933544, -0.716993, 1.164579, 1.545004
38.052652, -96.968272, -0.717000, 1.180175, 1.565709
38.093013, -97.003458, -0.717006, 1.195452, 1.585981
38.133888, -97.039093, -0.717008, 1.210407, 1.605824
38.175342, -97.075248, -0.717007, 1.221867, 1.625961
38.216643, -97.111034, -0.716280, 1.223793, 1.619968
38.258221, -97.147359, -0.716546, 1.229642, 1.628004
38.300319, -97.184161, -0.715551, 1.253452, 1.660070
38.343139, -97.221371, -0.715499, 1.266942, 1.678871
38.386222, -97.258919, -0.715607, 1.264016, 1.677078
38.429812, -97.296870, -0.717100, 1.296907, 1.717741
38.473935, -97.335205, -0.716298, 1.306550, 1.726121
38.518470, -97.373931, -0.716345, 1.318389, 1.748615
38.563524, -97.413166, -0.716343, 1.333099, 1.767260
38.609073, -97.452805, -0.716020, 1.347068, 1.785989
38.655113, -97.492862, -0.716075, 1.361516, 1.805058
38.701636, -97.533347, -0.716084, 1.375880, 1.824002
38.748645, -97.574250, -0.716099, 1.389985, 1.842830
38.796127, -97.615575, -0.716207, 1.404168, 1.861559
38.844079, -97.657313, -0.716244, 1.417984, 1.879935
38.892495, -97.699458, -0.716287, 1.431458, 1.897884
38.941364, -97.742001, -0.716326, 1.444647, 1.915433
38.990676, -97.784933, -0.716362, 1.457532, 1.932583
39.040422, -97.828246, -0.716392, 1.470136, 1.949340
39.090591, -97.871930, -0.716417, 1.482451, 1.965713
39.141175, -97.915976, -0.716434, 1.494497, 1.981714
39.192163, -97.960376, -0.716445, 1.506277, 1.997354
39.243548, -98.005122, -0.716450, 1.517788, 2.012637
39.295467, -98.050284, -0.716530, 1.538817, 2.040189
39.347241, -98.095517, -0.717496, 1.519487, 2.017856
39.399310, -98.140921, -0.717576, 1.538567, 2.043192
39.451729, -98.186719, -0.718499, 1.545426, 2.053128
39.504035, -98.232598, -0.720544, 1.541675, 2.055077
39.556409, -98.278589, -0.722089, 1.537727, 2.049082
39.608859, -98.324773, -0.723138, 1.545325, 2.061658
39.661455, -98.371249, -0.724264, 1.548155, 2.067056
39.714266, -98.417954, -0.725685, 1.552289, 2.075055
39.767067, -98.464833, -0.726255, 1.555710, 2.080710
39.820003, -98.511863, -0.726614, 1.559551, 2.087105
39.873104, -98.559082, -0.727000, 1.565531, 2.095563
39.926410, -98.606507, -0.726966, 1.572632, 2.104466
39.979973, -98.654120, -0.726366, 1.580124, 2.113921
40.033822, -98.701925, -0.725643, 1.588746, 2.124115
40.087978, -98.749925, -0.724742, 1.598096, 2.134889
40.142461, -98.798118, -0.723628, 1.607967, 2.145892
40.197290, -98.846499, -0.722396, 1.617981, 2.157015
40.252467, -98.895083, -0.721610, 1.627936, 2.168779
40.307967, -98.943886, -0.720857, 1.637809, 2.180109
40.363798, -98.992894, -0.720030, 1.647200, 2.191330
40.419949, -99.042112, -0.719359, 1.656834, 2.202585
40.476745, -99.091791, -0.718334, 1.681930, 2.236370
40.533029, -99.140991, -0.717511, 1.650264, 2.193999
40.589574, -99.190209, -0.715519, 1.667926, 2.209570
40.646117, -99.239128, -0.711710, 1.679280, 2.222490
40.703250, -99.288436, -0.711288, 1.674520, 2.217686
40.760370, -99.337677, -0.710873, 1.685165, 2.223404
40.817643, -99.387002, -0.710201, 1.659285, 2.203684
40.874992, -99.436256, -0.711271, 1.703222, 2.242356
40.932586, -99.485760, -0.709236, 1.696580, 2.231562
40.990349, -99.535224, -0.707701, 1.703889, 2.243049
41.048410, -99.584831, -0.706361, 1.712394, 2.251341
41.106760, -99.634545, -0.704945, 1.721165, 2.260118
41.165413, -99.684370, -0.703418, 1.730463, 2.269307
41.224385, -99.734304, -0.701741, 1.740125, 2.278673
41.283688, -99.784339, -0.699921, 1.749863, 2.287879
41.343326, -99.834468, -0.698039, 1.759444, 2.296731
41.403295, -99.884687, -0.696301, 1.769253, 2.306151
41.463581, -99.935000, -0.694534, 1.778725, 2.314854
41.524189, -99.985391, -0.692738, 1.787986, 2.323620
41.585109, -100.035862, -0.690973, 1.797121, 2.331968
41.646336, -100.086403, -0.689193, 1.806041, 2.340162
41.707864, -100.137009, -0.687426, 1.814820, 2.348086
41.769795, -100.187826, -0.685995, 1.789509, 2.331067
41.830638, -100.237703, -0.685639, 1.785948, 2.310617
41.892342, -100.288180, -0.684980, 1.824648, 2.353851
41.954253, -100.338810, -0.686723, 1.819621, 2.352162
42.016339, -100.389752, -0.685884, 1.815627, 2.345433
42.077995, -100.440085, -0.685493, 1.816885, 2.346825
42.139792, -100.490506, -0.685064, 1.816426, 2.346519
42.201529, -100.540950, -0.685035, 1.816197, 2.345763
42.263237, -100.591369, -0.684872, 1.816116, 2.344553
42.324954, -100.641729, -0.683907, 1.817148, 2.344558
42.386752, -100.692054, -0.682968, 1.820071, 2.346512
42.448660, -100.742363, -0.681708, 1.824185, 2.349182
42.510735, -100.792655, -0.680073, 1.829775, 2.353316
42.573020, -100.842927, -0.677977, 1.836712, 2.358175
42.635568, -100.893173, -0.675532, 1.844963, 2.364324
42.698414, -100.943399, -0.672933, 1.854087, 2.371028
42.761580, -100.993602, -0.670144, 1.863784, 2.378201
42.825320, -101.043907, -0.666711, 1.887834, 2.397779
42.888895, -101.093750, -0.663106, 1.859684, 2.361091
42.952423, -101.143121, -0.658489, 1.874028, 2.369646
43.016185, -101.192234, -0.654315, 1.880154, 2.369760
43.080142, -101.241102, -0.650697, 1.885567, 2.370027
43.144138, -101.289573, -0.646618, 1.882357, 2.358843
43.208553, -101.338058, -0.640933, 1.905561, 2.374802
43.273084, -101.386107, -0.638847, 1.903464, 2.370776
43.337614, -101.434035, -0.637088, 1.897458, 2.359105
43.402813, -101.482028, -0.634811, 1.913490, 2.379476
43.467908, -101.529756, -0.631235, 1.920624, 2.380026
43.533370, -101.577470, -0.628423, 1.930585, 2.386820
43.599146, -101.625134, -0.625729, 1.939930, 2.393675
43.665238, -101.672759, -0.623076, 1.949627, 2.400865
43.731649, -101.720341, -0.620245, 1.959062, 2.407395
43.798393, -101.767870, -0.617448, 1.968670, 2.414603
43.865457, -101.815357, -0.614743, 1.977957, 2.421116
43.932833, -101.862784, -0.611980, 1.987071, 2.427672
44.000517, -101.910153, -0.609242, 1.996027, 2.433871
44.068502, -101.957452, -0.606471, 2.004834, 2.439936
44.136784, -102.004679, -0.603697, 2.013528, 2.445799
44.204921, -102.051610, -0.601303, 2.015104, 2.441225
44.273749, -102.098482, -0.598474, 2.005462, 2.417056
44.342491, -102.145269, -0.595656, 2.057366, 2.476856
44.411366, -102.191865, -0.592905, 2.014742, 2.430905
44.480272, -102.238208, -0.589964, 2.034854, 2.447932
44.549782, -102.284606, -0.587245, 2.045031, 2.456888
44.619036, -102.330487, -0.584199, 2.047201, 2.452984
44.688779, -102.376433, -0.580957, 2.060884, 2.465011
44.759018, -102.422374, -0.577674, 2.072387, 2.474046
44.829650, -102.468259, -0.574601, 2.083698, 2.482603
44.900661, -102.514088, -0.571652, 2.094840, 2.491109
44.972046, -102.559865, -0.568785, 2.106002, 2.499708
45.043800, -102.605590, -0.565899, 2.116942, 2.507948
45.115925, -102.651252, -0.562916, 2.127850, 2.516233
45.188426, -102.696854, -0.560002, 2.138780, 2.524530
45.261296, -102.742395, -0.557143, 2.149695, 2.532843
45.334625, -102.787906, -0.553517, 2.144018, 2.520973
45.407892, -102.832899, -0.550342, 2.188439, 2.558505
45.481302, -102.877915, -0.547852, 2.148795, 2.517714
45.554668, -102.922486, -0.543854, 2.162144, 2.527116
45.628241, -102.966801, -0.540528, 2.169617, 2.530742
45.702051, -103.010952, -0.537695, 2.173381, 2.530786
45.775993, -103.054919, -0.535275, 2.177495, 2.531907
45.849867, -103.098508, -0.532733, 2.156952, 2.505306
45.923977, -103.142072, -0.527448, 2.190029, 2.532581
45.997886, -103.185163, -0.525862, 2.189307, 2.526718
46.072574, -103.228347, -0.523686, 2.192880, 2.530317
46.147253, -103.271275, -0.520076, 2.201413, 2.537291
46.222271, -103.314084, -0.517111, 2.211990, 2.544924
46.297629, -103.356803, -0.514337, 2.222238, 2.552669
46.373332, -103.399444, -0.511630, 2.232686, 2.560678
46.449375, -103.442005, -0.508756, 2.242767, 2.567862
46.525773, -103.484459, -0.505731, 2.253164, 2.575681
46.602523, -103.526821, -0.502868, 2.263294, 2.582956
46.679611, -103.569072, -0.499884, 2.273224, 2.590163
46.757037, -103.611211, -0.496939, 2.283013, 2.597093
46.834436, -103.652965, -0.494396, 2.296222, 2.607951
46.912427, -103.694844, -0.491390, 2.294654, 2.602664
46.990128, -103.736284, -0.488102, 2.283860, 2.590759
47.068487, -103.777925, -0.485199, 2.305195, 2.607679
47.147334, -103.819331, -0.481970, 2.319757, 2.618430
47.225721, -103.860289, -0.479218, 2.319471, 2.624831
47.304465, -103.901038, -0.476036, 2.308923, 2.596998
47.383319, -103.941548, -0.473473, 2.323988, 2.611020
47.462424, -103.981939, -0.470799, 2.334508, 2.619693
47.541884, -104.022251, -0.468239, 2.341355, 2.623941
47.621575, -104.062434, -0.465792, 2.348317, 2.628331
47.701490, -104.102472, -0.463021, 2.355235, 2.632394
47.781661, -104.142351, -0.460202, 2.362907, 2.637404
47.862092, -104.182083, -0.457407, 2.370609, 2.642226
47.942787, -104.221655, -0.454447, 2.378583, 2.647339
48.023985, -104.261188, -0.451135, 2.386413, 2.652594
48.104758, -104.300106, -0.447535, 2.384935, 2.643922
48.185816, -104.338845, -0.444437, 2.389971, 2.646978
48.267328, -104.377527, -0.442025, 2.381224, 2.633771
48.348330, -104.415686, -0.438008, 2.387216, 2.636487
48.429586, -104.453558, -0.434336, 2.393392, 2.638603
48.510973, -104.491148, -0.431101, 2.395654, 2.637127
48.592442, -104.528476, -0.428239, 2.398300, 2.636565
48.674012, -104.565584, -0.425699, 2.401631, 2.637162
48.755296, -104.602327, -0.422098, 2.395577, 2.630754
48.836430, -104.638617, -0.419236, 2.404504, 2.633685
48.918210, -104.674984, -0.415822, 2.406224, 2.630463
49.000287, -104.711044, -0.412171, 2.417362, 2.638713
49.082676, -104.746952, -0.410074, 2.424734, 2.643959
49.165096, -104.782685, -0.407821, 2.428350, 2.644974
49.247736, -104.818236, -0.404739, 2.435484, 2.649668
49.330651, -104.853610, -0.401791, 2.443586, 2.655164
49.413840, -104.888819, -0.398989, 2.451823, 2.660895
49.497291, -104.923863, -0.396029, 2.459489, 2.665730
49.580696, -104.958702, -0.393180, 2.445989, 2.648279
49.664731, -104.993271, -0.390632, 2.467958, 2.669573
49.748755, -105.027661, -0.387415, 2.475790, 2.673781
49.833030, -105.061897, -0.384357, 2.483512, 2.678934
49.917071, -105.095929, -0.380923, 2.493813, 2.687639
50.001807, -105.129729, -0.377832, 2.492735, 2.681643
50.086930, -105.163371, -0.374720, 2.522194, 2.714785
50.171862, -105.196664, -0.372022, 2.492195, 2.674480
50.256602, -105.229573, -0.368955, 2.498283, 2.678289
50.341576, -105.262276, -0.365933, 2.504868, 2.682485
50.426776, -105.294785, -0.363140, 2.511432, 2.686638
50.512209, -105.327116, -0.360392, 2.520708, 2.693617
50.598020, -105.359307, -0.357386, 2.528400, 2.698988
50.684068, -105.391294, -0.354434, 2.535409, 2.703470
50.770349, -105.423075, -0.351361, 2.542322, 2.707751
50.856872, -105.454638, -0.348251, 2.549467, 2.712320
50.943801, -105.486040, -0.344633, 2.541449, 2.701074
51.030281, -105.516884, -0.341179, 2.551165, 2.706495
51.117026, -105.547515, -0.337854, 2.558196, 2.711608
51.204153, -105.577897, -0.334736, 2.591128, 2.738119
51.291194, -105.608135, -0.332293, 2.544500, 2.692063
51.377932, -105.637881, -0.328293, 2.554518, 2.698807
51.464860, -105.667315, -0.324758, 2.559923, 2.701248
51.551893, -105.696460, -0.321562, 2.561520, 2.700022
51.638985, -105.725330, -0.318659, 2.563470, 2.699477
51.725737, -105.753882, -0.316913, 2.530951, 2.658574
51.812301, -105.782179, -0.316440, 2.564090, 2.696978
51.899461, -105.810651, -0.316200, 2.562482, 2.695985
51.986727, -105.839125, -0.314673, 2.567127, 2.699763
52.074124, -105.867484, -0.312801, 2.571184, 2.702453
52.161600, -105.895686, -0.310969, 2.572554, 2.702236
52.249118, -105.923730, -0.309244, 2.577413, 2.705848
52.336804, -105.951666, -0.307623, 2.582409, 2.709690
52.424659, -105.979503, -0.306073, 2.587624, 2.713796
52.512683, -106.007240, -0.304320, 2.592660, 2.717459
52.600533, -106.034662, -0.303156, 2.602010, 2.724681
52.688862, -106.062151, -0.301037, 2.595392, 2.717994
52.777179, -106.089476, -0.298958, 2.601330, 2.722118
52.865683, -106.116656, -0.296895, 2.606739, 2.725966
52.953882, -106.143658, -0.294348, 2.606534, 2.728259
53.042748, -106.170574, -0.292298, 2.613209, 2.729180
53.132141, -106.197391, -0.290239, 2.615409, 2.729879
53.220584, -106.223674, -0.288031, 2.605849, 2.718215
53.309207, -106.249823, -0.285794, 2.611644, 2.722038
53.398008, -106.275808, -0.283555, 2.616768, 2.725575
53.486985, -106.301630, -0.281391, 2.621937, 2.729285
53.576231, -106.327326, -0.279261, 2.631178, 2.737187
53.665742, -106.352885, -0.277025, 2.636336, 2.740843
53.755435, -106.378283, -0.274868, 2.641607, 2.744632
53.845303, -106.403522, -0.272702, 2.646756, 2.748314
53.935350, -106.428609, -0.270564, 2.656712, 2.759097
54.025573, -106.453502, -0.267963, 2.637354, 2.734763
54.115479, -106.478063, -0.265637, 2.649101, 2.745106
54.205634, -106.502460, -0.263048, 2.655889, 2.750587
54.295952, -106.526665, -0.260678, 2.658772, 2.751818
54.386601, -106.550749, -0.259157, 2.648583, 2.739571
54.476575, -106.574514, -0.256692, 2.650490, 2.740517
54.566659, -106.598037, -0.254168, 2.654263, 2.742423
54.656867, -106.621361, -0.251892, 2.653944, 2.740488
54.746736, -106.644520, -0.250323, 2.632820, 2.718224
54.836442, -106.667321, -0.251193, 2.632220, 2.718850
54.926195, -106.690213, -0.249374, 2.639778, 2.724368
55.016103, -106.713054, -0.247225, 2.645994, 2.728919
55.106170, -106.735672, -0.244921, 2.649173, 2.730819
55.196228, -106.758115, -0.243643, 2.648897, 2.729506
55.286308, -106.780449, -0.242454, 2.651884, 2.731837
55.376496, -106.802700, -0.241331, 2.655210, 2.734503
55.466802, -106.824876, -0.240274, 2.658768, 2.737452
55.557232, -106.846984, -0.239289, 2.662485, 2.740614
55.647484, -106.869069, -0.238699, 2.640019, 2.717933
55.738168, -106.890965, -0.238615, 2.663821, 2.742693
55.828755, -106.912886, -0.237474, 2.666838, 2.743766
55.919460, -106.934794, -0.236612, 2.670713, 2.747229
56.010298, -106.956647, -0.235567, 2.674693, 2.750677
56.100752, -106.978433, -0.234124, 2.674246, 2.752894
56.192066, -107.000371, -0.233107, 2.695037, 2.766889
56.282760, -107.021796, -0.231877, 2.662833, 2.736287
56.373261, -107.043114, -0.230883, 2.665371, 2.738180
56.463848, -107.064374, -0.230139, 2.667963, 2.740225
56.554522, -107.085585, -0.229459, 2.671931, 2.743856
56.645464, -107.106794, -0.228797, 2.677048, 2.748730
56.736498, -107.127964, -0.228180, 2.679799, 2.751158
56.827627, -107.149098, -0.227601, 2.682733, 2.753798
56.918858, -107.170201, -0.227030, 2.685916, 2.756691
57.010197, -107.191272, -0.226337, 2.689212, 2.759575
57.101803, -107.212393, -0.225324, 2.714032, 2.785093
57.193114, -107.233144, -0.223489, 2.683627, 2.752514
57.284350, -107.253826, -0.222494, 2.686141, 2.753995
57.375771, -107.274454, -0.221412, 2.690310, 2.757688
57.467210, -107.294991, -0.220471, 2.690554, 2.757341
57.558769, -107.315482, -0.220052, 2.673784, 2.739720
57.649757, -107.335757, -0.218001, 2.679040, 2.744140
57.740868, -107.355850, -0.216127, 2.682224, 2.746173
57.831745, -107.375852, -0.214732, 2.650048, 2.715134
57.922448, -107.395468, -0.216360, 2.652482, 2.717196
58.013080, -107.415287, -0.215088, 2.666610, 2.729628
58.103864, -107.435100, -0.213570, 2.671087, 2.733262
58.194820, -107.454766, -0.212155, 2.675221, 2.736710
58.285755, -107.474313, -0.211362, 2.674615, 2.735488
58.376705, -107.493791, -0.210604, 2.677383, 2.737921
58.467755, -107.513220, -0.209888, 2.680489, 2.740677
58.558915, -107.532607, -0.209209, 2.683836, 2.743702
58.650191, -107.551955, -0.208553, 2.687410, 2.746970
58.741590, -107.571265, -0.207830, 2.691135, 2.750307
58.832724, -107.590456, -0.207440, 2.689657, 2.745987
58.924425, -107.609579, -0.206600, 2.692645, 2.750369
59.015976, -107.628689, -0.205459, 2.695373, 2.753304
59.107651, -107.647747, -0.204443, 2.699230, 2.756628
59.199400, -107.666668, -0.203342, 2.675997, 2.729107
59.291070, -107.685838, -0.202089, 2.723377, 2.777401
59.382708, -107.704541, -0.200922, 2.688491, 2.743524
59.474142, -107.723083, -0.199764, 2.691019, 2.745963
59.565607, -107.741532, -0.198691, 2.693547, 2.747625
59.657171, -107.759913, -0.197532, 2.697441, 2.750944
59.748906, -107.778221, -0.196449, 2.705309, 2.758363
59.840923, -107.796481, -0.195344, 2.709227, 2.761763
59.933068, -107.814662, -0.194267, 2.713009, 2.765028
60.025339, -107.832765, -0.193191, 2.716719, 2.768224
60.117736, -107.850789, -0.192124, 2.720350, 2.771347
60.210254, -107.868735, -0.191060, 2.723890, 2.774381
60.303087, -107.886629, -0.189870, 2.717032, 2.767312
60.395345, -107.904264, -0.188581, 2.719751, 2.768517
60.487846, -107.921841, -0.186982, 2.725583, 2.773934
60.580516, -107.939293, -0.185344, 2.727638, 2.775212
60.673509, -107.956590, -0.183970, 2.750521, 2.797989
60.765987, -107.973843, -0.183265, 2.720090, 2.766320
60.858361, -107.990894, -0.181643, 2.718707, 2.764201
60.950517, -108.007879, -0.180809, 2.699974, 2.745370
61.042437, -108.024602, -0.183198, 2.694031, 2.740692
61.134307, -108.041546, -0.182609, 2.701629, 2.747487
61.226252, -108.058525, -0.181546, 2.704359, 2.749579
61.318310, -108.075354, -0.179865, 2.707036, 2.751555
61.410317, -108.092044, -0.179089, 2.704981, 2.748943
61.502279, -108.108655, -0.178369, 2.706654, 2.750325
61.594310, -108.125215, -0.177689, 2.708928, 2.752293
61.686426, -108.141728, -0.177119, 2.711562, 2.754717
61.778639, -108.158225, -0.177068, 2.714426, 2.757607
61.870952, -108.174751, -0.177196, 2.717652, 2.760909
61.963305, -108.191344, -0.177296, 2.687595, 2.735332
62.055584, -108.207721, -0.178178, 2.728554, 2.773391
62.148063, -108.224357, -0.178133, 2.719687, 2.763556
62.240556, -108.241009, -0.178238, 2.722825, 2.766681
62.333167, -108.257719, -0.178323, 2.737075, 2.784089
62.425614, -108.273949, -0.178058, 2.700683, 2.743601
62.517686, -108.290553, -0.177912, 2.712276, 2.756044
62.609888, -108.307169, -0.178043, 2.712663, 2.756046
62.702119, -108.323868, -0.178880, 2.715790, 2.759813
62.794438, -108.340658, -0.179344, 2.717057, 2.761362
62.886813, -108.357447, -0.179331, 2.718938, 2.763377
62.979253, -108.374206, -0.179273, 2.720783, 2.765124
63.071762, -108.390968, -0.179213, 2.722950, 2.767300
63.164350, -108.407737, -0.179138, 2.725412, 2.769764
63.257027, -108.424515, -0.179046, 2.728143, 2.772492
63.349800, -108.441301, -0.178948, 2.731011, 2.775361
63.442877, -108.458205, -0.178746, 2.752230, 2.796599
63.535497, -108.474821, -0.177961, 2.725495, 2.769333
63.628088, -108.491459, -0.177819, 2.726085, 2.769748
63.720863, -108.508117, -0.177524, 2.729841, 2.773475
63.813893, -108.524732, -0.177427, 2.750018, 2.794176
63.906351, -108.541411, -0.177584, 2.719510, 2.763034
63.998650, -108.557936, -0.176675, 2.715770, 2.758734
64.090652, -108.574433, -0.176813, 2.704508, 2.746697
64.182051, -108.590812, -0.178467, 2.704290, 2.748380
64.273971, -108.607416, -0.180858, 2.698185, 2.743024
64.365752, -108.624327, -0.184414, 2.699270, 2.745797
64.457607, -108.641510, -0.185172, 2.700362, 2.747358
64.549384, -108.658705, -0.185139, 2.697357, 2.744296
64.641080, -108.675875, -0.185056, 2.698663, 2.745566
64.732833, -108.693046, -0.184951, 2.700601, 2.747483
64.824661, -108.710222, -0.184863, 2.702964, 2.749842
64.916577, -108.727410, -0.184926, 2.705653, 2.752626
65.008590, -108.744630, -0.185069, 2.708728, 2.755809
65.100710, -108.761881, -0.185169, 2.712035, 2.759229
65.192535, -108.779044, -0.185988, 2.713784, 2.758299
65.284884, -108.796324, -0.186083, 2.711669, 2.758757
65.377084, -108.813654, -0.185998, 2.714036, 2.761682
65.469452, -108.831071, -0.186023, 2.751863, 2.801384
65.561631, -108.848037, -0.185421, 2.681619, 2.727279
65.653368, -108.865270, -0.185498, 2.704333, 2.751327
65.745273, -108.882555, -0.185369, 2.707886, 2.755003
65.837383, -108.899903, -0.185441, 2.712006, 2.759313
65.929602, -108.917262, -0.185072, 2.714903, 2.762068
66.021928, -108.934594, -0.184575, 2.717858, 2.764885
66.114365, -108.951855, -0.184558, 2.721185, 2.768238
66.206901, -108.969129, -0.184526, 2.724113, 2.771184
66.299534, -108.986416, -0.184449, 2.726948, 2.774035
66.392266, -109.003712, -0.184367, 2.729776, 2.776856
66.485093, -109.021020, -0.184301, 2.732537, 2.779644
66.578219, -109.038445, -0.184148, 2.753265, 2.800335
66.670888, -109.055592, -0.183435, 2.727129, 2.773707
66.763531, -109.072762, -0.183248, 2.728473, 2.774883
66.856361, -109.089948, -0.182912, 2.731388, 2.777760
66.949380, -109.107151, -0.183304, 2.715497, 2.761537
67.041725, -109.124265, -0.182708, 2.717993, 2.764125
67.134032, -109.141298, -0.182184, 2.718348, 2.764110
67.225512, -109.158088, -0.182469, 2.673407, 2.718203
67.317504, -109.174954, -0.183942, 2.704148, 2.750712
67.409455, -109.192134, -0.185480, 2.701923, 2.749143
67.501340, -109.209450, -0.187075, 2.700308, 2.748329
67.593178, -109.226908, -0.188650, 2.697657, 2.746428
67.684811, -109.244474, -0.190159, 2.696126, 2.745646
67.776456, -109.262182, -0.191545, 2.697031, 2.747281
67.868145, -109.280014, -0.192461, 2.698862, 2.749575
67.959905, -109.297918, -0.192941, 2.701006, 2.752103
68.051748, -109.315881, -0.193344, 2.703701, 2.755061
68.143689, -109.333897, -0.193620, 2.706777, 2.758316
68.235738, -109.351949, -0.193628, 2.710075, 2.761680
68.327500, -109.369900, -0.194321, 2.712488, 2.761153
68.419775, -109.387964, -0.194444, 2.709670, 2.761220
68.511907, -109.406080, -0.194387, 2.711952, 2.764013
68.604250, -109.424049, -0.194198, 2.712704, 2.767324
68.696352, -109.442293, -0.194444, 2.696466, 2.747787
68.787980, -109.460370, -0.194011, 2.700043, 2.751417
68.879748, -109.478430, -0.193652, 2.703640, 2.754886
68.971630, -109.496466, -0.193021, 2.707139, 2.758113
69.063635, -109.514460, -0.192300, 2.710690, 2.761351
69.155736, -109.532372, -0.191433, 2.712459, 2.762875
69.248066, -109.550222, -0.190516, 2.720210, 2.770336
69.340578, -109.568016, -0.189501, 2.723721, 2.773369
69.433210, -109.585733, -0.188453, 2.727198, 2.776357
69.525958, -109.603370, -0.187369, 2.730592, 2.779238
69.618821, -109.620923, -0.186267, 2.733928, 2.782057
69.711961, -109.638442, -0.185309, 2.724964, 2.772941
69.804574, -109.655697, -0.184130, 2.729334, 2.776511
69.897391, -109.672929, -0.182889, 2.736341, 2.782734
69.990675, -109.690085, -0.181674, 2.733028, 2.778327
70.083326, -109.707105, -0.180698, 2.730972, 2.776142
70.176158, -109.724026, -0.179993, 2.736313, 2.781299
70.269186, -109.740926, -0.179421, 2.737786, 2.782477
70.361076, -109.757724, -0.177733, 2.723404, 2.768852
70.454011, -109.774408, -0.176841, 2.734358, 2.777655
70.547057, -109.791000, -0.175996, 2.735985, 2.778998
70.640158, -109.807519, -0.175229, 2.737577, 2.780233
70.733310, -109.823977, -0.174528, 2.738952, 2.781284
70.826377, -109.840355, -0.173880, 2.737001, 2.778939
70.919426, -109.856670, -0.173281, 2.738521, 2.780190
71.012531, -109.872940, -0.172729, 2.740228, 2.781654
71.105697, -109.889169, -0.172220, 2.742167, 2.783375
71.198932, -109.905363, -0.171717, 2.744402, 2.785383
71.292243, -109.921514, -0.170959, 2.746765, 2.787375
71.385378, -109.937669, -0.170194, 2.717470, 2.759495
71.478824, -109.953476, -0.169875, 2.746157, 2.787267
71.572212, -109.969387, -0.168617, 2.748118, 2.787565
71.665717, -109.985187, -0.167613, 2.764733, 2.799207
71.759352, -110.001477, -0.166349, 2.759240, 2.799821
71.852331, -110.017114, -0.165920, 2.735382, 2.773222
71.945278, -110.032699, -0.165523, 2.737391, 2.775179
72.038265, -110.048269, -0.165736, 2.737274, 2.775222
72.131275, -110.063814, -0.165375, 2.739063, 2.776902
72.224356, -110.079326, -0.164922, 2.741265, 2.778979
72.317626, -110.094827, -0.164384, 2.748104, 2.785647
72.411071, -110.110292, -0.163641, 2.750961, 2.788219
72.504620, -110.125699, -0.162795, 2.754043, 2.790946
72.598276, -110.141038, -0.161870, 2.757169, 2.793701
72.692038, -110.156307, -0.160975, 2.760249, 2.796400
72.786131, -110.171609, -0.159961, 2.776494, 2.811978
72.879693, -110.186561, -0.158522, 2.756200, 2.791018
72.973279, -110.201447, -0.157062, 2.755407, 2.789677
73.067377, -110.216223, -0.155690, 2.776181, 2.810601
73.160833, -110.230916, -0.154724, 2.750259, 2.783569
73.254179, -110.245410, -0.153367, 2.746618, 2.779256
73.347549, -110.259785, -0.152171, 2.747713, 2.779871
73.440279, -110.273995, -0.150322, 2.687127, 2.723477
73.532877, -110.288084, -0.148414, 2.736029, 2.766673
73.625987, -110.301945, -0.146891, 2.737384, 2.767285
73.719105, -110.315669, -0.145791, 2.737287, 2.766711
73.812227, -110.329295, -0.144823, 2.737670, 2.766705
73.905365, -110.342835, -0.143927, 2.736745, 2.765378
73.998354, -110.356271, -0.143089, 2.736801, 2.765087
74.091403, -110.369640, -0.142309, 2.738704, 2.766699
74.184522, -110.382946, -0.141585, 2.740943, 2.768674
74.277722, -110.396198, -0.140911, 2.743478, 2.770970
74.371012, -110.409400, -0.140244, 2.746285, 2.773526
74.464396, -110.422543, -0.139299, 2.749167, 2.776040
74.557505, -110.435404, -0.139095, 2.756524, 2.783508
74.651008, -110.448411, -0.137852, 2.748073, 2.774439
74.744463, -110.461326, -0.136777, 2.751097, 2.777055
74.837754, -110.473792, -0.135290, 2.745163, 2.770916
74.931391, -110.487108, -0.134586, 2.729466, 2.754145
75.024351, -110.499710, -0.133855, 2.739356, 2.763921
75.117446, -110.512262, -0.133342, 2.741893, 2.766336
75.210617, -110.524806, -0.133261, 2.744082, 2.768449
75.303824, -110.537283, -0.132605, 2.746784, 2.771049
75.397291, -110.549706, -0.131755, 2.751299, 2.775381
75.490849, -110.562066, -0.130957, 2.754073, 2.777884
75.584502, -110.574364, -0.130205, 2.756970, 2.780531
75.678254, -110.586606, -0.129463, 2.759974, 2.783281
75.772106, -110.598784, -0.128547, 2.762926, 2.785904
75.866067, -110.610886, -0.127512, 2.772330, 2.796050
75.960168, -110.622865, -0.125818, 2.748483, 2.770326
76.053830, -110.634632, -0.124525, 2.757591, 2.779077
76.147555, -110.646303, -0.123271, 2.761557, 2.782710
76.241542, -110.657901, -0.122647, 2.743585, 2.764295
76.334909, -110.669342, -0.120864, 2.747619, 2.767893
76.428259, -110.680609, -0.119353, 2.748692, 2.768416
76.521629, -110.691740, -0.117966, 2.745882, 2.765122
76.613813, -110.702731, -0.115418, 2.715386, 2.735027
76.706821, -110.713492, -0.113125, 2.736504, 2.754138
76.799962, -110.724009, -0.111800, 2.738019, 2.755308
76.893113, -110.734422, -0.110892, 2.738583, 2.755576
76.986291, -110.744758, -0.110100, 2.739643, 2.756400
77.079426, -110.755019, -0.109372, 2.737867, 2.754346
77.172512, -110.765209, -0.108698, 2.739851, 2.756138
77.265671, -110.775345, -0.108074, 2.742151, 2.758265
77.358913, -110.785434, -0.107495, 2.744753, 2.760709
77.452247, -110.795478, -0.106904, 2.747602, 2.763383
77.545677, -110.805466, -0.105998, 2.750552, 2.766070
77.638826, -110.815411, -0.105457, 2.738497, 2.753178
77.732487, -110.825106, -0.104809, 2.750617, 2.765474
77.826028, -110.834841, -0.103606, 2.752967, 2.767761
77.919488, -110.844420, -0.102534, 2.718886, 2.733823
78.013106, -110.854113, -0.101004, 2.779208, 2.795196
78.106564, -110.863545, -0.100181, 2.740062, 2.754165
78.199717, -110.872917, -0.099322, 2.744118, 2.757600
78.292982, -110.882220, -0.098663, 2.746991, 2.760329
78.386333, -110.891490, -0.098245, 2.749488, 2.762691
78.479852, -110.900733, -0.097376, 2.753935, 2.767036
78.573512, -110.909826, -0.096180, 2.757082, 2.769911
78.667269, -110.918820, -0.095104, 2.760004, 2.772553
78.761125, -110.927725, -0.094094, 2.762992, 2.775288
78.855084, -110.936546, -0.093151, 2.766014, 2.778078
78.949146, -110.945291, -0.092254, 2.769056, 2.780899
79.043531, -110.954016, -0.091224, 2.790589, 2.801919
79.137415, -110.962456, -0.089505, 2.763121, 2.774138
79.231273, -110.970808, -0.088296, 2.763319, 2.774131
79.325490, -110.979009, -0.087129, 2.791570, 2.801860
79.419281, -110.987264, -0.086373, 2.755213, 2.765513
79.512804, -110.995281, -0.084516, 2.751350, 2.761225
79.606361, -111.003127, -0.082845, 2.752031, 2.761521
79.699845, -111.010816, -0.081283, 2.749301, 2.758426
79.792003, -111.018467, -0.078525, 2.737251, 2.746558
79.885245, -111.025718, -0.076521, 2.740885, 2.749006
79.978485, -111.032804, -0.075237, 2.740994, 2.748835
80.071738, -111.039781, -0.074137, 2.741654, 2.749269
80.165023, -111.046661, -0.073118, 2.742852, 2.750263
80.258244, -111.053444, -0.072167, 2.741213, 2.748383
80.351446, -111.060139, -0.071279, 2.743324, 2.750324
80.444724, -111.066760, -0.070454, 2.745749, 2.752594
80.538091, -111.073313, -0.069689, 2.748458, 2.755162
80.631553, -111.079803, -0.068976, 2.751397, 2.757971
80.725117, -111.086234, -0.068248, 2.754458, 2.760891
80.818351, -111.092453, -0.068079, 2.759321, 2.765163
80.912095, -111.098746, -0.066912, 2.754617, 2.760825
81.005752, -111.104963, -0.065820, 2.756641, 2.762637
81.099123, -111.111018, -0.064513, 2.735184, 2.741982
81.193353, -111.117206, -0.063219, 2.781691, 2.787138
81.286765, -111.123111, -0.062339, 2.745056, 2.750288
81.380058, -111.128926, -0.061373, 2.748165, 2.753292
81.473467, -111.134672, -0.060597, 2.751346, 2.756362
81.566965, -111.140353, -0.060004, 2.752686, 2.757559
81.660514, -111.145926, -0.058954, 2.755496, 2.760287
81.754322, -111.151415, -0.057991, 2.762938, 2.767604
81.848281, -111.156825, -0.056996, 2.766114, 2.770619
81.942350, -111.162143, -0.055968, 2.769384, 2.773740
82.036529, -111.167373, -0.054965, 2.772578, 2.776779
82.130816, -111.172511, -0.053932, 2.775709, 2.779761
82.225456, -111.177572, -0.052780, 2.778342, 2.782311
82.319448, -111.182432, -0.051353, 2.769698, 2.773302
82.413570, -111.187197, -0.049872, 2.774112, 2.777569
82.508147, -111.191785, -0.048543, 2.794829, 2.798245
82.602141, -111.196391, -0.047630, 2.764900, 2.768080
82.695992, -111.200789, -0.045959, 2.761538, 2.764469
82.789894, -111.205036, -0.044454, 2.762899, 2.765645
82.883742, -111.209131, -0.043014, 2.745481, 2.747669
82.976378, -111.213347, -0.040787, 2.760093, 2.763015
83.070048, -111.217096, -0.039602, 2.751826, 2.754042
83.163657, -111.220749, -0.038396, 2.751816, 2.753905
83.257276, -111.224290, -0.037225, 2.752354, 2.754321
83.350893, -111.227724, -0.036109, 2.750384, 2.752193
83.444386, -111.231051, -0.035057, 2.751737, 2.753442
83.537944, -111.234286, -0.034071, 2.753752, 2.755364
83.631576, -111.237433, -0.033154, 2.756086, 2.757615
83.725292, -111.240501, -0.032304, 2.758696, 2.760149
83.819101, -111.243495, -0.031516, 2.761519, 2.762904
83.912994, -111.246430, -0.030746, 2.749157, 2.751118
84.006651, -111.249134, -0.030571, 2.772766, 2.774605
84.100644, -111.251944, -0.029316, 2.763416, 2.764633
84.194617, -111.254645, -0.028238, 2.766518, 2.767633
84.288231, -111.257254, -0.026812, 2.754776, 2.756313
84.383114, -111.259819, -0.025284, 2.811918, 2.813162
84.476940, -111.262184, -0.024369, 2.711818, 2.712651
84.569275, -111.264482, -0.023544, 2.738189, 2.739057
84.662336, -111.266714, -0.023200, 2.740870, 2.741610
84.755439, -111.268864, -0.022891, 2.742269, 2.742987
84.848650, -111.270971, -0.022312, 2.745789, 2.746481
84.941989, -111.273022, -0.021610, 2.749751, 2.750402
85.035464, -111.275007, -0.020859, 2.753628, 2.754237
85.129059, -111.276923, -0.020040, 2.756727, 2.757290
85.222743, -111.278760, -0.019168, 2.759046, 2.759562
85.316656, -111.280520, -0.018302, 2.765602, 2.766076
85.410863, -111.282259, -0.018080, 2.765312, 2.765731
85.504521, -111.283846, -0.017374, 2.760897, 2.761328
85.598386, -111.285426, -0.016889, 2.763509, 2.763904
85.692474, -111.286878, -0.016188, 2.776498, 2.776816
85.786005, -111.288460, -0.015651, 2.755914, 2.756280
85.879637, -111.289983, -0.015826, 2.755114, 2.755477
85.973234, -111.291469, -0.015797, 2.752767, 2.753121
86.066759, -111.292944, -0.015730, 2.750970, 2.751321
86.157249, -111.294605, -0.016058, 2.660792, 2.665912
86.249553, -111.296859, -0.014974, 2.762582, 2.768000
86.342693, -111.298479, -0.013315, 2.721447, 2.721757
86.435291, -111.299645, -0.011759, 2.722583, 2.722831
86.527928, -111.300666, -0.010273, 2.723734, 2.723937
86.620603, -111.301553, -0.008848, 2.724813, 2.724979
86.713313, -111.302310, -0.007484, 2.725847, 2.725982
86.806060, -111.302944, -0.006178, 2.726905, 2.727016
86.898843, -111.303459, -0.004928, 2.728079, 2.728171
86.991591, -111.303861, -0.003730, 2.726144, 2.726175
87.084276, -111.304153, -0.002581, 2.728006, 2.728026
87.176453, -111.304187, -0.000628, 2.730012, 2.730256
87.269335, -111.304169, 0.000420, 2.729506, 2.729565
87.362113, -111.304112, 0.000892, 2.728927, 2.728940
87.454552, -111.303939, 0.001564, 2.699412, 2.700584
87.547556, -111.303881, 0.002221, 2.748240, 2.748285
87.640535, -111.303692, 0.003633, 2.707499, 2.707561
87.732770, -111.303337, 0.005680, 2.716671, 2.716755
87.825051, -111.302727, 0.008391, 2.715895, 2.716025
87.917324, -111.301813, 0.011265, 2.717445, 2.717627
88.009668, -111.300660, 0.013630, 2.719493, 2.719755
88.102186, -111.299299, 0.015743, 2.726021, 2.726368
88.194878, -111.297748, 0.017721, 2.728599, 2.729039
88.287669, -111.296017, 0.019512, 2.731843, 2.732372
88.380576, -111.294134, 0.020977, 2.735295, 2.735908
88.473601, -111.292120, 0.022327, 2.738797, 2.739492
88.566911, -111.290077, 0.023362, 2.758555, 2.759218
88.659784, -111.287779, 0.024020, 2.735897, 2.736729
88.752825, -111.285464, 0.024614, 2.740352, 2.741186
88.845978, -111.283151, 0.024925, 2.741192, 2.742054
88.939123, -111.280731, 0.026219, 2.723445, 2.724409
89.031923, -111.278412, 0.025929, 2.733813, 2.734779
89.124827, -111.276000, 0.026004, 2.732779, 2.733715
89.217677, -111.273578, 0.026170, 2.731179, 2.732126
89.309804, -111.271171, 0.026218, 2.676594, 2.680318
89.402255, -111.268672, 0.026275, 2.724089, 2.725091
89.494923, -111.266216, 0.026835, 2.724416, 2.725457
89.587620, -111.263689, 0.027702, 2.725537, 2.726640
89.680313, -111.261083, 0.028520, 2.723836, 2.724956
89.772921, -111.258404, 0.029322, 2.725960, 2.727144
89.865613, -111.255649, 0.030112, 2.728588, 2.729837
89.958400, -111.252817, 0.030902, 2.731536, 2.732853
90.051290, -111.249905, 0.031849, 2.734641, 2.736045
90.144291, -111.246891, 0.032923, 2.738030, 2.739525
90.237409, -111.243777, 0.033945, 2.741545, 2.743135
90.330140, -111.240580, 0.035210, 2.722964, 2.725226
90.423473, -111.237073, 0.036460, 2.744633, 2.746612
90.516820, -111.233638, 0.037325, 2.744067, 2.746027
90.610148, -111.230087, 0.038456, 2.747853, 2.749876
90.703140, -111.226682, 0.039112, 2.760918, 2.763742
90.797192, -111.222840, 0.040351, 2.734678, 2.736926
90.889997, -111.219086, 0.041764, 2.735214, 2.737703
90.982925, -111.215151, 0.043479, 2.735516, 2.738153
91.075886, -111.211017, 0.045364, 2.737731, 2.740565
91.168925, -111.206709, 0.047149, 2.740176, 2.743236
91.262115, -111.202234, 0.048763, 2.747319, 2.750598
91.355536, -111.197608, 0.050203, 2.750136, 2.753618
91.449058, -111.192844, 0.051580, 2.753269, 2.756946
91.542690, -111.187950, 0.052829, 2.756521, 2.760380
91.636431, -111.182938, 0.053996, 2.759714, 2.763754
91.730379, -111.177887, 0.055114, 2.787499, 2.790785
91.824085, -111.172609, 0.055728, 2.747447, 2.751866
91.917741, -111.167289, 0.056430, 2.757163, 2.761437
92.011561, -111.161982, 0.056666, 2.761553, 2.766002
92.105472, -111.156568, 0.057858, 2.747569, 2.752298
92.198953, -111.151228, 0.058023, 2.754754, 2.759437
92.292582, -111.145778, 0.058518, 2.754226, 2.758951
92.386160, -111.140269, 0.059109, 2.752558, 2.757385
92.479335, -111.134733, 0.059684, 2.685248, 2.694865
92.572240, -111.129156, 0.060204, 2.748281, 2.753301
92.665607, -111.123519, 0.060552, 2.744546, 2.749645
92.758980, -111.117822, 0.061397, 2.745094, 2.750329
92.852319, -111.112044, 0.062260, 2.742767, 2.748102
92.945561, -111.106193, 0.063093, 2.744280, 2.749761
93.038865, -111.100260, 0.063908, 2.746259, 2.751886
93.132242, -111.094247, 0.064711, 2.748586, 2.754359
93.225703, -111.088152, 0.065552, 2.751097, 2.757037
93.319252, -111.081964, 0.066584, 2.753792, 2.759920
93.412896, -111.075670, 0.067627, 2.756709, 2.763032
93.506135, -111.069306, 0.068903, 2.737422, 2.744918
93.599943, -111.062605, 0.070144, 2.758692, 2.765709
93.693774, -111.055984, 0.071007, 2.757703, 2.764759
93.787556, -111.049247, 0.072138, 2.760990, 2.768161
93.880992, -111.042681, 0.072770, 2.773220, 2.781615
93.975491, -111.035625, 0.073998, 2.745780, 2.753326
94.068715, -111.028706, 0.075408, 2.746796, 2.754775
94.162024, -111.021599, 0.077174, 2.746525, 2.754792
94.255350, -111.014291, 0.079080, 2.748210, 2.756844
94.348737, -111.006804, 0.080882, 2.750146, 2.759177
94.442221, -110.999148, 0.082514, 2.756014, 2.765422
94.535959, -110.991329, 0.083933, 2.759236, 2.768997
94.629783, -110.983370, 0.085292, 2.761961, 2.772048
94.723704, -110.975280, 0.086547, 2.764837, 2.775229
94.817721, -110.967067, 0.087707, 2.767616, 2.778311
94.912002, -110.958817, 0.088754, 2.790692, 2.801205
95.005842, -110.950334, 0.089517, 2.761812, 2.772904
95.099735, -110.941814, 0.090153, 2.765441, 2.776608
95.193802, -110.933301, 0.090441, 2.768214, 2.779579
95.287871, -110.924668, 0.091733, 2.750793, 2.762519
95.381585, -110.916120, 0.092010, 2.760357, 2.772168
95.475400, -110.907445, 0.092674, 2.759528, 2.771418
95.569154, -110.898696, 0.093433, 2.757590, 2.769681
95.662261, -110.889950, 0.094117, 2.700489, 2.715423
95.755584, -110.881211, 0.094620, 2.749641, 2.762127
95.849095, -110.872308, 0.095166, 2.748808, 2.761358
95.942608, -110.863347, 0.095942, 2.749071, 2.761819
96.036042, -110.854319, 0.096721, 2.746438, 2.759338
96.129406, -110.845224, 0.097481, 2.747671, 2.760785
96.222820, -110.836053, 0.098276, 2.749260, 2.762607
96.316294, -110.826795, 0.099198, 2.751194, 2.764797
96.409839, -110.817440, 0.100146, 2.753438, 2.767309
96.503464, -110.807988, 0.101103, 2.755852, 2.770009
96.597173, -110.798434, 0.102122, 2.758385, 2.772842
96.690388, -110.788711, 0.103671, 2.755791, 2.772051
96.784282, -110.778837, 0.104487, 2.759744, 2.775023
96.878109, -110.768959, 0.105629, 2.758412, 2.773917
96.971740, -110.758893, 0.106651, 2.722700, 2.741109
97.065520, -110.748981, 0.107349, 2.787101, 2.804871
97.159652, -110.738820, 0.108531, 2.739558, 2.755953
97.252905, -110.728648, 0.109985, 2.746322, 2.763212
97.346199, -110.718286, 0.111856, 2.745806, 2.763174
97.439502, -110.707710, 0.113775, 2.747553, 2.765431
97.532865, -110.696962, 0.115431, 2.749370, 2.767796
97.626366, -110.686048, 0.116956, 2.755851, 2.774818
97.720065, -110.674972, 0.118360, 2.758068, 2.777511
97.813846, -110.663756, 0.119683, 2.760633, 2.780527
97.907717, -110.652409, 0.120885, 2.763216, 2.783535
98.001674, -110.640940, 0.122093, 2.765640, 2.786406
98.095926, -110.629362, 0.122877, 2.767465, 2.788715
98.189563, -110.617693, 0.123818, 2.760355, 2.781794
98.283367, -110.605956, 0.124320, 2.763940, 2.785348
98.377410, -110.594096, 0.124686, 2.784533, 2.809209
98.471139, -110.582353, 0.125822, 2.748549, 2.769990
98.564815, -110.570558, 0.126272, 2.756902, 2.779188
98.658490, -110.558625, 0.127050, 2.755139, 2.777542
98.752093, -110.546629, 0.127878, 2.753094, 2.775766
98.844695, -110.534695, 0.128965, 2.722717, 2.745355
98.938136, -110.522626, 0.130318, 2.743452, 2.766959
99.031456, -110.510332, 0.131663, 2.743129, 2.767126
99.124770, -110.497912, 0.132962, 2.743171, 2.767646
99.217961, -110.485388, 0.134216, 2.740354, 2.765224
99.311115, -110.472752, 0.135427, 2.741381, 2.766714
99.404310, -110.459998, 0.136592, 2.742821, 2.768609
99.497561, -110.447127, 0.137712, 2.744617, 2.770849
99.590878, -110.434143, 0.138787, 2.746693, 2.773360
99.684269, -110.421049, 0.139817, 2.748973, 2.776063
99.777709, -110.407882, 0.140806, 2.728776, 2.754004
99.870714, -110.394419, 0.142631, 2.756650, 2.785262
99.964307, -110.380962, 0.143119, 2.751810, 2.780312
100.057814, -110.367425, 0.144483, 2.750683, 2.779587
100.150945, -110.353795, 0.145363, 2.727538, 2.756144
100.245024, -110.340185, 0.146055, 2.777463, 2.807521
100.338244, -110.326441, 0.147232, 2.736449, 2.766799
100.431238, -110.312610, 0.148836, 2.737881, 2.768743
100.524214, -110.298578, 0.150726, 2.737548, 2.768987
100.617231, -110.284363, 0.152558, 2.738951, 2.771151
100.710324, -110.269967, 0.154261, 2.744164, 2.777137
100.803650, -110.255383, 0.155773, 2.746862, 2.780540
100.897043, -110.240646, 0.157214, 2.749036, 2.783366
100.990513, -110.225765, 0.158528, 2.751354, 2.786291
101.084063, -110.210750, 0.159747, 2.753593, 2.789115
101.177688, -110.195607, 0.160974, 2.755740, 2.791854
101.271448, -110.180363, 0.161565, 2.741307, 2.777188
101.364749, -110.165046, 0.162485, 2.749875, 2.786391
101.458228, -110.149697, 0.162750, 2.752838, 2.789751
101.551955, -110.134175, 0.163402, 2.761401, 2.798838
101.645127, -110.118865, 0.164024, 2.744970, 2.782102
101.738379, -110.103475, 0.164460, 2.743575, 2.781401
101.831597, -110.087974, 0.165159, 2.741435, 2.779263
101.924729, -110.072417, 0.165884, 2.739100, 2.777227
102.016695, -110.057072, 0.167621, 2.744316, 2.781920
102.109577, -110.041288, 0.169806, 2.727264, 2.767110
102.202337, -110.025279, 0.171971, 2.726413, 2.767266
102.295075, -110.009073, 0.174039, 2.725957, 2.767806
102.387691, -109.992695, 0.176012, 2.722667, 2.765385
102.480235, -109.976145, 0.177894, 2.723228, 2.766887
102.572806, -109.959415, 0.179681, 2.724262, 2.768837
102.665419, -109.942512, 0.181340, 2.725836, 2.771260
102.758093, -109.925452, 0.182683, 2.727808, 2.773947
102.850835, -109.908262, 0.183872, 2.729778, 2.776585
102.943238, -109.891067, 0.185157, 2.700612, 2.749643
103.035968, -109.873407, 0.186741, 2.729630, 2.778149
103.128849, -109.855826, 0.187520, 2.728672, 2.777635
103.221618, -109.838145, 0.188809, 2.730986, 2.780286
103.314008, -109.820503, 0.189658, 2.723742, 2.770289
103.407622, -109.802743, 0.190353, 2.716444, 2.766063
103.499834, -109.784891, 0.191796, 2.715684, 2.766118
103.592089, -109.766888, 0.193631, 2.716483, 2.768213
103.684385, -109.748707, 0.195362, 2.717626, 2.770343
103.776725, -109.730353, 0.197035, 2.718991, 2.772657
103.869232, -109.711808, 0.198677, 2.724741, 2.779421
103.961868, -109.693080, 0.200263, 2.726454, 2.782045
104.054566, -109.674190, 0.201769, 2.728368, 2.784853
104.147331, -109.655146, 0.203192, 2.730385, 2.787733
104.240165, -109.635953, 0.204528, 2.732455, 2.790621
104.333156, -109.616677, 0.205716, 2.761329, 2.816397
104.425919, -109.597227, 0.206358, 2.714825, 2.774671
104.518566, -109.577732, 0.207124, 2.728026, 2.787207
104.611372, -109.558218, 0.207431, 2.731148, 2.790961
104.704354, -109.538533, 0.208358, 2.732647, 2.792751
104.796765, -109.519051, 0.208891, 2.723219, 2.783298
104.889294, -109.499458, 0.209379, 2.722490, 2.783120
104.981773, -109.479779, 0.210064, 2.719708, 2.780833
105.073513, -109.460135, 0.211269, 2.657671, 2.722871
105.165271, -109.440618, 0.213673, 2.705802, 2.769458
105.257288, -109.420526, 0.216309, 2.704166, 2.768720
105.349254, -109.400196, 0.218804, 2.702855, 2.768893
105.441181, -109.379639, 0.221182, 2.701896, 2.769387
105.533009, -109.358881, 0.223445, 2.698089, 2.766859
105.624709, -109.337940, 0.225580, 2.698245, 2.768376
105.716425, -109.316799, 0.227416, 2.699184, 2.770461
105.808177, -109.295492, 0.228920, 2.700282, 2.772607
105.899972, -109.274034, 0.230353, 2.701638, 2.774929
105.991818, -109.252428, 0.231724, 2.703334, 2.777569
106.083157, -109.230700, 0.233368, 2.696261, 2.774811
106.175130, -109.208705, 0.234354, 2.703125, 2.779452
106.267026, -109.186721, 0.235567, 2.701314, 2.778135
106.358879, -109.164611, 0.236653, 2.703801, 2.781256
106.450570, -109.142619, 0.237431, 2.723389, 2.803061
106.542441, -109.120429, 0.237916, 2.687624, 2.765707
106.633887, -109.098209, 0.239081, 2.690126, 2.768933
106.725227, -109.075848, 0.239897, 2.690076, 2.769024
106.816589, -109.053469, 0.240130, 2.689553, 2.768997
106.907971, -109.031065, 0.240905, 2.690554, 2.770700
106.999563, -109.008511, 0.241927, 2.696244, 2.777093
107.091228, -108.985844, 0.242909, 2.697947, 2.779522
107.182956, -108.963067, 0.243851, 2.699848, 2.782131
107.274751, -108.940184, 0.244765, 2.701756, 2.784740
107.366613, -108.917194, 0.245740, 2.703675, 2.787445
107.458731, -108.894160, 0.246323, 2.723473, 2.806884
107.550350, -108.871035, 0.246306, 2.698471, 2.782459
107.642082, -108.847918, 0.245728, 2.702128, 2.785309
107.733932, -108.824933, 0.244845, 2.702701, 2.785743
107.825937, -108.801896, 0.244765, 2.699083, 2.781574
107.917376, -108.779186, 0.243692, 2.694451, 2.775920
108.008936, -108.756506, 0.242616, 2.693965, 2.775089
108.100451, -108.733901, 0.241760, 2.691603, 2.772209
108.190706, -108.711686, 0.242402, 2.673869, 2.750629
108.281971, -108.689144, 0.243564, 2.682231, 2.763695
108.373256, -108.666394, 0.244883, 2.684815, 2.767391
108.464638, -108.643498, 0.246127, 2.687857, 2.771394
108.556131, -108.620455, 0.247300, 2.691281, 2.775747
108.647623, -108.597302, 0.248402, 2.691920, 2.777132
108.739187, -108.574028, 0.249420, 2.696380, 2.782465
108.830910, -108.550618, 0.250284, 2.701454, 2.788271
108.922812, -108.527097, 0.250754, 2.706963, 2.794307
109.014907, -108.503493, 0.251071, 2.712653, 2.800446
109.107201, -108.479806, 0.251356, 2.718645, 2.806832
109.199121, -108.455998, 0.251986, 2.721857, 2.813018
109.291793, -108.432118, 0.251727, 2.726253, 2.815125
109.384601, -108.408249, 0.251965, 2.732935, 2.822061
109.477640, -108.384280, 0.251915, 2.724796, 2.817363
109.571078, -108.360335, 0.251612, 2.739164, 2.827488
109.664171, -108.336429, 0.251334, 2.742556, 2.831399
109.757490, -108.312522, 0.251289, 2.750453, 2.840051
109.851031, -108.288500, 0.251419, 2.757729, 2.847245
109.944859, -108.264403, 0.251318, 2.766313, 2.856021
110.039097, -108.240217, 0.251131, 2.779117, 2.869074
110.133696, -108.215958, 0.250922, 2.787707, 2.877781
110.228591, -108.191645, 0.250699, 2.796357, 2.886548
110.323779, -108.167280, 0.250476, 2.804858, 2.895171
110.419258, -108.142860, 0.250385, 2.813211, 2.903791
110.515016, -108.118364, 0.250491, 2.821488, 2.912393
110.610982, -108.093862, 0.249872, 2.809555, 2.899634
110.706879, -108.069353, 0.249513, 2.827401, 2.917352
110.803116, -108.044867, 0.248582, 2.835756, 2.925704
110.899645, -108.020329, 0.248543, 2.826825, 2.916924
110.995915, -107.996007, 0.247609, 2.836975, 2.926605
111.092448, -107.971644, 0.247211, 2.842949, 2.931911
111.189065, -107.947242, 0.246984, 2.812040, 2.906007
111.284737, -107.923166, 0.246241, 2.845708, 2.934495
111.381492, -107.898899, 0.245431, 2.846212, 2.934157
111.478388, -107.874665, 0.244710, 2.850687, 2.938244
111.575444, -107.850462, 0.244099, 2.855467, 2.942734
111.672646, -107.826277, 0.243648, 2.857656, 2.944631
111.769849, -107.802135, 0.243232, 2.862646, 2.949449
111.867245, -107.777987, 0.242841, 2.868438, 2.955139
111.964846, -107.753825, 0.242554, 2.874542, 2.961228
112.062657, -107.729633, 0.242374, 2.880877, 2.967604
112.160688, -107.705405, 0.242228, 2.887417, 2.974235
112.258439, -107.681268, 0.242322, 2.862417, 2.953228
112.356695, -107.656644, 0.242678, 2.893523, 2.981321
112.455312, -107.632246, 0.242441, 2.902288, 2.989863
112.553605, -107.607704, 0.242627, 2.892390, 2.988803
112.652691, -107.583466, 0.242298, 2.892932, 2.980699
112.750960, -107.559225, 0.242142, 2.895959, 2.983516
112.849489, -107.534928, 0.242201, 2.902899, 2.990503
112.948244, -107.510585, 0.242115, 2.909470, 2.997278
113.047220, -107.486186, 0.242157, 2.915862, 3.003854
113.146518, -107.461730, 0.242155, 2.924405, 3.012376
113.246037, -107.437164, 0.242247, 2.931021, 3.019024
113.345754, -107.412527, 0.242237, 2.936736, 3.025093
113.445668, -107.387834, 0.242318, 2.942504, 3.031052
113.545775, -107.363088, 0.242346, 2.948124, 3.036882
113.646261, -107.338240, 0.242284, 2.945362, 3.033387
113.746281, -107.313470, 0.242449, 2.949363, 3.038063
113.846544, -107.288638, 0.242683, 2.965633, 3.059466
113.947079, -107.263736, 0.242717, 2.946162, 3.035872
114.047435, -107.238914, 0.242579, 2.954414, 3.043508
114.147960, -107.214068, 0.242110, 2.962079, 3.051100
114.248530, -107.189156, 0.241758, 2.921937, 3.016316
114.348347, -107.164690, 0.242225, 2.949676, 3.041065
114.449062, -107.139869, 0.241724, 2.963865, 3.052841
114.549949, -107.114985, 0.242067, 2.967625, 3.056832
114.650955, -107.090038, 0.242156, 2.971180, 3.060563
114.752084, -107.065062, 0.242071, 2.974694, 3.064123
114.853217, -107.040097, 0.241930, 2.975127, 3.064415
114.954405, -107.015136, 0.241781, 2.979031, 3.068322
115.055729, -106.990157, 0.241624, 2.983091, 3.072382
115.157193, -106.965161, 0.241453, 2.987333, 3.076619
115.258806, -106.940148, 0.241268, 2.991734, 3.081005
115.360067, -106.914965, 0.240133, 2.994440, 3.086935
115.461920, -106.889976, 0.240417, 2.995403, 3.084196
115.563500, -106.864951, 0.240546, 2.962681, 3.051949
115.665455, -106.840132, 0.241064, 2.988082, 3.077372
115.767259, -106.815224, 0.240825, 2.979855, 3.068065
115.868771, -106.790334, 0.240644, 2.987382, 3.076011
115.970337, -106.765476, 0.240254, 2.990771, 3.079528
116.071986, -106.740618, 0.239817, 2.993214, 3.081589
116.173827, -106.715713, 0.239844, 3.001195, 3.089661
116.275897, -106.690750, 0.239875, 3.004959, 3.093585
116.378103, -106.665752, 0.239871, 3.009027, 3.097765
116.480448, -106.640722, 0.239842, 3.013155, 3.101968
116.582934, -106.615661, 0.239802, 3.017272, 3.106179
116.685837, -106.590509, 0.240056, 3.021070, 3.109826
116.788122, -106.565395, 0.240688, 3.012727, 3.101849
116.890728, -106.540103, 0.241272, 3.031221, 3.120853
116.992977, -106.514999, 0.241695, 3.008378, 3.098512
117.095129, -106.489824, 0.241781, 3.005294, 3.095280
117.197241, -106.464647, 0.241732, 3.007451, 3.097566
117.299425, -106.439439, 0.241747, 2.986034, 3.079681
117.401115, -106.414578, 0.243930, 2.968613, 3.057639
117.502699, -106.389385, 0.242697, 2.994414, 3.084663
117.604623, -106.364218, 0.240657, 2.998720, 3.087909
117.706671, -106.339165, 0.240090, 3.003358, 3.092057
117.808861, -106.314133, 0.240347, 3.002964, 3.091942
117.910962, -106.289093, 0.240627, 3.005383, 3.094571
118.013164, -106.263999, 0.240987, 3.008105, 3.097725
118.115458, -106.238812, 0.241966, 3.010753, 3.101178
118.217847, -106.213480, 0.243070, 3.013884, 3.105185
118.320342, -106.188008, 0.244116, 3.016893, 3.109119
118.422399, -106.162206, 0.244357, 3.021965, 3.113859
118.524969, -106.136537, 0.245847, 3.017327, 3.110921
118.627193, -106.111205, 0.247391, 3.024012, 3.113124
118.730032, -106.085076, 0.248843, 3.020919, 3.115668
118.832487, -106.059165, 0.249915, 3.018880, 3.116942
118.934558, -106.033007, 0.251087, 3.003867, 3.101013
119.036605, -106.006759, 0.252326, 3.004575, 3.102911
119.138722, -105.980354, 0.253701, 3.007057, 3.106499
119.240992, -105.953767, 0.254956, 3.013750, 3.114438
119.343467, -105.926994, 0.256136, 3.016147, 3.117890
119.446031, -105.900072, 0.257233, 3.018746, 3.121479
119.548683, -105.873006, 0.258431, 3.021188, 3.125025
119.651419, -105.845778, 0.259685, 3.023811, 3.128728
119.754327, -105.818348, 0.261496, 3.009630, 3.114940
119.856749, -105.790817, 0.263385, 3.013086, 3.120664
119.959337, -105.763035, 0.265033, 3.000972, 3.110011
120.061481, -105.735218, 0.266856, 3.004592, 3.114861
120.163499, -105.707259, 0.268168, 3.001296, 3.112563
120.265525, -105.679156, 0.269422, 3.002191, 3.114593
120.367526, -105.650922, 0.270638, 2.999996, 3.113367
120.469116, -105.622845, 0.273725, 2.985398, 3.095183
120.570306, -105.594505, 0.274064, 2.986572, 3.101505
120.671953, -105.565942, 0.273315, 2.989851, 3.105344
120.773666, -105.537341, 0.273987, 2.991858, 3.107872
120.875517, -105.508674, 0.274352, 2.995580, 3.112034
120.977299, -105.480005, 0.274865, 2.994319, 3.111210
121.079119, -105.451249, 0.275627, 2.996727, 3.114298
121.181023, -105.422387, 0.276400, 2.999222, 3.117613
121.283013, -105.393406, 0.277357, 3.001757, 3.121092
121.384668, -105.364408, 0.277796, 2.984754, 3.110399
121.486715, -105.334965, 0.278563, 3.001221, 3.122111
121.588532, -105.305642, 0.279990, 2.969125, 3.089987
121.690587, -105.276760, 0.281284, 2.999197, 3.122104
121.792840, -105.247033, 0.282628, 3.021995, 3.146916
121.894840, -105.217596, 0.283572, 3.020910, 3.142831
121.996474, -105.187846, 0.284611, 2.989833, 3.115136
122.098034, -105.158056, 0.285645, 2.989131, 3.115486
122.199604, -105.128159, 0.286825, 2.990279, 3.117647
122.301297, -105.098104, 0.287918, 2.995506, 3.124147
122.403132, -105.067889, 0.288925, 2.996817, 3.126452
122.505021, -105.037552, 0.289832, 2.998543, 3.129095
122.606973, -105.007100, 0.290653, 3.000461, 3.131853
122.709267, -104.976516, 0.291641, 3.016752, 3.150855
122.810975, -104.945815, 0.293405, 2.992521, 3.126320
122.912784, -104.914848, 0.295353, 3.012220, 3.148223
123.014256, -104.883976, 0.297002, 2.982705, 3.119307
123.115510, -104.852926, 0.298310, 2.977720, 3.115226
123.216602, -104.821784, 0.299360, 2.973826, 3.112261
123.317733, -104.790515, 0.300395, 2.974395, 3.113897
123.418790, -104.759154, 0.301412, 2.972245, 3.112625
123.519458, -104.727922, 0.303945, 2.971381, 3.110261
123.619784, -104.696514, 0.304859, 2.959538, 3.100966
123.720489, -104.664865, 0.304092, 2.962381, 3.105091
123.821266, -104.633149, 0.304832, 2.964368, 3.107749
123.922175, -104.601343, 0.305290, 2.968315, 3.112312
124.023034, -104.569529, 0.305923, 2.967037, 3.111637
124.123928, -104.537614, 0.306779, 2.969526, 3.114985
124.224908, -104.505580, 0.307601, 2.972006, 3.118435
124.325972, -104.473421, 0.308606, 2.974429, 3.121991
124.426644, -104.440978, 0.308709, 2.981029, 3.130336
124.527793, -104.408637, 0.310043, 2.974830, 3.123832
124.628524, -104.376662, 0.311568, 2.982035, 3.122961
124.729667, -104.344162, 0.312756, 2.971803, 3.123228
124.830829, -104.311370, 0.313895, 2.986071, 3.147161
124.931869, -104.278498, 0.314923, 2.963154, 3.117531
125.032814, -104.245633, 0.316009, 2.960795, 3.113541
125.133438, -104.212647, 0.317073, 2.961345, 3.116526
125.234051, -104.179554, 0.318405, 2.962012, 3.118771
125.334710, -104.146306, 0.319626, 2.965856, 3.124103
125.435571, -104.112859, 0.320773, 2.967971, 3.127555
125.536475, -104.079275, 0.321802, 2.969440, 3.130174
125.637435, -104.045562, 0.322729, 2.971137, 3.132921
125.738663, -104.011660, 0.324156, 2.960036, 3.121847
125.839243, -103.977740, 0.326000, 2.959887, 3.124389
125.940091, -103.943516, 0.327652, 2.953649, 3.120694
126.040359, -103.909366, 0.329432, 2.950605, 3.118539
126.140494, -103.875072, 0.330464, 2.945316, 3.113815
126.240530, -103.840702, 0.331432, 2.945127, 3.114723
126.340584, -103.806217, 0.332404, 2.942220, 3.112677
126.440552, -103.771653, 0.333368, 2.940297, 3.111678
126.540095, -103.737115, 0.335152, 2.935367, 3.101411
126.639483, -103.702640, 0.336962, 2.923211, 3.097093
126.739075, -103.667834, 0.336139, 2.930639, 3.104600
126.838770, -103.632921, 0.336777, 2.932504, 3.107208
126.938591, -103.597898, 0.337480, 2.936488, 3.112074
127.038423, -103.562840, 0.338025, 2.935230, 3.111446
127.138235, -103.527704, 0.338934, 2.937501, 3.114754
127.238125, -103.492439, 0.339814, 2.939916, 3.118263
127.337789, -103.457265, 0.340428, 2.910777, 3.090801
127.437546, -103.421453, 0.340874, 2.938777, 3.118604
127.537488, -103.385819, 0.342229, 2.906923, 3.094075
127.637244, -103.350728, 0.343671, 2.936671, 3.121899
127.737181, -103.314916, 0.344939, 2.940096, 3.124390
127.837160, -103.278935, 0.346041, 2.940002, 3.125291
127.937286, -103.242717, 0.347219, 2.929913, 3.116825
128.037181, -103.206584, 0.348140, 2.928058, 3.114695
128.136661, -103.170395, 0.349075, 2.930100, 3.117577
128.236186, -103.134117, 0.350088, 2.929881, 3.119074
128.335740, -103.097713, 0.351027, 2.932631, 3.123098
128.435492, -103.061132, 0.351945, 2.935173, 3.126904
128.535276, -103.024441, 0.352768, 2.936324, 3.129077
128.635115, -102.987649, 0.353503, 2.949375, 3.140581
128.735079, -102.950691, 0.355085, 2.926449, 3.119893
128.834487, -102.913692, 0.357172, 2.922952, 3.119941
128.934017, -102.876424, 0.359001, 2.912482, 3.111357
129.033197, -102.839085, 0.361130, 2.918520, 3.119565
129.132317, -102.801551, 0.362869, 2.916905, 3.120097
129.231490, -102.763803, 0.364533, 2.919653, 3.125066
129.330722, -102.725846, 0.366139, 2.919614, 3.126956
129.429975, -102.687701, 0.367672, 2.920759, 3.130023
129.529115, -102.649327, 0.369211, 2.878687, 3.096271
129.628073, -102.611381, 0.371958, 2.894637, 3.110967
129.727164, -102.572709, 0.371656, 2.920346, 3.134462
129.826576, -102.533905, 0.371872, 2.925788, 3.140690
129.926218, -102.494958, 0.372864, 2.932642, 3.149157
130.025964, -102.455892, 0.373689, 2.934773, 3.152386
130.125812, -102.416699, 0.374389, 2.940188, 3.159047
130.225844, -102.377350, 0.375258, 2.945224, 3.165687
130.325506, -102.337838, 0.375524, 2.936471, 3.167367
130.425787, -102.298107, 0.376583, 2.949997, 3.172619
130.525771, -102.258450, 0.378080, 2.939061, 3.154638
130.626311, -102.218951, 0.379394, 2.952769, 3.178245
130.726859, -102.178828, 0.380600, 2.959273, 3.187297
130.827431, -102.138528, 0.381738, 2.960726, 3.190445
130.928370, -102.097845, 0.383003, 2.973192, 3.204292
131.029202, -102.057337, 0.383786, 2.962459, 3.197373
131.129575, -102.016676, 0.384696, 2.958108, 3.191106
131.230054, -101.975932, 0.385766, 2.958609, 3.193295
131.330611, -101.935034, 0.386785, 2.961062, 3.197250
131.431268, -101.893981, 0.387699, 2.966606, 3.204461
131.532184, -101.852720, 0.388554, 2.970422, 3.209759
131.633511, -101.811221, 0.389611, 2.980513, 3.222170
131.734204, -101.769726, 0.391422, 2.964043, 3.206360
131.835086, -101.727878, 0.393715, 2.977317, 3.222379
131.935577, -101.686079, 0.395783, 2.955925, 3.203856
132.035953, -101.644058, 0.397236, 2.952950, 3.202229
132.136239, -101.601911, 0.398447, 2.951035, 3.201866
132.236579, -101.559604, 0.399616, 2.953400, 3.206098
132.336956, -101.517145, 0.400711, 2.953083, 3.207229
132.437339, -101.474559, 0.401702, 2.953798, 3.209345
132.537402, -101.431867, 0.403060, 2.929512, 3.184586
132.637183, -101.389354, 0.406579, 2.927730, 3.193823
132.737207, -101.346202, 0.407947, 2.944694, 3.207886
132.837444, -101.302766, 0.410512, 2.947200, 3.214421
132.937726, -101.258944, 0.413425, 2.949332, 3.220731
133.038065, -101.214787, 0.415578, 2.948854, 3.223223
133.138309, -101.170437, 0.417469, 2.950147, 3.227370
133.238139, -101.125930, 0.418782, 2.931709, 3.222955
133.338396, -101.080942, 0.421094, 2.948237, 3.230944
133.438440, -101.035834, 0.423810, 2.913693, 3.198827
133.538680, -100.990998, 0.426961, 2.943246, 3.234242
133.638874, -100.945333, 0.429277, 2.946066, 3.240016
133.739011, -100.899374, 0.431835, 2.946122, 3.243595
133.839167, -100.853072, 0.434248, 2.947319, 3.248934
133.939579, -100.806308, 0.436387, 2.937010, 3.242158
134.039649, -100.759626, 0.438055, 2.936579, 3.240785
134.139331, -100.712815, 0.439848, 2.932547, 3.241248
134.238941, -100.665821, 0.441735, 2.931217, 3.242478
134.338502, -100.618629, 0.443501, 2.929879, 3.243708
134.438067, -100.571228, 0.445161, 2.932498, 3.249292
134.538037, -100.523451, 0.447085, 2.940761, 3.261864
134.637293, -100.475646, 0.449791, 2.919493, 3.241747
134.736358, -100.427560, 0.452952, 2.925452, 3.263801
134.835422, -100.379242, 0.455457, 2.903217, 3.233278
134.934013, -100.330812, 0.457981, 2.898257, 3.231024
135.032370, -100.282201, 0.460085, 2.892265, 3.227963
135.130678, -100.233360, 0.462134, 2.890802, 3.229725
135.228875, -100.184325, 0.464122, 2.887327, 3.229037
135.326975, -100.135099, 0.466020, 2.885093, 3.229600
135.425019, -100.085675, 0.467802, 2.884040, 3.231319
135.522234, -100.036591, 0.470749, 2.837771, 3.179847
135.619689, -99.987011, 0.473306, 2.872168, 3.226878
135.717413, -99.936824, 0.476260, 2.873729, 3.233675
135.815179, -99.886242, 0.478574, 2.874629, 3.238565
135.912978, -99.835386, 0.480407, 2.875515, 3.242688
136.010810, -99.784299, 0.482026, 2.876313, 3.246263
136.108094, -99.733154, 0.482822, 2.864108, 3.245230
136.205722, -99.681737, 0.485393, 2.869366, 3.244342
136.303356, -99.630041, 0.487453, 2.872253, 3.251117
136.400627, -99.578546, 0.490872, 2.863538, 3.249808
136.497988, -99.526341, 0.493561, 2.862253, 3.249635
136.595296, -99.473933, 0.495904, 2.860864, 3.252868
136.692562, -99.421161, 0.498485, 2.861663, 3.258114
136.789895, -99.367916, 0.500724, 2.878850, 3.293474
136.887659, -99.314407, 0.502109, 2.849204, 3.251054
136.984507, -99.261165, 0.503529, 2.849528, 3.253383
137.081291, -99.207762, 0.504846, 2.848016, 3.253983
137.178026, -99.154225, 0.506093, 2.846731, 3.254722
137.274726, -99.100555, 0.507267, 2.845982, 3.256000
137.371689, -99.046682, 0.508514, 2.863513, 3.279757
137.468212, -98.992652, 0.510639, 2.838699, 3.253939
137.564522, -98.938516, 0.513405, 2.831915, 3.251178
137.660988, -98.883939, 0.515712, 2.826595, 3.250712
137.756872, -98.829467, 0.518059, 2.820466, 3.246857
137.852596, -98.774814, 0.519488, 2.815102, 3.242935
137.948231, -98.720038, 0.520841, 2.814379, 3.244773
138.043836, -98.665106, 0.522199, 2.811180, 3.243643
138.139354, -98.610052, 0.523523, 2.809176, 3.243792
138.234820, -98.554863, 0.524779, 2.808134, 3.244944
138.329972, -98.499618, 0.526129, 2.751825, 3.182099
138.424601, -98.445016, 0.529684, 2.795207, 3.240652
138.519776, -98.389114, 0.532031, 2.799011, 3.247888
138.614995, -98.332971, 0.533339, 2.799746, 3.251391
138.710245, -98.276654, 0.534691, 2.799572, 3.253921
138.805478, -98.220131, 0.536687, 2.799039, 3.257162
138.900239, -98.163628, 0.537804, 2.784228, 3.252677
138.995228, -98.106751, 0.539779, 2.791287, 3.254515
139.090172, -98.049644, 0.541989, 2.793015, 3.260180
139.184796, -97.992670, 0.544347, 2.793859, 3.256240
139.279547, -97.935159, 0.547685, 2.783770, 3.260045
139.374165, -97.877398, 0.549887, 2.781130, 3.262176
139.468716, -97.819323, 0.552364, 2.781104, 3.266504
139.563236, -97.760917, 0.554645, 2.780513, 3.270959
139.658397, -97.701815, 0.556547, 2.783279, 3.279419
139.752467, -97.643152, 0.558611, 2.766585, 3.262930
139.846424, -97.584280, 0.560769, 2.764252, 3.264201
139.940292, -97.525195, 0.562776, 2.761700, 3.265308
140.034083, -97.465905, 0.564641, 2.759753, 3.266834
140.127978, -97.406416, 0.566377, 2.793875, 3.299878
140.221677, -97.346579, 0.568951, 2.751541, 3.265787
140.314999, -97.286667, 0.572092, 2.742495, 3.262323
140.408135, -97.226364, 0.575401, 2.752730, 3.292767
140.501217, -97.165904, 0.577932, 2.727596, 3.256951
140.593851, -97.105357, 0.580214, 2.722699, 3.255293
140.686255, -97.044684, 0.581863, 2.717162, 3.252452
140.778607, -96.983823, 0.583547, 2.715598, 3.254393
140.870851, -96.922807, 0.585246, 2.712014, 3.253699
140.962990, -96.861635, 0.586915, 2.709407, 3.254187
141.055038, -96.800354, 0.588490, 2.695160, 3.224400
141.145771, -96.739428, 0.588689, 2.694709, 3.243557
141.237640, -96.677964, 0.590381, 2.701624, 3.252436
141.329541, -96.616264, 0.592139, 2.701279, 3.255783
141.421426, -96.554344, 0.593820, 2.700790, 3.258876
141.513292, -96.492219, 0.595388, 2.700210, 3.261625
141.604831, -96.430222, 0.596323, 2.679003, 3.247686
141.696396, -96.367726, 0.597892, 2.691637, 3.257895
141.787945, -96.305130, 0.600234, 2.693122, 3.263371
141.879357, -96.242373, 0.601592, 2.647961, 3.226384
141.970632, -96.179732, 0.605868, 2.679088, 3.261598
142.061823, -96.116476, 0.608042, 2.679099, 3.264477
142.152907, -96.053007, 0.610441, 2.676166, 3.267144
142.243889, -95.989180, 0.612892, 2.676272, 3.271941
142.335430, -95.924685, 0.615379, 2.692653, 3.295988
142.425974, -95.860480, 0.618265, 2.657686, 3.262137
142.516186, -95.796099, 0.621264, 2.652449, 3.262033
142.606201, -95.731470, 0.624061, 2.646731, 3.261524
142.696035, -95.666603, 0.626661, 2.641867, 3.261617
142.785723, -95.601502, 0.629049, 2.638168, 3.262687
142.875510, -95.535975, 0.632195, 2.623709, 3.251369
142.964653, -95.470412, 0.635917, 2.618333, 3.255032
143.053465, -95.404570, 0.639861, 2.609707, 3.253320
143.142290, -95.338148, 0.643343, 2.623668, 3.276018
143.230577, -95.271833, 0.646287, 2.592394, 3.247375
143.318488, -95.205334, 0.648947, 2.583097, 3.242194
143.406174, -95.138643, 0.651579, 2.577771, 3.242306
143.493670, -95.071721, 0.654348, 2.570236, 3.239767
143.580932, -95.004587, 0.657196, 2.563877, 3.238827
143.667969, -94.937314, 0.660011, 2.545728, 3.201484
143.754181, -94.870260, 0.659698, 2.535733, 3.202494
143.840733, -94.803078, 0.662421, 2.544999, 3.227560
143.927333, -94.735346, 0.664104, 2.549129, 3.236898
144.014054, -94.667455, 0.664305, 2.548917, 3.237998
144.100737, -94.599435, 0.666736, 2.545599, 3.239858
144.187247, -94.531213, 0.670007, 2.528953, 3.206941
144.273355, -94.462816, 0.670494, 2.543251, 3.242304
144.359645, -94.394205, 0.672152, 2.537409, 3.242631
144.445858, -94.325395, 0.673609, 2.538344, 3.247681
144.531889, -94.256533, 0.674798, 2.513892, 3.220733
144.618274, -94.187666, 0.677229, 2.534213, 3.251419
144.704536, -94.118371, 0.677711, 2.535139, 3.254882
144.790747, -94.048903, 0.679026, 2.537061, 3.259929
144.877264, -93.979062, 0.680259, 2.538122, 3.269049
144.963369, -93.909181, 0.682032, 2.521833, 3.249724
145.049006, -93.839487, 0.684217, 2.518382, 3.249976
145.134487, -93.769612, 0.686320, 2.513747, 3.249567
145.219817, -93.699565, 0.688346, 2.509628, 3.249615
145.305022, -93.629340, 0.690271, 2.506397, 3.250548
145.390381, -93.558819, 0.692133, 2.540046, 3.286953
145.475441, -93.487995, 0.694983, 2.496407, 3.249317
145.560058, -93.417231, 0.697714, 2.485912, 3.244527
145.644388, -93.346317, 0.700625, 2.478190, 3.241952
145.728762, -93.274880, 0.703265, 2.495824, 3.269175
145.812706, -93.203677, 0.705037, 2.463899, 3.235137
145.896260, -93.132456, 0.706778, 2.455349, 3.228922
145.979586, -93.061170, 0.708686, 2.450262, 3.228315
146.062780, -92.989696, 0.710943, 2.443656, 3.225548
146.145749, -92.918067, 0.713466, 2.437766, 3.224660
146.228383, -92.846795, 0.711899, 2.439208, 3.218187
146.310533, -92.775792, 0.711358, 2.426398, 3.206602
146.393077, -92.704451, 0.713514, 2.427636, 3.210648
146.475675, -92.632866, 0.714332, 2.431406, 3.218202
146.558412, -92.561134, 0.714017, 2.433687, 3.220436
146.641256, -92.489366, 0.713969, 2.435394, 3.222206
146.723869, -92.417903, 0.714251, 2.411377, 3.190714
146.806415, -92.345950, 0.713806, 2.435682, 3.222693
146.889208, -92.274011, 0.715467, 2.435219, 3.226692
146.972019, -92.201975, 0.716065, 2.436526, 3.230470
147.054619, -92.129910, 0.717145, 2.413126, 3.203386
147.137579, -92.057814, 0.719561, 2.433133, 3.235029
147.220412, -91.985292, 0.720187, 2.434186, 3.239000
147.303459, -91.912475, 0.721728, 2.442788, 3.255898
147.386114, -91.839441, 0.723709, 2.419456, 3.228883
147.468330, -91.766649, 0.725504, 2.419370, 3.233662
147.550479, -91.693668, 0.727214, 2.416687, 3.235102
147.632542, -91.620518, 0.728834, 2.414335, 3.236612
147.714544, -91.547193, 0.730361, 2.414611, 3.241218
147.796629, -91.473578, 0.731747, 2.414114, 3.245153
147.878861, -91.399740, 0.733090, 2.440408, 3.277043
147.960695, -91.325754, 0.735307, 2.404868, 3.242620
148.042251, -91.251833, 0.737177, 2.397572, 3.238614
148.123659, -91.177775, 0.739178, 2.394469, 3.240568
148.205125, -91.103273, 0.741051, 2.410397, 3.264056
148.286222, -91.029089, 0.742224, 2.380504, 3.230323
148.366988, -90.954946, 0.743226, 2.373968, 3.224188
148.447555, -90.880830, 0.744350, 2.370016, 3.222699
148.528060, -90.806569, 0.745881, 2.365271, 3.221011
148.608191, -90.732638, 0.745556, 2.362045, 3.213369
148.687961, -90.658996, 0.743081, 2.352602, 3.197324
148.767994, -90.585222, 0.745431, 2.354412, 3.203822
148.848066, -90.511216, 0.746978, 2.354984, 3.209544
148.928214, -90.436939, 0.748132, 2.356776, 3.215505
149.008393, -90.362478, 0.748690, 2.357730, 3.218845
149.088549, -90.287980, 0.748919, 2.357547, 3.219293
149.168602, -90.213708, 0.748687, 2.339475, 3.195118
149.248751, -90.139049, 0.747073, 2.363486, 3.222979
149.329143, -90.064457, 0.747422, 2.367171, 3.226790
149.409663, -89.989846, 0.746870, 2.370761, 3.231654
149.490063, -89.915290, 0.747087, 2.355295, 3.208511
149.570957, -89.840736, 0.748047, 2.373674, 3.236745
149.651974, -89.765878, 0.747393, 2.408510, 3.268430
149.732877, -89.690700, 0.747635, 2.374760, 3.236767
149.813337, -89.616061, 0.748160, 2.369028, 3.232370
149.893825, -89.541299, 0.748883, 2.369228, 3.234667
149.974322, -89.466424, 0.749559, 2.369656, 3.237269
150.054844, -89.391430, 0.750170, 2.371530, 3.241518
150.135547, -89.316186, 0.750657, 2.374959, 3.248241
150.216318, -89.240812, 0.750997, 2.377249, 3.252470
150.297410, -89.165146, 0.751422, 2.389648, 3.274748
150.378029, -89.089647, 0.752528, 2.372883, 3.250955
150.458550, -89.014164, 0.753703, 2.368351, 3.248225
150.539007, -88.938556, 0.755016, 2.367303, 3.251217
150.619675, -88.862554, 0.755587, 2.358668, 3.243146
150.699804, -88.787055, 0.756064, 2.355966, 3.238949
150.779793, -88.711621, 0.756275, 2.352238, 3.234110
150.859706, -88.636194, 0.756905, 2.350825, 3.234386
150.939381, -88.561090, 0.757125, 2.335656, 3.209798
151.018490, -88.486427, 0.753666, 2.339263, 3.206163
151.098098, -88.411631, 0.754465, 2.342658, 3.215580
151.177786, -88.336745, 0.753051, 2.345386, 3.214937
151.257684, -88.262102, 0.748841, 2.356168, 3.217215
151.337964, -88.187553, 0.748757, 2.359315, 3.221896
151.418210, -88.112843, 0.750431, 2.358349, 3.223312
151.498376, -88.038131, 0.749777, 2.360427, 3.225427
151.578394, -87.963729, 0.748145, 2.341034, 3.213152
151.658723, -87.888896, 0.747086, 2.366826, 3.228469
151.739264, -87.814162, 0.747403, 2.371232, 3.232250
151.819933, -87.739445, 0.746998, 2.374348, 3.236692
151.900586, -87.665103, 0.748416, 2.382635, 3.243972
151.981371, -87.590123, 0.748076, 2.390396, 3.250907
152.062783, -87.514735, 0.747820, 2.371669, 3.233953
152.143279, -87.440038, 0.748272, 2.369930, 3.234403
152.223831, -87.365193, 0.749004, 2.371841, 3.238494
152.304437, -87.290206, 0.749580, 2.373519, 3.242542
152.385110, -87.215080, 0.750016, 2.375832, 3.247013
152.465873, -87.139814, 0.750332, 2.378754, 3.252030
152.546811, -87.064340, 0.750625, 2.385251, 3.261818
152.627941, -86.988646, 0.750837, 2.388785, 3.267221
152.709231, -86.912748, 0.751402, 2.380382, 3.255214
152.790223, -86.837002, 0.752002, 2.384978, 3.264516
152.871216, -86.761170, 0.753016, 2.385158, 3.268831
152.952554, -86.684860, 0.753256, 2.379645, 3.264902
153.033431, -86.609062, 0.753087, 2.379246, 3.261995
153.114266, -86.533336, 0.752566, 2.378662, 3.258963
153.195119, -86.457647, 0.752401, 2.379981, 3.260585
153.275893, -86.382219, 0.752331, 2.357420, 3.221632
153.355636, -86.307246, 0.748807, 2.374338, 3.241011
153.436536, -86.232330, 0.744643, 2.383926, 3.242773
153.517764, -86.157603, 0.742585, 2.391206, 3.246767
153.599182, -86.082939, 0.741825, 2.394151, 3.248102
153.680673, -86.008278, 0.741644, 2.395957, 3.249965
153.762214, -85.933572, 0.741780, 2.397338, 3.252227
153.843679, -85.858902, 0.742048, 2.396399, 3.251629
153.925147, -85.784307, 0.742238, 2.387704, 3.216889
154.006462, -85.709654, 0.740323, 2.404477, 3.253541
154.088126, -85.634944, 0.740654, 2.402465, 3.255609
154.169823, -85.560196, 0.740314, 2.407033, 3.260048
154.251489, -85.485797, 0.741556, 2.400984, 3.262878
154.333308, -85.410758, 0.741282, 2.422589, 3.298420
154.415598, -85.335577, 0.740691, 2.400043, 3.253112
154.497248, -85.260980, 0.740767, 2.401465, 3.256084
154.578906, -85.186314, 0.740502, 2.404970, 3.258152
154.660660, -85.111613, 0.740194, 2.407964, 3.261300
154.742528, -85.036854, 0.739922, 2.411465, 3.265375
154.824520, -84.962004, 0.739939, 2.414929, 3.270185
154.906731, -84.886943, 0.739925, 2.421988, 3.279379
154.989177, -84.811739, 0.739825, 2.456863, 3.307031
155.071693, -84.736351, 0.740341, 2.423406, 3.279956
155.154027, -84.661016, 0.740994, 2.425398, 3.285905
155.236535, -84.585308, 0.742192, 2.444865, 3.317461
155.319024, -84.509745, 0.742535, 2.425022, 3.291437
155.401419, -84.434162, 0.742177, 2.425539, 3.290837
155.483848, -84.358601, 0.741799, 2.426925, 3.291974
155.566461, -84.282912, 0.741677, 2.430986, 3.297565
155.648517, -84.207746, 0.742402, 2.396794, 3.243115
155.730949, -84.132506, 0.743356, 2.427818, 3.298344
155.813587, -84.056575, 0.742784, 2.431423, 3.301393
155.896381, -83.980622, 0.741807, 2.436385, 3.305221
155.979357, -83.904663, 0.740722, 2.441787, 3.309264
156.062520, -83.828703, 0.739582, 2.447394, 3.313409
156.145854, -83.752764, 0.738382, 2.451072, 3.314564
156.229269, -83.676937, 0.737187, 2.456970, 3.318963
156.312636, -83.601422, 0.735456, 2.439357, 3.305937
156.396298, -83.525405, 0.734459, 2.466950, 3.325856
156.480262, -83.449456, 0.734638, 2.472085, 3.330788
156.564159, -83.373971, 0.735261, 2.477082, 3.334118
156.648283, -83.297862, 0.735386, 2.475859, 3.338195
156.732933, -83.221382, 0.734297, 2.487624, 3.358476
156.817142, -83.145484, 0.733520, 2.475982, 3.334800
156.901399, -83.069672, 0.732168, 2.480532, 3.335980
156.985808, -82.993963, 0.730282, 2.487297, 3.339359
157.070422, -82.918282, 0.729231, 2.493079, 3.343483
157.155220, -82.842584, 0.728301, 2.498734, 3.348167
157.240323, -82.766738, 0.727697, 2.506771, 3.357422
157.325634, -82.690773, 0.727505, 2.511211, 3.363274
157.411201, -82.614503, 0.728690, 2.505650, 3.355148
157.496278, -82.538399, 0.730686, 2.501153, 3.358432
157.581423, -82.461887, 0.732784, 2.494062, 3.357510
157.666113, -82.385536, 0.734619, 2.489561, 3.355452
157.750614, -82.309115, 0.735911, 2.484311, 3.351885
157.834935, -82.232642, 0.737375, 2.479269, 3.349503
157.919219, -82.155964, 0.739081, 2.477153, 3.352249
158.003069, -82.079424, 0.741980, 2.475583, 3.326028
158.086492, -82.003183, 0.743181, 2.463684, 3.344502
158.170320, -81.926152, 0.744034, 2.462656, 3.347953
158.254094, -81.848874, 0.746381, 2.461238, 3.352961
158.337791, -81.771279, 0.748686, 2.460375, 3.358689
158.421472, -81.693414, 0.750003, 2.460213, 3.362774
158.505077, -81.615455, 0.750883, 2.458484, 3.363283
158.588673, -81.537377, 0.751643, 2.459869, 3.367470
158.671914, -81.459401, 0.751041, 2.446817, 3.366972
158.755634, -81.381110, 0.751809, 2.461959, 3.371251
158.839049, -81.302764, 0.753114, 2.429985, 3.334617
158.922833, -81.224658, 0.755188, 2.456982, 3.375310
159.006496, -81.145887, 0.756262, 2.459840, 3.381550
159.090495, -81.066604, 0.756890, 2.465656, 3.395949
159.173873, -80.987804, 0.757307, 2.449574, 3.371762
159.257129, -80.909082, 0.757512, 2.450827, 3.373309
159.340408, -80.830304, 0.757766, 2.451529, 3.375079
159.423717, -80.751453, 0.758051, 2.452670, 3.377516
159.507076, -80.672512, 0.758319, 2.455524, 3.382167
159.590641, -80.593327, 0.758684, 2.459340, 3.389123
159.674521, -80.513866, 0.759135, 2.475703, 3.416453
159.757976, -80.434460, 0.760704, 2.453876, 3.387995
159.841220, -80.354925, 0.763178, 2.454040, 3.414992
159.924472, -80.275246, 0.764824, 2.440370, 3.382875
160.007311, -80.195668, 0.765953, 2.434720, 3.377671
160.089920, -80.116144, 0.766933, 2.428295, 3.372771
160.172381, -80.036575, 0.768257, 2.425618, 3.373654
160.254749, -79.956855, 0.769957, 2.420315, 3.371900
160.336604, -79.877624, 0.773287, 2.389382, 3.319390
160.418183, -79.798119, 0.773539, 2.406477, 3.363187
160.500076, -79.718116, 0.774894, 2.404724, 3.366611
160.581856, -79.637809, 0.777859, 2.402817, 3.372740
160.663573, -79.557209, 0.778794, 2.403412, 3.376918
160.745362, -79.476504, 0.778433, 2.405936, 3.379245
160.827140, -79.395879, 0.778484, 2.404782, 3.378763
160.908880, -79.315376, 0.779035, 2.390621, 3.343410
160.990429, -79.234547, 0.778280, 2.409655, 3.382910
161.072296, -79.153601, 0.780190, 2.408378, 3.388159
161.153998, -79.073135, 0.782094, 2.416626, 3.390033
161.235750, -78.991836, 0.783416, 2.403618, 3.392098
161.317553, -78.910154, 0.784616, 2.410242, 3.427278
161.399565, -78.828391, 0.785459, 2.397539, 3.396958
161.480897, -78.746953, 0.786019, 2.395013, 3.387682
161.562227, -78.665471, 0.786741, 2.393561, 3.389637
161.643543, -78.583873, 0.787507, 2.393237, 3.391769
161.724854, -78.502155, 0.788269, 2.393358, 3.394501
161.806281, -78.420204, 0.788961, 2.396710, 3.402059
161.887780, -78.338074, 0.789534, 2.398198, 3.406146
161.969482, -78.255612, 0.790907, 2.391749, 3.397207
162.050639, -78.173358, 0.793084, 2.385998, 3.399683
162.131809, -78.090680, 0.795461, 2.375512, 3.396741
162.212490, -78.008204, 0.797322, 2.372273, 3.395448
162.292992, -77.925661, 0.798603, 2.366299, 3.391766
162.373294, -77.843097, 0.800014, 2.360448, 3.388329
162.453498, -77.760385, 0.801639, 2.358014, 3.390689
162.533554, -77.677530, 0.803573, 2.352951, 3.390168
162.612820, -77.595507, 0.807122, 2.325238, 3.352487
162.692283, -77.512630, 0.806776, 2.338867, 3.381112
162.771836, -77.429458, 0.809298, 2.335219, 3.385084
162.851225, -77.345933, 0.811859, 2.333986, 3.391589
162.930626, -77.262215, 0.811360, 2.336548, 3.393551
163.010163, -77.178484, 0.811235, 2.337291, 3.395341
163.089576, -77.094736, 0.812698, 2.334988, 3.395922
163.168619, -77.011097, 0.812213, 2.334077, 3.399557
163.248078, -76.927181, 0.813369, 2.334970, 3.399147
163.327079, -76.843328, 0.815133, 2.328028, 3.377984
163.406533, -76.759310, 0.817268, 2.329335, 3.402979
163.485795, -76.674833, 0.818221, 2.329635, 3.408370
163.565127, -76.589852, 0.819721, 2.342795, 3.429922
163.644348, -76.505038, 0.820192, 2.317763, 3.395556
163.723168, -76.420541, 0.820359, 2.319292, 3.401326
163.801957, -76.336007, 0.820784, 2.318258, 3.401205
163.880700, -76.251433, 0.821418, 2.316729, 3.401274
163.959390, -76.166794, 0.822221, 2.315354, 3.402114
164.038148, -76.081944, 0.823011, 2.317553, 3.408425
164.117176, -75.996698, 0.824161, 2.324161, 3.423822
164.195625, -75.911702, 0.825932, 2.308107, 3.403855
164.273938, -75.826405, 0.828403, 2.317293, 3.432713
164.352134, -75.741184, 0.829877, 2.293533, 3.398782
164.430013, -75.656014, 0.830252, 2.290655, 3.394473
164.507779, -75.570941, 0.830236, 2.287737, 3.390649
164.585477, -75.485947, 0.830161, 2.288035, 3.390882
164.663254, -75.400885, 0.830059, 2.288804, 3.391662
164.740740, -75.315935, 0.830212, 2.255130, 3.354502
164.817840, -75.231726, 0.833602, 2.268621, 3.374730
164.895038, -75.146570, 0.836208, 2.265475, 3.380213
164.972015, -75.061075, 0.840032, 2.259860, 3.385135
165.048860, -74.975169, 0.842388, 2.258662, 3.392127
165.125621, -74.888933, 0.844548, 2.255818, 3.396321
165.202280, -74.802437, 0.846733, 2.251244, 3.397959
165.278563, -74.716156, 0.848301, 2.229684, 3.384173
165.354791, -74.629202, 0.849872, 2.243071, 3.400188
165.431002, -74.542076, 0.853083, 2.239615, 3.406172
165.506985, -74.455313, 0.856605, 2.226790, 3.407049
165.582773, -74.367639, 0.859235, 2.227288, 3.410445
165.658483, -74.279694, 0.861956, 2.220985, 3.414039
165.734139, -74.191134, 0.864412, 2.231724, 3.430838
165.809571, -74.102681, 0.865962, 2.208497, 3.408063
165.884545, -74.014426, 0.867145, 2.205412, 3.408523
165.959428, -73.926091, 0.868064, 2.203091, 3.408613
166.034250, -73.837684, 0.868748, 2.201874, 3.409534
166.109054, -73.749193, 0.869255, 2.201873, 3.411587
166.183980, -73.660504, 0.869842, 2.228227, 3.435019
166.258915, -73.571505, 0.871858, 2.195111, 3.409359
166.333278, -73.482735, 0.874885, 2.183351, 3.406464
166.407576, -73.393508, 0.877427, 2.175933, 3.407765
166.481360, -73.304531, 0.879778, 2.166368, 3.400921
166.554907, -73.215490, 0.880846, 2.162950, 3.397716
166.628325, -73.126466, 0.881357, 2.160778, 3.396913
166.701785, -73.037333, 0.881542, 2.161478, 3.397800
166.775236, -72.948214, 0.881423, 2.161634, 3.398356
166.848332, -72.859337, 0.882712, 2.141371, 3.348526
166.921114, -72.771119, 0.887055, 2.138011, 3.386385
166.993809, -72.681649, 0.890391, 2.134621, 3.392418
167.066392, -72.591777, 0.892621, 2.132797, 3.398752
167.138874, -72.501621, 0.894650, 2.130003, 3.403018
167.211263, -72.411210, 0.896660, 2.127230, 3.407157
167.283552, -72.320546, 0.898751, 2.123575, 3.409867
167.355403, -72.230051, 0.899294, 2.126193, 3.409492
167.427377, -72.139171, 0.902235, 2.114565, 3.411384
167.498884, -72.048240, 0.904493, 2.101115, 3.387430
167.570637, -71.957118, 0.908165, 2.100506, 3.413370
167.642057, -71.865466, 0.910488, 2.096973, 3.417703
167.713271, -71.773597, 0.913354, 2.089912, 3.421797
167.784710, -71.680729, 0.915564, 2.097444, 3.445129
167.855437, -71.588578, 0.917124, 2.076570, 3.414515
167.925920, -71.496439, 0.918385, 2.072904, 3.414296
167.996293, -71.404228, 0.919398, 2.070085, 3.414185
168.066591, -71.311943, 0.920202, 2.068476, 3.415183
168.136857, -71.219560, 0.920858, 2.068131, 3.417597
168.207350, -71.126805, 0.921758, 2.073715, 3.434158
168.277394, -71.034215, 0.923847, 2.059726, 3.417067
168.347203, -70.941513, 0.926812, 2.050927, 3.416009
168.416968, -70.848336, 0.928981, 2.037329, 3.406585
168.486300, -70.755355, 0.931216, 2.036318, 3.412633
168.555445, -70.662304, 0.932182, 2.033820, 3.411697
168.624548, -70.569154, 0.932847, 2.034191, 3.415159
168.693654, -70.475890, 0.933260, 2.033357, 3.415310
168.762752, -70.382585, 0.933438, 2.033680, 3.416956
168.831235, -70.290202, 0.934885, 2.013097, 3.371173
168.899923, -70.197122, 0.939707, 2.012479, 3.410202
168.968331, -70.103269, 0.941527, 2.011734, 3.416651
169.036777, -70.009229, 0.941633, 2.013379, 3.421471
169.105174, -69.915063, 0.944005, 2.008686, 3.424402
169.173384, -69.820533, 0.947750, 2.001739, 3.430321
169.241266, -69.725957, 0.950012, 1.989080, 3.430162
169.309195, -69.630814, 0.950849, 1.996758, 3.438760
169.376964, -69.535431, 0.953890, 1.992922, 3.444224
169.444490, -69.440295, 0.957454, 2.007825, 3.444228
169.512024, -69.344257, 0.960349, 1.981617, 3.455781
169.579405, -69.247786, 0.962906, 1.977758, 3.462964
169.646553, -69.150950, 0.966015, 1.972022, 3.479991
169.713999, -69.053122, 0.968120, 1.963392, 3.463397
169.780631, -68.956058, 0.970262, 1.959192, 3.467253
169.847133, -68.858754, 0.972203, 1.955599, 3.470569
169.913523, -68.761233, 0.973920, 1.952688, 3.474136
169.979831, -68.663495, 0.975443, 1.950755, 3.478536
170.046092, -68.565521, 0.976819, 1.949859, 3.484045
170.112449, -68.467079, 0.979043, 1.945605, 3.482858
170.178324, -68.368694, 0.982330, 1.933730, 3.484551
170.243886, -68.269943, 0.985906, 1.923125, 3.516645
170.309381, -68.170821, 0.988617, 1.917544, 3.488807
170.374490, -68.071708, 0.990657, 1.913671, 3.490276
170.439453, -67.972468, 0.991731, 1.911053, 3.491965
170.504396, -67.873045, 0.992595, 1.912139, 3.498328
170.569368, -67.773402, 0.993313, 1.911834, 3.501295
170.634138, -67.674055, 0.993519, 1.857889, 3.437769
170.698199, -67.574896, 0.994052, 1.910164, 3.500796
170.763042, -67.474941, 0.996825, 1.903767, 3.505635
170.827663, -67.374639, 1.000265, 1.896071, 3.510351
170.892025, -67.273958, 1.003744, 1.888429, 3.515352
170.956146, -67.172916, 1.006860, 1.882363, 3.520865
171.020020, -67.071892, 1.009398, 1.867148, 3.504630
171.083713, -66.970359, 1.009946, 1.874610, 3.526013
171.147374, -66.868638, 1.012363, 1.871165, 3.531545
171.210670, -66.766830, 1.014070, 1.850347, 3.500007
171.274131, -66.664995, 1.018255, 1.853595, 3.533067
171.337141, -66.562511, 1.021385, 1.849461, 3.541119
171.400000, -66.459732, 1.024216, 1.871206, 3.563073
171.462925, -66.355961, 1.027921, 1.828649, 3.538246
171.524814, -66.252958, 1.031400, 1.817281, 3.538253
171.586416, -66.149671, 1.034534, 1.809160, 3.540955
171.647761, -66.046119, 1.037316, 1.802286, 3.544068
171.708897, -65.942304, 1.039787, 1.796708, 3.548008
171.769855, -65.838222, 1.042272, 1.790647, 3.552091
171.830704, -65.733623, 1.045716, 1.780606, 3.547011
171.891010, -65.629041, 1.049705, 1.768567, 3.553717
171.950936, -65.524139, 1.053714, 1.758802, 3.557846
172.010721, -65.418542, 1.057090, 1.747489, 3.561771
172.069992, -65.313156, 1.060148, 1.739932, 3.561430
172.129066, -65.207517, 1.061691, 1.736883, 3.562768
172.188042, -65.101722, 1.062791, 1.736351, 3.568559
172.247006, -64.995686, 1.063755, 1.734218, 3.570559
172.305373, -64.889978, 1.063216, 1.679987, 3.526652
172.363847, -64.784398, 1.065652, 1.721803, 3.560695
172.422353, -64.678166, 1.069014, 1.717054, 3.569134
172.480638, -64.571572, 1.071756, 1.710851, 3.574035
172.538718, -64.464689, 1.074305, 1.705033, 3.578692
172.596601, -64.357522, 1.076827, 1.699186, 3.583194
172.654082, -64.250602, 1.078398, 1.676291, 3.575807
172.711590, -64.143094, 1.078873, 1.692624, 3.585771
172.769074, -64.035455, 1.080433, 1.691198, 3.589957
172.826463, -63.927707, 1.081003, 1.654253, 3.563316
172.883873, -63.820273, 1.083748, 1.677608, 3.594381
172.941106, -63.712138, 1.084548, 1.682729, 3.600458
172.998622, -63.603517, 1.085910, 1.678175, 3.615467
173.055572, -63.495060, 1.087915, 1.667061, 3.592220
173.112154, -63.386870, 1.089888, 1.662726, 3.594464
173.168565, -63.278515, 1.091631, 1.658101, 3.596408
173.224833, -63.170005, 1.093155, 1.654336, 3.598796
173.280990, -63.061331, 1.094490, 1.651502, 3.601920
173.337086, -62.952437, 1.095751, 1.651469, 3.610170
173.393192, -62.843038, 1.098033, 1.642510, 3.600137
173.448784, -62.733940, 1.100925, 1.630850, 3.603006
173.504048, -62.624682, 1.103962, 1.622217, 3.604318
173.559209, -62.514800, 1.106438, 1.620962, 3.618405
173.613952, -62.405325, 1.108124, 1.607123, 3.602007
173.668569, -62.295829, 1.108168, 1.607265, 3.599721
173.723175, -62.186418, 1.107603, 1.607918, 3.598380
173.777788, -62.077337, 1.106271, 1.592481, 3.581433
173.831994, -61.968395, 1.104953, 1.611319, 3.585203
173.886641, -61.859287, 1.107621, 1.605022, 3.591669
173.941161, -61.749866, 1.109885, 1.600179, 3.597404
173.995550, -61.640187, 1.110872, 1.598674, 3.600825
174.049912, -61.530356, 1.111434, 1.598602, 3.604880
174.104242, -61.420454, 1.111917, 1.597360, 3.605653
174.158214, -61.310849, 1.111322, 1.573790, 3.605193
174.212489, -61.200783, 1.112114, 1.597384, 3.609383
174.266761, -61.090552, 1.113171, 1.596387, 3.614233
174.320860, -60.980381, 1.113807, 1.564984, 3.578918
174.375189, -60.870251, 1.116678, 1.585827, 3.618184
174.429491, -60.759437, 1.117270, 1.601756, 3.649526
174.483466, -60.648342, 1.118457, 1.575176, 3.610106
174.536984, -60.537903, 1.120597, 1.571888, 3.613629
174.590312, -60.427249, 1.122735, 1.566855, 3.616863
174.643466, -60.316385, 1.124671, 1.562074, 3.620373
174.696470, -60.205307, 1.126433, 1.558053, 3.624428
174.749348, -60.094008, 1.128115, 1.554272, 3.628829
174.802301, -59.982232, 1.130035, 1.579498, 3.669283
174.854836, -59.870255, 1.132768, 1.541347, 3.631698
174.906988, -59.758408, 1.135868, 1.529937, 3.631214
174.958786, -59.646399, 1.139300, 1.519477, 3.633070
175.010408, -59.533792, 1.141923, 1.505201, 3.627057
175.061623, -59.421553, 1.143743, 1.503617, 3.631472
175.112697, -59.309288, 1.143937, 1.502763, 3.629086
175.163764, -59.197342, 1.143586, 1.492934, 3.593739
175.214247, -59.085574, 1.141563, 1.503030, 3.607767
175.265243, -58.973717, 1.144094, 1.498184, 3.618134
175.316102, -58.861558, 1.146725, 1.491049, 3.622612
175.366759, -58.749138, 1.148325, 1.487670, 3.626883
175.417294, -58.636548, 1.149429, 1.484858, 3.629705
175.467756, -58.523813, 1.150395, 1.482973, 3.632953
175.518093, -58.411114, 1.151321, 1.488281, 3.613971
175.568028, -58.298588, 1.150539, 1.487390, 3.632968
175.618351, -58.185707, 1.152008, 1.478605, 3.636314
175.668568, -58.072615, 1.152584, 1.478482, 3.639722
175.718642, -57.959878, 1.154255, 1.491497, 3.631069
175.769114, -57.846508, 1.156368, 1.477678, 3.662826
175.818912, -57.732869, 1.157742, 1.456529, 3.630463
175.868418, -57.619651, 1.159004, 1.455531, 3.635203
175.917808, -57.506386, 1.160231, 1.452414, 3.639208
175.967125, -57.392903, 1.161425, 1.450521, 3.644377
176.016381, -57.279197, 1.162625, 1.448563, 3.649816
176.065571, -57.165256, 1.163878, 1.446669, 3.655388
176.114742, -57.050969, 1.165127, 1.446220, 3.664881
176.163974, -56.936175, 1.166178, 1.444469, 3.662399
176.212845, -56.821784, 1.167564, 1.439001, 3.664273
176.261613, -56.707142, 1.168928, 1.436738, 3.667991
176.310273, -56.592065, 1.170565, 1.437181, 3.690882
176.358808, -56.477216, 1.172276, 1.423823, 3.670162
176.407173, -56.362201, 1.174052, 1.418427, 3.674214
176.455256, -56.247386, 1.176106, 1.385312, 3.640199
176.502560, -56.132408, 1.178740, 1.436609, 3.668076
176.550432, -56.016852, 1.180006, 1.401397, 3.679008
176.598024, -55.901055, 1.181722, 1.396913, 3.682819
176.645472, -55.785060, 1.183299, 1.392701, 3.686278
176.692784, -55.668894, 1.184765, 1.388046, 3.687290
176.739900, -55.552733, 1.186137, 1.384237, 3.689567
176.786906, -55.436403, 1.187427, 1.381093, 3.692947
176.833200, -55.320477, 1.189360, 1.351347, 3.689317
176.879739, -55.203857, 1.191441, 1.368871, 3.694553
176.926228, -55.087015, 1.192776, 1.365136, 3.698925
176.972424, -54.970203, 1.194066, 1.334532, 3.655400
177.020111, -54.853750, 1.194004, 1.341729, 3.718033
177.066280, -54.736842, 1.194849, 1.350628, 3.682239
177.112087, -54.620368, 1.196457, 1.348730, 3.684509
177.157787, -54.503768, 1.197250, 1.346988, 3.687277
177.203461, -54.387099, 1.198026, 1.342460, 3.687866
177.249017, -54.270328, 1.199697, 1.337898, 3.690413
177.294411, -54.153374, 1.201416, 1.334411, 3.696316
177.339720, -54.036061, 1.202998, 1.330786, 3.701328
177.385069, -53.918368, 1.203541, 1.329973, 3.700836
177.430131, -53.801152, 1.203554, 1.329121, 3.698001
177.475279, -53.683873, 1.202331, 1.333924, 3.699318
177.520545, -53.566314, 1.200778, 1.341539, 3.720258
177.566107, -53.449240, 1.199843, 1.339334, 3.695847
177.611699, -53.332264, 1.199376, 1.339422, 3.694609
177.656506, -53.215875, 1.200528, 1.288566, 3.662861
177.701980, -53.099491, 1.201203, 1.329590, 3.684182
177.747224, -52.982645, 1.201534, 1.329331, 3.683732
177.792429, -52.865791, 1.201814, 1.328376, 3.683729
177.837606, -52.748919, 1.202054, 1.327678, 3.684099
177.882749, -52.632056, 1.202263, 1.326139, 3.681686
177.927827, -52.515295, 1.202444, 1.325984, 3.683053
177.972908, -52.398468, 1.202606, 1.326179, 3.685182
178.017503, -52.282062, 1.203337, 1.292634, 3.677407
178.062320, -52.165031, 1.204387, 1.321830, 3.687448
178.107279, -52.047874, 1.204255, 1.322909, 3.691274
178.152237, -51.930970, 1.203966, 1.343485, 3.681079
178.197412, -51.813970, 1.203022, 1.319671, 3.673748
178.242366, -51.697390, 1.202392, 1.323699, 3.675685
178.287412, -51.580803, 1.201800, 1.326017, 3.676508
178.332537, -51.464215, 1.201222, 1.328339, 3.677442
178.377699, -51.347743, 1.200717, 1.329308, 3.675674
178.422909, -51.231283, 1.200283, 1.331850, 3.678123
178.468221, -51.114710, 1.199871, 1.335677, 3.685337
178.513675, -50.997912, 1.199481, 1.338280, 3.689001
178.559330, -50.880894, 1.198316, 1.341782, 3.679989
178.604912, -50.764309, 1.197599, 1.345123, 3.685530
178.650619, -50.647702, 1.196089, 1.350900, 3.686859
178.696549, -50.530862, 1.195040, 1.344732, 3.679557
178.742538, -50.414511, 1.194096, 1.353054, 3.682448
178.788579, -50.298503, 1.194128, 1.336933, 3.632932
178.833989, -50.183223, 1.195591, 1.346595, 3.674856
178.879728, -50.066861, 1.196779, 1.342895, 3.676052
178.925352, -49.950441, 1.197824, 1.339476, 3.676521
178.970867, -49.833959, 1.198751, 1.336506, 3.677109
179.016288, -49.717416, 1.199575, 1.333942, 3.677847
179.061628, -49.600811, 1.200309, 1.331769, 3.678817
179.106864, -49.484237, 1.200963, 1.328817, 3.676795
179.152014, -49.367668, 1.201549, 1.327512, 3.678754
179.196525, -49.251509, 1.202816, 1.308804, 3.679183
179.241430, -49.134758, 1.203732, 1.321775, 3.680706
179.286382, -49.017841, 1.203674, 1.322167, 3.684260
179.331232, -48.900962, 1.203258, 1.324240, 3.682936
179.376057, -48.784604, 1.202658, 1.319429, 3.666382
179.420951, -48.668310, 1.202129, 1.321267, 3.666463
179.465911, -48.552085, 1.201625, 1.321230, 3.664801
179.510884, -48.435972, 1.201722, 1.320760, 3.665331
179.555810, -48.319807, 1.202562, 1.318692, 3.666798
179.600643, -48.203544, 1.203055, 1.319322, 3.668505
179.645555, -48.087039, 1.202670, 1.322255, 3.675159
179.690701, -47.970361, 1.202182, 1.357267, 3.708179
179.735760, -47.853799, 1.201038, 1.328793, 3.673255
179.780881, -47.737399, 1.200012, 1.333164, 3.674963
179.826208, -47.620643, 1.198986, 1.338984, 3.677308
179.871601, -47.504499, 1.197957, 1.336061, 3.671098
179.917089, -47.388372, 1.197775, 1.336231, 3.670735
179.961945, -47.273521, 1.198626, 1.318975, 3.634675
180.007164, -47.157535, 1.199515, 1.329554, 3.664755
180.052347, -47.041349, 1.200307, 1.326983, 3.665519
180.097452, -46.925104, 1.201007, 1.324888, 3.666361
180.142492, -46.808801, 1.201626, 1.323092, 3.667264
180.187475, -46.692442, 1.202173, 1.321586, 3.668297
180.232412, -46.576023, 1.202659, 1.320373, 3.669565
180.277254, -46.459693, 1.203091, 1.318333, 3.667923
180.322088, -46.343505, 1.203485, 1.317611, 3.625226
180.366240, -46.227298, 1.205045, 1.313456, 3.667474
180.410847, -46.110679, 1.205363, 1.312505, 3.672961
180.455155, -45.993876, 1.205458, 1.344360, 3.710167
180.499912, -45.877183, 1.204657, 1.305880, 3.654213
180.544445, -45.761216, 1.204512, 1.308080, 3.656638
180.588943, -45.645221, 1.205245, 1.305744, 3.657070
180.633321, -45.529153, 1.206704, 1.301365, 3.658156
180.677563, -45.412948, 1.207909, 1.298686, 3.661009
180.721760, -45.296608, 1.208266, 1.298390, 3.664359
180.765951, -45.180155, 1.208565, 1.297693, 3.666589
180.810143, -45.063504, 1.208562, 1.302666, 3.675014
180.854593, -44.946491, 1.207667, 1.305013, 3.666703
180.898904, -44.829901, 1.207305, 1.307307, 3.673215
180.943247, -44.712870, 1.206675, 1.317915, 3.691781
180.987800, -44.596309, 1.206192, 1.308879, 3.672696
181.032346, -44.479731, 1.206289, 1.308190, 3.673895
181.076584, -44.363652, 1.207009, 1.289510, 3.606597
181.120940, -44.247649, 1.206843, 1.307620, 3.678618
181.165546, -44.130609, 1.206535, 1.312695, 3.685457
181.210257, -44.013388, 1.206281, 1.315709, 3.691408
181.255066, -43.895994, 1.206067, 1.318470, 3.697064
181.299965, -43.778432, 1.205887, 1.321027, 3.702480
181.344948, -43.660709, 1.205738, 1.323434, 3.707774
181.389968, -43.542934, 1.205617, 1.324598, 3.709774
181.435040, -43.425063, 1.205520, 1.326970, 3.715483
181.479532, -43.307574, 1.206352, 1.306667, 3.717479
181.524504, -43.189376, 1.207475, 1.324040, 3.723054
181.569043, -43.071102, 1.207359, 1.286065, 3.720482
181.614406, -42.952452, 1.206588, 1.323020, 3.715013
181.659434, -42.834391, 1.206451, 1.324981, 3.719253
181.704507, -42.716251, 1.206888, 1.323626, 3.723126
181.749543, -42.597939, 1.208001, 1.322136, 3.729053
181.794542, -42.479365, 1.208753, 1.322269, 3.735959
181.839578, -42.360554, 1.208934, 1.323696, 3.742816
181.884732, -42.241426, 1.209039, 1.327741, 3.751851
181.929990, -42.122050, 1.208949, 1.330562, 3.759119
181.975385, -42.002308, 1.208374, 1.334552, 3.753497
182.020666, -41.882900, 1.208104, 1.336128, 3.761978
182.066067, -41.762926, 1.208029, 1.334976, 3.759656
182.111476, -41.643415, 1.207634, 1.336032, 3.765181
182.156937, -41.523796, 1.208115, 1.335409, 3.766964
182.202156, -41.404702, 1.208555, 1.353484, 3.742959
182.247391, -41.285589, 1.208312, 1.337470, 3.768602
182.292947, -41.165666, 1.207624, 1.341318, 3.775270
182.338633, -41.045577, 1.206963, 1.344950, 3.779943
182.384449, -40.925368, 1.206359, 1.348676, 3.784456
182.430389, -40.805045, 1.205801, 1.352226, 3.788856
182.476430, -40.684642, 1.205381, 1.354047, 3.790297
182.522485, -40.564250, 1.205691, 1.354289, 3.794720
182.568546, -40.443847, 1.206546, 1.358298, 3.750491
182.613755, -40.323575, 1.209082, 1.345833, 3.795809
182.659312, -40.202639, 1.211154, 1.316475, 3.785759
182.704748, -40.081806, 1.212098, 1.334967, 3.799937
182.750229, -39.960671, 1.212612, 1.330851, 3.789467
182.795302, -39.839878, 1.215010, 1.321643, 3.794219
182.840104, -39.718822, 1.217626, 1.314447, 3.797982
182.884632, -39.597653, 1.220504, 1.303083, 3.801556
182.928827, -39.476186, 1.223775, 1.293763, 3.807340
182.972737, -39.354363, 1.226394, 1.286738, 3.815436
183.016428, -39.232112, 1.228677, 1.282209, 3.822308
183.060096, -39.109335, 1.230606, 1.277630, 3.839930
183.103277, -38.986853, 1.232429, 1.270236, 3.823156
183.146284, -38.863799, 1.234306, 1.273656, 3.834373
183.189156, -38.741120, 1.235827, 1.257102, 3.827157
183.231846, -38.618233, 1.237651, 1.251156, 3.829681
183.274296, -38.495149, 1.239658, 1.246582, 3.834225
183.316375, -38.373177, 1.240827, 1.223540, 3.807118
183.358507, -38.249844, 1.242551, 1.237350, 3.837385
183.400547, -38.126127, 1.244048, 1.233954, 3.844360
183.442455, -38.002182, 1.245439, 1.230161, 3.849040
183.484247, -37.878036, 1.246715, 1.226839, 3.853273
183.525928, -37.753710, 1.247900, 1.223720, 3.857098
183.567491, -37.629267, 1.249002, 1.219750, 3.857321
183.608946, -37.504923, 1.250034, 1.229136, 3.816029
183.649555, -37.380871, 1.252595, 1.209390, 3.856373
183.690465, -37.256124, 1.254653, 1.201013, 3.863152
183.731374, -37.131868, 1.255245, 1.173753, 3.885256
183.772181, -37.006549, 1.256197, 1.191554, 3.864317
183.812615, -36.882054, 1.257773, 1.185404, 3.849918
183.852810, -36.757446, 1.259685, 1.179391, 3.851667
183.892786, -36.632849, 1.261827, 1.169777, 3.851930
183.932458, -36.508100, 1.264681, 1.159939, 3.854022
183.971766, -36.383140, 1.268028, 1.148969, 3.857412
184.010719, -36.257814, 1.270645, 1.143390, 3.864853
184.049637, -36.131953, 1.272055, 1.138123, 3.878373
184.088162, -36.006503, 1.273320, 1.133406, 3.862671
184.126487, -35.880607, 1.274462, 1.137639, 3.874733
184.164798, -35.755072, 1.275352, 1.123288, 3.861353
184.202936, -35.629560, 1.276711, 1.118156, 3.860125
184.240862, -35.503989, 1.278219, 1.113545, 3.861041
184.278557, -35.379247, 1.279094, 1.094890, 3.812939
184.316122, -35.253821, 1.279881, 1.107925, 3.862350
184.353763, -35.127916, 1.280755, 1.105186, 3.864988
184.391322, -35.001885, 1.281571, 1.102978, 3.867841
184.428808, -34.875733, 1.282334, 1.100943, 3.870630
184.466228, -34.749464, 1.283050, 1.099095, 3.873378
184.503562, -34.623158, 1.283732, 1.096465, 3.872858
184.540849, -34.497112, 1.284460, 1.092367, 3.825110
184.577276, -34.371106, 1.287093, 1.085212, 3.870932
184.613996, -34.244542, 1.289184, 1.077599, 3.877167
184.650776, -34.118539, 1.289755, 1.070806, 3.873570
184.687417, -33.991358, 1.290996, 1.071148, 3.899763
184.723652, -33.864860, 1.292368, 1.061929, 3.863897
184.759651, -33.738486, 1.294230, 1.055843, 3.864741
184.795426, -33.612119, 1.296388, 1.046178, 3.866378
184.830898, -33.485595, 1.299238, 1.036303, 3.868856
184.865975, -33.358882, 1.302097, 1.028285, 3.871638
184.900792, -33.231934, 1.304050, 1.022354, 3.877880
184.935591, -33.104337, 1.305455, 1.017557, 3.888135
184.970026, -32.977174, 1.306921, 1.012950, 3.879101
185.004264, -32.849446, 1.308495, 1.015302, 3.886675
185.038392, -32.722204, 1.309772, 0.999842, 3.878437
185.072337, -32.594852, 1.311604, 0.992876, 3.879875
185.105982, -32.467400, 1.314043, 0.984841, 3.879927
185.139280, -32.340503, 1.316163, 0.989033, 3.822172
185.172368, -32.213466, 1.317407, 0.972808, 3.882213
185.205403, -32.085563, 1.318736, 0.968902, 3.885426
185.238297, -31.957513, 1.319962, 0.965041, 3.888488
185.271064, -31.829329, 1.321096, 0.961442, 3.891239
185.303712, -31.701024, 1.322146, 0.958082, 3.893693
185.336251, -31.572608, 1.323119, 0.954958, 3.895946
185.368614, -31.444688, 1.324178, 0.927852, 3.854947
185.400267, -31.316503, 1.327181, 0.938448, 3.890044
185.431970, -31.188015, 1.329286, 0.898453, 3.856724
185.463907, -31.060006, 1.329729, 0.926766, 3.891131
185.495550, -30.930925, 1.331022, 0.945387, 3.926440
185.526881, -30.802361, 1.332313, 0.917001, 3.881107
185.557953, -30.674185, 1.334163, 0.908161, 3.880455
185.588752, -30.545976, 1.336634, 0.899044, 3.881401
185.619200, -30.417640, 1.339759, 0.887707, 3.883049
185.649223, -30.289133, 1.342914, 0.877999, 3.885140
185.678918, -30.160431, 1.345018, 0.871057, 3.889265
185.708519, -30.031169, 1.346223, 0.869096, 3.891653
185.737841, -29.902316, 1.347718, 0.862275, 3.891302
185.766957, -29.772937, 1.349140, 0.862574, 3.894421
185.795970, -29.644040, 1.350305, 0.849506, 3.889775
185.824808, -29.515050, 1.352117, 0.842503, 3.890669
185.853339, -29.385994, 1.354483, 0.834609, 3.890263
185.881493, -29.257312, 1.356573, 0.841810, 3.827824
185.909633, -29.128987, 1.357587, 0.822761, 3.891350
185.937576, -28.999571, 1.358695, 0.819650, 3.893998
185.965401, -28.870035, 1.359712, 0.816316, 3.896616
185.993117, -28.740391, 1.360655, 0.813186, 3.898883
186.020729, -28.610652, 1.361532, 0.810237, 3.900813
186.048245, -28.480830, 1.362347, 0.807470, 3.902505
186.075472, -28.351579, 1.363548, 0.769195, 3.872146
186.102228, -28.221952, 1.366735, 0.790295, 3.896037
186.128779, -28.092281, 1.369093, 0.762056, 3.854007
186.155719, -27.962950, 1.369318, 0.778065, 3.894521
186.182279, -27.832648, 1.370353, 0.809471, 3.939303
186.208620, -27.702628, 1.371546, 0.769150, 3.883951
186.234668, -27.573187, 1.373078, 0.762069, 3.882430
186.260500, -27.443845, 1.375006, 0.753608, 3.881772
186.286032, -27.314454, 1.377644, 0.743599, 3.881906
186.311168, -27.184979, 1.380902, 0.731685, 3.881597
186.335859, -27.055369, 1.384032, 0.721639, 3.884868
186.360293, -26.925315, 1.385860, 0.716218, 3.882072
186.384454, -26.795526, 1.387388, 0.710643, 3.887435
186.408403, -26.665212, 1.388583, 0.711780, 3.891294
186.432290, -26.535414, 1.389705, 0.698448, 3.885341
186.455998, -26.405537, 1.391525, 0.691409, 3.886204
186.479403, -26.275598, 1.393988, 0.682891, 3.885709
186.502351, -26.145798, 1.396406, 0.675746, 3.831160
186.525450, -26.016837, 1.397614, 0.668564, 3.886893
186.548157, -25.886546, 1.398738, 0.665922, 3.889861
186.570749, -25.756136, 1.399787, 0.662361, 3.892633
186.593224, -25.625616, 1.400761, 0.659024, 3.895050
186.615589, -25.494999, 1.401667, 0.655888, 3.897126
186.637850, -25.364299, 1.402511, 0.652948, 3.898958
186.659767, -25.234206, 1.403853, 0.614790, 3.874604
186.681333, -25.103673, 1.407028, 0.635395, 3.893654
186.702644, -24.973091, 1.409322, 0.603101, 3.851369
186.724323, -24.842903, 1.409599, 0.622981, 3.891697
186.745479, -24.711838, 1.410530, 0.654914, 3.931233
186.766692, -24.580649, 1.411885, 0.614460, 3.881269
186.787490, -24.450373, 1.413491, 0.606314, 3.880069
186.808049, -24.320164, 1.415617, 0.598057, 3.879721
186.828284, -24.189906, 1.418430, 0.587345, 3.880124
186.848089, -24.059576, 1.421746, 0.575832, 3.880351
186.867477, -23.929102, 1.424632, 0.566116, 3.884015
186.886626, -23.798181, 1.426230, 0.561198, 3.882858
186.905529, -23.667548, 1.427749, 0.555776, 3.886993
186.924159, -23.536438, 1.428743, 0.558480, 3.901333
186.942870, -23.405723, 1.429819, 0.545132, 3.886919
186.961368, -23.274936, 1.431521, 0.538244, 3.888431
186.979566, -23.144094, 1.433685, 0.531274, 3.888736
186.997479, -23.013147, 1.435733, 0.503261, 3.871862
187.015318, -22.883509, 1.437074, 0.521051, 3.889093
187.032884, -22.752301, 1.438170, 0.514961, 3.893758
187.050337, -22.620965, 1.439184, 0.511458, 3.896873
187.067676, -22.489516, 1.440104, 0.508246, 3.899525
187.084911, -22.357971, 1.440926, 0.505297, 3.901703
187.102053, -22.226344, 1.441664, 0.502605, 3.903523
187.118920, -22.095309, 1.442847, 0.465822, 3.877049
187.135378, -21.963889, 1.445936, 0.485975, 3.898141
187.151706, -21.832274, 1.448318, 0.457222, 3.881721
187.168177, -21.701254, 1.448897, 0.470766, 3.896102
187.184167, -21.569482, 1.449340, 0.451723, 3.929223
187.200301, -21.437095, 1.450701, 0.465609, 3.886972
187.216055, -21.305974, 1.452250, 0.457840, 3.884571
187.231567, -21.174922, 1.454414, 0.449390, 3.883747
187.246735, -21.043859, 1.457247, 0.438462, 3.882118
187.261484, -20.912759, 1.460216, 0.428435, 3.883618
187.275867, -20.781545, 1.462969, 0.418186, 3.886253
187.289977, -20.649928, 1.464939, 0.408217, 3.889351
187.303798, -20.518575, 1.466529, 0.406436, 3.889822
187.317345, -20.386874, 1.467234, 0.386735, 3.919860
187.331023, -20.255320, 1.468278, 0.396914, 3.889978
187.344499, -20.123816, 1.469870, 0.390510, 3.891436
187.357692, -19.992263, 1.472095, 0.382983, 3.891414
187.370585, -19.860561, 1.474274, 0.375669, 3.897887
187.383272, -19.730182, 1.475859, 0.376000, 3.881523
187.395758, -19.598336, 1.477107, 0.364530, 3.895852
187.408084, -19.466351, 1.478244, 0.360306, 3.898764
187.420274, -19.334262, 1.479298, 0.356435, 3.901263
187.432337, -19.202083, 1.480276, 0.352814, 3.903353
187.444280, -19.069827, 1.481186, 0.349429, 3.905133
187.456060, -18.938080, 1.482347, 0.317872, 3.872381
187.467236, -18.806106, 1.485497, 0.333009, 3.899359
187.478366, -18.673868, 1.487904, 0.323229, 3.902810
187.489681, -18.542319, 1.488819, 0.317697, 3.897533
187.500541, -18.410145, 1.488993, 0.318707, 3.901304
187.511260, -18.276971, 1.490466, 0.312677, 3.896061
187.521786, -18.145192, 1.491969, 0.305465, 3.887159
187.532106, -18.013534, 1.493912, 0.296935, 3.886627
187.542119, -17.881863, 1.496553, 0.286020, 3.886116
187.551713, -17.750181, 1.499497, 0.276665, 3.886714
187.560940, -17.618398, 1.502237, 0.266421, 3.889384
187.569950, -17.486212, 1.504255, 0.255419, 3.905295
187.578586, -17.354294, 1.505741, 0.254371, 3.892060
187.587092, -17.222273, 1.506362, 0.252447, 3.895093
187.595472, -17.089937, 1.507288, 0.242286, 3.891567
187.603826, -16.957944, 1.508593, 0.240418, 3.893225
187.611948, -16.825910, 1.510644, 0.232818, 3.892861
187.619752, -16.693838, 1.512872, 0.225372, 3.894693
187.627161, -16.562983, 1.515277, 0.219250, 3.863936
187.634404, -16.430865, 1.517597, 0.207209, 3.895497
187.641311, -16.298499, 1.519728, 0.199044, 3.898415
187.647951, -16.166026, 1.521685, 0.191535, 3.900939
187.654347, -16.033462, 1.523485, 0.184611, 3.903040
187.660516, -15.900823, 1.525140, 0.178228, 3.904792
187.666572, -15.768504, 1.526740, 0.166798, 3.863378
187.671783, -15.636283, 1.530040, 0.159104, 3.898622
187.677003, -15.503679, 1.532396, 0.149922, 3.903291
187.682225, -15.371613, 1.533766, 0.179592, 3.893128
187.687297, -15.239068, 1.533831, 0.144281, 3.901887
187.692148, -15.105501, 1.534988, 0.140298, 3.915448
187.696802, -14.973228, 1.536300, 0.134091, 3.889905
187.701279, -14.841212, 1.537754, 0.128012, 3.886218
187.705543, -14.709232, 1.539217, 0.122645, 3.886453
187.709621, -14.577225, 1.540593, 0.117352, 3.887516
187.713524, -14.445160, 1.541886, 0.112387, 3.889552
187.717366, -14.312897, 1.543060, 0.135683, 3.923836
187.720961, -14.180553, 1.543809, 0.106675, 3.890792
187.724394, -14.048333, 1.544947, 0.102388, 3.894152
187.727676, -13.915709, 1.545962, 0.096787, 3.891804
187.730912, -13.783539, 1.546954, 0.091215, 3.892621
187.733994, -13.651292, 1.548766, 0.084204, 3.894074
187.736772, -13.519008, 1.551240, 0.075429, 3.894179
187.739110, -13.387724, 1.553912, 0.060089, 3.842668
187.741224, -13.255686, 1.556015, 0.057618, 3.896022
187.743064, -13.123133, 1.557804, 0.050717, 3.899024
187.744679, -12.990480, 1.559448, 0.044328, 3.901717
187.746084, -12.857740, 1.560963, 0.038427, 3.903998
187.747297, -12.724928, 1.562361, 0.032975, 3.905906
187.748331, -12.592054, 1.563653, 0.027932, 3.907561
187.748806, -12.460020, 1.566370, 0.020484, 3.898923
187.749176, -12.327320, 1.569161, 0.006496, 3.904161
187.749174, -12.194860, 1.571025, 0.005804, 3.865647
187.749633, -12.062441, 1.571029, -0.001324, 3.900529
187.749560, -11.928419, 1.571964, -0.004699, 3.990511
187.749310, -11.794514, 1.573268, -0.009710, 3.889095
187.748922, -11.664115, 1.574460, -0.015767, 3.784711
187.748370, -11.534939, 1.575810, -0.020440, 3.861054
187.747602, -11.403830, 1.577402, -0.025599, 3.857544
187.746635, -11.272781, 1.578919, -0.031405, 3.856724
187.745475, -11.141732, 1.580355, -0.036938, 3.857657
187.744131, -11.010623, 1.581716, -0.042226, 3.860271
187.742608, -10.879403, 1.583147, -0.048162, 3.864130
187.740866, -10.748041, 1.585048, -0.055490, 3.868909
187.738871, -10.616419, 1.586749, -0.061781, 3.878352
187.736661, -10.484544, 1.588383, -0.068380, 3.882092
187.734233, -10.352552, 1.589959, -0.074440, 3.885489
187.731896, -10.221097, 1.591098, -0.049326, 3.792264
187.728211, -10.093051, 1.590981, -0.124921, 3.808265
187.724052, -9.961848, 1.592121, -0.121670, 3.915949
187.720374, -9.829062, 1.593617, -0.088147, 3.857722
187.717198, -9.697772, 1.595289, -0.094055, 3.865661
187.713964, -9.566277, 1.595228, -0.094440, 3.868221
187.710771, -9.434721, 1.594850, -0.093027, 3.869698
187.707605, -9.303125, 1.594952, -0.093487, 3.870651
187.704406, -9.171496, 1.595279, -0.094693, 3.871728
187.701159, -9.039830, 1.595623, -0.096072, 3.872902
187.697870, -8.908224, 1.595929, -0.097216, 3.870862
187.694546, -8.776665, 1.596176, -0.098247, 3.872544
187.691191, -8.645044, 1.596373, -0.099065, 3.874531
187.687811, -8.513349, 1.596536, -0.099749, 3.876903
187.684407, -8.381568, 1.596761, -0.100917, 3.879620
187.680942, -8.249691, 1.597466, -0.103768, 3.882653
187.677363, -8.117704, 1.598333, -0.106974, 3.886187
187.673667, -7.985597, 1.599230, -0.110745, 3.889899
187.669833, -7.853365, 1.600382, -0.115290, 3.893768
187.665836, -7.721003, 1.601589, -0.120011, 3.897826
187.661673, -7.588508, 1.602851, -0.125174, 3.901854
187.657331, -7.455881, 1.604204, -0.130506, 3.905911
187.652805, -7.323124, 1.605560, -0.135971, 3.909905
187.648091, -7.190239, 1.606956, -0.141569, 3.913799
187.643186, -7.057229, 1.608353, -0.147154, 3.917599
187.638090, -6.924101, 1.609775, -0.152893, 3.921254
187.632797, -6.790857, 1.611210, -0.158601, 3.924819
187.627311, -6.657501, 1.612619, -0.164283, 3.928264
187.621631, -6.524038, 1.614044, -0.170014, 3.931613
187.615756, -6.390470, 1.615462, -0.175711, 3.934903
187.609687, -6.256801, 1.616870, -0.181422, 3.938113
187.603425, -6.123032, 1.618287, -0.187130, 3.941257
187.596968, -5.989166, 1.619694, -0.192824, 3.944331
187.590318, -5.855207, 1.621104, -0.198533, 3.947324
187.583474, -5.721156, 1.622513, -0.204233, 3.950250
187.576436, -5.587018, 1.623920, -0.209941, 3.953103
187.569205, -5.452793, 1.625330, -0.215656, 3.955887
187.561778, -5.318486, 1.626739, -0.221375, 3.958607
187.554157, -5.184097, 1.628150, -0.227105, 3.961262
187.546344, -5.049629, 1.629492, -0.232555, 3.964017
187.538363, -4.915078, 1.630416, -0.235810, 3.966779
187.530311, -4.780441, 1.630608, -0.237128, 3.969217
187.522237, -4.645723, 1.630706, -0.237831, 3.971661
187.514147, -4.510921, 1.630763, -0.238211, 3.974259
187.506048, -4.376030, 1.630729, -0.238160, 3.976852
187.497958, -4.241052, 1.630600, -0.237860, 3.979374
187.489877, -4.105987, 1.630537, -0.237813, 3.981845
187.481794, -3.970839, 1.630511, -0.237669, 3.984247
187.473712, -3.835611, 1.630478, -0.237827, 3.986569
187.465627, -3.700305, 1.630478, -0.237929, 3.988808
187.457538, -3.564925, 1.630476, -0.238048, 3.990992
187.449445, -3.429471, 1.630475, -0.238101, 3.993129
187.441347, -3.293945, 1.630474, -0.238246, 3.995221
187.433245, -3.158349, 1.630474, -0.238368, 3.997268
187.425139, -3.022684, 1.630473, -0.238483, 3.999273
187.417030, -2.886952, 1.630473, -0.238636, 4.001235
187.408916, -2.751154, 1.630472, -0.238749, 4.003155
187.400799, -2.615292, 1.630472, -0.238876, 4.005034
187.392678, -2.479366, 1.630471, -0.238912, 4.006873
187.384553, -2.343379, 1.630471, -0.239074, 4.008675
187.376425, -2.207331, 1.630471, -0.239185, 4.010437
187.368293, -2.071224, 1.630471, -0.239306, 4.012161
187.360158, -1.935059, 1.630470, -0.239387, 4.013849
187.352019, -1.798838, 1.630470, -0.239486, 4.015501
187.343877, -1.662561, 1.630470, -0.239582, 4.017118
187.335732, -1.526230, 1.630469, -0.239672, 4.018700
187.327584, -1.389845, 1.630469, -0.239772, 4.020249
187.319433, -1.253409, 1.630469, -0.239812, 4.021764
187.311279, -1.116922, 1.630469, -0.239944, 4.023248
187.303121, -0.980384, 1.630469, -0.240022, 4.024701
187.294961, -0.843799, 1.630468, -0.240051, 4.026121
187.286798, -0.707165, 1.630468, -0.240190, 4.027513
187.278633, -0.570485, 1.630468, -0.240217, 4.028874
187.270464, -0.433759, 1.630468, -0.240368, 4.030207
187.262293, -0.296988, 1.630468, -0.240376, 4.031511
187.254120, -0.160173, 1.630467, -0.240501, 4.032787
187.245944, -0.023316, 1.630467, -0.240536, 4.034036
187.237765, 0.113583, 1.630466, -0.240655, 4.035259
187.229584, 0.250524, 1.630466, -0.240720, 4.036455
187.221401, 0.387504, 1.630466, -0.240751, 4.037626
187.213215, 0.524524, 1.630466, -0.240854, 4.038773
187.205027, 0.661583, 1.630466, -0.240922, 4.039895
187.196837, 0.798679, 1.630466, -0.240949, 4.040992
187.188644, 0.935812, 1.630466, -0.241042, 4.042068
187.180450, 1.072981, 1.630466, -0.241127, 4.043120
187.172253, 1.210185, 1.630465, -0.241174, 4.044150
187.164055, 1.347424, 1.630465, -0.241183, 4.045157
187.155854, 1.484697, 1.630465, -0.241258, 4.046143
187.147651, 1.622003, 1.630465, -0.241345, 4.047109
187.139447, 1.759341, 1.630465, -0.241418, 4.048053
187.131240, 1.896711, 1.630465, -0.241459, 4.048978
187.123032, 2.034112, 1.630465, -0.241459, 4.049883
187.114822, 2.171544, 1.630465, -0.241528, 4.050768
187.106610, 2.309005, 1.630465, -0.241583, 4.051635
187.098396, 2.446495, 1.630464, -0.241618, 4.052484
187.090181, 2.584014, 1.630464, -0.241670, 4.053314
187.081964, 2.721561, 1.630464, -0.241769, 4.054127
187.073746, 2.859135, 1.630464, -0.241818, 4.054923
187.065526, 2.996735, 1.630464, -0.241848, 4.055701
187.057304, 3.134362, 1.630464, -0.241894, 4.056463
187.049081, 3.272014, 1.630464, -0.241939, 4.057209
187.040856, 3.409692, 1.630464, -0.241994, 4.057939
187.032630, 3.547394, 1.630463, -0.242037, 4.058653
187.024403, 3.685120, 1.630463, -0.242063, 4.059353
187.016174, 3.822869, 1.630464, -0.242066, 4.060037
187.007943, 3.960642, 1.630463, -0.242105, 4.060706
186.999712, 4.098437, 1.630463, -0.242145, 4.061362
186.991479, 4.236253, 1.630463, -0.242181, 4.062004
186.983245, 4.374092, 1.630463, -0.242217, 4.062632
186.975009, 4.511951, 1.630463, -0.242302, 4.063247
186.966773, 4.649832, 1.630463, -0.242337, 4.063848
186.958535, 4.787732, 1.630463, -0.242370, 4.064437
186.950296, 4.925652, 1.630463, -0.242403, 4.065013
186.942056, 5.063592, 1.630463, -0.242396, 4.065577
186.933814, 5.201550, 1.630463, -0.242429, 4.066129
186.925572, 5.339527, 1.630463, -0.242456, 4.066669
186.917329, 5.477522, 1.630462, -0.242536, 4.067198
186.909084, 5.615535, 1.630462, -0.242563, 4.067716
186.900838, 5.753565, 1.630462, -0.242587, 4.068222
186.892592, 5.891612, 1.630462, -0.242581, 4.068718
186.884344, 6.029676, 1.630462, -0.242605, 4.069203
186.876096, 6.167757, 1.630462, -0.242679, 4.069678
186.867846, 6.305853, 1.630462, -0.242717, 4.070143
186.859596, 6.443964, 1.630462, -0.242706, 4.070597
186.851345, 6.582091, 1.630462, -0.242727, 4.071043
186.843093, 6.720233, 1.630462, -0.242787, 4.071479
186.834840, 6.858390, 1.630462, -0.242806, 4.071905
186.826586, 6.996561, 1.630462, -0.242795, 4.072322
186.818331, 7.134746, 1.630462, -0.242859, 4.072731
186.810076, 7.272945, 1.630462, -0.242894, 4.073131
186.801819, 7.411157, 1.630462, -0.242879, 4.073522
186.793562, 7.549382, 1.630462, -0.242888, 4.073905
186.785304, 7.687620, 1.630462, -0.242951, 4.074281
186.777046, 7.825871, 1.630462, -0.242934, 4.074647
186.768787, 7.964134, 1.630461, -0.242966, 4.075006
186.760527, 8.102409, 1.630461, -0.243025, 4.075358
186.752266, 8.240695, 1.630461, -0.242999, 4.075702
186.744004, 8.378994, 1.630461, -0.243013, 4.076038
186.735747, 8.517303, 1.630254, -0.241675, 4.076313
186.727568, 8.655625, 1.629383, -0.238443, 4.076550
186.719530, 8.793964, 1.628233, -0.233734, 4.076765
186.711672, 8.932320, 1.626786, -0.227952, 4.076978
186.704024, 9.070695, 1.625199, -0.221530, 4.077219
186.696604, 9.209091, 1.623504, -0.214677, 4.077468
186.689422, 9.347509, 1.621766, -0.207634, 4.077740
186.682481, 9.485948, 1.620008, -0.200503, 4.078018
186.675783, 9.624409, 1.618256, -0.193391, 4.078306
186.669326, 9.762891, 1.616520, -0.186336, 4.078593
186.663108, 9.901394, 1.614806, -0.179370, 4.078877
186.657125, 10.039917, 1.613117, -0.172497, 4.079156
186.651374, 10.178459, 1.611450, -0.165717, 4.079427
186.645852, 10.317019, 1.609805, -0.159020, 4.079691
186.640556, 10.455597, 1.608178, -0.152394, 4.079946
186.635485, 10.594192, 1.606565, -0.145826, 4.080194
186.630636, 10.732803, 1.604964, -0.139304, 4.080436
186.626007, 10.871430, 1.603371, -0.132816, 4.080670
186.621599, 11.010072, 1.601785, -0.126354, 4.080900
186.617411, 11.148729, 1.600204, -0.119909, 4.081123
186.613441, 11.287399, 1.598626, -0.113475, 4.081342
186.609689, 11.426083, 1.597049, -0.107047, 4.081555
186.606157, 11.564780, 1.595473, -0.100623, 4.081764
186.602842, 11.703489, 1.593898, -0.094199, 4.081968
186.599746, 11.842210, 1.592323, -0.087775, 4.082168
186.596868, 11.980942, 1.590747, -0.081349, 4.082363
186.594208, 12.119707, 1.589171, -0.074960, 4.084839
186.591765, 12.258609, 1.587592, -0.068581, 4.089156
186.589539, 12.397660, 1.586008, -0.062168, 4.093380
186.587532, 12.536857, 1.584418, -0.055718, 4.097513
186.585744, 12.676195, 1.582823, -0.049231, 4.101556
186.584178, 12.815672, 1.581223, -0.042709, 4.105512
186.582834, 12.955284, 1.579619, -0.036156, 4.109384
186.581713, 13.095029, 1.578010, -0.029574, 4.113174
186.580817, 13.234903, 1.576398, -0.022966, 4.116884
186.580145, 13.374902, 1.574784, -0.016335, 4.120515
186.579699, 13.515025, 1.573167, -0.009682, 4.124070
186.579480, 13.655268, 1.571549, -0.003011, 4.127550
186.579488, 13.795628, 1.569929, 0.003678, 4.130956
186.579723, 13.936103, 1.568308, 0.010383, 4.134289
186.580186, 14.076689, 1.566686, 0.017103, 4.137552
186.580879, 14.217384, 1.565063, 0.023836, 4.140744
186.581800, 14.358185, 1.563440, 0.030582, 4.143869
186.582951, 14.499089, 1.561815, 0.037340, 4.146927
186.584331, 14.640095, 1.560190, 0.044110, 4.149920
186.585940, 14.781200, 1.558719, 0.049752, 4.153044
186.587707, 14.922410, 1.557946, 0.053202, 4.156061
186.589559, 15.063718, 1.557481, 0.055191, 4.158911
186.591455, 15.205121, 1.557340, 0.055866, 4.161694
186.593359, 15.346618, 1.557363, 0.055934, 4.164380
186.595258, 15.488203, 1.557411, 0.055768, 4.166945
186.597149, 15.629874, 1.557489, 0.055442, 4.169415
186.599030, 15.771628, 1.557563, 0.055177, 4.171819
186.600902, 15.913463, 1.557623, 0.055038, 4.174187
186.602769, 16.055379, 1.557660, 0.054826, 4.176546
186.604632, 16.197375, 1.557682, 0.054841, 4.178904
186.606496, 16.339450, 1.557671, 0.054941, 4.181226
186.608363, 16.481604, 1.557662, 0.054996, 4.183500
186.610231, 16.623834, 1.557662, 0.055035, 4.185726
186.612100, 16.766139, 1.557661, 0.055052, 4.187904
186.613971, 16.908517, 1.557661, 0.055094, 4.190036
186.615842, 17.050967, 1.557661, 0.055028, 4.192123
186.617714, 17.193487, 1.557661, 0.055084, 4.194164
186.619587, 17.336076, 1.557660, 0.055108, 4.196162
186.621461, 17.478732, 1.557660, 0.055110, 4.198117
186.623336, 17.621454, 1.557660, 0.055228, 4.200030
186.625212, 17.764240, 1.557659, 0.055189, 4.201905
186.627089, 17.907089, 1.557659, 0.055278, 4.203737
186.628966, 18.050000, 1.557658, 0.055214, 4.205532
186.630845, 18.192971, 1.557658, 0.055267, 4.207288
186.632724, 18.336001, 1.557658, 0.055355, 4.209006
186.634604, 18.479089, 1.557658, 0.055306, 4.210689
186.636485, 18.622233, 1.557657, 0.055322, 4.212335
186.638366, 18.765433, 1.557657, 0.055404, 4.213946
186.640249, 18.908687, 1.557657, 0.055359, 4.215523
186.642132, 19.051994, 1.557656, 0.055389, 4.217067
186.644016, 19.195353, 1.557656, 0.055490, 4.218577
186.645900, 19.338763, 1.557656, 0.055444, 4.220056
186.647785, 19.482223, 1.557656, 0.055527, 4.221503
186.649671, 19.625731, 1.557655, 0.055481, 4.222920
186.651558, 19.769287, 1.557655, 0.055542, 4.224306
186.653445, 19.912889, 1.557655, 0.055515, 4.225663
186.655333, 20.056538, 1.557655, 0.055599, 4.226991
186.657221, 20.200230, 1.557654, 0.055536, 4.228291
186.659110, 20.343967, 1.557655, 0.055616, 4.229563
186.661000, 20.487746, 1.557655, 0.055588, 4.230809
186.662890, 20.631568, 1.557655, 0.055650, 4.232027
186.664781, 20.775430, 1.557654, 0.055631, 4.233220
186.666672, 20.919332, 1.557654, 0.055618, 4.234387
186.668564, 21.063274, 1.557654, 0.055715, 4.235529
186.670456, 21.207254, 1.557653, 0.055655, 4.236648
186.672349, 21.351271, 1.557653, 0.055685, 4.237742
186.674243, 21.495326, 1.557653, 0.055745, 4.238813
186.676136, 21.639416, 1.557653, 0.055725, 4.239862
186.678031, 21.783542, 1.557653, 0.055729, 4.240888
186.679926, 21.927702, 1.557652, 0.055724, 4.241892
186.681821, 22.071896, 1.557652, 0.055818, 4.242875
186.683717, 22.216123, 1.557652, 0.055810, 4.243836
186.685613, 22.360383, 1.557652, 0.055769, 4.244779
186.687510, 22.504674, 1.557652, 0.055797, 4.245701
186.689407, 22.648996, 1.557652, 0.055806, 4.246602
186.691305, 22.793348, 1.557652, 0.055866, 4.247484
186.693202, 22.937730, 1.557652, 0.055873, 4.248349
186.695101, 23.082141, 1.557652, 0.055902, 4.249194
186.696999, 23.226581, 1.557651, 0.055911, 4.250022
186.698899, 23.371048, 1.557651, 0.055919, 4.250832
186.700798, 23.515543, 1.557651, 0.055871, 4.251625
186.702698, 23.660065, 1.557651, 0.055880, 4.252401
186.704598, 23.804612, 1.557651, 0.055890, 4.253161
186.706499, 23.949185, 1.557651, 0.055918, 4.253904
186.708399, 24.093783, 1.557651, 0.055928, 4.254632
186.710301, 24.238405, 1.557651, 0.055938, 4.255344
186.712202, 24.383052, 1.557650, 0.055947, 4.256041
186.714104, 24.527722, 1.557650, 0.055956, 4.256723
186.716006, 24.672415, 1.557650, 0.056009, 4.257390
186.717909, 24.817130, 1.557650, 0.056017, 4.258043
186.719812, 24.961867, 1.557650, 0.056026, 4.258683
186.721715, 25.106626, 1.557650, 0.056037, 4.259309
186.723618, 25.251406, 1.557650, 0.056049, 4.259921
186.725522, 25.396206, 1.557650, 0.056001, 4.260521
186.727426, 25.541026, 1.557649, 0.056010, 4.261107
186.729330, 25.685867, 1.557649, 0.056020, 4.261682
186.731235, 25.830726, 1.557649, 0.056030, 4.262244
186.733140, 25.975605, 1.557649, 0.056085, 4.262794
186.735045, 26.120502, 1.557649, 0.056093, 4.263332
186.736950, 26.265417, 1.557649, 0.056106, 4.263859
186.738856, 26.410350, 1.557649, 0.056057, 4.264376
186.740762, 26.555300, 1.557649, 0.056067, 4.264880
186.742668, 26.700267, 1.557648, 0.056065, 4.265374
186.744574, 26.845251, 1.557649, 0.056112, 4.265857
186.746480, 26.990251, 1.557648, 0.056125, 4.266331
186.748387, 27.135267, 1.557648, 0.056091, 4.266795
186.750294, 27.280299, 1.557648, 0.056102, 4.267248
186.752201, 27.425345, 1.557648, 0.056151, 4.267692
186.754109, 27.570407, 1.557648, 0.056147, 4.268126
186.756016, 27.715483, 1.557648, 0.056102, 4.268551
186.757924, 27.860574, 1.557648, 0.056124, 4.268968
186.759832, 28.005679, 1.557648, 0.056174, 4.269374
186.761740, 28.150797, 1.557648, 0.056184, 4.269773
186.763648, 28.295929, 1.557648, 0.056126, 4.270163
186.765557, 28.441074, 1.557648, 0.056176, 4.270545
186.767466, 28.586231, 1.557648, 0.056195, 4.270918
186.769375, 28.731402, 1.557648, 0.056155, 4.271284
186.771284, 28.876584, 1.557648, 0.056153, 4.271642
186.773193, 29.021779, 1.557648, 0.056198, 4.271992
186.775102, 29.166985, 1.557648, 0.056168, 4.272336
186.777012, 29.312203, 1.557648, 0.056181, 4.272671
186.778921, 29.457432, 1.557648, 0.056210, 4.272999
186.780831, 29.602673, 1.557647, 0.056182, 4.273321
186.782741, 29.747924, 1.557648, 0.056194, 4.273636
186.784651, 29.893185, 1.557648, 0.056225, 4.273944
186.786561, 30.038457, 1.557647, 0.056185, 4.274245
186.788472, 30.183739, 1.557647, 0.056242, 4.274540
186.790382, 30.329032, 1.557647, 0.056190, 4.274829
186.792293, 30.474333, 1.557647, 0.056199, 4.275112
186.794204, 30.619645, 1.557647, 0.056253, 4.275388
186.796115, 30.764965, 1.557647, 0.056203, 4.275659
186.798026, 30.910295, 1.557647, 0.056258, 4.275924
186.799937, 31.055634, 1.557647, 0.056268, 4.276183
186.801848, 31.200981, 1.557647, 0.056216, 4.276437
186.803760, 31.346337, 1.557647, 0.056269, 4.276686
186.805671, 31.491701, 1.557647, 0.056234, 4.276929
186.807583, 31.637073, 1.557647, 0.056264, 4.277167
186.809494, 31.782454, 1.557647, 0.056241, 4.277400
186.811406, 31.927842, 1.557647, 0.056234, 4.277628
186.813318, 32.073238, 1.557647, 0.056286, 4.277851
186.815230, 32.218642, 1.557647, 0.056251, 4.278070
186.817143, 32.364052, 1.557647, 0.056280, 4.278283
186.819055, 32.509470, 1.557647, 0.056255, 4.278493
186.820967, 32.654895, 1.557647, 0.056283, 4.278697
186.822880, 32.800327, 1.557647, 0.056260, 4.278898
186.824792, 32.945766, 1.557647, 0.056258, 4.279094
186.826705, 33.091211, 1.557647, 0.056306, 4.279286
186.828617, 33.236663, 1.557647, 0.056273, 4.279474
186.830530, 33.382121, 1.557647, 0.056300, 4.279658
186.832443, 33.527585, 1.557647, 0.056276, 4.279838
186.834356, 33.673055, 1.557647, 0.056303, 4.280014
186.836269, 33.818531, 1.557647, 0.056280, 4.280187
186.838182, 33.964013, 1.557647, 0.056307, 4.280355
186.840095, 34.109501, 1.557647, 0.056284, 4.280520
186.842009, 34.254994, 1.557647, 0.056311, 4.280682
186.843922, 34.400493, 1.557647, 0.056288, 4.280840
186.845835, 34.545997, 1.557646, 0.056327, 4.280995
186.847749, 34.691506, 1.557646, 0.056292, 4.281147
186.849663, 34.837020, 1.557646, 0.056331, 4.281295
186.851576, 34.982540, 1.557646, 0.056297, 4.281440
186.853490, 35.128064, 1.557646, 0.056334, 4.281582
186.855404, 35.273593, 1.557646, 0.056293, 4.281722
186.857318, 35.419126, 1.557646, 0.056337, 4.281858
186.859232, 35.564665, 1.557646, 0.056297, 4.281991
186.861146, 35.710207, 1.557646, 0.056341, 4.282121
186.863060, 35.855754, 1.557646, 0.056300, 4.282249
186.864974, 36.001306, 1.557646, 0.056345, 4.282374
186.866888, 36.146861, 1.557646, 0.056304, 4.282496
186.868802, 36.292421, 1.557646, 0.056348, 4.282616
186.870716, 36.437985, 1.557646, 0.056308, 4.282733
186.872631, 36.583552, 1.557646, 0.056351, 4.282848
186.874545, 36.729124, 1.557646, 0.056312, 4.282960
186.876460, 36.874699, 1.557646, 0.056354, 4.283070
186.878374, 37.020278, 1.557646, 0.056316, 4.283177
186.880289, 37.165860, 1.557646, 0.056358, 4.283282
186.882203, 37.311447, 1.557646, 0.056328, 4.283385
186.884118, 37.457036, 1.557646, 0.056361, 4.283486
186.886033, 37.602629, 1.557646, 0.056331, 4.283585
186.887947, 37.748225, 1.557646, 0.056365, 4.283681
186.889862, 37.893825, 1.557646, 0.056336, 4.283776
186.891777, 38.039428, 1.557646, 0.056324, 4.283868
186.893692, 38.185033, 1.557646, 0.056364, 4.283959
186.895607, 38.330642, 1.557646, 0.056327, 4.284048
186.897522, 38.476254, 1.557646, 0.056367, 4.284134
186.899437, 38.621869, 1.557646, 0.056330, 4.284219
186.901352, 38.767486, 1.557646, 0.056369, 4.284302
186.903267, 38.913107, 1.557646, 0.056334, 4.284384
186.905182, 39.058730, 1.557646, 0.056372, 4.284463
186.907097, 39.204356, 1.557646, 0.056345, 4.284541
186.909012, 39.349984, 1.557646, 0.056377, 4.284617
186.910927, 39.495615, 1.557646, 0.056349, 4.284692
186.912843, 39.641249, 1.557646, 0.056338, 4.284765
186.914758, 39.786885, 1.557646, 0.056375, 4.284836
186.916673, 39.932523, 1.557646, 0.056340, 4.284906
186.918589, 40.078164, 1.557646, 0.056377, 4.284975
186.920504, 40.223807, 1.557646, 0.056344, 4.285042
186.922419, 40.369452, 1.557646, 0.056380, 4.285107
186.924335, 40.515100, 1.557646, 0.056354, 4.285172
186.926250, 40.660749, 1.557646, 0.056384, 4.285234
186.928166, 40.806401, 1.557646, 0.056380, 4.285296
186.930081, 40.952055, 1.557646, 0.056347, 4.285356
186.931997, 41.097711, 1.557646, 0.056383, 4.285415
186.933912, 41.243369, 1.557646, 0.056350, 4.285473
186.935828, 41.389028, 1.557646, 0.056385, 4.285529
186.937744, 41.534690, 1.557646, 0.056360, 4.285585
186.939659, 41.680354, 1.557646, 0.056389, 4.285638
186.941575, 41.826019, 1.557646, 0.056364, 4.285692
186.943491, 41.971686, 1.557646, 0.056353, 4.285743
186.945407, 42.117355, 1.557646, 0.056387, 4.285794
186.947322, 42.263026, 1.557646, 0.056356, 4.285844
186.949233, 42.408709, 1.557642, 0.054435, 4.289434
186.951166, 42.554388, 1.557483, 0.052361, 4.288417
186.953088, 42.700123, 1.557157, 0.054608, 4.288434
186.955077, 42.845787, 1.556716, 0.057011, 4.286404
186.957148, 42.991393, 1.556194, 0.059734, 4.284552
186.959315, 43.136958, 1.555726, 0.062468, 4.283240
186.961556, 43.282486, 1.555404, 0.064866, 4.281849
186.963880, 43.428046, 1.555279, 0.067451, 4.282156
186.966172, 43.573526, 1.555692, 0.070585, 4.281471
186.968298, 43.719358, 1.556072, 0.062336, 4.285514
186.970418, 43.865000, 1.556390, 0.061508, 4.284875
186.972484, 44.010629, 1.556792, 0.060011, 4.284460
186.974497, 44.156248, 1.557146, 0.058468, 4.284282
186.976481, 44.301817, 1.556822, 0.057841, 4.280558
186.978487, 44.447285, 1.556496, 0.062329, 4.281471
186.980518, 44.592779, 1.556765, 0.061996, 4.282449
186.982559, 44.738304, 1.556676, 0.063107, 4.283596
186.984640, 44.883905, 1.556638, 0.063561, 4.285414
186.986735, 45.029575, 1.556724, 0.063490, 4.287132
186.988829, 45.175376, 1.556732, 0.063499, 4.289848
186.990938, 45.321148, 1.557147, 0.057615, 4.291739
186.992771, 45.466572, 1.557223, 0.058379, 4.284024
186.994765, 45.612185, 1.557153, 0.057982, 4.284161
186.996741, 45.757799, 1.557160, 0.058725, 4.284223
186.998736, 45.903416, 1.557113, 0.058444, 4.284298
187.000724, 46.049035, 1.557133, 0.058650, 4.284378
187.002717, 46.194657, 1.557119, 0.058578, 4.284457
187.004707, 46.340282, 1.557128, 0.058580, 4.284536
187.006698, 46.485909, 1.557123, 0.058598, 4.284612
187.008689, 46.631539, 1.557126, 0.058583, 4.284687
187.010681, 46.777171, 1.557124, 0.058574, 4.284760
187.012672, 46.922806, 1.557125, 0.058575, 4.284832
187.014663, 47.068443, 1.557125, 0.058584, 4.284902
187.016654, 47.214083, 1.557125, 0.058579, 4.284971
187.018645, 47.359724, 1.557125, 0.058607, 4.285038
187.020637, 47.505369, 1.557125, 0.058610, 4.285104
187.022628, 47.651015, 1.557125, 0.058580, 4.285168
187.024619, 47.796663, 1.557125, 0.058607, 4.285231
187.026611, 47.942314, 1.557125, 0.058612, 4.285293
187.028602, 48.087967, 1.557125, 0.058590, 4.285353
187.030593, 48.233622, 1.557125, 0.058611, 4.285412
187.032585, 48.379278, 1.557125, 0.058608, 4.285470
187.034576, 48.524937, 1.557125, 0.058587, 4.285526
187.036568, 48.670597, 1.557125, 0.058615, 4.285582
187.038559, 48.816260, 1.557125, 0.058588, 4.285636
187.040551, 48.961924, 1.557125, 0.058615, 4.285689
187.042543, 49.107590, 1.557125, 0.058588, 4.285741
187.044534, 49.253258, 1.557125, 0.058591, 4.285792
187.046526, 49.398927, 1.557125, 0.058613, 4.285841
187.048517, 49.544599, 1.557125, 0.058599, 4.285890
187.050509, 49.690271, 1.557125, 0.058613, 4.285938
187.052501, 49.835946, 1.557125, 0.058599, 4.285984
187.054492, 49.981622, 1.557125, 0.058612, 4.286030
187.056484, 50.127299, 1.557125, 0.058621, 4.286074
187.058476, 50.272978, 1.557125, 0.058596, 4.286118
187.060468, 50.418659, 1.557125, 0.058622, 4.286161
187.062459, 50.564341, 1.557125, 0.058596, 4.286203
187.064451, 50.710024, 1.557125, 0.058616, 4.286244
187.066443, 50.855709, 1.557125, 0.058602, 4.286284
187.068435, 51.001395, 1.557125, 0.058599, 4.286323
187.070427, 51.147082, 1.557125, 0.058625, 4.286362
187.072419, 51.292771, 1.557125, 0.058600, 4.286399
187.074410, 51.438461, 1.557125, 0.058625, 4.286436
187.076402, 51.584152, 1.557125, 0.058599, 4.286472
187.078394, 51.729844, 1.557125, 0.058618, 4.286507
187.080386, 51.875538, 1.557125, 0.058627, 4.286542
187.082378, 52.021232, 1.557125, 0.058603, 4.286575
187.084370, 52.166928, 1.557125, 0.058627, 4.286609
187.086362, 52.312625, 1.557125, 0.058603, 4.286641
187.088354, 52.458323, 1.557125, 0.058620, 4.286673
187.090346, 52.604022, 1.557125, 0.058622, 4.286704
187.092338, 52.749723, 1.557125, 0.058606, 4.286734
187.094330, 52.895424, 1.557125, 0.058629, 4.286764
187.096322, 53.041126, 1.557125, 0.058606, 4.286793
187.098314, 53.186829, 1.557125, 0.058628, 4.286821
187.100306, 53.332533, 1.557125, 0.058624, 4.286849
187.102299, 53.478238, 1.557125, 0.058608, 4.286876
187.104291, 53.623944, 1.557125, 0.058631, 4.286903
187.106283, 53.769651, 1.557125, 0.058608, 4.286929
187.108275, 53.915359, 1.557125, 0.058629, 4.286955
187.110267, 54.061067, 1.557125, 0.058607, 4.286980
187.112259, 54.206777, 1.557125, 0.058610, 4.287004
187.114251, 54.352487, 1.557125, 0.058632, 4.287028
187.116243, 54.498198, 1.557125, 0.058610, 4.287051
187.118236, 54.643910, 1.557125, 0.058631, 4.287074
187.120228, 54.789623, 1.557125, 0.058609, 4.287097
187.122224, 54.935357, 1.557097, 0.060699, 4.290335
187.124236, 55.081081, 1.557027, 0.063134, 4.290536
187.126293, 55.226842, 1.556730, 0.064107, 4.289329
187.128387, 55.372538, 1.556509, 0.064464, 4.287169
187.130498, 55.518171, 1.556240, 0.065042, 4.285430
187.132621, 55.663769, 1.556092, 0.064704, 4.284054
187.134735, 55.809333, 1.556021, 0.063197, 4.283699
187.136814, 55.954946, 1.556083, 0.060291, 4.281746
187.138917, 56.100494, 1.556434, 0.060895, 4.288450
187.141036, 56.246391, 1.556766, 0.061422, 4.286483
187.143057, 56.392075, 1.557048, 0.059102, 4.286020
187.145048, 56.537743, 1.557233, 0.058146, 4.285553
187.147022, 56.683379, 1.557342, 0.059762, 4.280718
187.149065, 56.828963, 1.556454, 0.062982, 4.280773
187.151214, 56.974409, 1.556440, 0.059599, 4.282246
187.153306, 57.119936, 1.556533, 0.058924, 4.283628
187.155392, 57.265510, 1.556344, 0.059067, 4.284790
187.157466, 57.411149, 1.556464, 0.058520, 4.286534
187.159508, 57.556877, 1.556547, 0.058909, 4.289962
187.161528, 57.702745, 1.556668, 0.059974, 4.290679
187.163614, 57.848449, 1.557301, 0.057211, 4.287359
187.165602, 57.993942, 1.557213, 0.058942, 4.284841
187.167588, 58.139578, 1.557163, 0.058402, 4.284826
187.169574, 58.285214, 1.557161, 0.058429, 4.284851
187.171560, 58.430852, 1.557161, 0.058402, 4.284905
187.173546, 58.576492, 1.557166, 0.058435, 4.284973
187.175531, 58.722134, 1.557164, 0.058402, 4.285041
187.177517, 58.867778, 1.557165, 0.058406, 4.285107
187.179502, 59.013425, 1.557164, 0.058442, 4.285171
187.181488, 59.159073, 1.557165, 0.058413, 4.285234
187.183473, 59.304724, 1.557165, 0.058442, 4.285296
187.185459, 59.450377, 1.557165, 0.058443, 4.285356
187.187444, 59.596032, 1.557165, 0.058443, 4.285415
187.189430, 59.741689, 1.557164, 0.058411, 4.285473
187.191416, 59.887348, 1.557165, 0.058445, 4.285529
187.193402, 60.033008, 1.557165, 0.058445, 4.285585
187.195387, 60.178671, 1.557165, 0.058446, 4.285639
187.197373, 60.324335, 1.557165, 0.058440, 4.285692
187.199359, 60.470002, 1.557165, 0.058448, 4.285744
187.201345, 60.615670, 1.557164, 0.058426, 4.285794
187.203330, 60.761339, 1.557164, 0.058425, 4.285844
187.205316, 60.907011, 1.557164, 0.058451, 4.285893
187.207302, 61.052684, 1.557164, 0.058443, 4.285940
187.209288, 61.198358, 1.557164, 0.058427, 4.285987
187.211274, 61.344034, 1.557164, 0.058455, 4.286032
187.213260, 61.489712, 1.557164, 0.058445, 4.286077
187.215246, 61.635391, 1.557164, 0.058429, 4.286120
187.217232, 61.781072, 1.557164, 0.058447, 4.286163
187.219218, 61.926754, 1.557164, 0.058433, 4.286205
187.221204, 62.072437, 1.557164, 0.058424, 4.286246
187.223190, 62.218122, 1.557164, 0.058455, 4.286286
187.225176, 62.363808, 1.557164, 0.058426, 4.286325
187.227162, 62.509496, 1.557164, 0.058457, 4.286363
187.229149, 62.655185, 1.557164, 0.058435, 4.286401
187.231135, 62.800875, 1.557164, 0.058435, 4.286438
187.233121, 62.946566, 1.557164, 0.058457, 4.286473
187.235107, 63.092258, 1.557164, 0.058429, 4.286509
187.237093, 63.237952, 1.557164, 0.058459, 4.286543
187.239080, 63.383647, 1.557164, 0.058432, 4.286577
187.241066, 63.529343, 1.557164, 0.058462, 4.286610
187.243052, 63.675040, 1.557164, 0.058458, 4.286642
187.245038, 63.820738, 1.557164, 0.058432, 4.286674
187.247025, 63.966437, 1.557164, 0.058461, 4.286705
187.249011, 64.112138, 1.557164, 0.058434, 4.286735
187.250997, 64.257839, 1.557164, 0.058463, 4.286765
187.252984, 64.403541, 1.557164, 0.058460, 4.286794
187.254970, 64.549244, 1.557164, 0.058441, 4.286822
187.256956, 64.694949, 1.557164, 0.058461, 4.286850
187.258943, 64.840654, 1.557164, 0.058436, 4.286877
187.260929, 64.986360, 1.557164, 0.058465, 4.286904
187.262915, 65.132067, 1.557164, 0.058440, 4.286930
187.264902, 65.277775, 1.557164, 0.058443, 4.286955
187.266888, 65.423483, 1.557164, 0.058463, 4.286980
187.268875, 65.569193, 1.557164, 0.058438, 4.287005
187.270861, 65.714903, 1.557164, 0.058465, 4.287029
187.272848, 65.860615, 1.557164, 0.058447, 4.287052
187.274834, 66.006326, 1.557164, 0.058445, 4.287075
187.276821, 66.152039, 1.557164, 0.058464, 4.287097
187.278807, 66.297753, 1.557164, 0.058440, 4.287119
187.280794, 66.443467, 1.557164, 0.058466, 4.287141
187.282780, 66.589182, 1.557164, 0.058449, 4.287162
187.284767, 66.734898, 1.557164, 0.058441, 4.287182
187.286753, 66.880614, 1.557164, 0.058466, 4.287202
187.288740, 67.026331, 1.557164, 0.058442, 4.287222
187.290726, 67.172049, 1.557164, 0.058468, 4.287242
187.292713, 67.317767, 1.557164, 0.058450, 4.287260
187.294699, 67.463486, 1.557164, 0.058442, 4.287279
187.296686, 67.609205, 1.557164, 0.058467, 4.287297
187.298672, 67.754926, 1.557164, 0.058444, 4.287315
187.300659, 67.900646, 1.557164, 0.058468, 4.287332
187.302646, 68.046368, 1.557164, 0.058452, 4.287349
187.304632, 68.192090, 1.557164, 0.058444, 4.287366
187.306619, 68.337812, 1.557164, 0.058468, 4.287382
187.308606, 68.483535, 1.557164, 0.058446, 4.287398
187.310592, 68.629259, 1.557164, 0.058469, 4.287413
187.312579, 68.774983, 1.557164, 0.058453, 4.287429
187.314566, 68.920708, 1.557164, 0.058446, 4.287444
187.316552, 69.066433, 1.557164, 0.058468, 4.287458
187.318539, 69.212158, 1.557164, 0.058452, 4.287472
187.320526, 69.357884, 1.557164, 0.058466, 4.287486
187.322512, 69.503611, 1.557164, 0.058455, 4.287500
187.324499, 69.649338, 1.557164, 0.058447, 4.287514
187.326486, 69.795066, 1.557164, 0.058470, 4.287527
187.328472, 69.940793, 1.557164, 0.058453, 4.287540
187.330459, 70.086522, 1.557164, 0.058466, 4.287552
187.332446, 70.232251, 1.557164, 0.058470, 4.287564
187.334432, 70.377980, 1.557164, 0.058449, 4.287576
187.336419, 70.523709, 1.557164, 0.058470, 4.287588
187.338406, 70.669439, 1.557164, 0.058455, 4.287600
187.340393, 70.815170, 1.557164, 0.058467, 4.287611
187.342379, 70.960901, 1.557164, 0.058470, 4.287622
187.344366, 71.106632, 1.557164, 0.058450, 4.287633
187.346353, 71.252363, 1.557164, 0.058471, 4.287643
187.348340, 71.398095, 1.557164, 0.058456, 4.287654
187.350326, 71.543827, 1.557164, 0.058450, 4.287664
187.352313, 71.689560, 1.557164, 0.058471, 4.287674
187.354300, 71.835293, 1.557164, 0.058455, 4.287684
187.356287, 71.981026, 1.557164, 0.058467, 4.287693
187.358274, 72.126759, 1.557164, 0.058457, 4.287702
187.360260, 72.272493, 1.557164, 0.058451, 4.287712
187.362247, 72.418227, 1.557164, 0.058471, 4.287720
187.364234, 72.563962, 1.557164, 0.058456, 4.287729
187.366221, 72.709696, 1.557164, 0.058467, 4.287738
187.368208, 72.855432, 1.557164, 0.058459, 4.287746
187.370194, 73.001167, 1.557164, 0.058456, 4.287754
187.372181, 73.146902, 1.557164, 0.058467, 4.287762
187.374168, 73.292638, 1.557164, 0.058458, 4.287770
187.376155, 73.438374, 1.557164, 0.058469, 4.287778
187.378142, 73.584111, 1.557164, 0.058472, 4.287785
187.380128, 73.729847, 1.557164, 0.058457, 4.287793
187.382115, 73.875584, 1.557164, 0.058468, 4.287800
187.384102, 74.021321, 1.557164, 0.058459, 4.287807
187.386089, 74.167059, 1.557164, 0.058454, 4.287814
187.388076, 74.312796, 1.557164, 0.058472, 4.287821
187.390063, 74.458534, 1.557164, 0.058458, 4.287827
187.392050, 74.604272, 1.557164, 0.058469, 4.287834
187.394036, 74.750010, 1.557164, 0.058460, 4.287840
187.396023, 74.895749, 1.557164, 0.058458, 4.287846
187.398010, 75.041487, 1.557164, 0.058473, 4.287852
187.399997, 75.187226, 1.557164, 0.058459, 4.287858
187.401984, 75.332965, 1.557164, 0.058469, 4.287864
187.403971, 75.478705, 1.557164, 0.058462, 4.287870
187.405958, 75.624444, 1.557164, 0.058459, 4.287875
187.407945, 75.770184, 1.557164, 0.058468, 4.287881
187.409931, 75.915924, 1.557164, 0.058460, 4.287886
187.411918, 76.061664, 1.557164, 0.058470, 4.287891
187.413905, 76.207404, 1.557164, 0.058473, 4.287896
187.415892, 76.353144, 1.557164, 0.058460, 4.287901
187.417879, 76.498885, 1.557164, 0.058469, 4.287906
187.419866, 76.644625, 1.557164, 0.058461, 4.287911
187.421853, 76.790366, 1.557164, 0.058460, 4.287916
187.423840, 76.936107, 1.557164, 0.058469, 4.287920
187.425827, 77.081848, 1.557164, 0.058461, 4.287925
187.427814, 77.227590, 1.557164, 0.058470, 4.287929
187.429801, 77.373331, 1.557164, 0.058463, 4.287934
187.431787, 77.519073, 1.557164, 0.058460, 4.287938
187.433774, 77.664815, 1.557164, 0.058469, 4.287942
187.435761, 77.810556, 1.557164, 0.058462, 4.287946
187.437748, 77.956298, 1.557164, 0.058474, 4.287950
187.439735, 78.102041, 1.557164, 0.058469, 4.287954
187.441722, 78.247783, 1.557164, 0.058461, 4.287958
187.443709, 78.393525, 1.557164, 0.058470, 4.287961
187.445696, 78.539268, 1.557164, 0.058463, 4.287965
187.447683, 78.685010, 1.557164, 0.058461, 4.287968
187.449670, 78.830753, 1.557164, 0.058470, 4.287972
187.451657, 78.976496, 1.557164, 0.058462, 4.287975
187.453644, 79.122239, 1.557164, 0.058473, 4.287979
187.455631, 79.267982, 1.557164, 0.058464, 4.287982
187.457618, 79.413725, 1.557164, 0.058462, 4.287985
187.459605, 79.559469, 1.557164, 0.058470, 4.287988
187.461592, 79.705212, 1.557164, 0.058463, 4.287991
187.463578, 79.850956, 1.557164, 0.058474, 4.287994
187.465565, 79.996699, 1.557164, 0.058461, 4.287997
187.467552, 80.142443, 1.557164, 0.058463, 4.288000
187.469539, 80.288187, 1.557164, 0.058470, 4.288003
187.471526, 80.433931, 1.557164, 0.058464, 4.288006
187.473513, 80.579675, 1.557164, 0.058474, 4.288008
187.475500, 80.725419, 1.557164, 0.058470, 4.288011
187.477487, 80.871163, 1.557164, 0.058463, 4.288013
187.479474, 81.016908, 1.557164, 0.058474, 4.288016
187.481461, 81.162652, 1.557164, 0.058461, 4.288018
187.483448, 81.308396, 1.557164, 0.058463, 4.288021
187.485435, 81.454141, 1.557164, 0.058470, 4.288023
187.487422, 81.599886, 1.557164, 0.058464, 4.288026
187.489409, 81.745630, 1.557164, 0.058474, 4.288028
187.491396, 81.891375, 1.557164, 0.058462, 4.288030
187.493383, 82.037120, 1.557164, 0.058463, 4.288032
187.495370, 82.182865, 1.557164, 0.058473, 4.288034
187.497357, 82.328610, 1.557164, 0.058461, 4.288036
187.499344, 82.474355, 1.557164, 0.058475, 4.288038
187.501331, 82.620100, 1.557164, 0.058471, 4.288040
187.503318, 82.765845, 1.557164, 0.058464, 4.288042
187.505305, 82.911591, 1.557164, 0.058474, 4.288044
187.507292, 83.057336, 1.557164, 0.058462, 4.288046
187.509279, 83.203081, 1.557164, 0.058464, 4.288048
187.511266, 83.348827, 1.557164, 0.058473, 4.288050
187.513253, 83.494572, 1.557164, 0.058462, 4.288052
187.515240, 83.640318, 1.557164, 0.058475, 4.288053
187.517227, 83.786063, 1.557164, 0.058463, 4.288055
187.519214, 83.931809, 1.557164, 0.058464, 4.288057
187.521201, 84.077555, 1.557164, 0.058473, 4.288058
187.523188, 84.223301, 1.557164, 0.058462, 4.288060
187.525175, 84.369047, 1.557164, 0.058464, 4.288061
187.527162, 84.514792, 1.557164, 0.058473, 4.288063
187.529149, 84.660538, 1.557164, 0.058465, 4.288064
187.531136, 84.806284, 1.557164, 0.058474, 4.288066
187.533123, 84.952030, 1.557164, 0.058463, 4.288067
187.535110, 85.097777, 1.557164, 0.058465, 4.288069
187.537097, 85.243523, 1.557164, 0.058473, 4.288070
187.539084, 85.389269, 1.557164, 0.058462, 4.288071
187.541071, 85.535015, 1.557164, 0.058475, 4.288073
187.543058, 85.680761, 1.557164, 0.058471, 4.288074
187.545045, 85.826508, 1.557164, 0.058465, 4.288075
187.547032, 85.972254, 1.557164, 0.058473, 4.288076
187.549019, 86.118001, 1.557164, 0.058463, 4.288077
187.551006, 86.263747, 1.557164, 0.058465, 4.288079
187.552993, 86.409493, 1.557164, 0.058473, 4.288080
187.554980, 86.555240, 1.557164, 0.058463, 4.288081
187.556967, 86.700987, 1.557164, 0.058474, 4.288082
187.558954, 86.846733, 1.557164, 0.058464, 4.288083
187.560941, 86.992480, 1.557164, 0.058466, 4.288084
187.562928, 87.138226, 1.557164, 0.058473, 4.288085
187.564915, 87.283973, 1.557164, 0.058463, 4.288086
187.566902, 87.429720, 1.557164, 0.058474, 4.288087
187.568889, 87.575467, 1.557164, 0.058473, 4.288088
187.570702, 87.721495, 1.557292, 0.053739, 4.374217
187.572858, 87.869591, 1.557192, 0.058018, 4.310912
187.574915, 88.014255, 1.556923, 0.058018, 4.206572
187.576890, 88.155327, 1.556762, 0.057876, 4.102714
187.578955, 88.299178, 1.555809, 0.064677, 4.242302
187.581199, 88.443333, 1.554925, 0.066741, 4.243444
187.583529, 88.587527, 1.554266, 0.070379, 4.244766
187.585988, 88.731963, 1.553834, 0.075092, 4.243157
187.588420, 88.876138, 1.553730, 0.072952, 4.242924
187.590835, 89.020491, 1.554084, 0.066387, 4.240955
187.593258, 89.164610, 1.554380, 0.068226, 4.242497
187.595599, 89.308722, 1.554761, 0.067916, 4.241898
187.597797, 89.452728, 1.555141, 0.012940, 4.162104
187.600600, 89.591720, 1.556232, 0.094379, 4.132340
187.604024, 89.733899, 1.557103, 0.102558, 4.233802
187.607592, 89.879606, 1.558182, 0.103971, 4.355368
187.609463, 90.023210, 1.558316, 0.053013, 4.213026
187.611242, 90.166518, 1.558477, 0.051942, 4.214606
187.612999, 90.309874, 1.558604, 0.051387, 4.215768
187.614543, 90.452861, 1.559354, 0.050531, 4.211317
187.616118, 90.596143, 1.560048, 0.045465, 4.213753
187.617846, 90.739033, 1.559720, 0.068130, 4.210629
187.619550, 90.882187, 1.558497, 0.051750, 4.210062
187.621255, 91.026223, 1.558771, 0.049480, 4.213909
187.622972, 91.168837, 1.558844, 0.050057, 4.191878
187.624671, 91.311290, 1.558974, 0.050275, 4.187647
187.626372, 91.453504, 1.559497, 0.045695, 4.184235
187.627933, 91.595634, 1.560814, 0.040165, 4.182410
187.629255, 91.737726, 1.562828, 0.031869, 4.181923
187.630281, 91.880076, 1.564223, 0.029498, 4.178381
187.631179, 92.022003, 1.564397, 0.028581, 4.177852
187.631988, 92.164317, 1.564269, 0.025306, 4.173326
187.632950, 92.306109, 1.564070, 0.026472, 4.173109
187.633886, 92.447874, 1.564678, 0.024933, 4.171356
187.634698, 92.589618, 1.565427, 0.022369, 4.171746
187.635496, 92.730293, 1.565623, 0.021014, 4.120682
187.636202, 92.871679, 1.565548, 0.021875, 4.169483
187.636996, 93.013546, 1.565245, 0.023564, 4.173376
187.637795, 93.155518, 1.565126, 0.023768, 4.175160
187.638612, 93.297548, 1.564981, 0.024360, 4.176760
187.639443, 93.439627, 1.564960, 0.024341, 4.178013
187.640318, 93.581282, 1.565627, 0.007646, 4.141599
187.640481, 93.722940, 1.568283, 0.010455, 4.170744
187.640626, 93.864406, 1.570290, 0.023182, 4.141774
187.641084, 94.006018, 1.570600, 0.000828, 4.167917
187.640906, 94.148169, 1.572518, 0.002196, 4.179581
187.640636, 94.290093, 1.574480, -0.014089, 4.154675
187.639971, 94.431350, 1.576527, -0.023739, 4.154367
187.639061, 94.572439, 1.578720, -0.034441, 4.151374
187.637789, 94.713474, 1.581565, -0.046251, 4.150706
187.636074, 94.854498, 1.584998, -0.060407, 4.151034
187.633962, 94.995750, 1.588069, -0.065848, 4.179224
187.631315, 95.136804, 1.589904, -0.077458, 4.148405
187.628315, 95.278064, 1.591204, -0.081642, 4.166151
187.625383, 95.418995, 1.592501, -0.091207, 4.143823
187.622258, 95.559749, 1.594203, -0.098543, 4.143246
187.618814, 95.700438, 1.596327, -0.105974, 4.141683
187.615078, 95.841130, 1.598319, -0.114040, 4.142349
187.611372, 95.980356, 1.599492, -0.111700, 4.121727
187.607310, 96.121038, 1.600737, -0.124182, 4.141927
187.603001, 96.261883, 1.602088, -0.129466, 4.144022
187.598505, 96.402791, 1.603286, -0.134569, 4.145949
187.593848, 96.543753, 1.604365, -0.139137, 4.147535
187.589042, 96.684758, 1.605355, -0.143294, 4.148795
187.583820, 96.825068, 1.607523, -0.149477, 4.140775
187.578419, 96.965866, 1.610561, -0.164686, 4.144553
187.573101, 97.106103, 1.611931, -0.169880, 4.138968
187.567309, 97.246807, 1.611946, -0.170342, 4.141815
187.561426, 97.388104, 1.613530, -0.167688, 4.180847
187.555288, 97.528779, 1.614883, -0.181572, 4.126507
187.549020, 97.668869, 1.616446, -0.189619, 4.123246
187.542530, 97.808785, 1.618527, -0.198233, 4.121432
187.535702, 97.948638, 1.621299, -0.209582, 4.120633
187.528424, 98.088441, 1.624639, -0.222400, 4.119646
187.520666, 98.228517, 1.627171, -0.228902, 4.118512
187.512646, 98.368241, 1.628846, -0.237399, 4.120246
187.504307, 98.508345, 1.630306, -0.246928, 4.116233
187.495917, 98.647967, 1.631598, -0.251745, 4.116918
187.487309, 98.787580, 1.633637, -0.259775, 4.115815
187.478367, 98.927166, 1.635853, -0.267771, 4.117085
187.469063, 99.066680, 1.637910, -0.299107, 4.073684
187.460069, 99.204974, 1.639142, -0.276346, 4.113764
187.450424, 99.344728, 1.640544, -0.286898, 4.120885
187.440546, 99.484591, 1.642074, -0.293497, 4.123880
187.430458, 99.624535, 1.643433, -0.299363, 4.126534
187.420182, 99.764548, 1.644676, -0.304660, 4.128748
187.409875, 99.904299, 1.645882, -0.306396, 4.087927
187.398805, 100.043816, 1.648978, -0.321809, 4.123229
187.387610, 100.183659, 1.651428, -0.353347, 4.097054
187.376634, 100.323085, 1.651937, -0.335672, 4.122974
187.365241, 100.462932, 1.652493, -0.336820, 4.126052
187.353615, 100.603543, 1.654226, -0.353083, 4.153932
187.341822, 100.743128, 1.655754, -0.349035, 4.111617
187.329896, 100.882258, 1.657599, -0.357730, 4.108230
187.317666, 101.021284, 1.660144, -0.368037, 4.106929
187.305028, 101.160235, 1.663324, -0.380672, 4.105206
187.291905, 101.299131, 1.666595, -0.392959, 4.106736
187.278372, 101.438247, 1.668763, -0.397045, 4.106535
187.264577, 101.577143, 1.670111, -0.405768, 4.108952
187.250521, 101.716309, 1.671569, -0.418195, 4.104990
187.236418, 101.855097, 1.673112, -0.420990, 4.106080
187.222056, 101.993888, 1.675391, -0.430358, 4.107049
187.207303, 102.132635, 1.678029, -0.439802, 4.107244
187.192112, 102.271204, 1.680482, -0.458811, 4.058356
187.177468, 102.408789, 1.681865, -0.455039, 4.108088
187.161865, 102.547716, 1.683214, -0.461070, 4.111855
187.146077, 102.686727, 1.684562, -0.466889, 4.114809
187.130101, 102.825810, 1.685755, -0.472097, 4.117292
187.113960, 102.964949, 1.686814, -0.476720, 4.119258
187.097646, 103.103606, 1.688233, -0.505486, 4.100675
187.080896, 103.242500, 1.691418, -0.495734, 4.116155
187.063805, 103.381177, 1.694085, -0.496369, 4.079190
187.047036, 103.519824, 1.694495, -0.508389, 4.113870
187.029762, 103.658702, 1.694762, -0.508836, 4.115133
187.012232, 103.798420, 1.696193, -0.520533, 4.132377
186.994691, 103.936877, 1.697532, -0.518101, 4.098569
186.977019, 104.074960, 1.699367, -0.526724, 4.095674
186.959049, 104.212918, 1.701943, -0.536902, 4.093603
186.940684, 104.350773, 1.705182, -0.549911, 4.092787
186.921866, 104.488609, 1.708806, -0.542595, 4.118754
186.902485, 104.626435, 1.711221, -0.571054, 4.092757
186.882855, 104.764137, 1.712760, -0.577695, 4.094528
186.862956, 104.902034, 1.714346, -0.589027, 4.091611
186.843004, 105.039637, 1.715950, -0.593541, 4.092472
186.822760, 105.177208, 1.718244, -0.601945, 4.092096
186.802162, 105.314754, 1.720605, -0.611113, 4.094143
186.781239, 105.452139, 1.722729, -0.596776, 4.017050
186.760562, 105.588540, 1.724061, -0.625583, 4.095297
186.739197, 105.726252, 1.725221, -0.630297, 4.098950
186.717658, 105.864048, 1.726512, -0.635933, 4.101966
186.695933, 106.001909, 1.727681, -0.641136, 4.104580
186.674043, 106.139823, 1.728735, -0.645758, 4.106604
186.651867, 106.277142, 1.730447, -0.672314, 4.100335
186.629436, 106.414822, 1.733725, -0.665877, 4.103681
186.606586, 106.552214, 1.736338, -0.660398, 4.070596
186.583988, 106.689666, 1.736724, -0.677379, 4.101841
186.560939, 106.827277, 1.736868, -0.678100, 4.102734
186.537580, 106.965805, 1.737839, -0.686586, 4.119082
186.514373, 107.103012, 1.738913, -0.683236, 4.087182
186.491098, 107.239846, 1.740440, -0.690972, 4.083319
186.467570, 107.376534, 1.742747, -0.699850, 4.080953
186.443673, 107.513077, 1.745710, -0.710485, 4.078562
186.419423, 107.649667, 1.748573, -0.707197, 4.106663
186.394678, 107.786147, 1.750557, -0.728240, 4.079953
186.369735, 107.922548, 1.751930, -0.733709, 4.081997
186.344553, 108.059133, 1.753371, -0.744522, 4.079639
186.319320, 108.195462, 1.754954, -0.748890, 4.081009
186.293797, 108.331763, 1.757230, -0.757177, 4.081152
186.267923, 108.468046, 1.759563, -0.766355, 4.083709
186.241781, 108.604222, 1.761694, -0.761366, 4.008275
186.215542, 108.739340, 1.764067, -0.785231, 4.086383
186.188703, 108.875787, 1.765860, -0.792689, 4.090549
186.161608, 109.012315, 1.767532, -0.800053, 4.094112
186.134274, 109.148908, 1.769061, -0.806803, 4.097118
186.106722, 109.285551, 1.770465, -0.812938, 4.099538
186.078854, 109.421613, 1.772493, -0.836967, 4.096423
186.050715, 109.558043, 1.775624, -0.833558, 4.098089
186.022159, 109.694235, 1.778003, -0.835186, 4.058881
185.993974, 109.830368, 1.778252, -0.844801, 4.096024
185.965265, 109.966729, 1.778580, -0.845363, 4.097677
185.936183, 110.104082, 1.779578, -0.853527, 4.116226
185.907315, 110.240051, 1.780650, -0.850457, 4.081907
185.878370, 110.375642, 1.782223, -0.857972, 4.078148
185.849161, 110.511073, 1.784155, -0.863491, 4.076992
185.819701, 110.646437, 1.785989, -0.870714, 4.077186
185.790057, 110.781892, 1.787640, -0.861443, 4.106301
185.760079, 110.917319, 1.788775, -0.880690, 4.078978
185.729974, 111.052657, 1.789723, -0.884891, 4.081867
185.699683, 111.188213, 1.790736, -0.895400, 4.079601
185.669369, 111.323526, 1.792217, -0.898086, 4.082117
185.638790, 111.458853, 1.794469, -0.908070, 4.083241
185.607832, 111.594142, 1.796903, -0.915972, 4.086161
185.576648, 111.729296, 1.798918, -0.908541, 4.013623
185.545361, 111.863334, 1.801070, -0.933157, 4.089061
185.513487, 111.998797, 1.802610, -0.940208, 4.093493
185.481388, 112.134343, 1.804019, -0.946630, 4.097151
185.449084, 112.269956, 1.805270, -0.952367, 4.100197
185.416598, 112.405619, 1.806391, -0.957433, 4.102586
185.383869, 112.540682, 1.808154, -0.983420, 4.096752
185.350844, 112.676091, 1.811436, -0.977393, 4.100449
185.317375, 112.811379, 1.814041, -0.996312, 4.062172
185.284209, 112.946411, 1.814610, -0.990672, 4.098533
185.250547, 113.081710, 1.814749, -0.990068, 4.099535
185.216510, 113.217943, 1.815425, -0.997896, 4.115978
185.182790, 113.352826, 1.816281, -0.992287, 4.083089
185.149045, 113.487329, 1.817700, -0.998614, 4.079500
185.115061, 113.621638, 1.819876, -1.005343, 4.075523
185.080772, 113.755793, 1.822137, -1.013574, 4.074868
185.046240, 113.889969, 1.824215, -1.003079, 4.103562
185.011364, 114.024143, 1.825526, -1.024766, 4.074910
184.976341, 114.158137, 1.826532, -1.029731, 4.077099
184.941102, 114.292379, 1.827588, -1.040324, 4.073842
184.905869, 114.426283, 1.828931, -1.042028, 4.075796
184.870412, 114.560183, 1.831074, -1.050853, 4.077420
184.834588, 114.694009, 1.833658, -1.059997, 4.078337
184.798579, 114.827657, 1.836052, -1.035156, 4.027022
184.762087, 114.960021, 1.838553, -1.078442, 4.079520
184.725239, 115.093924, 1.840143, -1.086812, 4.085030
184.688146, 115.227893, 1.841642, -1.093634, 4.088809
184.650834, 115.361924, 1.842964, -1.099804, 4.092138
184.613326, 115.496005, 1.844170, -1.105299, 4.094829
184.575643, 115.629499, 1.845877, -1.134082, 4.082192
184.537547, 115.763299, 1.849087, -1.124641, 4.093399
184.499121, 115.897153, 1.851517, -1.134404, 4.095376
184.460984, 116.030446, 1.852177, -1.138334, 4.089934
184.422338, 116.164158, 1.852255, -1.136854, 4.092889
184.383348, 116.298841, 1.852983, -1.144609, 4.110789
184.344628, 116.432175, 1.853893, -1.139258, 4.078247
184.305868, 116.565186, 1.854867, -1.141744, 4.071905
184.267035, 116.697937, 1.855894, -1.144656, 4.069435
184.228083, 116.830587, 1.856919, -1.148282, 4.068208
184.189001, 116.963182, 1.857926, -1.152279, 4.068516
184.149797, 117.095993, 1.858399, -1.150633, 4.067587
184.110474, 117.228539, 1.859191, -1.155963, 4.070053
184.070977, 117.361336, 1.859871, -1.158722, 4.066375
184.031514, 117.493826, 1.860985, -1.166049, 4.069723
183.991853, 117.626329, 1.862979, -1.174284, 4.071499
183.951844, 117.758756, 1.865434, -1.182871, 4.072470
183.911580, 117.891118, 1.867723, -1.153325, 4.034158
183.871188, 118.022195, 1.870174, -1.201184, 4.075133
183.830164, 118.154683, 1.871875, -1.209593, 4.079734
183.788891, 118.287229, 1.873451, -1.216794, 4.083403
183.747383, 118.419823, 1.874895, -1.223375, 4.086525
183.705663, 118.552450, 1.876222, -1.229327, 4.089058
183.663891, 118.684545, 1.877812, -1.252217, 4.061841
183.621495, 118.816717, 1.881219, -1.247204, 4.086058
183.578848, 118.949066, 1.883625, -1.258198, 4.089369
183.536483, 119.080894, 1.884554, -1.262715, 4.083916
183.493598, 119.213084, 1.884507, -1.261283, 4.087124
183.450364, 119.346164, 1.885375, -1.271152, 4.108030
183.407373, 119.478050, 1.886463, -1.264968, 4.074320
183.364334, 119.609609, 1.887629, -1.268633, 4.068642
183.321187, 119.740917, 1.888901, -1.272122, 4.066846
183.277888, 119.872129, 1.890151, -1.276669, 4.066135
183.234429, 120.003287, 1.891359, -1.281512, 4.066762
183.190804, 120.134699, 1.891861, -1.277029, 4.064375
183.147110, 120.265764, 1.892798, -1.285499, 4.067129
183.103088, 120.397134, 1.893456, -1.284451, 4.072766
183.059289, 120.528116, 1.894408, -1.294200, 4.065478
183.015288, 120.659078, 1.896166, -1.301445, 4.066620
182.970979, 120.789957, 1.898589, -1.309840, 4.066803
182.926380, 120.920731, 1.900991, -1.279685, 4.030445
182.881739, 121.049933, 1.903705, -1.326390, 4.065327
182.836376, 121.180723, 1.905589, -1.337664, 4.072039
182.790735, 121.311548, 1.907329, -1.345490, 4.075526
182.744839, 121.442401, 1.908926, -1.352634, 4.078479
182.698714, 121.573268, 1.910397, -1.359090, 4.080818
182.652584, 121.703843, 1.911867, -1.358167, 4.044749
182.605755, 121.834102, 1.915316, -1.376220, 4.077744
182.558688, 121.964634, 1.918185, -1.389156, 4.080967
182.511799, 122.094681, 1.919909, -1.371031, 4.078441
182.464381, 122.224988, 1.919863, -1.394262, 4.077899
182.416663, 122.356120, 1.920110, -1.404973, 4.105495
182.369232, 122.486211, 1.920772, -1.393668, 4.064193
182.321825, 122.615928, 1.921598, -1.394740, 4.058152
182.274411, 122.745318, 1.922495, -1.396723, 4.054043
182.226909, 122.874579, 1.923434, -1.399565, 4.051996
182.179299, 123.003755, 1.924389, -1.403012, 4.051524
182.131515, 123.133181, 1.924695, -1.402577, 4.049113
182.083752, 123.262241, 1.925664, -1.406295, 4.051264
182.035621, 123.391465, 1.926054, -1.431788, 4.078090
181.987732, 123.520578, 1.927050, -1.413866, 4.049737
181.939682, 123.649535, 1.928629, -1.420223, 4.050666
181.891354, 123.778413, 1.930970, -1.428643, 4.050510
181.842669, 123.907191, 1.933467, -1.437971, 4.052923
181.794016, 124.034511, 1.936347, -1.442197, 4.041332
181.744592, 124.163237, 1.938498, -1.457820, 4.056403
181.694846, 124.291990, 1.940471, -1.466586, 4.059995
181.644816, 124.420757, 1.942278, -1.474612, 4.063204
181.594526, 124.549531, 1.943939, -1.481916, 4.065943
181.544024, 124.678291, 1.945470, -1.463330, 4.047743
181.493235, 124.806191, 1.948526, -1.495716, 4.061864
181.442030, 124.934623, 1.951325, -1.510522, 4.067685
181.390702, 125.062603, 1.953196, -1.481644, 4.039415
181.339507, 125.190874, 1.953035, -1.516713, 4.065735
181.287649, 125.319910, 1.953754, -1.535499, 4.112684
181.235870, 125.448244, 1.954984, -1.518860, 4.053417
181.184122, 125.575955, 1.956346, -1.523726, 4.051448
181.132292, 125.703433, 1.957368, -1.526463, 4.049322
181.080356, 125.830853, 1.958294, -1.530413, 4.049907
181.028286, 125.958266, 1.959241, -1.534870, 4.051919
180.976026, 126.085956, 1.960286, -1.549985, 4.069958
180.923558, 126.213356, 1.961749, -1.544857, 4.055859
180.870861, 126.340783, 1.963199, -1.551164, 4.060575
180.817874, 126.468414, 1.964559, -1.562058, 4.058742
180.764866, 126.595818, 1.966165, -1.566432, 4.063084
180.711571, 126.723236, 1.968434, -1.576158, 4.066495
180.657900, 126.850589, 1.970781, -1.584306, 4.069050
180.604407, 126.976564, 1.973093, -1.583113, 4.041209
180.550090, 127.103772, 1.974886, -1.601375, 4.073653
180.495471, 127.231180, 1.976662, -1.609540, 4.077464
180.440588, 127.358614, 1.978270, -1.617000, 4.081230
180.385463, 127.486067, 1.979741, -1.623743, 4.084269
180.330121, 127.613527, 1.981095, -1.629801, 4.086698
180.274577, 127.740232, 1.983381, -1.637608, 4.081202
180.218691, 127.867355, 1.986410, -1.649449, 4.085686
180.162413, 127.994340, 1.988602, -1.663159, 4.047523
180.106620, 128.121005, 1.988867, -1.658976, 4.081694
180.050029, 128.248501, 1.989127, -1.683213, 4.141609
179.993425, 128.375699, 1.990099, -1.656729, 4.070035
179.936998, 128.502027, 1.991396, -1.660637, 4.068027
179.880502, 128.628134, 1.992230, -1.662789, 4.065763
179.823947, 128.754178, 1.992910, -1.665915, 4.066050
179.767280, 128.880213, 1.993857, -1.670646, 4.067876
179.710446, 129.006356, 1.995487, -1.665828, 4.099373
179.653252, 129.132499, 1.996824, -1.680712, 4.071347
179.595904, 129.258484, 1.998272, -1.688265, 4.075912
179.538254, 129.384703, 1.999561, -1.693358, 4.074513
179.480607, 129.510658, 2.000766, -1.701606, 4.078944
179.422738, 129.636645, 2.002589, -1.709361, 4.080453
179.364554, 129.762564, 2.004607, -1.716665, 4.084114
179.306652, 129.887210, 2.006731, -1.708690, 4.050068
179.247927, 130.012939, 2.008181, -1.731372, 4.088364
179.188891, 130.138910, 2.009920, -1.739423, 4.091978
179.129591, 130.264891, 2.011535, -1.746808, 4.095541
179.070051, 130.390878, 2.013011, -1.753523, 4.098403
179.010296, 130.516857, 2.014369, -1.759532, 4.100643
178.950484, 130.642087, 2.016280, -1.785257, 4.083735
178.890161, 130.767598, 2.019525, -1.776581, 4.097613
178.829535, 130.893160, 2.021575, -1.785997, 4.100252
178.769347, 131.018203, 2.022185, -1.789237, 4.093968
178.708435, 131.144009, 2.022218, -1.817677, 4.153868
178.647464, 131.269662, 2.023186, -1.784656, 4.083371
178.586683, 131.394491, 2.024607, -1.790068, 4.083357
178.525743, 131.519139, 2.025858, -1.792489, 4.081689
178.464748, 131.643665, 2.026462, -1.795673, 4.080715
178.403659, 131.768173, 2.027621, -1.801624, 4.082521
178.342333, 131.892660, 2.029481, -1.809365, 4.085742
178.280692, 132.017355, 2.030686, -1.808753, 4.085043
178.218921, 132.141749, 2.032060, -1.818452, 4.089173
178.156756, 132.266385, 2.032940, -1.823320, 4.100421
178.094810, 132.390728, 2.033954, -1.828017, 4.089346
178.032649, 132.515033, 2.035766, -1.835819, 4.091008
177.970181, 132.639218, 2.038261, -1.844204, 4.091455
177.907952, 132.762040, 2.041090, -1.834790, 4.058792
177.844838, 132.885886, 2.043088, -1.862371, 4.093964
177.781371, 133.009867, 2.044712, -1.869106, 4.096408
177.717675, 133.133825, 2.046207, -1.875623, 4.098701
177.653769, 133.257753, 2.047593, -1.881496, 4.100468
177.589673, 133.381640, 2.048886, -1.886817, 4.101775
177.525631, 133.505008, 2.050453, -1.900852, 4.072406
177.460949, 133.628279, 2.053906, -1.903587, 4.098427
177.396007, 133.751665, 2.056447, -1.913824, 4.100594
177.331500, 133.874491, 2.057783, -1.890605, 4.095576
177.266200, 133.998059, 2.057356, -1.948731, 4.153877
177.200900, 134.121504, 2.057789, -1.910061, 4.081778
177.135871, 134.244107, 2.059106, -1.914720, 4.081494
177.070708, 134.366510, 2.060258, -1.916534, 4.079481
177.005502, 134.488803, 2.060724, -1.918970, 4.078300
176.940226, 134.611071, 2.061913, -1.925125, 4.079946
176.874701, 134.733301, 2.063877, -1.933048, 4.083255
176.808799, 134.855724, 2.065205, -1.932638, 4.082410
176.742818, 134.977864, 2.066691, -1.943624, 4.087732
176.676432, 135.100105, 2.067582, -1.982908, 4.119698
176.610135, 135.222328, 2.068763, -1.954466, 4.089139
176.543708, 135.344404, 2.070287, -1.960951, 4.091039
176.477005, 135.466391, 2.072600, -1.969368, 4.091712
176.410602, 135.587001, 2.075395, -1.959893, 4.061082
176.343252, 135.708614, 2.077187, -1.985072, 4.092645
176.275574, 135.830358, 2.078929, -1.993106, 4.097091
176.207657, 135.952085, 2.080501, -1.999871, 4.099581
176.139519, 136.073776, 2.081953, -2.006049, 4.101556
176.071182, 136.195421, 2.083303, -2.011619, 4.103048
176.002932, 136.316778, 2.084643, -1.994081, 4.058951
175.934049, 136.437533, 2.087993, -2.025436, 4.097177
175.864918, 136.558649, 2.090470, -2.036769, 4.101978
175.795913, 136.679230, 2.092039, -2.001260, 4.078300
175.726669, 136.800583, 2.091642, -2.080374, 4.155442
175.657137, 136.921774, 2.092022, -2.033415, 4.083696
175.587902, 137.042140, 2.093504, -2.038814, 4.084013
175.518506, 137.162316, 2.094862, -2.041477, 4.082523
175.449026, 137.282376, 2.095509, -2.044352, 4.081977
175.379465, 137.402407, 2.096849, -2.051654, 4.083915
175.309627, 137.522389, 2.098992, -2.060275, 4.087590
175.239378, 137.642620, 2.100519, -2.070484, 4.093416
175.169064, 137.762457, 2.101927, -2.071206, 4.091500
175.098516, 137.882330, 2.102816, -2.076050, 4.095177
175.027623, 138.002395, 2.104120, -2.084625, 4.091557
174.956881, 138.122135, 2.105339, -2.086983, 4.093687
174.885920, 138.241807, 2.107413, -2.095156, 4.095493
174.815411, 138.360123, 2.110299, -2.072484, 4.058890
174.743980, 138.479354, 2.111952, -2.108646, 4.093858
174.672069, 138.598643, 2.114249, -2.118985, 4.098120
174.599835, 138.717898, 2.116484, -2.127722, 4.100445
174.527311, 138.837062, 2.118538, -2.135921, 4.102337
174.454524, 138.956129, 2.120430, -2.143304, 4.103742
174.381527, 139.075090, 2.122183, -2.121875, 4.083248
174.308412, 139.193050, 2.125419, -2.155445, 4.097577
174.234778, 139.311481, 2.128093, -2.169713, 4.102720
174.160922, 139.429535, 2.129969, -2.153745, 4.056432
174.087485, 139.547998, 2.129630, -2.224024, 4.150031
174.013381, 139.666438, 2.129805, -2.166318, 4.084742
173.939638, 139.784133, 2.131195, -2.171133, 4.084809
173.865739, 139.901687, 2.132593, -2.174687, 4.082614
173.791763, 140.019025, 2.133435, -2.176253, 4.081566
173.717737, 140.136326, 2.134257, -2.181369, 4.082936
173.643522, 140.253596, 2.135911, -2.188521, 4.085823
173.569006, 140.371090, 2.137523, -2.206739, 4.112187
173.494268, 140.488242, 2.138682, -2.198142, 4.088759
173.419414, 140.605353, 2.139549, -2.202468, 4.092000
173.344223, 140.722729, 2.140352, -2.204944, 4.089388
173.269267, 140.839706, 2.141280, -2.209937, 4.089547
173.194149, 140.956620, 2.143185, -2.216677, 4.090016
173.119457, 141.072230, 2.146222, -2.192340, 4.054207
173.043812, 141.188652, 2.148638, -2.232122, 4.088278
172.967708, 141.305064, 2.150878, -2.241189, 4.089892
172.891334, 141.421352, 2.152943, -2.248959, 4.091130
172.814708, 141.537519, 2.154860, -2.256028, 4.092050
172.737852, 141.653565, 2.156648, -2.262528, 4.092752
172.660783, 141.769498, 2.158322, -2.268607, 4.093411
172.583758, 141.884281, 2.161051, -2.280434, 4.084154
172.506183, 141.999611, 2.164282, -2.286032, 4.089462
172.428247, 142.114890, 2.166150, -2.294458, 4.091976
172.351200, 142.230471, 2.166439, -2.329971, 4.138921
172.272989, 142.345808, 2.166228, -2.283808, 4.071907
172.195293, 142.460386, 2.167099, -2.286178, 4.070997
172.117552, 142.574753, 2.167863, -2.285703, 4.067892
172.039814, 142.689015, 2.167823, -2.285366, 4.067275
171.962078, 142.803309, 2.167809, -2.286629, 4.068711
171.884280, 142.917609, 2.169000, -2.292435, 4.069613
171.806274, 143.031876, 2.170701, -2.296276, 4.083907
171.727956, 143.146322, 2.171469, -2.298229, 4.072192
171.649620, 143.260471, 2.172302, -2.305137, 4.076049
171.570867, 143.374827, 2.172574, -2.314108, 4.093851
171.492502, 143.489013, 2.173272, -2.310210, 4.075140
171.413974, 143.603087, 2.174854, -2.316575, 4.076236
171.335919, 143.715892, 2.177634, -2.288328, 4.036072
171.257100, 143.829427, 2.179604, -2.329713, 4.072744
171.177690, 143.942983, 2.182166, -2.339756, 4.076374
171.097952, 144.056440, 2.184583, -2.348374, 4.078075
171.017923, 144.169755, 2.186815, -2.356599, 4.079397
170.937628, 144.282928, 2.188884, -2.364051, 4.080352
170.857091, 144.395964, 2.190810, -2.370920, 4.081138
170.776724, 144.508244, 2.193058, -2.380946, 4.048158
170.695590, 144.620454, 2.196642, -2.387789, 4.076269
170.614181, 144.732804, 2.198752, -2.396730, 4.080411
170.533060, 144.845048, 2.199942, -2.401383, 4.102440
170.451359, 144.957275, 2.200392, -2.390560, 4.060560
170.370044, 145.068823, 2.200995, -2.391864, 4.058819
170.288712, 145.180247, 2.201670, -2.392468, 4.056092
170.207348, 145.291541, 2.202396, -2.393626, 4.052935
170.126005, 145.402614, 2.202695, -2.391189, 4.050512
170.044715, 145.513675, 2.202604, -2.392580, 4.051135
169.963393, 145.624792, 2.202660, -2.394761, 4.053926
169.881841, 145.736223, 2.202651, -2.390014, 4.051671
169.800395, 145.847373, 2.203612, -2.398597, 4.057522
169.718706, 145.958557, 2.204088, -2.432582, 4.081449
169.636810, 146.069877, 2.205059, -2.407880, 4.058833
169.555018, 146.180971, 2.206594, -2.412885, 4.061043
169.473659, 146.290835, 2.209420, -2.383761, 4.018202
169.391567, 146.401400, 2.211499, -2.425958, 4.058813
169.308858, 146.512027, 2.213849, -2.435890, 4.062909
169.225858, 146.622552, 2.215973, -2.443856, 4.064775
169.142600, 146.732949, 2.217948, -2.451052, 4.066050
169.059109, 146.843214, 2.219799, -2.457558, 4.066868
168.975406, 146.953347, 2.221543, -2.463572, 4.067461
168.891773, 147.063191, 2.223216, -2.417902, 4.013129
168.807771, 147.172059, 2.226853, -2.475235, 4.060546
168.723278, 147.281435, 2.229564, -2.488915, 4.066339
168.638463, 147.390724, 2.230991, -2.524752, 4.056567
168.553335, 147.499103, 2.231717, -2.487148, 4.048836
168.468833, 147.607729, 2.231996, -2.484847, 4.046559
168.384358, 147.716261, 2.232389, -2.484380, 4.043779
168.299898, 147.824686, 2.232868, -2.483300, 4.040369
168.215514, 147.932929, 2.233890, -2.487387, 4.038758
168.130951, 148.041134, 2.235284, -2.492226, 4.041693
168.046189, 148.149287, 2.236404, -2.496902, 4.043710
167.961162, 148.257615, 2.237042, -2.508146, 4.052795
167.876305, 148.365471, 2.237258, -2.496295, 4.039291
167.791451, 148.473328, 2.236763, -2.494106, 4.039003
167.706347, 148.581463, 2.236778, -2.494957, 4.033705
167.621708, 148.689181, 2.237007, -2.492036, 4.030206
167.537608, 148.795819, 2.239081, -2.461053, 3.981835
167.453064, 148.902820, 2.241650, -2.497117, 4.017094
167.368024, 149.009785, 2.243530, -2.505216, 4.020904
167.282754, 149.116643, 2.245165, -2.509132, 4.019006
167.197329, 149.223330, 2.246764, -2.513480, 4.018042
167.111749, 149.329866, 2.248330, -2.518183, 4.017710
167.026006, 149.436267, 2.249852, -2.522432, 4.016887
166.940211, 149.542407, 2.251326, -2.526366, 4.015725
166.854471, 149.647681, 2.253831, -2.548734, 4.009270
166.768069, 149.753407, 2.257202, -2.546706, 4.018779
166.681308, 149.859398, 2.258755, -2.564724, 4.047153
166.594019, 149.964589, 2.260130, -2.541569, 4.001803
166.507476, 150.069618, 2.259335, -2.543387, 4.002782
166.421057, 150.174704, 2.258780, -2.539466, 4.000214
166.334816, 150.279713, 2.258859, -2.540682, 3.998734
166.248496, 150.384671, 2.260009, -2.545225, 4.000335
166.161952, 150.489558, 2.262015, -2.553552, 4.003922
166.075102, 150.594396, 2.263728, -2.561595, 4.008824
165.988009, 150.699260, 2.264705, -2.568315, 4.014592
165.900650, 150.804366, 2.265070, -2.563072, 4.011491
165.813295, 150.909142, 2.265846, -2.571426, 4.017064
165.725461, 151.014079, 2.266333, -2.593651, 4.043091
165.637957, 151.118955, 2.267280, -2.579017, 4.018442
165.550703, 151.223041, 2.269304, -2.572408, 3.963391
165.463324, 151.326977, 2.271940, -2.589686, 4.013636
165.375125, 151.431214, 2.274028, -2.598821, 4.019742
165.286568, 151.535448, 2.276051, -2.607656, 4.023217
165.197751, 151.639581, 2.277896, -2.615246, 4.026097
165.108694, 151.743625, 2.279582, -2.622365, 4.028851
165.019413, 151.847587, 2.281133, -2.628796, 4.031381
164.929992, 151.951400, 2.282564, -2.632628, 4.030518
164.840729, 152.054914, 2.283994, -2.605768, 3.985087
164.750886, 152.157765, 2.287648, -2.645062, 4.027243
164.660684, 152.261113, 2.290205, -2.652902, 4.063987
164.569765, 152.364307, 2.291587, -2.640767, 3.996952
164.479842, 152.466845, 2.291117, -2.647465, 4.014007
164.389861, 152.569460, 2.290334, -2.645349, 4.013969
164.299995, 152.672121, 2.289696, -2.643202, 4.012106
164.210250, 152.774738, 2.289845, -2.644382, 4.012696
164.120404, 152.877327, 2.291039, -2.649326, 4.014799
164.030322, 152.979834, 2.292861, -2.655628, 4.017387
163.939976, 153.082296, 2.293756, -2.661376, 4.023228
163.849264, 153.185147, 2.294264, -2.666113, 4.027487
163.758666, 153.287605, 2.295247, -2.668603, 4.028052
163.667806, 153.390098, 2.296233, -2.675108, 4.033657
163.576525, 153.492806, 2.297222, -2.681027, 4.030998
163.485873, 153.594953, 2.297798, -2.666741, 4.000218
163.395162, 153.696514, 2.298415, -2.681272, 4.031917
163.303882, 153.798919, 2.299257, -2.687744, 4.037396
163.212324, 153.901407, 2.300157, -2.695363, 4.044940
163.120521, 154.004016, 2.300747, -2.701683, 4.051263
163.028544, 154.106686, 2.301957, -2.707049, 4.054610
162.936347, 154.209292, 2.303784, -2.714175, 4.056954
162.843941, 154.311720, 2.305830, -2.719331, 4.055361
162.751369, 154.413932, 2.307623, -2.726351, 4.057895
162.658940, 154.515797, 2.307187, -2.722613, 4.058237
162.566183, 154.618033, 2.308431, -2.729770, 4.070692
162.472569, 154.720620, 2.310726, -2.720072, 4.007417
162.380032, 154.821806, 2.313869, -2.737963, 4.044178
162.286879, 154.922923, 2.316449, -2.742884, 4.043005
162.193521, 155.023795, 2.318586, -2.747697, 4.041754
162.100075, 155.124520, 2.319264, -2.753042, 4.044812
162.006562, 155.225319, 2.319124, -2.755577, 4.047334
161.912902, 155.326066, 2.320799, -2.760999, 4.049709
161.818960, 155.426740, 2.322334, -2.768593, 4.055057
161.724592, 155.527690, 2.323882, -2.787788, 4.072229
161.630151, 155.628175, 2.325781, -2.781309, 4.059907
161.535434, 155.728578, 2.327856, -2.789252, 4.063011
161.440241, 155.829023, 2.330224, -2.800059, 4.061055
161.345570, 155.928629, 2.331872, -2.787366, 4.011057
161.250679, 156.027874, 2.333731, -2.806278, 4.060982
161.155109, 156.127635, 2.335694, -2.815066, 4.065432
161.059163, 156.227387, 2.337143, -2.824610, 4.073063
160.962967, 156.327204, 2.338196, -2.831297, 4.078394
160.866562, 156.426950, 2.340272, -2.838128, 4.079753
160.769886, 156.526508, 2.342841, -2.846441, 4.080804
160.672942, 156.625815, 2.345473, -2.852477, 4.078188
160.575840, 156.724785, 2.347808, -2.859884, 4.079270
160.478905, 156.823365, 2.347606, -2.857654, 4.079128
160.381526, 156.922547, 2.348288, -2.908790, 4.134758
160.283647, 157.021666, 2.350319, -2.857510, 4.046666
160.186698, 157.119352, 2.354411, -2.870730, 4.062810
160.088998, 157.216997, 2.358125, -2.878176, 4.062674
159.990972, 157.314321, 2.361347, -2.887671, 4.063017
159.892683, 157.411360, 2.364099, -2.896775, 4.063577
159.794178, 157.508269, 2.364980, -2.902547, 4.067076
159.695538, 157.605096, 2.366428, -2.908043, 4.069344
159.596596, 157.701811, 2.368464, -2.915933, 4.074567
159.497163, 157.798824, 2.370033, -2.937143, 4.094237
159.397749, 157.895271, 2.372132, -2.927256, 4.076347
159.298050, 157.991541, 2.374554, -2.937000, 4.080599
159.197780, 158.087880, 2.376932, -2.946163, 4.080248
159.098258, 158.182915, 2.378174, -2.918020, 4.033815
158.998324, 158.278423, 2.379972, -2.948119, 4.073646
158.897987, 158.373935, 2.381657, -2.953903, 4.075142
158.797437, 158.469330, 2.383143, -2.961212, 4.079573
158.696613, 158.564823, 2.382886, -2.964489, 4.085134
158.595781, 158.660435, 2.382888, -2.965641, 4.086749
158.494916, 158.755965, 2.383916, -2.966453, 4.083871
158.394008, 158.851331, 2.384906, -2.970226, 4.085434
158.292969, 158.946641, 2.385804, -2.974038, 4.087208
158.192160, 159.041490, 2.384920, -2.969622, 4.085200
158.090620, 159.137394, 2.386017, -2.999325, 4.123074
157.989402, 159.232554, 2.387740, -2.970650, 4.075036
157.888656, 159.326560, 2.392286, -2.981710, 4.068543
157.787152, 159.420615, 2.395501, -2.989314, 4.071117
157.685384, 159.514463, 2.397755, -2.996492, 4.072099
157.583439, 159.608117, 2.399648, -3.002689, 4.072366
157.481376, 159.701699, 2.399758, -3.005925, 4.076476
157.379272, 159.795362, 2.399479, -3.006761, 4.078223
157.277052, 159.889032, 2.400023, -3.010197, 4.082538
157.174387, 159.983195, 2.399927, -3.028594, 4.104231
157.071994, 160.076905, 2.400430, -3.012297, 4.084442
156.969497, 160.170569, 2.401338, -3.016921, 4.087248
156.866723, 160.264372, 2.402523, -2.958908, 4.034240
156.764940, 160.356712, 2.402076, -3.009232, 4.068643
156.662609, 160.450067, 2.402029, -3.009732, 4.074076
156.560296, 160.543424, 2.401837, -3.008622, 4.073283
156.458014, 160.636795, 2.401466, -3.008486, 4.074692
156.355728, 160.730370, 2.398654, -3.001860, 4.076026
156.253747, 160.824371, 2.395218, -2.996227, 4.081001
156.151886, 160.918593, 2.395613, -2.995149, 4.079280
156.050071, 161.012582, 2.396557, -2.995740, 4.075893
155.948180, 161.106502, 2.397112, -2.997923, 4.076821
155.846602, 161.200144, 2.395374, -2.992699, 4.075703
155.744238, 161.294930, 2.393589, -2.986392, 4.073326
155.642921, 161.388745, 2.393938, -2.962649, 4.019835
155.541920, 161.482446, 2.396378, -2.990334, 4.066179
155.440274, 161.576270, 2.396083, -2.990889, 4.070476
155.338514, 161.670162, 2.396673, -2.995086, 4.074209
155.236671, 161.764073, 2.397091, -2.999367, 4.077282
155.134755, 161.858045, 2.397107, -3.003090, 4.081999
155.032707, 161.952040, 2.397444, -3.005101, 4.084952
154.930485, 162.046152, 2.397536, -3.011681, 4.093390
154.827902, 162.140688, 2.397273, -3.011109, 4.094797
154.725726, 162.234794, 2.397097, -3.006805, 4.089811
154.623288, 162.329000, 2.396352, -3.046773, 4.122555
154.521452, 162.423014, 2.396185, -2.954051, 4.013547
154.419970, 162.516368, 2.396500, -2.998684, 4.081006
154.317955, 162.610443, 2.396872, -3.001268, 4.081898
154.215881, 162.704533, 2.397081, -3.003821, 4.084642
154.113724, 162.798755, 2.396400, -3.004029, 4.087229
154.011583, 162.893058, 2.395763, -3.002650, 4.087435
153.909495, 162.987429, 2.395151, -3.001079, 4.087613
153.807467, 163.081858, 2.394562, -2.997915, 4.085525
153.705618, 163.176231, 2.393991, -2.996182, 4.085345
153.603793, 163.270688, 2.393448, -2.995686, 4.086713
153.501856, 163.364341, 2.394984, -3.010161, 4.132895
153.399629, 163.458819, 2.396788, -2.991595, 4.069011
153.298263, 163.552213, 2.397000, -2.974611, 4.059096
153.196721, 163.645927, 2.395793, -2.985051, 4.063889
153.095286, 163.739743, 2.394637, -2.981899, 4.063878
152.994006, 163.833661, 2.393611, -2.979513, 4.063003
152.892840, 163.927615, 2.393421, -2.979936, 4.064259
152.791608, 164.021575, 2.394184, -2.983370, 4.066233
152.690134, 164.115557, 2.394893, -2.987703, 4.072154
152.588489, 164.209636, 2.394739, -2.991521, 4.076756
152.486738, 164.304025, 2.393794, -2.980305, 4.069663
152.385286, 164.398116, 2.393318, -2.984489, 4.073874
152.283466, 164.492479, 2.393195, -2.986034, 4.069820
152.183146, 164.585654, 2.392339, -2.946929, 4.023649
152.082209, 164.679590, 2.391521, -2.973021, 4.063521
151.981148, 164.773825, 2.390752, -2.971741, 4.064678
151.880099, 164.868252, 2.389694, -2.971575, 4.068645
151.779130, 164.962920, 2.387820, -2.967870, 4.070680
151.678248, 165.057813, 2.386404, -2.967025, 4.074577
151.577387, 165.152849, 2.385524, -2.964714, 4.074596
151.476595, 165.247977, 2.384677, -2.962840, 4.075197
151.375958, 165.343116, 2.383883, -2.958969, 4.072946
151.275740, 165.438129, 2.383263, -2.929929, 4.030435
151.174384, 165.532535, 2.385594, -2.966829, 4.097495
151.073797, 165.627037, 2.386537, -2.931176, 4.017048
150.973817, 165.721363, 2.385621, -2.945763, 4.048653
150.873745, 165.815820, 2.384519, -2.940960, 4.046201
150.773912, 165.910302, 2.383533, -2.936892, 4.042828
150.674225, 166.004768, 2.383403, -2.935774, 4.042485
150.574460, 166.099333, 2.383464, -2.936649, 4.043967
150.474660, 166.193945, 2.383337, -2.937926, 4.046371
150.374771, 166.288569, 2.383887, -2.941964, 4.049600
150.274567, 166.383421, 2.384812, -2.961168, 4.069856
150.174505, 166.477787, 2.385686, -2.943219, 4.046037
150.074026, 166.572182, 2.387086, -2.945256, 4.047502
149.973872, 166.666186, 2.388147, -2.940877, 4.007953
149.874751, 166.759505, 2.388615, -2.940360, 4.017034
149.774613, 166.853167, 2.389835, -2.947297, 4.034699
149.674331, 166.946822, 2.390946, -2.952061, 4.038135
149.573866, 167.040573, 2.391088, -2.955723, 4.041889
149.473283, 167.134407, 2.391146, -2.959527, 4.046238
149.372575, 167.228243, 2.391934, -2.963303, 4.048487
149.271846, 167.321950, 2.392676, -2.964718, 4.047388
149.171012, 167.415615, 2.393385, -2.969034, 4.050759
149.070025, 167.509286, 2.394212, -2.974144, 4.054422
148.969251, 167.602167, 2.396109, -2.989651, 4.042459
148.867582, 167.695630, 2.399689, -2.985660, 4.071489
148.766411, 167.788116, 2.401532, -2.983240, 4.037890
148.664937, 167.880653, 2.402577, -2.986316, 4.040369
148.563328, 167.973156, 2.403545, -2.990539, 4.042533
148.461578, 168.065616, 2.404426, -2.994615, 4.044813
148.359746, 168.158058, 2.405234, -2.999732, 4.047708
148.257761, 168.250512, 2.405803, -3.003716, 4.050801
148.155607, 168.342938, 2.406565, -3.008085, 4.054635
148.053285, 168.435369, 2.407321, -3.013339, 4.059101
147.950674, 168.528034, 2.407509, -3.005537, 4.052695
147.848252, 168.620257, 2.408574, -3.051497, 4.080831
147.745513, 168.712488, 2.410057, -3.017371, 4.052366
147.643107, 168.804167, 2.411492, -2.986690, 4.000720
147.541662, 168.895542, 2.412129, -3.013650, 4.029128
147.439097, 168.987030, 2.413686, -3.019149, 4.044073
147.336321, 169.078539, 2.414822, -3.025918, 4.048918
147.233365, 169.170115, 2.414847, -3.029820, 4.054389
147.130278, 169.261746, 2.415261, -3.032921, 4.056609
147.027071, 169.353359, 2.416022, -3.036633, 4.058871
146.923817, 169.444881, 2.416699, -3.037768, 4.057792
146.820505, 169.536331, 2.417349, -3.041839, 4.060991
146.717225, 169.627752, 2.418171, -2.990340, 4.014056
146.613793, 169.718288, 2.420959, -3.047971, 4.058589
146.509729, 169.809260, 2.424228, -3.038851, 4.058968
146.406153, 169.900140, 2.425883, -3.052292, 4.045410
146.302271, 169.990353, 2.427138, -3.057718, 4.047616
146.198231, 170.080482, 2.428261, -3.062117, 4.049502
146.094075, 170.170540, 2.429288, -3.065877, 4.050129
145.989860, 170.260451, 2.430804, -3.071209, 4.051102
145.885417, 170.350205, 2.432434, -3.077092, 4.054938
145.780642, 170.440008, 2.433500, -3.086954, 4.063884
145.675543, 170.530083, 2.434363, -3.108659, 4.099815
145.570405, 170.619823, 2.434817, -3.088074, 4.062295
145.464960, 170.709556, 2.436184, -3.092269, 4.066556
145.359825, 170.799025, 2.437055, -3.096387, 4.062906
145.254747, 170.888084, 2.438450, -3.063122, 4.015439
145.150419, 170.977014, 2.438875, -3.098856, 4.044931
145.045086, 171.066017, 2.440513, -3.100589, 4.057621
144.939518, 171.155059, 2.441630, -3.107916, 4.063596
144.833703, 171.244143, 2.442156, -3.113627, 4.068941
144.727746, 171.333229, 2.442858, -3.117744, 4.071883
144.621672, 171.422264, 2.443785, -3.120054, 4.071591
144.515556, 171.511165, 2.444693, -3.124682, 4.074620
144.409274, 171.600042, 2.445638, -3.129788, 4.077927
144.303217, 171.688274, 2.447324, -3.140449, 4.061434
144.196492, 171.776664, 2.450043, -3.140982, 4.078620
144.089392, 171.864830, 2.452258, -3.151095, 4.109749
143.982358, 171.953019, 2.452588, -3.136739, 4.064199
143.875631, 172.040816, 2.453956, -3.141097, 4.064604
143.768846, 172.128432, 2.455725, -3.147714, 4.066235
143.661820, 172.215879, 2.457917, -3.155452, 4.069317
143.554521, 172.303215, 2.459430, -3.162656, 4.073603
143.447003, 172.390497, 2.460674, -3.169156, 4.077586
143.339239, 172.477750, 2.462069, -3.177379, 4.084075
143.230994, 172.565211, 2.462803, -3.174219, 4.080652
143.122982, 172.652195, 2.463957, -3.209739, 4.102708
143.014497, 172.739208, 2.465392, -3.183984, 4.079829
142.906314, 172.825968, 2.466623, -3.188394, 4.082596
142.798182, 172.912205, 2.468426, -3.150273, 4.037506
142.690680, 172.998442, 2.469219, -3.195321, 4.069586
142.582099, 173.084698, 2.471047, -3.198051, 4.082516
142.473217, 173.171014, 2.472010, -3.206051, 4.088483
142.364082, 173.257312, 2.473184, -3.212026, 4.092692
142.254747, 173.343542, 2.474411, -3.217586, 4.095725
142.145231, 173.429708, 2.475504, -3.222580, 4.098457
142.035700, 173.515699, 2.476521, -3.224805, 4.097993
141.926185, 173.601618, 2.477496, -3.173781, 4.051977
141.816550, 173.686671, 2.480172, -3.230681, 4.095906
141.706744, 173.771872, 2.482173, -3.205576, 4.072060
141.596528, 173.857233, 2.483062, -3.242875, 4.120327
141.486389, 173.942450, 2.484002, -3.232649, 4.084802
141.376325, 174.027227, 2.486405, -3.241056, 4.087568
141.265983, 174.111814, 2.488674, -3.248596, 4.090366
141.155504, 174.196164, 2.491166, -3.257599, 4.092252
141.044689, 174.280310, 2.493791, -3.268562, 4.098575
140.933477, 174.364373, 2.495826, -3.276926, 4.103044
140.821915, 174.448441, 2.497921, -3.297605, 4.141245
140.710142, 174.532099, 2.499533, -3.282858, 4.100848
140.598040, 174.615578, 2.501397, -3.290494, 4.108323
140.486228, 174.698765, 2.502843, -3.293920, 4.101888
140.374265, 174.781770, 2.504692, -3.298414, 4.102486
140.262359, 174.864259, 2.506517, -3.263705, 4.064355
140.151006, 174.946699, 2.507628, -3.303981, 4.096491
140.038566, 175.029269, 2.509379, -3.311126, 4.104793
139.925800, 175.111783, 2.510527, -3.318850, 4.110539
139.812833, 175.194229, 2.511743, -3.324445, 4.113832
139.699683, 175.276604, 2.512869, -3.329465, 4.116603
139.586372, 175.358912, 2.513870, -3.333926, 4.119106
139.473067, 175.441050, 2.514793, -3.335584, 4.118351
139.360045, 175.522455, 2.516502, -3.348790, 4.109801
139.246426, 175.604126, 2.519331, -3.345472, 4.117728
139.133186, 175.685612, 2.520299, -3.347669, 4.114524
139.018986, 175.767200, 2.521522, -3.356893, 4.137588
138.905229, 175.848336, 2.522801, -3.341654, 4.102391
138.791521, 175.929131, 2.524727, -3.346724, 4.103001
138.677746, 176.009705, 2.526635, -3.351204, 4.101767
138.563837, 176.090003, 2.529180, -3.357535, 4.102177
138.449677, 176.169986, 2.532379, -3.365722, 4.102627
138.335131, 176.249625, 2.535461, -3.376559, 4.108811
138.220019, 176.329342, 2.537035, -3.376693, 4.106343
138.105248, 176.408498, 2.538422, -3.379095, 4.104241
137.989926, 176.487594, 2.539953, -3.382836, 4.100976
137.875063, 176.566409, 2.541160, -3.383176, 4.099311
137.760119, 176.644979, 2.542906, -3.384728, 4.097169
137.645375, 176.723033, 2.544453, -3.345641, 4.059505
137.531160, 176.800981, 2.545194, -3.383295, 4.089326
137.415971, 176.879144, 2.546178, -3.391372, 4.095760
137.300550, 176.957291, 2.546729, -3.395567, 4.099793
137.185009, 177.035417, 2.547397, -3.399204, 4.102302
137.069337, 177.113498, 2.548293, -3.403229, 4.104743
136.953529, 177.191522, 2.549122, -3.407027, 4.106992
136.837978, 177.269379, 2.549905, -3.350630, 4.053303
136.722352, 177.346324, 2.552652, -3.407604, 4.099512
136.606429, 177.423404, 2.555042, -3.386197, 4.071181
136.490593, 177.500819, 2.555452, -3.417287, 4.101902
136.373955, 177.578133, 2.557096, -3.432034, 4.127874
136.257687, 177.654961, 2.558405, -3.414050, 4.090339
136.141528, 177.731440, 2.560172, -3.418516, 4.090764
136.025305, 177.807719, 2.561869, -3.422146, 4.089460
135.909002, 177.883728, 2.564135, -3.426241, 4.088320
135.792496, 177.959427, 2.566600, -3.432304, 4.089928
135.675674, 178.034942, 2.568881, -3.443251, 4.096821
135.558487, 178.110490, 2.570070, -3.438040, 4.090583
135.441140, 178.185580, 2.571469, -3.466184, 4.114995
135.324039, 178.260584, 2.572931, -3.444572, 4.087159
135.206998, 178.335302, 2.574660, -3.448033, 4.086548
135.089826, 178.409734, 2.577008, -3.450927, 4.084476
134.972703, 178.483594, 2.579304, -3.414196, 4.040350
134.856262, 178.557327, 2.580340, -3.454066, 4.079265
134.738644, 178.631193, 2.581707, -3.461584, 4.085244
134.620825, 178.704937, 2.582975, -3.466620, 4.087893
134.502841, 178.778584, 2.584136, -3.471331, 4.090479
134.384702, 178.852145, 2.585203, -3.475723, 4.092935
134.266419, 178.925628, 2.586184, -3.479849, 4.095299
134.148659, 178.998552, 2.587499, -3.469417, 4.062163
134.030277, 179.071196, 2.590676, -3.483854, 4.088798
133.912212, 179.143779, 2.592460, -3.461024, 4.080192
133.793663, 179.216488, 2.592753, -3.490774, 4.091296
133.674534, 179.289129, 2.594796, -3.498469, 4.110644
133.555716, 179.361411, 2.596270, -3.487629, 4.079720
133.437049, 179.433251, 2.598084, -3.492242, 4.080279
133.318350, 179.504871, 2.599901, -3.495625, 4.078775
133.199544, 179.576219, 2.602342, -3.500953, 4.079016
133.080537, 179.647207, 2.605218, -3.506126, 4.078782
132.961104, 179.718160, 2.607608, -3.533463, 4.109663
132.841600, 179.788629, 2.608948, -3.513470, 4.079379
132.721698, 179.858994, 2.610309, -3.519939, 4.086658
132.602261, 179.929118, 2.611448, -3.515770, 4.074437
132.482810, 179.999050, 2.613139, -3.518438, 4.073330
132.363259, 180.068686, 2.615376, -3.520494, 4.071065
132.243616, 180.137925, 2.617516, -3.497054, 4.026055
132.125032, 180.206874, 2.618306, -3.519097, 4.059008
132.005092, 180.275982, 2.619583, -3.529546, 4.071736
131.884963, 180.344990, 2.620764, -3.534442, 4.074596
131.764672, 180.413909, 2.621849, -3.539110, 4.077439
131.644227, 180.482750, 2.622850, -3.543505, 4.080169
131.523637, 180.551519, 2.623773, -3.547659, 4.082802
131.403466, 180.619555, 2.625473, -3.556680, 4.073989
131.282761, 180.687722, 2.628617, -3.553936, 4.079027
131.162559, 180.755741, 2.630072, -3.548166, 4.076275
131.041630, 180.823626, 2.630385, -3.558896, 4.080427
130.920153, 180.891503, 2.632535, -3.560581, 4.079610
130.798876, 180.959180, 2.634218, -3.554195, 4.067316
130.677974, 181.026266, 2.636144, -3.558816, 4.066702
130.557020, 181.093070, 2.638482, -3.563807, 4.067027
130.435873, 181.159561, 2.641458, -3.570343, 4.067852
130.314489, 181.225633, 2.644747, -3.576631, 4.068454
130.192607, 181.291588, 2.647230, -3.597115, 4.083904
130.070776, 181.357057, 2.648924, -3.586660, 4.071551
129.948422, 181.422480, 2.650315, -3.588523, 4.074313
129.826472, 181.487677, 2.651486, -3.592191, 4.070738
129.704396, 181.552703, 2.653339, -3.595242, 4.070227
129.582164, 181.617463, 2.655380, -3.600035, 4.071895
129.459744, 181.682016, 2.657265, -3.605622, 4.074205
129.338275, 181.746069, 2.658361, -3.582851, 4.042035
129.215622, 181.810282, 2.660090, -3.613333, 4.076819
129.092617, 181.874421, 2.661809, -3.619801, 4.080420
128.969398, 181.938412, 2.663391, -3.625842, 4.083873
128.845983, 182.002267, 2.664844, -3.631333, 4.086983
128.722389, 182.065996, 2.666177, -3.636315, 4.089776
128.599255, 182.128889, 2.668542, -3.632055, 4.080993
128.475516, 182.191963, 2.671463, -3.643396, 4.086976
128.352175, 182.254896, 2.672546, -3.643406, 4.084147
128.228207, 182.317703, 2.672957, -3.647597, 4.088397
128.103723, 182.380428, 2.674749, -3.659901, 4.102985
127.979300, 182.443137, 2.676552, -3.642493, 4.075847
127.855434, 182.505175, 2.678435, -3.646062, 4.074667
127.731533, 182.566920, 2.680785, -3.649859, 4.074142
127.607479, 182.628329, 2.683754, -3.655164, 4.074092
127.483222, 182.689316, 2.687254, -3.660510, 4.073411
127.358448, 182.750047, 2.689992, -3.669152, 4.077551
127.233858, 182.810300, 2.691922, -3.668688, 4.074462
127.108731, 182.870430, 2.693490, -3.671364, 4.075631
126.983996, 182.930319, 2.694730, -3.673082, 4.072339
126.859186, 182.990009, 2.696589, -3.675022, 4.071289
126.734243, 183.049447, 2.698473, -3.679369, 4.072707
126.609139, 183.108687, 2.700204, -3.684288, 4.074824
126.484950, 183.167456, 2.701409, -3.641214, 4.029412
126.359872, 183.226389, 2.702758, -3.691156, 4.077580
126.234228, 183.285248, 2.704280, -3.697226, 4.081256
126.108381, 183.343976, 2.705661, -3.702908, 4.084884
125.982349, 183.402586, 2.706932, -3.708060, 4.088147
125.856151, 183.461086, 2.708101, -3.712688, 4.091027
125.730424, 183.518825, 2.710642, -3.708562, 4.083145
125.604063, 183.576674, 2.713477, -3.719352, 4.088395
125.478099, 183.634383, 2.714571, -3.719580, 4.085498
125.351545, 183.691963, 2.714772, -3.722990, 4.089873
125.224610, 183.749421, 2.715930, -3.756269, 4.118855
125.097459, 183.807069, 2.717672, -3.717651, 4.078989
124.971100, 183.864004, 2.719360, -3.719089, 4.076470
124.844733, 183.920659, 2.721562, -3.721757, 4.075387
124.718253, 183.976983, 2.724384, -3.725833, 4.074745
124.591612, 184.032893, 2.727761, -3.730127, 4.073484
124.464523, 184.088468, 2.730449, -3.733763, 4.073137
124.337589, 184.143632, 2.732529, -3.737645, 4.074479
124.210171, 184.198637, 2.734277, -3.737915, 4.073264
124.083120, 184.253374, 2.735676, -3.741933, 4.072276
123.955961, 184.307909, 2.737741, -3.744336, 4.071250
123.828675, 184.362131, 2.739987, -3.748511, 4.072511
123.701207, 184.416109, 2.742049, -3.756160, 4.077376
123.574386, 184.469649, 2.743601, -3.691616, 4.015089
123.447273, 184.523333, 2.744756, -3.760594, 4.077181
123.319284, 184.576867, 2.746135, -3.766028, 4.081036
123.191105, 184.630282, 2.747374, -3.771255, 4.084529
123.062757, 184.683590, 2.748499, -3.775874, 4.087604
122.934287, 184.736804, 2.749534, -3.754055, 4.069895
122.806205, 184.789335, 2.752153, -3.776734, 4.083049
122.677554, 184.841897, 2.755127, -3.785625, 4.087092
122.549390, 184.894275, 2.756599, -3.785293, 4.083266
122.420595, 184.946459, 2.756592, -3.788444, 4.087726
122.291627, 184.998620, 2.757047, -3.827840, 4.116906
122.161941, 185.051017, 2.758621, -3.787288, 4.083117
122.033404, 185.102724, 2.759956, -3.780740, 4.073508
121.904957, 185.154192, 2.761703, -3.782048, 4.071780
121.776453, 185.205373, 2.764109, -3.784486, 4.070515
121.647836, 185.256194, 2.767114, -3.788701, 4.070230
121.518839, 185.306651, 2.769897, -3.788575, 4.066337
121.389960, 185.356696, 2.772208, -3.794984, 4.070128
121.260641, 185.406536, 2.774089, -3.797549, 4.071062
121.131618, 185.456122, 2.775707, -3.800330, 4.069189
121.002453, 185.505495, 2.777948, -3.804886, 4.070535
120.873136, 185.554516, 2.780615, -3.808738, 4.071008
120.743614, 185.603224, 2.783121, -3.814968, 4.073928
120.614426, 185.651491, 2.785226, -3.745178, 4.007584
120.485372, 185.699828, 2.786563, -3.824681, 4.078460
120.355205, 185.747968, 2.788162, -3.830363, 4.082755
120.224824, 185.795950, 2.789750, -3.836403, 4.086779
120.094248, 185.843781, 2.791175, -3.841693, 4.090242
119.963567, 185.891492, 2.792481, -3.806774, 4.060797
119.833186, 185.938472, 2.795224, -3.843634, 4.086833
119.702263, 185.985512, 2.797838, -3.852217, 4.091641
119.571891, 186.032468, 2.799182, -3.849096, 4.087864
119.440870, 186.079182, 2.799189, -3.854570, 4.092163
119.309716, 186.125866, 2.800182, -3.858007, 4.094310
119.177495, 186.172686, 2.801870, -3.868350, 4.102657
119.046624, 186.218852, 2.803396, -3.848298, 4.078916
118.915873, 186.264742, 2.805378, -3.849973, 4.077785
118.785050, 186.310319, 2.807989, -3.852759, 4.077039
118.654129, 186.355473, 2.810947, -3.855414, 4.076117
118.522835, 186.400342, 2.813129, -3.857543, 4.075034
118.391655, 186.444895, 2.814942, -3.862462, 4.078671
118.260086, 186.489257, 2.816168, -3.871382, 4.087521
118.128783, 186.533540, 2.817417, -3.867325, 4.079422
117.997345, 186.577618, 2.819259, -3.870552, 4.079988
117.865774, 186.621401, 2.821379, -3.874805, 4.082274
117.734019, 186.664948, 2.823355, -3.880338, 4.085475
117.602484, 186.708156, 2.825141, -3.803407, 4.010804
117.471368, 186.751156, 2.826560, -3.888551, 4.089422
117.339018, 186.794153, 2.828367, -3.894507, 4.093751
117.206454, 186.836963, 2.830097, -3.900501, 4.097698
117.073698, 186.879591, 2.831675, -3.905797, 4.101177
116.940836, 186.922075, 2.833122, -3.871994, 4.072296
116.808286, 186.963866, 2.835917, -3.907699, 4.098066
116.675198, 187.005659, 2.838414, -3.915566, 4.102726
116.542584, 187.047377, 2.839839, -3.910153, 4.100730
116.409414, 187.088851, 2.839858, -3.917631, 4.103062
116.276122, 187.130281, 2.840740, -3.920599, 4.104998
116.141734, 187.171807, 2.842080, -3.934806, 4.118024
116.008742, 187.212806, 2.843396, -3.909442, 4.089502
115.875920, 187.253547, 2.845221, -3.910521, 4.088319
115.743065, 187.293958, 2.847584, -3.910987, 4.086197
115.610120, 187.334041, 2.849875, -3.914365, 4.087021
115.476851, 187.373915, 2.851506, -3.916298, 4.086472
115.343706, 187.413516, 2.853109, -3.920167, 4.089641
115.210197, 187.452923, 2.854122, -3.937072, 4.105471
115.076939, 187.492306, 2.855384, -3.923929, 4.089949
114.943572, 187.531469, 2.857254, -3.928041, 4.091920
114.810066, 187.570334, 2.859722, -3.931312, 4.092657
114.676388, 187.608868, 2.862063, -3.936961, 4.095991
114.542944, 187.647053, 2.864093, -3.861200, 4.019140
114.409916, 187.684719, 2.866170, -3.944914, 4.099346
114.275643, 187.722552, 2.867750, -3.950717, 4.103648
114.141177, 187.760201, 2.869435, -3.956305, 4.107539
114.006530, 187.797669, 2.870942, -3.961148, 4.110802
113.871789, 187.834995, 2.872320, -3.929385, 4.083430
113.737338, 187.871689, 2.875039, -3.963230, 4.108812
113.602396, 187.908343, 2.877520, -3.969630, 4.112214
113.467906, 187.944887, 2.879129, -3.961441, 4.109891
113.332907, 187.981203, 2.879190, -3.971340, 4.112193
113.197794, 188.017448, 2.879959, -3.973959, 4.114004
113.061531, 188.053774, 2.881082, -3.985913, 4.125086
112.926822, 188.089635, 2.882275, -3.960703, 4.097296
112.792279, 188.125230, 2.884060, -3.959466, 4.094255
112.657724, 188.160528, 2.885968, -3.960734, 4.093737
112.523106, 188.195580, 2.887727, -3.963040, 4.094260
112.388221, 188.230456, 2.888962, -3.964150, 4.093459
112.253439, 188.265118, 2.890397, -3.968228, 4.097227
112.118360, 188.299579, 2.891344, -3.991579, 4.118076
111.983450, 188.334042, 2.892783, -3.971658, 4.097550
111.848458, 188.368250, 2.894753, -3.975736, 4.099635
111.713323, 188.402151, 2.897338, -3.979029, 4.100401
111.578033, 188.435680, 2.899832, -3.984371, 4.103793
111.443053, 188.468854, 2.901869, -3.913753, 4.031720
111.308316, 188.501428, 2.904032, -3.991920, 4.107291
111.172453, 188.534211, 2.905692, -3.997312, 4.111195
111.036406, 188.566784, 2.907491, -4.002594, 4.114882
110.900189, 188.599152, 2.909105, -4.007209, 4.118018
110.763928, 188.631373, 2.910583, -3.967436, 4.082725
110.627945, 188.662901, 2.913404, -4.007892, 4.114777
110.491471, 188.694404, 2.915774, -4.014646, 4.119272
110.355486, 188.725784, 2.917278, -4.000990, 4.111988
110.219014, 188.757032, 2.917290, -4.015520, 4.118747
110.082399, 188.788138, 2.918326, -4.018096, 4.120387
109.944661, 188.819304, 2.919430, -4.021887, 4.123274
109.808444, 188.850008, 2.920487, -4.003959, 4.103955
109.672458, 188.880498, 2.921680, -4.001509, 4.100207
109.536498, 188.910805, 2.922830, -4.001182, 4.098870
109.400534, 188.940955, 2.923888, -4.001781, 4.098526
109.264313, 188.971037, 2.924393, -4.002361, 4.098167
109.128324, 189.000971, 2.925149, -4.003054, 4.099048
108.992054, 189.030753, 2.925329, -4.029383, 4.122842
108.856013, 189.060667, 2.926163, -4.003574, 4.097985
108.719958, 189.090381, 2.927679, -4.006207, 4.099327
108.583808, 189.119841, 2.929858, -4.008200, 4.099416
108.447553, 189.148958, 2.932225, -4.012253, 4.101809
108.311842, 189.177628, 2.934505, -3.942539, 4.031504
108.176087, 189.206029, 2.936635, -4.018686, 4.104447
108.039318, 189.234336, 2.938326, -4.023735, 4.108343
107.902379, 189.262450, 2.939884, -4.028463, 4.111855
107.765290, 189.290380, 2.941313, -4.032576, 4.114854
107.628179, 189.318189, 2.942624, -3.990401, 4.077273
107.491441, 189.345277, 2.945447, -4.031382, 4.110466
107.354175, 189.372334, 2.948110, -4.038207, 4.115048
107.217249, 189.399200, 2.949816, -4.027762, 4.108981
107.079926, 189.425956, 2.949909, -4.039627, 4.115094
106.942497, 189.452594, 2.950495, -4.041786, 4.116761
106.804002, 189.479291, 2.951358, -4.037887, 4.112111
106.667051, 189.505620, 2.952293, -4.027280, 4.100291
106.530280, 189.531740, 2.953490, -4.024792, 4.097022
106.393526, 189.557689, 2.954639, -4.024626, 4.095998
106.256763, 189.583482, 2.955706, -4.025391, 4.095955
106.119734, 189.609206, 2.956270, -4.027949, 4.097506
105.982932, 189.634761, 2.957193, -4.027184, 4.096923
105.845861, 189.660136, 2.957555, -4.058225, 4.124602
105.708959, 189.685617, 2.958584, -4.027653, 4.095756
105.572083, 189.710881, 2.960252, -4.030306, 4.097227
105.435105, 189.735881, 2.962571, -4.033605, 4.098856
105.298034, 189.760496, 2.965251, -4.036104, 4.099648
105.161663, 189.784595, 2.967817, -3.971786, 4.034076
105.024989, 189.808243, 2.969980, -4.042038, 4.102347
104.887429, 189.831978, 2.971476, -4.046864, 4.106191
104.749711, 189.855536, 2.972862, -4.051306, 4.109731
104.611852, 189.878932, 2.974096, -4.055117, 4.112722
104.473894, 189.902198, 2.975189, -4.036700, 4.096328
104.336385, 189.924912, 2.977713, -4.054073, 4.109435
104.198366, 189.947530, 2.980500, -4.059767, 4.113062
104.060761, 189.969893, 2.982558, -4.042029, 4.099197
103.922763, 189.992205, 2.982745, -4.060645, 4.112539
103.784620, 190.014311, 2.983239, -4.062673, 4.114182
103.645456, 190.036475, 2.984079, -4.053946, 4.104815
103.507765, 190.058279, 2.985034, -4.047474, 4.097555
103.370276, 190.079915, 2.985964, -4.046074, 4.095569
103.232797, 190.101422, 2.986842, -4.045990, 4.094926
103.095306, 190.122811, 2.987671, -4.046810, 4.095228
102.957513, 190.144185, 2.988039, -4.052270, 4.099944
102.820005, 190.165378, 2.988927, -4.047972, 4.095804
102.682268, 190.186380, 2.989389, -4.083758, 4.127395
102.544580, 190.207462, 2.990465, -4.048438, 4.094843
102.406996, 190.228350, 2.992084, -4.050963, 4.096448
102.269320, 190.248972, 2.994354, -4.053025, 4.097020
102.131561, 190.269222, 2.996872, -4.056299, 4.099136
101.994622, 190.288988, 2.999340, -3.993562, 4.036615
101.857198, 190.308473, 3.001366, -4.061577, 4.101835
101.718975, 190.327874, 3.002902, -4.066198, 4.105659
101.580601, 190.347090, 3.004304, -4.070412, 4.109113
101.442093, 190.366135, 3.005590, -4.074071, 4.112077
101.303470, 190.385021, 3.006771, -4.077184, 4.114556
101.165316, 190.403421, 3.009227, -4.072489, 4.108713
101.026668, 190.421676, 3.012044, -4.078172, 4.112677
100.888398, 190.439623, 3.014220, -4.056051, 4.093463
100.749811, 190.457617, 3.014455, -4.078801, 4.112089
100.611052, 190.475332, 3.014949, -4.080774, 4.113751
100.471327, 190.493058, 3.015840, -4.070600, 4.103046
100.333063, 190.510469, 3.016879, -4.065132, 4.096880
100.194943, 190.527710, 3.017914, -4.064729, 4.096015
100.056826, 190.544810, 3.018890, -4.064869, 4.095665
99.918691, 190.561780, 3.019811, -4.065857, 4.096198
99.780246, 190.578732, 3.020314, -4.076596, 4.106179
99.642080, 190.595471, 3.021222, -4.066980, 4.096778
99.503803, 190.612077, 3.021758, -4.090038, 4.117254
99.365364, 190.628633, 3.022761, -4.067805, 4.096442
99.227123, 190.645083, 3.024276, -4.070083, 4.098089
99.088815, 190.661261, 3.026415, -4.071190, 4.098271
98.950423, 190.677114, 3.028611, -4.074593, 4.100738
98.812802, 190.692534, 3.030842, -4.017386, 4.044062
98.674657, 190.707757, 3.033015, -4.079054, 4.103225
98.535844, 190.722759, 3.034862, -4.083386, 4.106794
98.396890, 190.737526, 3.036556, -4.087311, 4.110002
98.257812, 190.752079, 3.038107, -4.090716, 4.112757
98.118626, 190.766434, 3.039527, -4.093638, 4.115091
97.980027, 190.780245, 3.042088, -4.087624, 4.108298
97.840873, 190.793915, 3.044880, -4.093851, 4.113122
97.702051, 190.807249, 3.046842, -4.065354, 4.086641
97.563028, 190.820820, 3.046842, -4.093326, 4.111732
97.423756, 190.834022, 3.047631, -4.095917, 4.114092
97.283514, 190.847139, 3.048927, -4.084780, 4.102420
97.144681, 190.859953, 3.050249, -4.082343, 4.099519
97.006029, 190.872562, 3.051596, -4.080421, 4.096993
96.867372, 190.884983, 3.052878, -4.080944, 4.097058
96.728685, 190.897234, 3.054078, -4.082278, 4.097965
96.589710, 190.909434, 3.054926, -4.099079, 4.114161
96.450942, 190.921359, 3.055943, -4.084123, 4.099255
96.312112, 190.933172, 3.056661, -4.086928, 4.101872
96.173019, 190.944861, 3.057734, -4.084143, 4.098192
96.034217, 190.956465, 3.059274, -4.086465, 4.100240
95.895334, 190.967817, 3.061478, -4.088982, 4.102035
95.756384, 190.978798, 3.064152, -4.090520, 4.102800
95.618351, 190.989272, 3.066687, -4.036499, 4.049506
95.479617, 190.999436, 3.068678, -4.095090, 4.106031
95.340267, 191.009507, 3.070187, -4.098974, 4.109487
95.200789, 191.019387, 3.071558, -4.102566, 4.112688
95.061196, 191.029091, 3.072816, -4.105712, 4.115481
94.921505, 191.038632, 3.073972, -4.108422, 4.117872
94.782473, 191.047649, 3.076217, -4.101362, 4.110361
94.642877, 191.056556, 3.079197, -4.107300, 4.115350
94.503450, 191.065030, 3.081256, -4.074201, 4.082968
94.364017, 191.073843, 3.081401, -4.106870, 4.114298
94.224255, 191.082278, 3.082042, -4.129607, 4.138522
94.083579, 191.090612, 3.083102, -4.096945, 4.103999
93.944321, 191.098669, 3.084326, -4.095057, 4.101782
93.805192, 191.106555, 3.085112, -4.093640, 4.100227
93.666082, 191.114385, 3.085623, -4.094411, 4.100841
93.526932, 191.122146, 3.086154, -4.095957, 4.102257
93.387512, 191.129937, 3.086889, -4.122803, 4.129184
93.248212, 191.137414, 3.087948, -4.097400, 4.103372
93.108914, 191.144742, 3.089248, -4.101129, 4.106864
92.969343, 191.151917, 3.090469, -4.099490, 4.104595
92.829987, 191.158975, 3.092061, -4.103075, 4.108052
92.690539, 191.165760, 3.094291, -4.104743, 4.109310
92.550997, 191.172216, 3.096303, -4.108555, 4.112790
92.412495, 191.178268, 3.098260, -4.056700, 4.061938
92.273144, 191.184015, 3.100080, -4.112206, 4.115808
92.133215, 191.189710, 3.101817, -4.115948, 4.119244
91.993158, 191.195158, 3.103605, -4.119644, 4.122660
91.852983, 191.200370, 3.105246, -4.122859, 4.125624
91.712707, 191.205365, 3.106747, -4.125573, 4.128119
91.573010, 191.209860, 3.108999, -4.119477, 4.121737
91.432820, 191.214215, 3.111736, -4.124685, 4.126564
91.292706, 191.218163, 3.113643, -4.084928, 4.087642
91.152773, 191.222463, 3.113862, -4.122480, 4.124084
91.012389, 191.226349, 3.114668, -4.176042, 4.177702
90.871208, 191.230042, 3.116051, -4.112226, 4.113605
90.731410, 191.233514, 3.117450, -4.110398, 4.111623
90.591815, 191.236791, 3.118761, -4.108061, 4.109138
90.452224, 191.239892, 3.119993, -4.108250, 4.109215
90.312614, 191.242826, 3.121152, -4.109296, 4.110161
90.172818, 191.245711, 3.122173, -4.140835, 4.142074
90.033019, 191.248308, 3.123036, -4.110204, 4.110954
89.893301, 191.250753, 3.124287, -4.113222, 4.113888
89.753268, 191.253036, 3.125479, -4.109559, 4.110033
89.613572, 191.255209, 3.126894, -4.112704, 4.113145
89.473793, 191.257161, 3.129044, -4.114954, 4.115280
89.333959, 191.258751, 3.131504, -4.116296, 4.116512
89.195322, 191.260000, 3.133650, -4.068822, 4.070430
89.055648, 191.260886, 3.135403, -4.117555, 4.117672
88.915486, 191.261626, 3.137137, -4.122745, 4.122825
88.775207, 191.262142, 3.138692, -4.125911, 4.125968
88.634828, 191.262449, 3.140114, -4.128626, 4.128670
88.494364, 191.262564, 3.141417, -4.130892, 4.130931
88.354538, 191.262212, -3.139763, -4.123711, 4.123774
88.212761, 191.261768, -3.136792, -4.216147, 4.216232
88.071280, 191.260813, -3.134177, -4.073025, 4.074665
87.933902, 191.259196, -3.131161, -4.005792, 4.006102
87.798200, 191.258004, -3.129596, -4.055829, 4.056794
87.659581, 191.255630, -3.127753, -4.076615, 4.077045
87.520991, 191.253539, -3.125384, -4.075926, 4.076500
87.382361, 191.251183, -3.123254, -4.096088, 4.096468
87.243656, 191.248597, -3.121974, -4.075538, 4.076363
87.105183, 191.245742, -3.120829, -4.075097, 4.075943
86.966540, 191.242817, -3.119740, -4.071867, 4.072843
86.828049, 191.239744, -3.118785, -4.077220, 4.078338
86.689492, 191.236496, -3.117164, -4.078243, 4.079484
86.550860, 191.232988, -3.115453, -4.081571, 4.082976
86.415983, 191.229211, -3.113716, -3.978634, 3.985765
86.278750, 191.224274, -3.112643, -4.086210, 4.090555
86.139097, 191.219409, -3.111150, -4.056905, 4.058768
86.001102, 191.215089, -3.109776, -4.063073, 4.065144
85.862777, 191.210515, -3.107708, -4.069668, 4.072048
85.724307, 191.205691, -3.105842, -4.072539, 4.075179
85.586052, 191.200488, -3.103803, -4.070478, 4.074197
85.447550, 191.195011, -3.100822, -4.072834, 4.076258
85.308997, 191.189173, -3.098164, -4.074344, 4.078223
85.170943, 191.183398, -3.096820, -4.069695, 4.073919
85.031953, 191.177231, -3.097004, -4.127985, 4.132559
84.893130, 191.171048, -3.096799, -4.059113, 4.063216
84.755128, 191.164839, -3.096468, -4.058289, 4.062463
84.617190, 191.158571, -3.096129, -4.055477, 4.059680
84.479401, 191.152256, -3.096209, -4.055338, 4.059466
84.341612, 191.146018, -3.096915, -4.054784, 4.058812
84.203805, 191.139878, -3.096891, -4.056574, 4.060689
84.065648, 191.133684, -3.096490, -4.054992, 4.058892
83.927798, 191.127360, -3.095425, -4.058702, 4.062979
83.789601, 191.120769, -3.094817, -4.076414, 4.080817
83.651661, 191.114330, -3.093771, -4.060065, 4.064795
83.513657, 191.107643, -3.091880, -4.062788, 4.067912
83.375590, 191.100623, -3.089483, -4.064240, 4.069790
83.238780, 191.093281, -3.087161, -4.024371, 4.031648
83.100770, 191.085528, -3.085395, -4.067486, 4.073915
82.962343, 191.077620, -3.083723, -4.071727, 4.078586
82.823793, 191.069489, -3.082227, -4.075245, 4.082470
82.685130, 191.061152, -3.080856, -4.078351, 4.085919
82.546369, 191.052625, -3.079597, -4.081053, 4.088943
82.407852, 191.044068, -3.078393, -4.037314, 4.046975
82.269561, 191.034715, -3.075386, -4.075739, 4.084699
82.130840, 191.025307, -3.072914, -4.080620, 4.090292
81.992579, 191.015880, -3.071445, -4.072549, 4.080307
81.853577, 191.006313, -3.071373, -4.145467, 4.156249
81.714226, 190.996447, -3.070474, -4.065721, 4.076086
81.575958, 190.986489, -3.068952, -4.067322, 4.078114
81.437761, 190.976320, -3.067536, -4.065286, 4.076445
81.299598, 190.965981, -3.066261, -4.067052, 4.078637
81.161364, 190.955451, -3.064769, -4.069310, 4.081400
81.023044, 190.944669, -3.062753, -4.072155, 4.084892
80.884354, 190.933585, -3.061029, -4.073804, 4.087131
80.745947, 190.922270, -3.059297, -4.075773, 4.089516
80.607346, 190.910649, -3.058021, -4.101774, 4.118397
80.468621, 190.898904, -3.056502, -4.076388, 4.091384
80.330052, 190.887035, -3.055019, -4.078940, 4.094434
80.191427, 190.874889, -3.052901, -4.079542, 4.095743
80.054040, 190.862488, -3.050599, -4.033874, 4.052113
79.915615, 190.849674, -3.048897, -4.081420, 4.098989
79.776740, 190.836654, -3.047397, -4.084483, 4.102698
79.637771, 190.823430, -3.046053, -4.087157, 4.105910
79.498718, 190.810018, -3.044820, -4.089436, 4.108689
79.359594, 190.796432, -3.043686, -4.091337, 4.111055
79.220503, 190.782767, -3.042638, -4.052709, 4.071300
79.082053, 190.768504, -3.039973, -4.084642, 4.105692
78.943057, 190.754105, -3.037221, -4.088382, 4.110772
78.804505, 190.739477, -3.035390, -4.063573, 4.083981
78.665253, 190.725044, -3.035501, -4.143587, 4.168512
78.525895, 190.710193, -3.035113, -4.071704, 4.094950
78.387430, 190.695294, -3.033724, -4.072863, 4.096711
78.248997, 190.680178, -3.032392, -4.072227, 4.096477
78.110649, 190.664941, -3.031511, -4.071956, 4.096761
77.972258, 190.649563, -3.030164, -4.073602, 4.099115
77.833798, 190.633942, -3.028306, -4.076025, 4.102363
77.694972, 190.618056, -3.026850, -4.080147, 4.107539
77.556466, 190.601957, -3.025287, -4.078323, 4.105932
77.417833, 190.585616, -3.024126, -4.090556, 4.120062
77.278969, 190.569054, -3.022675, -4.076981, 4.106392
77.140377, 190.552446, -3.021259, -4.079243, 4.109173
77.001734, 190.535584, -3.019180, -4.080661, 4.111634
76.864534, 190.518538, -3.016710, -4.046810, 4.078883
76.726007, 190.500965, -3.015065, -4.077932, 4.110852
76.587255, 190.483158, -3.013188, -4.081647, 4.115606
76.448395, 190.465102, -3.011424, -4.083592, 4.118453
76.309475, 190.446801, -3.009807, -4.085234, 4.120988
76.170504, 190.428274, -3.008326, -4.086580, 4.123162
76.031585, 190.409627, -3.006967, -4.046745, 4.081315
75.893388, 190.390357, -3.004166, -4.078839, 4.117405
75.754612, 190.370943, -3.001652, -4.082316, 4.122650
75.616279, 190.351311, -3.000011, -4.052702, 4.090890
75.476990, 190.331893, -3.000126, -4.119289, 4.160499
75.338311, 190.312137, -2.999557, -4.064821, 4.106213
75.200095, 190.292249, -2.997893, -4.065400, 4.107770
75.061864, 190.272133, -2.996311, -4.065862, 4.109185
74.923775, 190.251817, -2.994903, -4.063783, 4.107899
74.785663, 190.231313, -2.993449, -4.065381, 4.110479
74.647489, 190.210563, -2.991514, -4.067302, 4.113631
74.508931, 190.189511, -2.989892, -4.069431, 4.116875
74.370770, 190.168258, -2.988322, -4.068123, 4.116183
74.232493, 190.146756, -2.987168, -4.079573, 4.130211
74.093967, 190.124995, -2.985634, -4.065472, 4.115988
73.955765, 190.103217, -2.984252, -4.067403, 4.118554
73.817580, 190.081238, -2.982207, -4.033667, 4.082547
73.680814, 190.059126, -2.979809, -4.057675, 4.110530
73.542630, 190.036429, -2.978303, -4.064823, 4.119694
73.404346, 190.013459, -2.976083, -4.067966, 4.124414
73.265967, 189.990190, -2.973965, -4.069128, 4.126992
73.127551, 189.966626, -2.971998, -4.070036, 4.129289
72.989109, 189.942790, -2.970199, -4.070766, 4.131309
72.850885, 189.918883, -2.968547, -4.020320, 4.080945
72.713231, 189.894180, -2.965557, -4.061925, 4.125421
72.575058, 189.869391, -2.963384, -4.064672, 4.129967
72.437287, 189.844431, -2.961885, -4.038663, 4.101150
72.298251, 189.819907, -2.961909, -4.071817, 4.138379
72.160565, 189.794855, -2.961088, -4.046847, 4.113747
72.022972, 189.769633, -2.959579, -4.046762, 4.114764
71.885477, 189.744190, -2.958311, -4.045903, 4.114547
71.748027, 189.718648, -2.957579, -4.045224, 4.114725
71.610552, 189.692972, -2.956105, -4.046169, 4.116959
71.473033, 189.667030, -2.954194, -4.048011, 4.120180
71.335165, 189.640767, -2.952924, -4.045747, 4.118472
71.197668, 189.614403, -2.951510, -4.048297, 4.122290
71.060061, 189.587781, -2.950570, -4.065355, 4.144689
70.922276, 189.560987, -2.949325, -4.045820, 4.122304
70.784758, 189.534171, -2.947935, -4.046865, 4.124289
70.647773, 189.507245, -2.945852, -3.988550, 4.074071
70.511260, 189.480034, -2.943639, -4.041403, 4.122112
70.373800, 189.452283, -2.941701, -4.042797, 4.124887
70.236246, 189.424256, -2.939571, -4.044632, 4.128592
70.098671, 189.395939, -2.937640, -4.045129, 4.130743
69.961083, 189.367354, -2.935873, -4.045453, 4.132593
69.823486, 189.338524, -2.934254, -4.045660, 4.134209
69.686277, 189.309672, -2.932712, -3.999408, 4.090649
69.549366, 189.280005, -2.929616, -4.036181, 4.128515
69.412044, 189.250255, -2.927468, -4.038876, 4.133301
69.274958, 189.220625, -2.926080, -4.066382, 4.146775
69.137080, 189.190851, -2.925697, -4.019796, 4.115407
69.000421, 189.160831, -2.925013, -4.019191, 4.115365
68.863793, 189.130713, -2.924347, -4.016913, 4.113771
68.727320, 189.100512, -2.924078, -4.017191, 4.113803
68.590841, 189.070352, -2.924467, -4.016705, 4.113227
68.454328, 189.040237, -2.924168, -4.018010, 4.115131
68.317764, 189.009988, -2.923021, -4.019839, 4.117887
68.180878, 188.979557, -2.922402, -4.018201, 4.115433
68.044322, 188.949042, -2.921368, -4.020421, 4.119608
67.907536, 188.918183, -2.920857, -4.047255, 4.152217
67.770841, 188.887518, -2.919982, -4.017767, 4.118896
67.634291, 188.856700, -2.918517, -4.018213, 4.120685
67.498949, 188.825822, -2.916194, -3.977611, 4.079980
67.362760, 188.794551, -2.914468, -4.011809, 4.117787
67.226279, 188.762824, -2.912329, -4.014700, 4.122450
67.089726, 188.730797, -2.910187, -4.014971, 4.124906
66.953167, 188.698478, -2.908232, -4.015057, 4.126908
66.816608, 188.665889, -2.906442, -4.015054, 4.128672
66.680053, 188.633053, -2.904801, -4.013675, 4.128856
66.544178, 188.600208, -2.903118, -3.971188, 4.092509
66.408233, 188.566548, -2.899978, -4.005133, 4.124958
66.271967, 188.532785, -2.898001, -4.007766, 4.129733
66.135763, 188.498559, -2.896816, -4.006993, 4.137492
65.999954, 188.464446, -2.895841, -3.987666, 4.111267
65.864380, 188.430378, -2.894984, -3.987077, 4.111500
65.728835, 188.396197, -2.894179, -3.986220, 4.111451
65.593320, 188.361920, -2.893421, -3.984602, 4.110404
65.457937, 188.327592, -2.892330, -3.983367, 4.110822
65.322565, 188.293053, -2.890548, -3.983325, 4.112637
65.187243, 188.258207, -2.888782, -3.983197, 4.113862
65.051594, 188.223188, -2.888230, -3.980557, 4.110447
64.916348, 188.188091, -2.887734, -3.981932, 4.113371
64.780757, 188.152678, -2.887644, -4.002532, 4.134419
64.645487, 188.117609, -2.887016, -3.977158, 4.110042
64.510464, 188.082515, -2.885698, -3.930587, 4.059642
64.376767, 188.047346, -2.883219, -3.965049, 4.100142
64.241940, 188.011553, -2.881152, -3.965954, 4.104574
64.106981, 187.975409, -2.878926, -3.968398, 4.109382
63.972018, 187.938972, -2.876904, -3.967819, 4.110966
63.837075, 187.902261, -2.875061, -3.967280, 4.112472
63.702148, 187.865299, -2.873383, -3.966863, 4.113934
63.567233, 187.828108, -2.871862, -3.966674, 4.115480
63.433087, 187.790889, -2.870379, -3.930355, 4.087424
63.298585, 187.753085, -2.869101, -3.960004, 4.111741
63.163871, 187.715391, -2.869090, -3.962337, 4.114169
63.028953, 187.677156, -2.868883, -3.949074, 4.099784
62.894786, 187.639663, -2.869475, -3.947196, 4.097962
62.760558, 187.602269, -2.870166, -3.947839, 4.097765
62.626383, 187.565004, -2.870403, -3.948739, 4.098998
62.492154, 187.527695, -2.869861, -3.950452, 4.101368
62.357852, 187.490276, -2.869342, -3.952838, 4.104307
62.223451, 187.452816, -2.869570, -3.956063, 4.107481
62.088833, 187.415396, -2.869671, -3.994915, 4.139301
61.954102, 187.377909, -2.870312, -3.957079, 4.106338
61.819625, 187.340511, -2.871109, -3.960198, 4.109181
61.684651, 187.303002, -2.871817, -3.961972, 4.109569
61.550188, 187.265886, -2.872320, -3.957970, 4.106370
61.416488, 187.229006, -2.871881, -3.881780, 4.035258
61.282940, 187.191799, -2.870790, -3.950608, 4.099703
61.148611, 187.154425, -2.869729, -3.952201, 4.103177
61.014114, 187.116816, -2.868412, -3.955478, 4.107866
60.879576, 187.079030, -2.867192, -3.955711, 4.109434
60.745033, 187.041075, -2.866079, -3.955823, 4.110843
60.610487, 187.002963, -2.865062, -3.955926, 4.112136
60.475936, 186.964709, -2.864134, -3.956113, 4.113417
60.342187, 186.926383, -2.862903, -3.924372, 4.091629
60.208008, 186.887649, -2.861204, -3.948276, 4.108766
60.073263, 186.848787, -2.860802, -4.010339, 4.173752
59.939288, 186.809685, -2.860197, -3.925916, 4.087049
59.805625, 186.771135, -2.861482, -3.933279, 4.092874
59.671975, 186.732803, -2.862322, -3.932106, 4.091073
59.538330, 186.694530, -2.862292, -3.932638, 4.091665
59.404668, 186.656187, -2.861456, -3.933150, 4.093177
59.270983, 186.617671, -2.860077, -3.934149, 4.095745
59.137233, 186.578975, -2.859361, -3.936445, 4.098921
59.003044, 186.540262, -2.859642, -3.957819, 4.120919
58.869263, 186.501487, -2.860135, -3.937437, 4.098390
58.735436, 186.462783, -2.860923, -3.948390, 4.112148
58.601258, 186.424005, -2.861268, -3.935914, 4.097005
58.467428, 186.385538, -2.861430, -3.938682, 4.098970
58.335061, 186.347368, -2.860850, -3.899227, 4.059574
58.201552, 186.308805, -2.860141, -3.933256, 4.094034
58.067673, 186.270096, -2.859919, -3.937662, 4.099154
57.933721, 186.231317, -2.859671, -3.939093, 4.100980
57.799724, 186.192490, -2.859434, -3.940318, 4.102539
57.665689, 186.153617, -2.859203, -3.941359, 4.103898
57.531620, 186.114702, -2.858979, -3.942327, 4.105173
57.397520, 186.075745, -2.858761, -3.942056, 4.105138
57.264455, 186.036629, -2.857737, -3.930885, 4.097578
57.130616, 185.997436, -2.856230, -3.936185, 4.102091
56.996322, 185.957767, -2.855450, -3.950305, 4.119627
56.862833, 185.918454, -2.855568, -3.919493, 4.086139
56.729433, 185.879301, -2.856420, -3.924481, 4.089714
56.596045, 185.840288, -2.857005, -3.924567, 4.089536
56.462630, 185.801298, -2.856794, -3.926577, 4.091883
56.329146, 185.762205, -2.855916, -3.928681, 4.095052
56.195569, 185.722977, -2.855483, -3.931750, 4.098683
56.061877, 185.683708, -2.855639, -3.935480, 4.102485
55.927732, 185.644357, -2.856089, -3.935347, 4.100641
55.794062, 185.605124, -2.856239, -3.936655, 4.102166
55.659915, 185.565649, -2.856163, -3.937592, 4.102694
55.526219, 185.526453, -2.856393, -3.936041, 4.102167
55.392588, 185.487190, -2.855994, -3.881054, 4.054460
55.260175, 185.448450, -2.855998, -3.930192, 4.096198
55.126408, 185.409187, -2.855981, -3.937456, 4.103605
54.992414, 185.369924, -2.856548, -3.941425, 4.107129
54.858248, 185.330662, -2.856960, -3.946198, 4.111627
54.723982, 185.291398, -2.857216, -3.948922, 4.114148
54.589633, 185.252145, -2.857446, -3.951225, 4.116274
54.455209, 185.212901, -2.857645, -3.953313, 4.118210
54.320996, 185.173868, -2.857819, -3.905037, 4.064453
54.187415, 185.134304, -2.856522, -3.947761, 4.113001
54.053139, 185.094727, -2.855888, -3.938009, 4.119827
53.918463, 185.055335, -2.855597, -3.951515, 4.120293
53.784738, 185.016101, -2.856663, -3.934824, 4.099913
53.650957, 184.977010, -2.857548, -3.934601, 4.099244
53.517206, 184.938036, -2.857820, -3.936323, 4.100807
53.383398, 184.899026, -2.857309, -3.937984, 4.103111
53.249522, 184.859911, -2.856778, -3.940117, 4.105896
53.115572, 184.820713, -2.856312, -3.942324, 4.108857
52.981308, 184.781458, -2.855442, -3.983556, 4.146280
52.847185, 184.741918, -2.855091, -3.941048, 4.107869
52.712997, 184.702099, -2.854126, -3.957261, 4.125168
52.579142, 184.662524, -2.853122, -3.936401, 4.106459
52.445373, 184.622770, -2.851590, -3.935592, 4.107585
52.312323, 184.583128, -2.849854, -3.897007, 4.057559
52.179515, 184.543145, -2.848459, -3.925407, 4.100091
52.045948, 184.502772, -2.847264, -3.928669, 4.105124
51.912257, 184.462217, -2.846617, -3.931303, 4.108759
51.778532, 184.421518, -2.845631, -3.931829, 4.110534
51.644792, 184.380667, -2.844662, -3.932372, 4.112300
51.511036, 184.339676, -2.843787, -3.932898, 4.113958
51.377379, 184.298593, -2.842968, -3.930261, 4.112227
51.244529, 184.257323, -2.841422, -3.912619, 4.104678
51.111094, 184.215731, -2.838451, -3.925522, 4.112992
50.978020, 184.173743, -2.836707, -3.919678, 4.109357
50.844482, 184.131791, -2.836112, -3.907689, 4.096949
50.711637, 184.089792, -2.834421, -3.907416, 4.099365
50.578778, 184.047515, -2.832616, -3.907336, 4.101311
50.446022, 184.005049, -2.830596, -3.906011, 4.103360
50.313260, 183.962247, -2.828259, -3.906712, 4.107082
50.180409, 183.919122, -2.826434, -3.910331, 4.113122
50.047428, 183.875717, -2.824717, -3.911777, 4.116810
49.914215, 183.831975, -2.823356, -3.906043, 4.110846
49.781537, 183.788139, -2.821858, -3.906264, 4.114347
49.648539, 183.743820, -2.820098, -3.898096, 4.110196
49.516009, 183.699610, -2.818553, -3.899405, 4.112676
49.383517, 183.655123, -2.816352, -3.897520, 4.113421
49.252101, 183.610956, -2.814755, -3.857216, 4.074940
49.119986, 183.565998, -2.812987, -3.893026, 4.113039
48.987534, 183.520800, -2.811976, -3.895595, 4.117468
48.854984, 183.475371, -2.810658, -3.897165, 4.120767
48.722423, 183.429719, -2.809212, -3.897745, 4.123368
48.589848, 183.383859, -2.807914, -3.898150, 4.125663
48.457323, 183.337830, -2.806718, -3.895370, 4.124415
48.325322, 183.291915, -2.805502, -3.850901, 4.085018
48.193474, 183.245190, -2.802624, -3.888105, 4.122593
48.061611, 183.198438, -2.800747, -3.865969, 4.097650
47.929188, 183.151708, -2.799555, -3.906679, 4.139703
47.797068, 183.104677, -2.798545, -3.869536, 4.108755
47.665533, 183.057541, -2.796530, -3.867958, 4.110252
47.534063, 183.010158, -2.794627, -3.864733, 4.109804
47.402764, 182.962564, -2.792344, -3.862101, 4.110837
47.271538, 182.914606, -2.789407, -3.859962, 4.112965
47.140370, 182.866210, -2.786323, -3.858867, 4.116333
47.008844, 182.817369, -2.784360, -3.880465, 4.142916
46.877807, 182.768296, -2.782866, -3.853502, 4.114999
46.746616, 182.718794, -2.781192, -3.863549, 4.126145
46.615785, 182.669418, -2.779815, -3.847010, 4.113751
46.485090, 182.619853, -2.777988, -3.844105, 4.113323
46.354553, 182.569986, -2.776039, -3.796795, 4.076954
46.225278, 182.520571, -2.774902, -3.826236, 4.099965
46.094777, 182.470392, -2.773650, -3.838409, 4.113656
45.964171, 182.420015, -2.772781, -3.840971, 4.117797
45.833529, 182.369431, -2.771516, -3.841041, 4.119904
45.702885, 182.318661, -2.770370, -3.841290, 4.122002
45.572236, 182.267723, -2.769313, -3.841396, 4.123817
45.441588, 182.216633, -2.768331, -3.839843, 4.123713
45.312025, 182.165389, -2.766199, -3.830564, 4.116620
45.181774, 182.113821, -2.763377, -3.831195, 4.122176
45.051952, 182.062497, -2.762363, -3.823853, 4.117147
44.921291, 182.010337, -2.761399, -3.844873, 4.143174
44.791501, 181.958374, -2.760189, -3.810122, 4.105187
44.661990, 181.906291, -2.758373, -3.808108, 4.105950
44.532640, 181.854050, -2.756456, -3.803370, 4.104666
44.403418, 181.801523, -2.753876, -3.800574, 4.105958
44.274290, 181.748599, -2.750704, -3.797906, 4.108377
44.145244, 181.695215, -2.747759, -3.795654, 4.110562
44.015967, 181.641400, -2.746272, -3.793179, 4.107901
43.887144, 181.587502, -2.744647, -3.792399, 4.111461
43.758039, 181.533103, -2.742934, -3.783478, 4.107557
43.629409, 181.478844, -2.741462, -3.783900, 4.109135
43.500862, 181.424341, -2.739282, -3.780488, 4.108883
43.372810, 181.369542, -2.737011, -3.733261, 4.062079
43.245403, 181.315267, -2.735740, -3.773112, 4.106440
43.117034, 181.260058, -2.734682, -3.775449, 4.111361
42.988603, 181.204629, -2.733541, -3.775867, 4.113541
42.860174, 181.149025, -2.732484, -3.776071, 4.115626
42.731742, 181.093268, -2.731536, -3.776141, 4.117404
42.603312, 181.037373, -2.730662, -3.776106, 4.118935
42.475311, 180.981633, -2.729684, -3.729476, 4.077092
42.347669, 180.925192, -2.726518, -3.762841, 4.111996
42.219922, 180.868544, -2.724028, -3.721497, 4.077090
42.092145, 180.812244, -2.723686, -3.758642, 4.113210
41.963620, 180.755031, -2.722359, -3.766832, 4.125727
41.836272, 180.698187, -2.721005, -3.740847, 4.098127
41.709179, 180.641243, -2.719394, -3.734688, 4.094891
41.582323, 180.584145, -2.717227, -3.729863, 4.093656
41.455631, 180.526733, -2.714341, -3.725089, 4.093766
41.329096, 180.468904, -2.710832, -3.720568, 4.095357
41.202623, 180.410599, -2.707314, -3.757218, 4.128611
41.076230, 180.351784, -2.705292, -3.713429, 4.095756
40.950075, 180.292761, -2.704191, -3.724811, 4.125027
40.823759, 180.233484, -2.702777, -3.705811, 4.094956
40.697810, 180.174307, -2.701213, -3.704464, 4.095970
40.571985, 180.114859, -2.699053, -3.701074, 4.095829
40.446710, 180.055228, -2.696983, -3.654018, 4.039241
40.321980, 179.996036, -2.695730, -3.693503, 4.094262
40.196302, 179.935939, -2.694874, -3.695888, 4.098331
40.070552, 179.875616, -2.693601, -3.696917, 4.101603
39.944810, 179.815089, -2.692342, -3.697088, 4.104228
39.819072, 179.754377, -2.691187, -3.696909, 4.106327
39.693343, 179.693495, -2.690109, -3.696602, 4.108132
39.568326, 179.632582, -2.688453, -3.667935, 4.093174
39.443034, 179.571203, -2.685216, -3.685522, 4.105644
39.318170, 179.509771, -2.683227, -3.671817, 4.079629
39.193002, 179.448403, -2.683251, -3.679049, 4.102757
39.067130, 179.386195, -2.681951, -3.685923, 4.114110
38.942473, 179.324394, -2.680583, -3.662289, 4.089344
38.818038, 179.262485, -2.679011, -3.656527, 4.086556
38.693835, 179.200441, -2.676923, -3.651741, 4.085697
38.569791, 179.138093, -2.674101, -3.647074, 4.086264
38.445903, 179.075336, -2.670656, -3.642592, 4.088345
38.321961, 179.012093, -2.667581, -3.663445, 4.115035
38.198373, 178.948436, -2.665698, -3.636448, 4.090155
38.074769, 178.884447, -2.664705, -3.652489, 4.124052
37.951152, 178.820499, -2.663333, -3.629560, 4.089189
37.827807, 178.756479, -2.661602, -3.627492, 4.090481
37.704589, 178.692171, -2.659196, -3.623363, 4.090462
37.581899, 178.627670, -2.656788, -3.558063, 4.015924
37.459815, 178.563687, -2.655246, -3.615648, 4.090680
37.336803, 178.498542, -2.654027, -3.617082, 4.093989
37.213783, 178.433218, -2.652883, -3.617106, 4.096513
37.090767, 178.367722, -2.651815, -3.616848, 4.098555
36.967765, 178.302070, -2.650809, -3.616282, 4.100119
36.844787, 178.236276, -2.649853, -3.615483, 4.101315
36.722629, 178.170427, -2.647902, -3.602049, 4.093935
36.600088, 178.104212, -2.644581, -3.602160, 4.098040
36.478000, 178.037909, -2.642376, -3.597490, 4.080339
36.355654, 177.971448, -2.642192, -3.595632, 4.095465
36.232686, 177.904256, -2.641095, -3.606291, 4.112500
36.110845, 177.837521, -2.639910, -3.577778, 4.080786
35.989347, 177.770806, -2.638399, -3.569879, 4.075917
35.868115, 177.703947, -2.636114, -3.563183, 4.073405
35.747115, 177.636792, -2.633057, -3.556350, 4.072490
35.626366, 177.569221, -2.629366, -3.548827, 4.071929
35.505612, 177.501154, -2.626002, -3.562327, 4.094383
35.385284, 177.432675, -2.623850, -3.541433, 4.074709
35.264978, 177.363907, -2.622702, -3.551236, 4.106835
35.144612, 177.295015, -2.621247, -3.532576, 4.072735
35.024559, 177.226156, -2.619649, -3.530203, 4.073395
34.904640, 177.157039, -2.617296, -3.525043, 4.072846
34.785029, 177.087608, -2.614751, -3.461773, 4.011957
34.666468, 177.018876, -2.612914, -3.516944, 4.072304
34.546871, 176.948873, -2.611357, -3.516360, 4.075833
34.427292, 176.878655, -2.609906, -3.515586, 4.078430
34.307741, 176.808229, -2.608558, -3.514656, 4.080600
34.188226, 176.737613, -2.607295, -3.513529, 4.082345
34.068752, 176.666823, -2.606104, -3.512275, 4.083774
33.950145, 176.595982, -2.603955, -3.496782, 4.076082
33.831145, 176.524733, -2.600503, -3.498255, 4.081297
33.712586, 176.453245, -2.598237, -3.477604, 4.051339
33.593791, 176.381932, -2.598199, -3.491491, 4.079063
33.474322, 176.309652, -2.597285, -3.516745, 4.113233
33.355803, 176.237806, -2.596127, -3.475491, 4.065415
33.237754, 176.166074, -2.594675, -3.467930, 4.061162
33.119977, 176.094248, -2.592555, -3.461532, 4.058980
33.002422, 176.022148, -2.589631, -3.454958, 4.058538
32.885119, 175.949648, -2.586087, -3.448010, 4.058664
32.767867, 175.876704, -2.582790, -3.477921, 4.089324
32.650882, 175.803291, -2.580780, -3.441918, 4.063333
32.533983, 175.729728, -2.579845, -3.442558, 4.066640
32.416915, 175.655881, -2.578801, -3.434793, 4.064633
32.300100, 175.582122, -2.577359, -3.435483, 4.066733
32.183387, 175.508114, -2.575134, -3.431411, 4.067267
32.066821, 175.433783, -2.572773, -3.429050, 4.069977
31.951682, 175.360056, -2.570383, -3.418436, 4.058568
31.835299, 175.285103, -2.568305, -3.421450, 4.072257
31.718961, 175.209837, -2.566414, -3.419941, 4.075493
31.602677, 175.134306, -2.564676, -3.418235, 4.078078
31.486456, 175.058539, -2.563065, -3.416257, 4.080010
31.370306, 174.982560, -2.561561, -3.414076, 4.081428
31.254934, 174.906583, -2.559390, -3.384906, 4.069226
31.139331, 174.830088, -2.555771, -3.398849, 4.079010
31.023918, 174.753209, -2.553172, -3.348091, 4.041526
30.908765, 174.676817, -2.552708, -3.387580, 4.075566
30.792877, 174.599367, -2.552529, -3.426090, 4.121717
30.677579, 174.522278, -2.551979, -3.376336, 4.062048
30.562863, 174.445456, -2.551083, -3.371579, 4.058975
30.448408, 174.368692, -2.549794, -3.361824, 4.052380
30.334236, 174.291797, -2.547990, -3.357404, 4.050495
30.220220, 174.214711, -2.546206, -3.353564, 4.050630
30.106298, 174.137411, -2.544506, -3.365312, 4.062131
29.992249, 174.059829, -2.543537, -3.350484, 4.051931
29.878491, 173.982165, -2.542403, -3.349878, 4.055423
29.764519, 173.904164, -2.541360, -3.342775, 4.052407
29.650885, 173.826310, -2.540228, -3.342662, 4.055016
29.537295, 173.748263, -2.538230, -3.339768, 4.057046
29.423868, 173.669900, -2.535620, -3.335400, 4.058230
29.311815, 173.591990, -2.532885, -3.305303, 4.031107
29.198707, 173.512960, -2.530950, -3.328091, 4.061873
29.085540, 173.433613, -2.529258, -3.326973, 4.065366
28.972411, 173.354020, -2.527705, -3.325796, 4.068386
28.859325, 173.274204, -2.526267, -3.324413, 4.070836
28.746290, 173.194187, -2.524925, -3.322848, 4.072798
28.633748, 173.114288, -2.523322, -3.280641, 4.043466
28.521381, 173.033746, -2.519851, -3.309456, 4.070791
28.408897, 172.952916, -2.517378, -3.305864, 4.073932
28.296850, 172.872605, -2.516432, -3.296966, 4.067253
28.184196, 172.791280, -2.516376, -3.349090, 4.129870
28.071683, 172.709993, -2.515601, -3.287279, 4.056300
27.959989, 172.629131, -2.514352, -3.282777, 4.054177
27.848577, 172.548279, -2.512716, -3.273703, 4.048933
27.737406, 172.467248, -2.510797, -3.269243, 4.048475
27.626381, 172.386002, -2.508936, -3.265662, 4.049484
27.515455, 172.304519, -2.507177, -3.263577, 4.052086
27.404366, 172.222697, -2.506161, -3.264277, 4.051528
27.293578, 172.140822, -2.504558, -3.261739, 4.056408
27.182631, 172.058454, -2.503442, -3.271386, 4.068874
27.071937, 171.976330, -2.502269, -3.255332, 4.057378
26.961312, 171.893983, -2.500408, -3.252555, 4.059891
26.850824, 171.811332, -2.497832, -3.247910, 4.061323
26.741567, 171.729161, -2.495153, -3.206930, 4.016785
26.631638, 171.645968, -2.493131, -3.238721, 4.063661
26.521470, 171.562314, -2.491309, -3.238854, 4.069043
26.411343, 171.478402, -2.489666, -3.237418, 4.072302
26.301269, 171.394256, -2.488151, -3.235738, 4.074920
26.191257, 171.309902, -2.486742, -3.233832, 4.076938
26.081457, 171.225612, -2.485359, -3.199389, 4.035688
25.972299, 171.140820, -2.482013, -3.219514, 4.073334
25.862858, 171.055701, -2.479358, -3.216188, 4.078056
25.753875, 170.970912, -2.477770, -3.225556, 4.068007
25.644415, 170.885518, -2.477927, -3.257297, 4.139388
25.534844, 170.799787, -2.477349, -3.197204, 4.060638
25.426207, 170.714626, -2.476151, -3.192948, 4.058971
25.317845, 170.629446, -2.475113, -3.186577, 4.053658
25.209640, 170.544264, -2.474245, -3.182879, 4.052319
25.101524, 170.458995, -2.473322, -3.180848, 4.052709
24.993457, 170.373591, -2.472190, -3.179483, 4.054882
24.885175, 170.287819, -2.471147, -3.178124, 4.055477
24.777268, 170.202096, -2.469460, -3.176250, 4.058066
24.669356, 170.115902, -2.468375, -3.184184, 4.091846
24.561432, 170.029775, -2.467028, -3.170020, 4.060276
24.453697, 169.943531, -2.465245, -3.167224, 4.062590
24.346112, 169.856993, -2.462699, -3.162208, 4.063859
24.239645, 169.770834, -2.459915, -3.112256, 4.014021
24.132777, 169.683779, -2.457686, -3.152222, 4.066458
24.025575, 169.596230, -2.455936, -3.151297, 4.071060
23.918434, 169.508439, -2.454350, -3.149511, 4.074009
23.811357, 169.420428, -2.452879, -3.147481, 4.076325
23.704353, 169.332221, -2.451501, -3.145225, 4.078048
23.597432, 169.243866, -2.450198, -3.138913, 4.059073
23.491426, 169.155528, -2.447140, -3.130982, 4.072825
23.385049, 169.066631, -2.444215, -3.126333, 4.078253
23.279204, 168.977776, -2.442261, -3.114073, 4.045814
23.172837, 168.888971, -2.442599, -3.161586, 4.132697
23.066267, 168.799366, -2.442548, -3.107774, 4.060509
22.960656, 168.710486, -2.441463, -3.104296, 4.059235
22.855227, 168.621525, -2.440287, -3.099500, 4.056045
22.750013, 168.532579, -2.439606, -3.095520, 4.053716
22.644858, 168.443598, -2.438946, -3.093916, 4.054572
22.539740, 168.354479, -2.437651, -3.092327, 4.057234
22.434408, 168.264979, -2.436297, -3.095031, 4.068482
22.329477, 168.175471, -2.434897, -3.089261, 4.061086
22.224560, 168.085744, -2.434064, -3.090187, 4.064811
22.119503, 167.995650, -2.432889, -3.080721, 4.061701
22.014730, 167.905761, -2.431430, -3.080115, 4.063582
21.910081, 167.815634, -2.429095, -3.075477, 4.065613
21.806479, 167.725912, -2.425939, -3.024557, 4.009096
21.702630, 167.635412, -2.423480, -3.061668, 4.065606
21.598572, 167.544253, -2.421293, -3.059644, 4.070338
21.494583, 167.452788, -2.419165, -3.056062, 4.073168
21.390712, 167.361057, -2.417207, -3.052531, 4.075532
21.286961, 167.269083, -2.415394, -3.049006, 4.077388
21.183329, 167.176890, -2.413703, -3.045526, 4.078875
21.080659, 167.084789, -2.410779, -3.034363, 4.072283
20.977617, 166.992110, -2.407834, -3.028656, 4.077958
20.874948, 166.899203, -2.405925, -2.979592, 4.030087
20.772009, 166.806861, -2.406083, -3.056821, 4.124528
20.668792, 166.713395, -2.405933, -3.010205, 4.060933
20.566503, 166.620674, -2.404489, -3.006410, 4.060534
20.464367, 166.527806, -2.402922, -3.001681, 4.059840
20.362498, 166.434884, -2.401530, -2.995844, 4.056895
20.260748, 166.341846, -2.400250, -2.993395, 4.058661
20.159058, 166.248609, -2.398689, -2.991283, 4.062044
20.057168, 166.155003, -2.396865, -3.004717, 4.087714
19.955694, 166.061231, -2.395426, -2.986483, 4.065882
19.854274, 165.967303, -2.394391, -2.986887, 4.070180
19.752683, 165.872942, -2.392965, -2.975878, 4.066557
19.651445, 165.778803, -2.391786, -2.976967, 4.069465
19.550291, 165.684477, -2.389729, -2.972710, 4.071460
19.450138, 165.590588, -2.386715, -2.926768, 4.014977
19.349700, 165.496084, -2.384615, -2.959224, 4.070909
19.249152, 165.400834, -2.382351, -2.955707, 4.074303
19.148690, 165.305251, -2.379897, -2.951850, 4.078442
19.048385, 165.209375, -2.377648, -2.947154, 4.080742
18.948238, 165.113235, -2.375574, -2.942535, 4.082490
18.848248, 165.016859, -2.373649, -2.938024, 4.083820
18.749148, 164.920588, -2.370878, -2.919463, 4.078237
18.649779, 164.823757, -2.367801, -2.920678, 4.082821
18.550539, 164.726600, -2.365907, -2.915977, 4.083965
18.451317, 164.630075, -2.365683, -2.931228, 4.124666
18.351939, 164.532459, -2.365800, -2.901965, 4.065736
18.253325, 164.435603, -2.364571, -2.898247, 4.064921
18.154932, 164.338673, -2.363303, -2.894011, 4.062365
18.056714, 164.241759, -2.362666, -2.889581, 4.060045
17.958554, 164.144800, -2.361938, -2.887897, 4.061348
17.860439, 164.047683, -2.360522, -2.885960, 4.064580
17.762251, 163.950289, -2.358693, -2.923687, 4.100103
17.664234, 163.852572, -2.357617, -2.882781, 4.069099
17.566356, 163.754801, -2.356668, -2.882880, 4.073534
17.468292, 163.656571, -2.355530, -2.881503, 4.076212
17.370573, 163.558658, -2.354558, -2.873778, 4.071983
17.272931, 163.460593, -2.352766, -2.869191, 4.073313
17.176346, 163.363024, -2.349785, -2.833728, 4.026062
17.079342, 163.264727, -2.347625, -2.854736, 4.071978
16.982345, 163.165793, -2.345284, -2.850432, 4.075783
16.885486, 163.066576, -2.343092, -2.845763, 4.077686
16.788794, 162.967113, -2.341058, -2.840860, 4.079203
16.692268, 162.867429, -2.339157, -2.836054, 4.080316
16.595901, 162.767542, -2.337372, -2.831487, 4.081319
16.500394, 162.667949, -2.334967, -2.791701, 4.061154
16.404769, 162.567634, -2.331701, -2.813031, 4.078555
16.309178, 162.467037, -2.329812, -2.809141, 4.081535
16.213130, 162.367147, -2.329165, -2.880727, 4.138201
16.117453, 162.266188, -2.329378, -2.791812, 4.058587
16.022486, 162.165890, -2.328443, -2.792033, 4.062772
15.927730, 162.065583, -2.327894, -2.789729, 4.060011
15.833004, 161.965304, -2.328298, -2.790796, 4.059950
15.738190, 161.865057, -2.328841, -2.792838, 4.060412
15.643357, 161.764831, -2.327855, -2.788644, 4.061682
15.548613, 161.664394, -2.326260, -2.787347, 4.065504
15.453735, 161.563634, -2.325549, -2.788570, 4.065750
15.359103, 161.462867, -2.324758, -2.787424, 4.070303
15.264353, 161.361688, -2.324290, -2.798112, 4.086321
15.169700, 161.260833, -2.323603, -2.782591, 4.071270
15.075146, 161.159833, -2.322107, -2.778733, 4.072636
14.981734, 161.059542, -2.319335, -2.749996, 4.030445
14.887768, 160.958284, -2.317351, -2.763923, 4.069773
14.793878, 160.856524, -2.314965, -2.758932, 4.073859
14.700134, 160.754473, -2.312688, -2.753543, 4.075509
14.606573, 160.652183, -2.310634, -2.748090, 4.076678
14.513184, 160.549680, -2.308795, -2.742946, 4.077412
14.419956, 160.446996, -2.307163, -2.738441, 4.078059
14.327330, 160.344649, -2.305314, -2.689645, 4.040774
14.235079, 160.241676, -2.301619, -2.717991, 4.071288
14.142764, 160.138414, -2.299153, -2.710769, 4.072734
14.050617, 160.035223, -2.297674, -2.715523, 4.091840
13.958737, 159.931790, -2.296971, -2.692796, 4.055444
13.867218, 159.828672, -2.296387, -2.690416, 4.054449
13.775796, 159.725553, -2.295912, -2.687458, 4.052138
13.684470, 159.622449, -2.295527, -2.683803, 4.049393
13.593322, 159.519475, -2.295545, -2.682826, 4.046248
13.502161, 159.416549, -2.295755, -2.683422, 4.046673
13.410945, 159.313604, -2.295938, -2.685560, 4.049284
13.319344, 159.210380, -2.296587, -2.689640, 4.046178
13.228082, 159.107457, -2.296148, -2.687388, 4.049406
13.136788, 159.004209, -2.296384, -2.691955, 4.080318
13.045378, 158.901187, -2.295927, -2.684246, 4.049232
12.954151, 158.798198, -2.294722, -2.680912, 4.049548
12.864087, 158.696135, -2.292147, -2.653680, 4.007735
12.773533, 158.593022, -2.289638, -2.662266, 4.042542
12.683144, 158.489368, -2.286546, -2.653798, 4.045022
12.593002, 158.385415, -2.283814, -2.646133, 4.045827
12.503112, 158.281214, -2.281397, -2.639061, 4.046328
12.413450, 158.176797, -2.279264, -2.632726, 4.046694
12.323990, 158.072191, -2.277381, -2.627123, 4.047015
12.234814, 157.967722, -2.275672, -2.595882, 3.993045
12.146661, 157.863077, -2.271825, -2.604507, 4.036379
12.058230, 157.757926, -2.268689, -2.596644, 4.040712
11.970192, 157.652414, -2.266877, -2.546810, 4.031738
11.882904, 157.547006, -2.265937, -2.575080, 4.022123
11.795372, 157.442013, -2.265610, -2.572926, 4.018672
11.707943, 157.337097, -2.265474, -2.570164, 4.015018
11.620595, 157.232270, -2.265510, -2.568194, 4.011756
11.533322, 157.127601, -2.265519, -2.564888, 4.008523
11.446124, 157.022974, -2.264783, -2.563798, 4.009760
11.358919, 156.918186, -2.264165, -2.561464, 4.010333
11.271550, 156.813099, -2.264161, -2.565783, 4.016517
11.184547, 156.708379, -2.264192, -2.562208, 4.007194
11.097506, 156.603657, -2.265068, -2.565648, 4.007902
11.010251, 156.498696, -2.265347, -2.556510, 4.002935
10.923171, 156.394209, -2.265381, -2.560640, 4.002560
10.837001, 156.290652, -2.263841, -2.525056, 3.946296
10.750586, 156.186547, -2.261758, -2.541708, 3.988386
10.664186, 156.081848, -2.259813, -2.537593, 3.991936
10.577953, 155.976974, -2.258125, -2.532507, 3.992033
10.491881, 155.871957, -2.256647, -2.528153, 3.992389
10.405944, 155.766807, -2.255346, -2.524536, 3.993049
10.320117, 155.661530, -2.254194, -2.521629, 3.994122
10.234408, 155.556162, -2.253164, -2.517367, 3.992345
10.149568, 155.451198, -2.251098, -2.487172, 3.982068
10.064492, 155.345577, -2.247520, -2.498142, 3.989617
9.979417, 155.239576, -2.244905, -2.529044, 4.033980
9.895111, 155.133059, -2.242613, -2.475760, 3.973961
9.811014, 155.027246, -2.242617, -2.474961, 3.976429
9.726901, 154.921527, -2.242545, -2.471905, 3.973909
9.642889, 154.815852, -2.241685, -2.468847, 3.973285
9.559016, 154.710072, -2.239980, -2.463846, 3.973780
9.475332, 154.604080, -2.237588, -2.458153, 3.976238
9.391795, 154.497779, -2.235624, -2.455617, 3.981599
9.308268, 154.391181, -2.234422, -2.456704, 3.989363
9.224590, 154.284275, -2.234046, -2.457349, 3.985146
9.141227, 154.177438, -2.233438, -2.456074, 3.990173
9.057752, 154.070090, -2.233306, -2.469873, 4.012286
8.974299, 153.963168, -2.232577, -2.451073, 3.990581
8.891283, 153.856596, -2.230955, -2.404196, 3.945311
8.808915, 153.750148, -2.227978, -2.432152, 3.982978
8.726301, 153.642798, -2.225550, -2.427635, 3.986202
8.643782, 153.535069, -2.223357, -2.422935, 3.990717
8.561451, 153.427120, -2.221399, -2.417739, 3.992406
8.479286, 153.318974, -2.219646, -2.413159, 3.994069
8.397265, 153.210644, -2.218074, -2.409219, 3.995858
8.315429, 153.102221, -2.216653, -2.403979, 3.994646
8.233781, 152.993917, -2.215331, -2.385037, 3.946609
8.153030, 152.885439, -2.211923, -2.389015, 3.991941
8.071913, 152.776378, -2.209156, -2.382911, 3.998765
7.990666, 152.666434, -2.207655, -2.343369, 3.972906
7.910307, 152.557548, -2.207442, -2.368943, 3.983993
7.829733, 152.448649, -2.208048, -2.370786, 3.984641
7.749113, 152.339864, -2.208480, -2.370403, 3.983859
7.668504, 152.231106, -2.208025, -2.369818, 3.985331
7.587953, 152.122216, -2.206637, -2.366971, 3.988008
7.507516, 152.013080, -2.204652, -2.363890, 3.992879
7.427193, 151.903650, -2.203432, -2.364262, 3.997796
7.346595, 151.793789, -2.202729, -2.368775, 4.015424
7.266358, 151.683996, -2.201706, -2.362791, 4.004235
7.186142, 151.573964, -2.200516, -2.362875, 4.010294
7.105790, 151.463444, -2.199364, -2.351882, 4.007697
7.025680, 151.353199, -2.198481, -2.358039, 3.991659
6.946504, 151.243830, -2.198231, -2.349195, 4.005072
6.866465, 151.133357, -2.197305, -2.354243, 4.015281
6.786382, 151.022573, -2.196718, -2.357215, 4.023496
6.706154, 150.911563, -2.196576, -2.360609, 4.030085
6.625900, 150.800399, -2.195486, -2.358945, 4.032925
6.545739, 150.689044, -2.193902, -2.355290, 4.035585
6.465723, 150.577490, -2.192069, -2.349340, 4.035612
6.385976, 150.465867, -2.190249, -2.344297, 4.037202
6.306552, 150.354427, -2.190057, -2.335656, 4.037613
6.226814, 150.242582, -2.190118, -2.344009, 4.039565
6.146620, 150.129871, -2.188454, -2.355476, 4.066637
6.067877, 150.018271, -2.185902, -2.317189, 4.021090
5.989170, 149.906427, -2.182532, -2.311114, 4.023906
5.910774, 149.794371, -2.179740, -2.299760, 4.022169
5.832583, 149.682196, -2.178989, -2.299399, 4.025060
5.754302, 149.569955, -2.179832, -2.302927, 4.028455
5.675977, 149.457649, -2.178878, -2.301815, 4.031728
5.597730, 149.345117, -2.177664, -2.300900, 4.035045
5.519413, 149.232328, -2.176183, -2.340131, 4.074383
5.441307, 149.119149, -2.174139, -2.293175, 4.038842
5.363547, 149.005958, -2.171962, -2.287693, 4.043222
5.285842, 148.892218, -2.169249, -2.285729, 4.054192
5.208523, 148.778636, -2.167379, -2.271803, 4.044951
5.132363, 148.666150, -2.167567, -2.246458, 4.017719
5.055366, 148.552596, -2.166442, -2.265234, 4.037540
4.978374, 148.438845, -2.165592, -2.265604, 4.042455
4.901256, 148.324917, -2.166988, -2.271455, 4.046095
4.823946, 148.211016, -2.167092, -2.273454, 4.048909
4.746700, 148.097036, -2.165554, -2.268815, 4.048666
4.669656, 147.982907, -2.163546, -2.262341, 4.049055
4.592843, 147.868607, -2.161406, -2.254218, 4.047488
4.516431, 147.754675, -2.160149, -2.238844, 4.035276
4.439924, 147.640231, -2.161031, -2.252555, 4.048708
4.362932, 147.525072, -2.159589, -2.261896, 4.074871
4.287031, 147.411192, -2.157072, -2.236503, 4.030620
4.211380, 147.296801, -2.153973, -2.221380, 4.033662
4.136027, 147.182212, -2.151103, -2.211729, 4.033890
4.060952, 147.067505, -2.149157, -2.205181, 4.034897
3.985914, 146.952645, -2.149274, -2.207205, 4.039094
3.910835, 146.837707, -2.148607, -2.206071, 4.042167
3.835889, 146.722566, -2.146981, -2.203902, 4.045209
3.761009, 146.607135, -2.145490, -2.203806, 4.054621
3.686012, 146.491192, -2.143557, -2.197562, 4.048764
3.611559, 146.375387, -2.141366, -2.190180, 4.053402
3.537266, 146.259065, -2.138601, -2.195200, 4.080414
3.463201, 146.142827, -2.136644, -2.172751, 4.053560
3.390345, 146.027769, -2.136850, -2.148393, 4.028318
3.316671, 145.911679, -2.136351, -2.167940, 4.045588
3.242970, 145.795490, -2.136056, -2.169165, 4.049117
3.169122, 145.679168, -2.137797, -2.176055, 4.052052
3.095016, 145.562920, -2.138737, -2.180821, 4.054743
3.020889, 145.446660, -2.137905, -2.178105, 4.054048
2.946891, 145.330320, -2.136636, -2.173856, 4.054138
2.873060, 145.213903, -2.135310, -2.167911, 4.051720
2.799464, 145.097843, -2.134378, -2.153200, 4.019789
2.726032, 144.981407, -2.135286, -2.168361, 4.052665
2.651961, 144.864096, -2.133788, -2.176602, 4.079912
2.578955, 144.748144, -2.131521, -2.162881, 4.029425
2.506107, 144.631811, -2.128588, -2.137501, 4.037866
2.433592, 144.515224, -2.125943, -2.128674, 4.038671
2.361345, 144.398479, -2.123682, -2.120292, 4.039325
2.289215, 144.281587, -2.123247, -2.121247, 4.043915
2.217060, 144.164595, -2.122805, -2.119555, 4.045689
2.145041, 144.047412, -2.120980, -2.117807, 4.050559
2.073111, 143.929960, -2.119621, -2.116159, 4.056286
2.000997, 143.811909, -2.118009, -2.114011, 4.054309
1.929408, 143.694107, -2.116069, -2.106399, 4.059315
1.857992, 143.575779, -2.113792, -2.105188, 4.093534
1.786687, 143.457488, -2.111843, -2.090347, 4.060946
1.716561, 143.340313, -2.111022, -2.069880, 4.046307
1.645706, 143.221990, -2.109813, -2.083030, 4.058156
1.574929, 143.103500, -2.108704, -2.080474, 4.060553
1.504192, 142.984765, -2.108191, -2.082461, 4.067306
1.433323, 142.865881, -2.108529, -2.085099, 4.070694
1.362428, 142.746944, -2.107999, -2.084052, 4.071870
1.291595, 142.627915, -2.107153, -2.081792, 4.073221
1.220912, 142.508899, -2.106289, -2.077802, 4.071434
1.150304, 142.390040, -2.105624, -2.075072, 4.029477
1.079984, 142.271075, -2.106594, -2.080442, 4.072116
1.008969, 142.151156, -2.105097, -2.083860, 4.093489
0.939082, 142.032622, -2.102732, -2.068766, 4.042156
0.869275, 141.913727, -2.099351, -2.046280, 4.057169
0.799872, 141.794495, -2.096574, -2.036790, 4.058211
0.730758, 141.675082, -2.094091, -2.027319, 4.058576
0.661824, 141.555533, -2.093245, -2.026547, 4.062798
0.592879, 141.435868, -2.092811, -2.025466, 4.065756
0.524053, 141.316031, -2.091045, -2.021346, 4.068151
0.455341, 141.195866, -2.089448, -2.020979, 4.077052
0.386526, 141.075149, -2.087629, -2.016149, 4.072249
0.318296, 140.954748, -2.085407, -2.006509, 4.074692
0.250346, 140.833917, -2.082484, -1.994904, 4.109410
0.182533, 140.713078, -2.080163, -1.990385, 4.027630
0.116130, 140.593434, -2.080254, -1.970169, 4.062298
0.048692, 140.472747, -2.080360, -1.983773, 4.066902
-0.018778, 140.352039, -2.080621, -1.984998, 4.067456
-0.086348, 140.231207, -2.081589, -1.990579, 4.071976
-0.154122, 140.110396, -2.083015, -1.996969, 4.074556
-0.222057, 139.989596, -2.083067, -1.997560, 4.074892
-0.289970, 139.868786, -2.082729, -1.996473, 4.074948
-0.357849, 139.747936, -2.082409, -1.995749, 4.075747
-0.425649, 139.627302, -2.082208, -2.001133, 4.033338
-0.493129, 139.506781, -2.083351, -1.999699, 4.072568
-0.561341, 139.385179, -2.082035, -1.997123, 4.084583
-0.628498, 139.265076, -2.080006, -1.991630, 4.046763
-0.695654, 139.144548, -2.077484, -1.970844, 4.060599
-0.762571, 139.023735, -2.075771, -1.965793, 4.063359
-0.829351, 138.902816, -2.074622, -1.962106, 4.065859
-0.896114, 138.781777, -2.074264, -1.961832, 4.069757
-0.962808, 138.660565, -2.072669, -1.958656, 4.074069
-1.029397, 138.539097, -2.071249, -1.955661, 4.078699
-1.095853, 138.417355, -2.069692, -1.954862, 4.085971
-1.162429, 138.295101, -2.068501, -1.952124, 4.080135
-1.228534, 138.173184, -2.067018, -1.945438, 4.083641
-1.294510, 138.050691, -2.065426, -1.951578, 4.103211
-1.360334, 137.928781, -2.063749, -1.920431, 4.028226
-1.424957, 137.807588, -2.061271, -1.920808, 4.075674
-1.490114, 137.685221, -2.058815, -1.912583, 4.078829
-1.555018, 137.562620, -2.056576, -1.905591, 4.081163
-1.619797, 137.439704, -2.054874, -1.902431, 4.087589
-1.684420, 137.316580, -2.053381, -1.897328, 4.089035
-1.748888, 137.193322, -2.052027, -1.892986, 4.090274
-1.813214, 137.069946, -2.050798, -1.889039, 4.091404
-1.877358, 136.946568, -2.049677, -1.884021, 4.089323
-1.941327, 136.823465, -2.048598, -1.862765, 4.040662
-2.004426, 136.700190, -2.045385, -1.867590, 4.084716
-2.068175, 136.575597, -2.042460, -1.853198, 4.078315
-2.130791, 136.452807, -2.041063, -1.862649, 4.059802
-2.193549, 136.329513, -2.041418, -1.845434, 4.069570
-2.256316, 136.206197, -2.041787, -1.846839, 4.070041
-2.319138, 136.082879, -2.042115, -1.848549, 4.071210
-2.381995, 135.959654, -2.042071, -1.846787, 4.071126
-2.444789, 135.836365, -2.040936, -1.843823, 4.073405
-2.507400, 135.712889, -2.039274, -1.841798, 4.079140
-2.569959, 135.589052, -2.037919, -1.838727, 4.083406
-2.632590, 135.464933, -2.037492, -1.839628, 4.077446
-2.694889, 135.341091, -2.036778, -1.835020, 4.081166
-2.757218, 135.216741, -2.036211, -1.839711, 4.085490
-2.819075, 135.093550, -2.035459, -1.787379, 4.008862
-2.880591, 134.970376, -2.033857, -1.818071, 4.069414
-2.942306, 134.846531, -2.032366, -1.812686, 4.070051
-3.003910, 134.722545, -2.031243, -1.809381, 4.072928
-3.065498, 134.598395, -2.031036, -1.810241, 4.075821
-3.127062, 134.474176, -2.030811, -1.809504, 4.076471
-3.188610, 134.349923, -2.030602, -1.809097, 4.077263
-3.250119, 134.225682, -2.030397, -1.807464, 4.075103
-3.311560, 134.101509, -2.030130, -1.807295, 4.077025
-3.372874, 133.977663, -2.029361, -1.776297, 4.036055
-3.433524, 133.853162, -2.026136, -1.832039, 4.130671
-3.494626, 133.728007, -2.023228, -1.776410, 4.062113
-3.554810, 133.604340, -2.022098, -1.769497, 4.059441
-3.614983, 133.480118, -2.022111, -1.770849, 4.060230
-3.675202, 133.355869, -2.022086, -1.771441, 4.061830
-3.735421, 133.231682, -2.021715, -1.768599, 4.062047
-3.795541, 133.107403, -2.020280, -1.764608, 4.064701
-3.855486, 132.982911, -2.018192, -1.759092, 4.068754
-3.915210, 132.858176, -2.016653, -1.756460, 4.072252
-3.974994, 132.733085, -2.015280, -1.795644, 4.113519
-4.034593, 132.607692, -2.013902, -1.749197, 4.074051
-4.093845, 132.482484, -2.012361, -1.744170, 4.078592
-4.153079, 132.356756, -2.010889, -1.731280, 4.075299
-4.211539, 132.232427, -2.009811, -1.711933, 4.027094
-4.270219, 132.107378, -2.009131, -1.729031, 4.073715
-4.328989, 131.981902, -2.008531, -1.728027, 4.076584
-4.387754, 131.856281, -2.007790, -1.726730, 4.080914
-4.446401, 131.730400, -2.005405, -1.719549, 4.083777
-4.504764, 131.604316, -2.003383, -1.713185, 4.085602
-4.562937, 131.478079, -2.001929, -1.708515, 4.087570
-4.620921, 131.351808, -2.000640, -1.702950, 4.085866
-4.678733, 131.225496, -1.999438, -1.699218, 4.087629
-4.736303, 131.099538, -1.999212, -1.677751, 4.078183
-4.794137, 130.972501, -1.999379, -1.716201, 4.128192
-4.851788, 130.846019, -1.998690, -1.654320, 4.045699
-4.908864, 130.720256, -1.995126, -1.675585, 4.075015
-4.965824, 130.593863, -1.993448, -1.673458, 4.079566
-5.022665, 130.467306, -1.992097, -1.668045, 4.081735
-5.079358, 130.340651, -1.990559, -1.663675, 4.085825
-5.135885, 130.213764, -1.988622, -1.658600, 4.090426
-5.192247, 130.086629, -1.986896, -1.653807, 4.094739
-5.248405, 129.959276, -1.985102, -1.650277, 4.100116
-5.304660, 129.831361, -1.983749, -1.649484, 4.117639
-5.360434, 129.703731, -1.982484, -1.641174, 4.098759
-5.416036, 129.575887, -1.981606, -1.621499, 4.131158
-5.471645, 129.447944, -1.980306, -1.628697, 4.096852
-5.526417, 129.321641, -1.978808, -1.622213, 4.076273
-5.581496, 129.194009, -1.977396, -1.617608, 4.089867
-5.636478, 129.066190, -1.976382, -1.615045, 4.093599
-5.691462, 128.938236, -1.976495, -1.616902, 4.097113
-5.746465, 128.810192, -1.976372, -1.616669, 4.097900
-5.801432, 128.682106, -1.975952, -1.615379, 4.098473
-5.856357, 128.553979, -1.975601, -1.614152, 4.099015
-5.911211, 128.425901, -1.975283, -1.612053, 4.096646
-5.966000, 128.297858, -1.974920, -1.611291, 4.098370
-6.020004, 128.170387, -1.972986, -1.602013, 4.090717
-6.074653, 128.041287, -1.969498, -1.591057, 4.100754
-6.128186, 127.913700, -1.967396, -1.586556, 4.060659
-6.181797, 127.785891, -1.967042, -1.574013, 4.077718
-6.235293, 127.657975, -1.966759, -1.573018, 4.078403
-6.288771, 127.530048, -1.966464, -1.570758, 4.077968
-6.342168, 127.402167, -1.965446, -1.566920, 4.079531
-6.395396, 127.274142, -1.963489, -1.560689, 4.082067
-6.448392, 127.145890, -1.961249, -1.554205, 4.086203
-6.501162, 127.017379, -1.959712, -1.552293, 4.093378
-6.554018, 126.888327, -1.958637, -1.550663, 4.086670
-6.606444, 126.759662, -1.957104, -1.542628, 4.091057
-6.658793, 126.630412, -1.955515, -1.540213, 4.095395
-6.710703, 126.502024, -1.954325, -1.501587, 4.009844
-6.762231, 126.374134, -1.953267, -1.525443, 4.087334
-6.814058, 126.245107, -1.952223, -1.523117, 4.091655
-6.865826, 126.115875, -1.951117, -1.520897, 4.097548
-6.917504, 125.986348, -1.949330, -1.516238, 4.102302
-6.968991, 125.856612, -1.947897, -1.511884, 4.105017
-7.020335, 125.726735, -1.946673, -1.507959, 4.107154
-7.071549, 125.596739, -1.945508, -1.504109, 4.108830
-7.122578, 125.466777, -1.944399, -1.499203, 4.107029
-7.173496, 125.337151, -1.943722, -1.487470, 4.076199
-7.224058, 125.206871, -1.944131, -1.507172, 4.128928
-7.275181, 125.076455, -1.943528, -1.491157, 4.095957
-7.325425, 124.947213, -1.940263, -1.473395, 4.091882
-7.375520, 124.817334, -1.938132, -1.471292, 4.096240
-7.425454, 124.687257, -1.936561, -1.466314, 4.099719
-7.475239, 124.557111, -1.935107, -1.460158, 4.101858
-7.524845, 124.426796, -1.933234, -1.454297, 4.105678
-7.574253, 124.296247, -1.931383, -1.448873, 4.109927
-7.623488, 124.165475, -1.929606, -1.443655, 4.114913
-7.672724, 124.034212, -1.927980, -1.452175, 4.142863
-7.721477, 123.903105, -1.926625, -1.434093, 4.113271
-7.770037, 123.771954, -1.925386, -1.416033, 4.135466
-7.818505, 123.640532, -1.923823, -1.418973, 4.112525
-7.866330, 123.510745, -1.922335, -1.410263, 4.072926
-7.914335, 123.379844, -1.921048, -1.409243, 4.106594
-7.962244, 123.248582, -1.920126, -1.407222, 4.111222
-8.010131, 123.117170, -1.919739, -1.406117, 4.114652
-8.057939, 122.985618, -1.918889, -1.403825, 4.115805
-8.105642, 122.854002, -1.918110, -1.400872, 4.116318
-8.153251, 122.722331, -1.917397, -1.398316, 4.116929
-8.200774, 122.590621, -1.916741, -1.395114, 4.115019
-8.248160, 122.459024, -1.916128, -1.392932, 4.115486
-8.294799, 122.328037, -1.914282, -1.379675, 4.107516
-8.341925, 122.195550, -1.910736, -1.373159, 4.126858
-8.388066, 122.064417, -1.908533, -1.369183, 4.077013
-8.434269, 121.933121, -1.908111, -1.355557, 4.095319
-8.480332, 121.801713, -1.907781, -1.354256, 4.095835
-8.526365, 121.670276, -1.907461, -1.353400, 4.095403
-8.572335, 121.538927, -1.906611, -1.348254, 4.096225
-8.618138, 121.407472, -1.904832, -1.342101, 4.098077
-8.663718, 121.275808, -1.902573, -1.335605, 4.103040
-8.709056, 121.143826, -1.900919, -1.331551, 4.107317
-8.754420, 121.011497, -1.900331, -1.332268, 4.100293
-8.799439, 120.879580, -1.899357, -1.325489, 4.103494
-8.844385, 120.747147, -1.898378, -1.322921, 4.101542
-8.888988, 120.615484, -1.897565, -1.301232, 4.026712
-8.933476, 120.484938, -1.896926, -1.309843, 4.091736
-8.978015, 120.353112, -1.896495, -1.309712, 4.093158
-9.022575, 120.221183, -1.896234, -1.309879, 4.097110
-9.067199, 120.089145, -1.896476, -1.311567, 4.098878
-9.111825, 119.957001, -1.896130, -1.310994, 4.101756
-9.156384, 119.824793, -1.895617, -1.309021, 4.102322
-9.200887, 119.692537, -1.895154, -1.307502, 4.103249
-9.245305, 119.560337, -1.894712, -1.305192, 4.101234
-9.289605, 119.428572, -1.894130, -1.279055, 4.059942
-9.333111, 119.296252, -1.891047, -1.298608, 4.120302
-9.377073, 119.163506, -1.887997, -1.275260, 4.085667
-9.420195, 119.031998, -1.886817, -1.267138, 4.083106
-9.463300, 118.900019, -1.886203, -1.266875, 4.084004
-9.506347, 118.768006, -1.885614, -1.264159, 4.083499
-9.549290, 118.636056, -1.884477, -1.258770, 4.084584
-9.592037, 118.503990, -1.882500, -1.251736, 4.086467
-9.634509, 118.371747, -1.879974, -1.243602, 4.089862
-9.676755, 118.239166, -1.878186, -1.239802, 4.096025
-9.719018, 118.106154, -1.877030, -1.239947, 4.118998
-9.760865, 117.973427, -1.876098, -1.231567, 4.093658
-9.802492, 117.840456, -1.875164, -1.217826, 4.124716
-9.844187, 117.707572, -1.874053, -1.220712, 4.092815
-9.885311, 117.576102, -1.873039, -1.209022, 4.038099
-9.926615, 117.443888, -1.872333, -1.213149, 4.085436
-9.967879, 117.311175, -1.871874, -1.212719, 4.089721
-10.009195, 117.178323, -1.872105, -1.214485, 4.091779
-10.050533, 117.045367, -1.871935, -1.214567, 4.094956
-10.091819, 116.912340, -1.871499, -1.212901, 4.095561
-10.133056, 116.779273, -1.871111, -1.211576, 4.096309
-10.174251, 116.646163, -1.870744, -1.210417, 4.097225
-10.215375, 116.513112, -1.870392, -1.208459, 4.095135
-10.255791, 116.380792, -1.868836, -1.192350, 4.087120
-10.296631, 116.247229, -1.865188, -1.196004, 4.124923
-10.336623, 116.114597, -1.862785, -1.192517, 4.070083
-10.376463, 115.981906, -1.861777, -1.169247, 4.075112
-10.416153, 115.849149, -1.860867, -1.165767, 4.075754
-10.455746, 115.716365, -1.860014, -1.161385, 4.075096
-10.495200, 115.583626, -1.858683, -1.155847, 4.076276
-10.534440, 115.450770, -1.856595, -1.148232, 4.078150
-10.573456, 115.317646, -1.854343, -1.142184, 4.083246
-10.612190, 115.184280, -1.852439, -1.136099, 4.087395
-10.650890, 115.050557, -1.851610, -1.136506, 4.080609
-10.689252, 114.917254, -1.850779, -1.130079, 4.083706
-10.727518, 114.783439, -1.849865, -1.121350, 4.080237
-10.765677, 114.650163, -1.849092, -1.119393, 4.080240
-10.803360, 114.518468, -1.848493, -1.119250, 4.061215
-10.841291, 114.385344, -1.848143, -1.115094, 4.072392
-10.879225, 114.252107, -1.847915, -1.115151, 4.076468
-10.917231, 114.118737, -1.848224, -1.117197, 4.078656
-10.955271, 113.985274, -1.848056, -1.117540, 4.082424
-10.993242, 113.851700, -1.847410, -1.115076, 4.083491
-11.031141, 113.718058, -1.846834, -1.113154, 4.084917
-11.068962, 113.584403, -1.846293, -1.110612, 4.083331
-11.106712, 113.451156, -1.845698, -1.095292, 4.037568
-11.143655, 113.317813, -1.842929, -1.097510, 4.080220
-11.180904, 113.183314, -1.839709, -1.059750, 4.071077
-11.217304, 113.050187, -1.838118, -1.073645, 4.067094
-11.253786, 112.916766, -1.837297, -1.071678, 4.069260
-11.290188, 112.783340, -1.836395, -1.066663, 4.069672
-11.326433, 112.649859, -1.834780, -1.060970, 4.072064
-11.362443, 112.516213, -1.832560, -1.053395, 4.075405
-11.398214, 112.382351, -1.830742, -1.047535, 4.079838
-11.433849, 112.248225, -1.829345, -1.044358, 4.086213
-11.469483, 112.113646, -1.827969, -1.050436, 4.115447
-11.504678, 111.979264, -1.826873, -1.035903, 4.084617
-11.539623, 111.844615, -1.825548, -1.029226, 4.112203
-11.574599, 111.710150, -1.824032, -1.022127, 4.085533
-11.609083, 111.576083, -1.822012, -1.017690, 4.046961
-11.643438, 111.442776, -1.819932, -1.004891, 4.080428
-11.677510, 111.308199, -1.817536, -0.998259, 4.086183
-11.711374, 111.173347, -1.815443, -0.990711, 4.089516
-11.744951, 111.038321, -1.812840, -0.980540, 4.092744
-11.778137, 110.903057, -1.809868, -0.970030, 4.096126
-11.810953, 110.767620, -1.807159, -0.959639, 4.098392
-11.843432, 110.632022, -1.804667, -0.950422, 4.100827
-11.875559, 110.496446, -1.802169, -0.939657, 4.099589
-11.906820, 110.361531, -1.798448, -0.917343, 4.091016
-11.937804, 110.225553, -1.793779, -0.905063, 4.127079
-11.968320, 110.089231, -1.789809, -0.889547, 4.077353
-11.998354, 109.953768, -1.787883, -0.880699, 4.085068
-12.028134, 109.818079, -1.785647, -0.871076, 4.086121
-12.057606, 109.682372, -1.782914, -0.859079, 4.088388
-12.086674, 109.546478, -1.779500, -0.846420, 4.091896
-12.115319, 109.410334, -1.776335, -0.834968, 4.096773
-12.143596, 109.273956, -1.773496, -0.824079, 4.100892
-12.171508, 109.137339, -1.770435, -0.813593, 4.106946
-12.199114, 109.000190, -1.767506, -0.806639, 4.100559
-12.226117, 108.863417, -1.764187, -0.789900, 4.104391
-12.252646, 108.726117, -1.760454, -0.779682, 4.115752
-12.278754, 108.589150, -1.757438, -0.760840, 4.104743
-12.304260, 108.453234, -1.755933, -0.738488, 4.053553
-12.329657, 108.316558, -1.754451, -0.748731, 4.099523
-12.355016, 108.179377, -1.752731, -0.743031, 4.105543
-12.380165, 108.042003, -1.750978, -0.736198, 4.106830
-12.405082, 107.904543, -1.749253, -0.729419, 4.107946
-12.429772, 107.767008, -1.747580, -0.722806, 4.108852
-12.454239, 107.629404, -1.745967, -0.716421, 4.109685
-12.478487, 107.491780, -1.744424, -0.709645, 4.107363
-12.502600, 107.354617, -1.743248, -0.699636, 4.075373
-12.526081, 107.217164, -1.741711, -0.698123, 4.104635
-12.549659, 107.078783, -1.738612, -0.690353, 4.145745
-12.572377, 106.941596, -1.735322, -0.668562, 4.086679
-12.594818, 106.804453, -1.731263, -0.653608, 4.089055
-12.616807, 106.667249, -1.727845, -0.638629, 4.088554
-12.638468, 106.529964, -1.726311, -0.632920, 4.090959
-12.660042, 106.392588, -1.726111, -0.631395, 4.093191
-12.681501, 106.255158, -1.724409, -0.624718, 4.094890
-12.702685, 106.117576, -1.722204, -0.616884, 4.098460
-12.723697, 105.979725, -1.719931, -0.640635, 4.134536
-12.744198, 105.841659, -1.716847, -0.598085, 4.097098
-12.764160, 105.703832, -1.713018, -0.581768, 4.098604
-12.783595, 105.565555, -1.708590, -0.560341, 4.098411
-12.802497, 105.427645, -1.705452, -0.549491, 4.098075
-12.820650, 105.291324, -1.704691, -0.525676, 4.076184
-12.839086, 105.153542, -1.703473, -0.541035, 4.089696
-12.857394, 105.015625, -1.702524, -0.537955, 4.093552
-12.875620, 104.877567, -1.702266, -0.536433, 4.094903
-12.893802, 104.739446, -1.701129, -0.532196, 4.096279
-12.911799, 104.601295, -1.699503, -0.525936, 4.096286
-12.929569, 104.463106, -1.697851, -0.519282, 4.096726
-12.947115, 104.324866, -1.696261, -0.512913, 4.097500
-12.964365, 104.187270, -1.695661, -0.480092, 4.086209
-12.981434, 104.049179, -1.693687, -0.500699, 4.091460
-12.998404, 103.910042, -1.690765, -0.490497, 4.097963
-13.014554, 103.772851, -1.686655, -0.466187, 4.074329
-13.030207, 103.635207, -1.681916, -0.451944, 4.074670
-13.045253, 103.497481, -1.677448, -0.433876, 4.075219
-13.059786, 103.359771, -1.673999, -0.419197, 4.075932
-13.073989, 103.221929, -1.672503, -0.413144, 4.079354
-13.088021, 103.084005, -1.671015, -0.405446, 4.079654
-13.101682, 102.946014, -1.667873, -0.395159, 4.082889
-13.115096, 102.807572, -1.664898, -0.390696, 4.117558
-13.127839, 102.669220, -1.661426, -0.370586, 4.083439
-13.140060, 102.530960, -1.657110, -0.352954, 4.084848
-13.151648, 102.392310, -1.651999, -0.331874, 4.091482
-13.162799, 102.254459, -1.648688, -0.315561, 4.059994
-13.173111, 102.117033, -1.646536, -0.309030, 4.076070
-13.183390, 101.978810, -1.643586, -0.296667, 4.077073
-13.193279, 101.840436, -1.641370, -0.288212, 4.081815
-13.203027, 101.701887, -1.641627, -0.288663, 4.084355
-13.212779, 101.563315, -1.640483, -0.284171, 4.085403
-13.222265, 101.424695, -1.637654, -0.273061, 4.085438
-13.231334, 101.286093, -1.634573, -0.260205, 4.083297
-13.239979, 101.147532, -1.631670, -0.248586, 4.085363
-13.248212, 101.009337, -1.630244, -0.232834, 4.085767
-13.256465, 100.870484, -1.627970, -0.255361, 4.120912
-13.264121, 100.731016, -1.624596, -0.219528, 4.074402
-13.271191, 100.593418, -1.619622, -0.206862, 4.064771
-13.277507, 100.455217, -1.614266, -0.177172, 4.070757
-13.283198, 100.316891, -1.609682, -0.158437, 4.073008
-13.288316, 100.178514, -1.605610, -0.140670, 4.074788
-13.292998, 100.040037, -1.603112, -0.130515, 4.079344
-13.297330, 99.901464, -1.600125, -0.117799, 4.081737
-13.301146, 99.762788, -1.596458, -0.104790, 4.084867
-13.304612, 99.623777, -1.593171, -0.117014, 4.126995
-13.307436, 99.484641, -1.589727, -0.079120, 4.086419
-13.309754, 99.345725, -1.585943, -0.063168, 4.090457
-13.311550, 99.206683, -1.582082, -0.036007, 4.102688
-13.313353, 99.068130, -1.578958, -0.031081, 4.083861
-13.314258, 98.929740, -1.574969, -0.013872, 4.084137
-13.314605, 98.790832, -1.571787, -0.004199, 4.086749
-13.314532, 98.651826, -1.568867, 0.007579, 4.092171
-13.314085, 98.512582, -1.566359, 0.018055, 4.094809
-13.313303, 98.373287, -1.564023, 0.027645, 4.096315
-13.312203, 98.234002, -1.561777, 0.036953, 4.094534
-13.310800, 98.094800, -1.559686, 0.045504, 4.096401
-13.309115, 97.955532, -1.557732, 0.053545, 4.098540
-13.307202, 97.816680, -1.557190, 0.071794, 4.096059
-13.305414, 97.676998, -1.557378, 0.055125, 4.098363
-13.303394, 97.537500, -1.556435, 0.062051, 4.086962
-13.301095, 97.398912, -1.554249, 0.068191, 4.051445
-13.298696, 97.260318, -1.550311, 0.084064, 4.084436
-13.295682, 97.121427, -1.547925, 0.093379, 4.087271
-13.292407, 96.982530, -1.546167, 0.101616, 4.088869
-13.288979, 96.843571, -1.545351, 0.105823, 4.092080
-13.285375, 96.704492, -1.543585, 0.113466, 4.097261
-13.281436, 96.565186, -1.541702, 0.119148, 4.101997
-13.277261, 96.425749, -1.539973, 0.126735, 4.105936
-13.272863, 96.285940, -1.537977, 0.129198, 4.098657
-13.268106, 96.146661, -1.535778, 0.142590, 4.102757
-13.263123, 96.007487, -1.532806, 0.123589, 4.053938
-13.257214, 95.868338, -1.531438, 0.184273, 4.081128
-13.251422, 95.729442, -1.528802, 0.173494, 4.091601
-13.245370, 95.590425, -1.525890, 0.183643, 4.093580
-13.238930, 95.451360, -1.523232, 0.194592, 4.095514
-13.232185, 95.312283, -1.521073, 0.204311, 4.097713
-13.225212, 95.173112, -1.519410, 0.210776, 4.100258
-13.217983, 95.033875, -1.517352, 0.219338, 4.102552
-13.210421, 94.894566, -1.515390, 0.226457, 4.105980
-13.202605, 94.755167, -1.514096, 0.232921, 4.108858
-13.194758, 94.616063, -1.513291, 0.238584, 4.081319
-13.186701, 94.476506, -1.513215, 0.260498, 4.137929
-13.178537, 94.337092, -1.511342, 0.244191, 4.097268
-13.170050, 94.197988, -1.508468, 0.255375, 4.100692
-13.161495, 94.059574, -1.504607, 0.258293, 4.097135
-13.152076, 93.920515, -1.502424, 0.280110, 4.101454
-13.142369, 93.781342, -1.499910, 0.290655, 4.105284
-13.132318, 93.642050, -1.497697, 0.300053, 4.109441
-13.121950, 93.502621, -1.495526, 0.308969, 4.114379
-13.111288, 93.363119, -1.493521, 0.317892, 4.117871
-13.100343, 93.223512, -1.491598, 0.326104, 4.121555
-13.089172, 93.083506, -1.489880, 0.338764, 4.137351
-13.077676, 92.944017, -1.487956, 0.339758, 4.118979
-13.066063, 92.805074, -1.486416, 0.366151, 4.100420
-13.053990, 92.666065, -1.484108, 0.331046, 4.104181
-13.041553, 92.526581, -1.481630, 0.368812, 4.111721
-13.028985, 92.387280, -1.480166, 0.372339, 4.115186
-13.016239, 92.247806, -1.478445, 0.379971, 4.119914
-13.003183, 92.108247, -1.475993, 0.389698, 4.122678
-12.989868, 91.968671, -1.474535, 0.396415, 4.123375
-12.976339, 91.829115, -1.473301, 0.400667, 4.126080
-12.962627, 91.689493, -1.472551, 0.404726, 4.128729
-12.949053, 91.549253, -1.472461, 0.406266, 4.169852
-12.935420, 91.409679, -1.472095, 0.399073, 4.088708
-12.921465, 91.271457, -1.471890, 0.405847, 4.093660
-12.907656, 91.132966, -1.472607, 0.401864, 4.102114
-12.893849, 90.994117, -1.471109, 0.409113, 4.102154
-12.879653, 90.855932, -1.468007, 0.410888, 4.074765
-12.865186, 90.717510, -1.463670, 0.437659, 4.098713
-12.850183, 90.578911, -1.462282, 0.444058, 4.101417
-12.835003, 90.440247, -1.461261, 0.448604, 4.104125
-12.819744, 90.301580, -1.460714, 0.452019, 4.105933
-12.804446, 90.162863, -1.460745, 0.451940, 4.108105
-12.789065, 90.023976, -1.460347, 0.453398, 4.116418
-12.773634, 89.884847, -1.460305, 0.454370, 4.119883
-12.758744, 89.747546, -1.460327, 0.486647, 4.077638
-12.742408, 89.610395, -1.458768, 0.457595, 4.093962
-12.726719, 89.471986, -1.459335, 0.461900, 4.099156
-12.710922, 89.333291, -1.459598, 0.486296, 4.133790
-12.695384, 89.194817, -1.459596, 0.454302, 4.089849
-12.679960, 89.056536, -1.459797, 0.453557, 4.094586
-12.664551, 88.918098, -1.460096, 0.452847, 4.098998
-12.649165, 88.779511, -1.460351, 0.452266, 4.103173
-12.633767, 88.640736, -1.460566, 0.451954, 4.109584
-12.618347, 88.501755, -1.460703, 0.452187, 4.113262
-12.603028, 88.362315, -1.461287, 0.451402, 4.119263
-12.587616, 88.223412, -1.461613, 0.456466, 4.128334
-12.572573, 88.084967, -1.461966, 0.451249, 4.066379
-12.557066, 87.946630, -1.461314, 0.447866, 4.101204
-12.541784, 87.807999, -1.460743, 0.450593, 4.102950
-12.526403, 87.669418, -1.460458, 0.450137, 4.103114
-12.511312, 87.531522, -1.461245, 0.419249, 4.089146
-12.496285, 87.392780, -1.462386, 0.444189, 4.105646
-12.481181, 87.253860, -1.462293, 0.445015, 4.110516
-12.466031, 87.114826, -1.462201, 0.445798, 4.113529
-12.450870, 86.975839, -1.462093, 0.446193, 4.113515
-12.435688, 86.836779, -1.462010, 0.446899, 4.117199
-12.420482, 86.697596, -1.461945, 0.447698, 4.120904
-12.404977, 86.559051, -1.461367, 0.445210, 4.118444
-12.389418, 86.420269, -1.461419, 0.445630, 4.104829
-12.374195, 86.281407, -1.461734, 0.447372, 4.110441
-12.359007, 86.142433, -1.462129, 0.446103, 4.113146
-12.343826, 86.003309, -1.462350, 0.444877, 4.119210
-12.328462, 85.863844, -1.461458, 0.451969, 4.111464
-12.313249, 85.724957, -1.461364, 0.450596, 4.111051
-12.297998, 85.586032, -1.460734, 0.452304, 4.113656
-12.282673, 85.447023, -1.460302, 0.455482, 4.114151
-12.267204, 85.308008, -1.459701, 0.456244, 4.115430
-12.251728, 85.168692, -1.459793, 0.456647, 4.116880
-12.236244, 85.029950, -1.459958, 0.466017, 4.119435
-12.220571, 84.890870, -1.459620, 0.457747, 4.102888
-12.205175, 84.752939, -1.459187, 0.479937, 4.068756
-12.189277, 84.614697, -1.457432, 0.463322, 4.096597
-12.173480, 84.476314, -1.456916, 0.465431, 4.096426
-12.157610, 84.337908, -1.456655, 0.467478, 4.098121
-12.141731, 84.200050, -1.456766, 0.435986, 4.061080
-12.126549, 84.061882, -1.459424, 0.455826, 4.093825
-12.111266, 83.923430, -1.462119, 0.444372, 4.096560
-12.096303, 83.784857, -1.464285, 0.435709, 4.099096
-12.081630, 83.646316, -1.466247, 0.427623, 4.098390
-12.067214, 83.507703, -1.468064, 0.420523, 4.101401
-12.052592, 83.369761, -1.468757, 0.412699, 4.099063
-12.038499, 83.231499, -1.469778, 0.386060, 4.086521
-12.024834, 83.092474, -1.472310, 0.406511, 4.098263
-12.011344, 82.953985, -1.474579, 0.393502, 4.093783
-11.998142, 82.815342, -1.477319, 0.382922, 4.099348
-11.985230, 82.676487, -1.479689, 0.372679, 4.100713
-11.972535, 82.537271, -1.482406, 0.355047, 4.111535
-11.960511, 82.398593, -1.485611, 0.349492, 4.096916
-11.948922, 82.259803, -1.488498, 0.338763, 4.100552
-11.937636, 82.120910, -1.490762, 0.327608, 4.101506
-11.926821, 81.981600, -1.493912, 0.307160, 4.131548
-11.916315, 81.842540, -1.497635, 0.298113, 4.100474
-11.906168, 81.703165, -1.500739, 0.290460, 4.098464
-11.896673, 81.564223, -1.504030, 0.275762, 4.097148
-11.887567, 81.425311, -1.506637, 0.262755, 4.097178
-11.878445, 81.287074, -1.508385, 0.250500, 4.095718
-11.869875, 81.147989, -1.510259, 0.247910, 4.099501
-11.861544, 81.008774, -1.512474, 0.239383, 4.101664
-11.853425, 80.869708, -1.514673, 0.246184, 4.055002
-11.846294, 80.730992, -1.518834, 0.214050, 4.097464
-11.839340, 80.591679, -1.522628, 0.197760, 4.103406
-11.832854, 80.452208, -1.525966, 0.184134, 4.106732
-11.826838, 80.312795, -1.529645, 0.167941, 4.105373
-11.821157, 80.173951, -1.534088, 0.196491, 4.092436
-11.815907, 80.034930, -1.538173, 0.125466, 4.079541
-11.811807, 79.895552, -1.543306, 0.112850, 4.105609
-11.808456, 79.755638, -1.548205, 0.098852, 4.123677
-11.805656, 79.616176, -1.553385, 0.071900, 4.099667
-11.803548, 79.476812, -1.558484, 0.049660, 4.101692
-11.802091, 79.337350, -1.563069, 0.031777, 4.103607
-11.801154, 79.197511, -1.566645, 0.020619, 4.096624
-11.800906, 79.058285, -1.571234, -0.000286, 4.098102
-11.801281, 78.919005, -1.574954, -0.014515, 4.098875
-11.802073, 78.779733, -1.578153, -0.030697, 4.100711
-11.803552, 78.640197, -1.582896, -0.055508, 4.092013
-11.805372, 78.500766, -1.586832, -0.061782, 4.089368
-11.807867, 78.361842, -1.591223, -0.084978, 4.085578
-11.811005, 78.223137, -1.595928, -0.103296, 4.081284
-11.814814, 78.084528, -1.600532, -0.121500, 4.080428
-11.818841, 77.946584, -1.604480, -0.101560, 4.078016
-11.823641, 77.807830, -1.607623, -0.150172, 4.082820
-11.829003, 77.669042, -1.611994, -0.167890, 4.084700
-11.835049, 77.530906, -1.616594, -0.214497, 4.060574
-11.842026, 77.392390, -1.622536, -0.211094, 4.082134
-11.849578, 77.253619, -1.627372, -0.231085, 4.088840
-11.857757, 77.114726, -1.631804, -0.249343, 4.092628
-11.866602, 76.975997, -1.636245, -0.292583, 4.047409
-11.875312, 76.838353, -1.640300, -0.286722, 4.070460
-11.885274, 76.699729, -1.645242, -0.304011, 4.091013
-11.895940, 76.560918, -1.649825, -0.323046, 4.095114
-11.907402, 76.421767, -1.654992, -0.341539, 4.093392
-11.919475, 76.283285, -1.659929, -0.363858, 4.089352
-11.932142, 76.144788, -1.664537, -0.383603, 4.091868
-11.945286, 76.005903, -1.667892, -0.395554, 4.088888
-11.959041, 75.867709, -1.672226, -0.412254, 4.085501
-11.973379, 75.729629, -1.675767, -0.427157, 4.084892
-11.988135, 75.591610, -1.678831, -0.440624, 4.085247
-12.003465, 75.453339, -1.682558, -0.443572, 4.103956
-12.019100, 75.314947, -1.686386, -0.470577, 4.075758
-12.035347, 75.177443, -1.691082, -0.490469, 4.074405
-12.052277, 75.040073, -1.696300, -0.512037, 4.072002
-12.069969, 74.902842, -1.701607, -0.531547, 4.072845
-12.088370, 74.765644, -1.706560, -0.551712, 4.075068
-12.107021, 74.628988, -1.710945, -0.571646, 4.076030
-12.126721, 74.491669, -1.715895, -0.589690, 4.079971
-12.146921, 74.354907, -1.721267, -0.620516, 4.052546
-12.168339, 74.217908, -1.726626, -0.633683, 4.082994
-12.190250, 74.080678, -1.731394, -0.654074, 4.088126
-12.212847, 73.943403, -1.736433, -0.674642, 4.092878
-12.236113, 73.806210, -1.741198, -0.694537, 4.093563
-12.259845, 73.670607, -1.745995, -0.710883, 4.053461
-12.284402, 73.533851, -1.750624, -0.732183, 4.093301
-12.309642, 73.396864, -1.755488, -0.752335, 4.097756
-12.335765, 73.259599, -1.760378, -0.769016, 4.119797
-12.362333, 73.122844, -1.765134, -0.790420, 4.094478
-12.389491, 72.986143, -1.770082, -0.785026, 4.131156
-12.417338, 72.849340, -1.774285, -0.826527, 4.094719
-12.445818, 72.713003, -1.779061, -0.847198, 4.098182
-12.474934, 72.576700, -1.783493, -0.865356, 4.099825
-12.504632, 72.440601, -1.787952, -0.883946, 4.100754
-12.534891, 72.304183, -1.791990, -0.903684, 4.131639
-12.566042, 72.167476, -1.795747, -0.913529, 4.097456
-12.597379, 72.031798, -1.799363, -0.928205, 4.098207
-12.629160, 71.896193, -1.802597, -0.941933, 4.099694
-12.661378, 71.760635, -1.805646, -0.954658, 4.101519
-12.694029, 71.625112, -1.808890, -0.968573, 4.103621
-12.726703, 71.490205, -1.812221, -0.944536, 4.100401
-12.760221, 71.354687, -1.815329, -0.994633, 4.108859
-12.794117, 71.219837, -1.818629, -1.002476, 4.103726
-12.828590, 71.084398, -1.821278, -1.019333, 4.112986
-12.863471, 70.948875, -1.824216, -1.032028, 4.116220
-12.898782, 70.813327, -1.827013, -1.044058, 4.120152
-12.934480, 70.677839, -1.829898, -1.055869, 4.120097
-12.970636, 70.543518, -1.832516, -1.055173, 4.080586
-13.006759, 70.408599, -1.835474, -1.077926, 4.116982
-13.043618, 70.273436, -1.838650, -1.090540, 4.121088
-13.081121, 70.137979, -1.841805, -1.103772, 4.118578
-13.118811, 70.003240, -1.844776, -1.113734, 4.116672
-13.156855, 69.868115, -1.847621, -1.120830, 4.112531
-13.195252, 69.733660, -1.850851, -1.139401, 4.113218
-13.234130, 69.599368, -1.854258, -1.151538, 4.116199
-13.273486, 69.465093, -1.857518, -1.165238, 4.119588
-13.313308, 69.330838, -1.860838, -1.179578, 4.122801
-13.353723, 69.196079, -1.864290, -1.201060, 4.141599
-13.394713, 69.061751, -1.868198, -1.209526, 4.118655
-13.435991, 68.928108, -1.872386, -1.223293, 4.117128
-13.477824, 68.794581, -1.876315, -1.238957, 4.118823
-13.520173, 68.661155, -1.879881, -1.253515, 4.120705
-13.563011, 68.527838, -1.883318, -1.279737, 4.100157
-13.605945, 68.394999, -1.888481, -1.291963, 4.123288
-13.649692, 68.262305, -1.891694, -1.308348, 4.113992
-13.694126, 68.129428, -1.895321, -1.314962, 4.123921
-13.739149, 67.996455, -1.898896, -1.330790, 4.129981
-13.784659, 67.863509, -1.902381, -1.345472, 4.133033
-13.830664, 67.730629, -1.905798, -1.359129, 4.133899
-13.876877, 67.598156, -1.909030, -1.339194, 4.089612
-13.923904, 67.466183, -1.911668, -1.389688, 4.091676
-13.970797, 67.334217, -1.915274, -1.396209, 4.130596
-14.018699, 67.201794, -1.918654, -1.417363, 4.160971
-14.066795, 67.069751, -1.921743, -1.418839, 4.127447
-14.115234, 66.937601, -1.924553, -1.425615, 4.122097
-14.163995, 66.806175, -1.927613, -1.440204, 4.123399
-14.213093, 66.674993, -1.930256, -1.449421, 4.120963
-14.262509, 66.543965, -1.932709, -1.459787, 4.121527
-14.312287, 66.413049, -1.935690, -1.471736, 4.122542
-14.362514, 66.282194, -1.938898, -1.485937, 4.128567
-14.413362, 66.150957, -1.942568, -1.492402, 4.122006
-14.464685, 66.020365, -1.946765, -1.513829, 4.116215
-14.516281, 65.890399, -1.950310, -1.523775, 4.114416
-14.568251, 65.760649, -1.953209, -1.534684, 4.112488
-14.620562, 65.631099, -1.955886, -1.544353, 4.111102
-14.673036, 65.502268, -1.959825, -1.542790, 4.103315
-14.725890, 65.373525, -1.963224, -1.565493, 4.098771
-14.779175, 65.244576, -1.963031, -1.569494, 4.104905
-14.832695, 65.115551, -1.964421, -1.576095, 4.109264
-14.886422, 64.986473, -1.965190, -1.580056, 4.112612
-14.940270, 64.857302, -1.966496, -1.586648, 4.115102
-14.994342, 64.728196, -1.968467, -1.594068, 4.114570
-15.048367, 64.599562, -1.969936, -1.589826, 4.088539
-15.102936, 64.470847, -1.970184, -1.610268, 4.093721
-15.157451, 64.342535, -1.972731, -1.646435, 4.143633
-15.212314, 64.213846, -1.974217, -1.611734, 4.105322
-15.267199, 64.085096, -1.975233, -1.612034, 4.100762
-15.322134, 63.956941, -1.976319, -1.617773, 4.100892
-15.377163, 63.828884, -1.977280, -1.621444, 4.098728
-15.432189, 63.700924, -1.977063, -1.621138, 4.099229
-15.487221, 63.573016, -1.977709, -1.623436, 4.097836
-15.542445, 63.445154, -1.979197, -1.629328, 4.102201
-15.597949, 63.317150, -1.980661, -1.636257, 4.105688
-15.653788, 63.188861, -1.982532, -1.635589, 4.097959
-15.709869, 63.061037, -1.985037, -1.650659, 4.094817
-15.765993, 62.933759, -1.986904, -1.654279, 4.092624
-15.822262, 62.806631, -1.988103, -1.657859, 4.090346
-15.878605, 62.680278, -1.990799, -1.656824, 4.074753
-15.935139, 62.554090, -1.995732, -1.672528, 4.069899
-15.992247, 62.427761, -1.995759, -1.681800, 4.079386
-16.049457, 62.301400, -1.996263, -1.684107, 4.080090
-16.106823, 62.174985, -1.997837, -1.692465, 4.084624
-16.164574, 62.048561, -2.001028, -1.705022, 4.087745
-16.222767, 61.922233, -2.003643, -1.716198, 4.091542
-16.281197, 61.796050, -2.005212, -1.721979, 4.090220
-16.339519, 61.670244, -2.006232, -1.714767, 4.061393
-16.398557, 61.544334, -2.006532, -1.764111, 4.122618
-16.457632, 61.418762, -2.008756, -1.735112, 4.079418
-16.516597, 61.292821, -2.010270, -1.732775, 4.077050
-16.575726, 61.167364, -2.012242, -1.743507, 4.080849
-16.635123, 61.041944, -2.014154, -1.751870, 4.082522
-16.694710, 60.916596, -2.015587, -1.759560, 4.086303
-16.754558, 60.791245, -2.017574, -1.768516, 4.090066
-16.814732, 60.665886, -2.019676, -1.778000, 4.094420
-16.875237, 60.540467, -2.021714, -1.787659, 4.100800
-16.936083, 60.414962, -2.023714, -1.796351, 4.104994
-16.997327, 60.289268, -2.025572, -1.794689, 4.097469
-17.058943, 60.163884, -2.027866, -1.808680, 4.099460
-17.120521, 60.038983, -2.029943, -1.817830, 4.098965
-17.182212, 59.914749, -2.032577, -1.797570, 4.076663
-17.243879, 59.790464, -2.034672, -1.838527, 4.080549
-17.306291, 59.666030, -2.035942, -1.838153, 4.097267
-17.368938, 59.541529, -2.037870, -1.846553, 4.101218
-17.431845, 59.416986, -2.039375, -1.854734, 4.106945
-17.495082, 59.292326, -2.041486, -1.864931, 4.112427
-17.558621, 59.167709, -2.043025, -1.870482, 4.112404
-17.622310, 59.043219, -2.044325, -1.876775, 4.115116
-17.686204, 58.918722, -2.045676, -1.883213, 4.117881
-17.750298, 58.794584, -2.046725, -1.947228, 4.132441
-17.815067, 58.670477, -2.047221, -1.884140, 4.106844
-17.879256, 58.546783, -2.048929, -1.887410, 4.101017
-17.943506, 58.423001, -2.050113, -1.891869, 4.102398
-18.007906, 58.299263, -2.051205, -1.896186, 4.103145
-18.072449, 58.175570, -2.052231, -1.900308, 4.103989
-18.137029, 58.051973, -2.052870, -1.903712, 4.104013
-18.201691, 57.928387, -2.053635, -1.907914, 4.106061
-18.266628, 57.804726, -2.055362, -1.915053, 4.111028
-18.331853, 57.681081, -2.057047, -1.922909, 4.114258
-18.397319, 57.557397, -2.058547, -1.921533, 4.139024
-18.463145, 57.433635, -2.060650, -1.931900, 4.110087
-18.529214, 57.310215, -2.062938, -1.945384, 4.106634
-18.595057, 57.187943, -2.066455, -1.932632, 4.092049
-18.661114, 57.065925, -2.070134, -1.956556, 4.090101
-18.727657, 56.943700, -2.069258, -1.957009, 4.092914
-18.794183, 56.821512, -2.069581, -1.957219, 4.091285
-18.860763, 56.699395, -2.070312, -1.959300, 4.090492
-18.927453, 56.577296, -2.071035, -1.963489, 4.094234
-18.994313, 56.455068, -2.071642, -1.968161, 4.098462
-19.061248, 56.332865, -2.072135, -1.970653, 4.100113
-19.128306, 56.210576, -2.072725, -1.975732, 4.105509
-19.195794, 56.087902, -2.073719, -1.985078, 4.125566
-19.262629, 55.965984, -2.073566, -1.964853, 4.105162
-19.329706, 55.843955, -2.073193, -1.971933, 4.061534
-19.396893, 55.722164, -2.076389, -1.987739, 4.101673
-19.464675, 55.600183, -2.079313, -1.999157, 4.106636
-19.532815, 55.478239, -2.081383, -2.008652, 4.110490
-19.601269, 55.356311, -2.083324, -2.017670, 4.114795
-19.670039, 55.234297, -2.083901, -2.023560, 4.121907
-19.738758, 55.112114, -2.081108, -2.014133, 4.123380
-19.807177, 54.989654, -2.080240, -2.015638, 4.129040
-19.875724, 54.867045, -2.080803, -2.019141, 4.135666
-19.944485, 54.743957, -2.081245, -2.037348, 4.166140
-20.013475, 54.621207, -2.082055, -2.059495, 4.168860
-20.082630, 54.499040, -2.083447, -2.028039, 4.127769
-20.151161, 54.377595, -2.083724, -2.022257, 4.121365
-20.219757, 54.255244, -2.080759, -2.014718, 4.126672
-20.288139, 54.132686, -2.078800, -2.008537, 4.128839
-20.356344, 54.009944, -2.077195, -2.003788, 4.131184
-20.424400, 53.887017, -2.075676, -1.999721, 4.134134
-20.492352, 53.763827, -2.074574, -1.999017, 4.140078
-20.560308, 53.640511, -2.075567, -2.004178, 4.143755
-20.628509, 53.517144, -2.076560, -2.010351, 4.149317
-20.697039, 53.393398, -2.075767, -2.008011, 4.143819
-20.765171, 53.269747, -2.074119, -2.008313, 4.155394
-20.832593, 53.146840, -2.071037, -1.982461, 4.138192
-20.899839, 53.024039, -2.069623, -1.976852, 4.128873
-20.967286, 52.900754, -2.072456, -1.988317, 4.135522
-21.035048, 52.777507, -2.074388, -1.996665, 4.137730
-21.103051, 52.654308, -2.075907, -2.003370, 4.140147
-21.171288, 52.531124, -2.077430, -2.010388, 4.144460
-21.239790, 52.407804, -2.079074, -2.018660, 4.148989
-21.308505, 52.284550, -2.079779, -2.022947, 4.153522
-21.377351, 52.161198, -2.079987, -2.027396, 4.158413
-21.446310, 52.037699, -2.080091, -2.030542, 4.164175
-21.515444, 51.914467, -2.080972, -2.017775, 4.134843
-21.584481, 51.791363, -2.082682, -1.988574, 4.111424
-21.653348, 51.668660, -2.082098, -2.029588, 4.151531
-21.722423, 51.545544, -2.082193, -2.032392, 4.152766
-21.791556, 51.422402, -2.082505, -2.034237, 4.154398
-21.860754, 51.299227, -2.082770, -2.036151, 4.156354
-21.930055, 51.175928, -2.083573, -2.041596, 4.160548
-21.999676, 51.052652, -2.087378, -2.056303, 4.163628
-22.069785, 50.929587, -2.088905, -2.063447, 4.169528
-22.140198, 50.806136, -2.088485, -2.068146, 4.186354
-22.210189, 50.683008, -2.087511, -2.060047, 4.167836
-22.280218, 50.559498, -2.086613, -2.051135, 4.165916
-22.349589, 50.436763, -2.085716, -2.048464, 4.149814
-22.418928, 50.314319, -2.083357, -2.036094, 4.146721
-22.488354, 50.191406, -2.086037, -2.046998, 4.154655
-22.558151, 50.068544, -2.088693, -2.057898, 4.157305
-22.628277, 49.945767, -2.090775, -2.066822, 4.159949
-22.698715, 49.822978, -2.092828, -2.077349, 4.166103
-22.769530, 49.700117, -2.094491, -2.086433, 4.172191
-22.840522, 49.577306, -2.095305, -2.089762, 4.172147
-22.911626, 49.454512, -2.096004, -2.094468, 4.176754
-22.982909, 49.331744, -2.096632, -2.103878, 4.138159
-23.053601, 49.208283, -2.098766, -2.109625, 4.176146
-23.124639, 49.085993, -2.099699, -2.105256, 4.160854
-23.196164, 48.963619, -2.099818, -2.105243, 4.171310
-23.267779, 48.841122, -2.099842, -2.107331, 4.175408
-23.339470, 48.718523, -2.099823, -2.109073, 4.178368
-23.411268, 48.595921, -2.100889, -2.114176, 4.183267
-23.483330, 48.473257, -2.101975, -2.121447, 4.190714
-23.555580, 48.350370, -2.101645, -2.123358, 4.196125
-23.627939, 48.227229, -2.101663, -2.166855, 4.233774
-23.700281, 48.103885, -2.101289, -2.125276, 4.197245
-23.772819, 47.980405, -2.100495, -2.125250, 4.197894
-23.844574, 47.857604, -2.099625, -2.113881, 4.191875
-23.915883, 47.734874, -2.095358, -2.100056, 4.168140
-23.986852, 47.612293, -2.090557, -2.073838, 4.176556
-24.057526, 47.488612, -2.090022, -2.077610, 4.186030
-24.128076, 47.364992, -2.088876, -2.073886, 4.187854
-24.198529, 47.241190, -2.087494, -2.070599, 4.191391
-24.268885, 47.117171, -2.086203, -2.068351, 4.196207
-24.339221, 46.992908, -2.085424, -2.067775, 4.200362
-24.409495, 46.868570, -2.085582, -2.072777, 4.206663
-24.479883, 46.744067, -2.085412, -2.074041, 4.211423
-24.549891, 46.619917, -2.085380, -2.076759, 4.212734
-24.619866, 46.495688, -2.085698, -2.036812, 4.194089
-24.689299, 46.371497, -2.085252, -2.066250, 4.201895
-24.759630, 46.247066, -2.084990, -2.068928, 4.205978
-24.829945, 46.122456, -2.083821, -2.066968, 4.210478
-24.899807, 45.997960, -2.082612, -2.036447, 4.156257
-24.970374, 45.874035, -2.082950, -2.060442, 4.218047
-25.040568, 45.749244, -2.083560, -2.066711, 4.212829
-25.110848, 45.624332, -2.083028, -2.067348, 4.217931
-25.181254, 45.499199, -2.083001, -2.070254, 4.220183
-25.251627, 45.374057, -2.083046, -2.070610, 4.224554
-25.322069, 45.248638, -2.082684, -2.068972, 4.224282
-25.392437, 45.123354, -2.082670, -2.070698, 4.227546
-25.462660, 44.998290, -2.082095, -2.074070, 4.214872
-25.532947, 44.873079, -2.081458, -2.065534, 4.226068
-25.603142, 44.747673, -2.080740, -2.063717, 4.227745
-25.673283, 44.622168, -2.080119, -2.062329, 4.229609
-25.743384, 44.496564, -2.079580, -2.061339, 4.231674
-25.813457, 44.370860, -2.079109, -2.060692, 4.233926
-25.883503, 44.244823, -2.078400, -2.066245, 4.251020
-25.953424, 44.118937, -2.077379, -2.054835, 4.234805
-26.022953, 43.993328, -2.076149, -2.044082, 4.230419
-26.092455, 43.867392, -2.073910, -2.040083, 4.230936
-26.161812, 43.740681, -2.071912, -2.021091, 4.218931
-26.230711, 43.614773, -2.071334, -2.025808, 4.221253
-26.299547, 43.488887, -2.071066, -2.023548, 4.218675
-26.368317, 43.363058, -2.070905, -2.021926, 4.216548
-26.437110, 43.237249, -2.070877, -2.041284, 4.230559
-26.505944, 43.111485, -2.071706, -2.024072, 4.215045
-26.574801, 42.985796, -2.072244, -2.026310, 4.215414
-26.643884, 42.860044, -2.072961, -2.037467, 4.230198
-26.712818, 42.734420, -2.074074, -2.004439, 4.197620
-26.782098, 42.609146, -2.076663, -2.043130, 4.215843
-26.851721, 42.483724, -2.078764, -2.051197, 4.218382
-26.921594, 42.358405, -2.080089, -2.058219, 4.221561
-26.991060, 42.234065, -2.081328, -2.041732, 4.189293
-27.061105, 42.109034, -2.082148, -2.065459, 4.220826
-27.131419, 41.983831, -2.082829, -2.070430, 4.225872
-27.201894, 41.858521, -2.083382, -2.074968, 4.230972
-27.272514, 41.733094, -2.083780, -2.078885, 4.235939
-27.343042, 41.607828, -2.083246, -2.078738, 4.237386
-27.413685, 41.482176, -2.082740, -2.077961, 4.241827
-27.484361, 41.356427, -2.082426, -2.083981, 4.218898
-27.554738, 41.230798, -2.081312, -2.074496, 4.245265
-27.625497, 41.104754, -2.081631, -2.097220, 4.277873
-27.696197, 40.978180, -2.082429, -2.074114, 4.238039
-27.766889, 40.852511, -2.083923, -2.080654, 4.238274
-27.837740, 40.727002, -2.085454, -2.086455, 4.238848
-27.908765, 40.601617, -2.086895, -2.091330, 4.237943
-27.979917, 40.476279, -2.087698, -2.093607, 4.236985
-28.051155, 40.351070, -2.088424, -2.096489, 4.236926
-28.122485, 40.225904, -2.089122, -2.099407, 4.237631
-28.194037, 40.100669, -2.090169, -2.104075, 4.236841
-28.265612, 39.975578, -2.090734, -2.106398, 4.239745
-28.337283, 39.850462, -2.091261, -2.109482, 4.242055
-28.409005, 39.725167, -2.091138, -2.109101, 4.242524
-28.480764, 39.599996, -2.091273, -2.116404, 4.222902
-28.551847, 39.475918, -2.091090, -2.105366, 4.237834
-28.623482, 39.350847, -2.090434, -2.104577, 4.237796
-28.695067, 39.225567, -2.089587, -2.105154, 4.245636
-28.766637, 39.100126, -2.088971, -2.104863, 4.249669
-28.838127, 38.974729, -2.089053, -2.104933, 4.252668
-28.909820, 38.849090, -2.089633, -2.110678, 4.256583
-28.981643, 38.723366, -2.090019, -2.114096, 4.260559
-29.053455, 38.597730, -2.090037, -2.112378, 4.262330
-29.125329, 38.471857, -2.089172, -2.113066, 4.264693
-29.197482, 38.345349, -2.089090, -2.133288, 4.294375
-29.269103, 38.219550, -2.089578, -2.110413, 4.257158
-29.340961, 38.093885, -2.090872, -2.115915, 4.257941
-29.412856, 37.968420, -2.091286, -2.117118, 4.256642
-29.484836, 37.842851, -2.091314, -2.117329, 4.257397
-29.556841, 37.717252, -2.091385, -2.118313, 4.258856
-29.628888, 37.591604, -2.091477, -2.119772, 4.261105
-29.700990, 37.465879, -2.091571, -2.120359, 4.269199
-29.773353, 37.339725, -2.091654, -2.121522, 4.263099
-29.845547, 37.213941, -2.092017, -2.124639, 4.266883
-29.917828, 37.087973, -2.092154, -2.131428, 4.279271
-29.990038, 36.962011, -2.091328, -2.121948, 4.267534
-30.061575, 36.836738, -2.089715, -2.093666, 4.227484
-30.133283, 36.711042, -2.088144, -2.107730, 4.262422
-30.204828, 36.584968, -2.085946, -2.100860, 4.264868
-30.276153, 36.458639, -2.083941, -2.095425, 4.268876
-30.347335, 36.332112, -2.082738, -2.092215, 4.270869
-30.418440, 36.205431, -2.081817, -2.090528, 4.274411
-30.489491, 36.078584, -2.080965, -2.089062, 4.277930
-30.560565, 35.951517, -2.080547, -2.078056, 4.275293
-30.631220, 35.825031, -2.080498, -2.091414, 4.284665
-30.702587, 35.697568, -2.080354, -2.096349, 4.298370
-30.773527, 35.570317, -2.080099, -2.076340, 4.264924
-30.844328, 35.443688, -2.081863, -2.088252, 4.270476
-30.915495, 35.317139, -2.084610, -2.098142, 4.269952
-30.987036, 35.190824, -2.087929, -2.110094, 4.269366
-31.059020, 35.064782, -2.091767, -2.124096, 4.268884
-31.131510, 34.939041, -2.096015, -2.139810, 4.269028
-31.204659, 34.813500, -2.100374, -2.159359, 4.274678
-31.278640, 34.688076, -2.104402, -2.206928, 4.309281
-31.352877, 34.562996, -2.108273, -2.184642, 4.267753
-31.427268, 34.438558, -2.111723, -2.198007, 4.265952
-31.502067, 34.314143, -2.115486, -2.206810, 4.297673
-31.577279, 34.190488, -2.117890, -2.181314, 4.210915
-31.651676, 34.067644, -2.119242, -2.214654, 4.248146
-31.727068, 33.944462, -2.120740, -2.219485, 4.246836
-31.802634, 33.821433, -2.122264, -2.224970, 4.246668
-31.878467, 33.698482, -2.124386, -2.232822, 4.247448
-31.954526, 33.575688, -2.126311, -2.239123, 4.246479
-32.030799, 33.453055, -2.128094, -2.245310, 4.246010
-32.107262, 33.330586, -2.129742, -2.249779, 4.242997
-32.183848, 33.208435, -2.131279, -2.258079, 4.206323
-32.259742, 33.086604, -2.130886, -2.255852, 4.239621
-32.336622, 32.963928, -2.131172, -2.267224, 4.270726
-32.413004, 32.842040, -2.131875, -2.208767, 4.177669
-32.489478, 32.721108, -2.135227, -2.257750, 4.221687
-32.566484, 32.599948, -2.138595, -2.270977, 4.223136
-32.643910, 32.478989, -2.141701, -2.283062, 4.225033
-32.721737, 32.358199, -2.144557, -2.294575, 4.227538
-32.799869, 32.237601, -2.147345, -2.306519, 4.228675
-32.878467, 32.117113, -2.150304, -2.319252, 4.236098
-32.957759, 31.996557, -2.153106, -2.347506, 4.264123
-33.037079, 31.876375, -2.155929, -2.340128, 4.235041
-33.116701, 31.756456, -2.158687, -2.351362, 4.237254
-33.196798, 31.636286, -2.161584, -2.376061, 4.254849
-33.276481, 31.517462, -2.163722, -2.320411, 4.180897
-33.356519, 31.398551, -2.164950, -2.367140, 4.228098
-33.437067, 31.279467, -2.166057, -2.371143, 4.228816
-33.517757, 31.160454, -2.167132, -2.375182, 4.229309
-33.598683, 31.041445, -2.168607, -2.382925, 4.233818
-33.679828, 30.922474, -2.170086, -2.388134, 4.234557
-33.761157, 30.803593, -2.171465, -2.393517, 4.235548
-33.842600, 30.684883, -2.172754, -2.396987, 4.233588
-33.924179, 30.566415, -2.173969, -2.398715, 4.190566
-34.005206, 30.448071, -2.173570, -2.445044, 4.263858
-34.087212, 30.328851, -2.173858, -2.399367, 4.232440
-34.168236, 30.211001, -2.175235, -2.378932, 4.174755
-34.249846, 30.093583, -2.179009, -2.408009, 4.214352
-34.331957, 29.976116, -2.182605, -2.421534, 4.216361
-34.414516, 29.858868, -2.185901, -2.434395, 4.218933
-34.497501, 29.741800, -2.188911, -2.446632, 4.222164
-34.580812, 29.624925, -2.191769, -2.459005, 4.224217
-34.664553, 29.508204, -2.194623, -2.471822, 4.232173
-34.748993, 29.391316, -2.196972, -2.488354, 4.251318
-34.833369, 29.274882, -2.199422, -2.489348, 4.231557
-34.918079, 29.158644, -2.202441, -2.501440, 4.234141
-35.003368, 29.042200, -2.205180, -2.512230, 4.235112
-35.087670, 28.927417, -2.207370, -2.484616, 4.202723
-35.173021, 28.811984, -2.208844, -2.516255, 4.224896
-35.258662, 28.696651, -2.210180, -2.521136, 4.225245
-35.344500, 28.581412, -2.211604, -2.526534, 4.226878
-35.430618, 28.466239, -2.213773, -2.535564, 4.229308
-35.516980, 28.351203, -2.215746, -2.542198, 4.229554
-35.603568, 28.236321, -2.217574, -2.548646, 4.229990
-35.690320, 28.121642, -2.219276, -2.552922, 4.227433
-35.777151, 28.007443, -2.220846, -2.534968, 4.175886
-35.863600, 27.892993, -2.220832, -2.556953, 4.247404
-35.950748, 27.778207, -2.221006, -2.550333, 4.213404
-36.037042, 27.664831, -2.223243, -2.550306, 4.185792
-36.124051, 27.551481, -2.227210, -2.565887, 4.204549
-36.211512, 27.438394, -2.230916, -2.578524, 4.205166
-36.299397, 27.325593, -2.234349, -2.590739, 4.206497
-36.387690, 27.213036, -2.237511, -2.602561, 4.208671
-36.476290, 27.100707, -2.240533, -2.615538, 4.212433
-36.565344, 26.988488, -2.243156, -2.626136, 4.217344
-36.655057, 26.876232, -2.246356, -2.640282, 4.222033
-36.744734, 26.764633, -2.249067, -2.644964, 4.214309
-36.834736, 26.653229, -2.252290, -2.656828, 4.215555
-36.925260, 26.541760, -2.254850, -2.651661, 4.172248
-37.014385, 26.431700, -2.256965, -2.659097, 4.203760
-37.105061, 26.321177, -2.258341, -2.668340, 4.204644
-37.195859, 26.210768, -2.259721, -2.672568, 4.204191
-37.286873, 26.100467, -2.261420, -2.678738, 4.207157
-37.378150, 25.990235, -2.263331, -2.686325, 4.208036
-37.469630, 25.880168, -2.265114, -2.692137, 4.208067
-37.561303, 25.770254, -2.266791, -2.697768, 4.208390
-37.653099, 25.660557, -2.268374, -2.701338, 4.205871
-37.744857, 25.551396, -2.269768, -2.671269, 4.162590
-37.836787, 25.441312, -2.269656, -2.733669, 4.244297
-37.928795, 25.331860, -2.269859, -2.698478, 4.193755
-38.020186, 25.223520, -2.272364, -2.701398, 4.184878
-38.112215, 25.114966, -2.275835, -2.712812, 4.186204
-38.204640, 25.006702, -2.278941, -2.723505, 4.187431
-38.297418, 24.898670, -2.281730, -2.733633, 4.189356
-38.390450, 24.790873, -2.284373, -2.743540, 4.189648
-38.483794, 24.683336, -2.287563, -2.755578, 4.193015
-38.577591, 24.575968, -2.290248, -2.766128, 4.197815
-38.672066, 24.468433, -2.292482, -2.777413, 4.198862
-38.766442, 24.361411, -2.294703, -2.784470, 4.202417
-38.861194, 24.254177, -2.297079, -2.799582, 4.240409
-38.955994, 24.147661, -2.298794, -2.739320, 4.128781
-39.050257, 24.041598, -2.300621, -2.802511, 4.200769
-39.145604, 23.935183, -2.301996, -2.807100, 4.203870
-39.241156, 23.828815, -2.303259, -2.814237, 4.207358
-39.337017, 23.722516, -2.305417, -2.822806, 4.210580
-39.433201, 23.616313, -2.307858, -2.832559, 4.214103
-39.529663, 23.510272, -2.309973, -2.840407, 4.215755
-39.626369, 23.404386, -2.311829, -2.845808, 4.214987
-39.723186, 23.298753, -2.313484, -2.851925, 4.216570
-39.819778, 23.193602, -2.314574, -2.810265, 4.186767
-39.917219, 23.087238, -2.314097, -2.863746, 4.231286
-40.013973, 22.981906, -2.314348, -2.802406, 4.169593
-40.110448, 22.877514, -2.317020, -2.846802, 4.195602
-40.207429, 22.772921, -2.319827, -2.856491, 4.195164
-40.304694, 22.668578, -2.322290, -2.864626, 4.195978
-40.402231, 22.564427, -2.324482, -2.872641, 4.197862
-40.499937, 22.460483, -2.326707, -2.881326, 4.198813
-40.597952, 22.356778, -2.329515, -2.890483, 4.201079
-40.696402, 22.253186, -2.331567, -2.919801, 4.222745
-40.795399, 22.149525, -2.333844, -2.909927, 4.205637
-40.894322, 22.046268, -2.336283, -2.918684, 4.210735
-40.993812, 21.942741, -2.338406, -2.931186, 4.214945
-41.092405, 21.840740, -2.340765, -2.886530, 4.151327
-41.191629, 21.738540, -2.343106, -2.933387, 4.203742
-41.291494, 21.636238, -2.345137, -2.940787, 4.205831
-41.391650, 21.534079, -2.347191, -2.949664, 4.209564
-41.492136, 21.432141, -2.350241, -2.959112, 4.209593
-41.592984, 21.330480, -2.353690, -2.970300, 4.210944
-41.694164, 21.229089, -2.356569, -2.979465, 4.211651
-41.795635, 21.127957, -2.359112, -2.987785, 4.212709
-41.897315, 21.027096, -2.361339, -2.993263, 4.211054
-41.998365, 20.926641, -2.362333, -2.965218, 4.219467
-42.100773, 20.825250, -2.361722, -2.986031, 4.200027
-42.201826, 20.725277, -2.362532, -2.979888, 4.173324
-42.303304, 20.625405, -2.364919, -2.987239, 4.188216
-42.404961, 20.525720, -2.366989, -2.992484, 4.187194
-42.506800, 20.426240, -2.368772, -2.997908, 4.187468
-42.608800, 20.326977, -2.370201, -3.001352, 4.188063
-42.710942, 20.227779, -2.370676, -3.005996, 4.192486
-42.813181, 20.128500, -2.371039, -3.010606, 4.195142
-42.915962, 20.029035, -2.373057, -3.029058, 4.216692
-43.018615, 19.929954, -2.375323, -3.026305, 4.199197
-43.121546, 19.831052, -2.377875, -3.036703, 4.214206
-43.224963, 19.732038, -2.379793, -3.036373, 4.200392
-43.327265, 19.634580, -2.382217, -3.017375, 4.166450
-43.430666, 19.536585, -2.384531, -3.048285, 4.194028
-43.534480, 19.438738, -2.386771, -3.057545, 4.197753
-43.638636, 19.341137, -2.389953, -3.067133, 4.197954
-43.743158, 19.243844, -2.393586, -3.078773, 4.199685
-43.848033, 19.146830, -2.396553, -3.087930, 4.200705
-43.953203, 19.050085, -2.399180, -3.096621, 4.202245
-44.058607, 18.953601, -2.401492, -3.102242, 4.200959
-44.164169, 18.857460, -2.403562, -3.099706, 4.166054
-44.269210, 18.761122, -2.403379, -3.170311, 4.258024
-44.375287, 18.664625, -2.402880, -3.099506, 4.192148
-44.480237, 18.569219, -2.404499, -3.096924, 4.185235
-44.585701, 18.473683, -2.406667, -3.105118, 4.185605
-44.691383, 18.378352, -2.408558, -3.111250, 4.186699
-44.797275, 18.283172, -2.410239, -3.117581, 4.188871
-44.903333, 18.188195, -2.411476, -3.121555, 4.190998
-45.009559, 18.093211, -2.411845, -3.126485, 4.196000
-45.115934, 17.998139, -2.412669, -3.135436, 4.202767
-45.222814, 17.902980, -2.415100, -3.141412, 4.197953
-45.329592, 17.808267, -2.417163, -3.148394, 4.202890
-45.436889, 17.713297, -2.419210, -3.163727, 4.210713
-45.544071, 17.619028, -2.421179, -3.112204, 4.166681
-45.650333, 17.525775, -2.423490, -3.152769, 4.193416
-45.757883, 17.431991, -2.425319, -3.166443, 4.198263
-45.865731, 17.338340, -2.427419, -3.175772, 4.202520
-45.973898, 17.244933, -2.430503, -3.184803, 4.203276
-46.082430, 17.151771, -2.433719, -3.195708, 4.206214
-46.191276, 17.058870, -2.436376, -3.204657, 4.208246
-46.300410, 16.966199, -2.438768, -3.212321, 4.209890
-46.409669, 16.873847, -2.440914, -3.218411, 4.209988
-46.518669, 16.781943, -2.442410, -3.180829, 4.185034
-46.628565, 16.689036, -2.441532, -3.249739, 4.251596
-46.737653, 16.596974, -2.441539, -3.200763, 4.171842
-46.846821, 16.505325, -2.443341, -3.213592, 4.195416
-46.956182, 16.413699, -2.445011, -3.219303, 4.197140
-47.065742, 16.322200, -2.446517, -3.225308, 4.199659
-47.175450, 16.230890, -2.447593, -3.228944, 4.201996
-47.285321, 16.139564, -2.447982, -3.233992, 4.206832
-47.395384, 16.048206, -2.449119, -3.240723, 4.211429
-47.505942, 15.956840, -2.451022, -3.266674, 4.238008
-47.616400, 15.865684, -2.452994, -3.254495, 4.213781
-47.727099, 15.774629, -2.455026, -3.265658, 4.247134
-47.838244, 15.683547, -2.456518, -3.263728, 4.217252
-47.948889, 15.593238, -2.458249, -3.250277, 4.169914
-48.059364, 15.503346, -2.460135, -3.275410, 4.215732
-48.170801, 15.413088, -2.461391, -3.280505, 4.219680
-48.282504, 15.322880, -2.462840, -3.288755, 4.225230
-48.394508, 15.232824, -2.465327, -3.296995, 4.227213
-48.506846, 15.142921, -2.467816, -3.306920, 4.231558
-48.619452, 15.053208, -2.469904, -3.314711, 4.234322
-48.732235, 14.963722, -2.471793, -3.319086, 4.233490
-48.845144, 14.874521, -2.473496, -3.313152, 4.200131
-48.957438, 14.785362, -2.473375, -3.327021, 4.235553
-49.071265, 14.695388, -2.472842, -3.326424, 4.240159
-49.183618, 14.606680, -2.474084, -3.313708, 4.220979
-49.296467, 14.517928, -2.476194, -3.322978, 4.224206
-49.409586, 14.429350, -2.478133, -3.330110, 4.226661
-49.522898, 14.340978, -2.479541, -3.336384, 4.231228
-49.636452, 14.252645, -2.480805, -3.343592, 4.236063
-49.750254, 14.164352, -2.481963, -3.350784, 4.241570
-49.864255, 14.076038, -2.482522, -3.355648, 4.245411
-49.978635, 13.987559, -2.483054, -3.359299, 4.244085
-50.092752, 13.899218, -2.483094, -3.361653, 4.249365
-50.207242, 13.810538, -2.483114, -3.356419, 4.247516
-50.321485, 13.722213, -2.483507, -3.363104, 4.251642
-50.434598, 13.634866, -2.483592, -3.334817, 4.209188
-50.548737, 13.546806, -2.484431, -3.362999, 4.247683
-50.663206, 13.458590, -2.485320, -3.370191, 4.254115
-50.777922, 13.370259, -2.484647, -3.372472, 4.258770
-50.892661, 13.281747, -2.484192, -3.374982, 4.263752
-51.007478, 13.193160, -2.484752, -3.377043, 4.264703
-51.122393, 13.104625, -2.485566, -3.380050, 4.265852
-51.237415, 13.016163, -2.486410, -3.383132, 4.266973
-51.352031, 12.928137, -2.488811, -3.387024, 4.261249
-51.467664, 12.839751, -2.489564, -3.427891, 4.312493
-51.582428, 12.751704, -2.489014, -3.373539, 4.244562
-51.697085, 12.663880, -2.487350, -3.373066, 4.250587
-51.811719, 12.575818, -2.485760, -3.370418, 4.252658
-51.926232, 12.487691, -2.485154, -3.368570, 4.252794
-52.040829, 12.399568, -2.486418, -3.373673, 4.255630
-52.155609, 12.311497, -2.486863, -3.378174, 4.260339
-52.270521, 12.223305, -2.486628, -3.381896, 4.265218
-52.385761, 12.134848, -2.486673, -3.383712, 4.263105
-52.500689, 12.046524, -2.486262, -3.384747, 4.268157
-52.615763, 11.957831, -2.485592, -3.400338, 4.298791
-52.730853, 11.869290, -2.485106, -3.382455, 4.271015
-52.845255, 11.781147, -2.484751, -3.321759, 4.196122
-52.959508, 11.693167, -2.484449, -3.378983, 4.268327
-53.074493, 11.604463, -2.484365, -3.384240, 4.274848
-53.189664, 11.515543, -2.483487, -3.386686, 4.280813
-53.304853, 11.426427, -2.482798, -3.386732, 4.283363
-53.420051, 11.337196, -2.482307, -3.386844, 4.285176
-53.535253, 11.247877, -2.481835, -3.386712, 4.286585
-53.650444, 11.158473, -2.481293, -3.386213, 4.287765
-53.765181, 11.069448, -2.482435, -3.379374, 4.280629
-53.880413, 10.980407, -2.484297, -3.418725, 4.302412
-53.996008, 10.890889, -2.484001, -3.337645, 4.235709
-54.110349, 10.802197, -2.481159, -3.361179, 4.256713
-54.224686, 10.713020, -2.477569, -3.359996, 4.266415
-54.338812, 10.623468, -2.475015, -3.353629, 4.267019
-54.452726, 10.533660, -2.472700, -3.346736, 4.266832
-54.566493, 10.443708, -2.472124, -3.346905, 4.268681
-54.680348, 10.353735, -2.472744, -3.350750, 4.272426
-54.794513, 10.263604, -2.472034, -3.371145, 4.298371
-54.908350, 10.173297, -2.471044, -3.350623, 4.275425
-55.022181, 10.082901, -2.470308, -3.351498, 4.278618
-55.136207, 9.992118, -2.469203, -3.364519, 4.297358
-55.249963, 9.901691, -2.468741, -3.324174, 4.231451
-55.362506, 9.811679, -2.469326, -3.338837, 4.270579
-55.476251, 9.721135, -2.469171, -3.346580, 4.277817
-55.590069, 9.630500, -2.469035, -3.348462, 4.280687
-55.704013, 9.539745, -2.469920, -3.353872, 4.284422
-55.818199, 9.449132, -2.471927, -3.361571, 4.288062
-55.932589, 9.358591, -2.471944, -3.362947, 4.289750
-56.046988, 9.267965, -2.471203, -3.362715, 4.291901
-56.161043, 9.177690, -2.470799, -3.336932, 4.258072
-56.275151, 9.087193, -2.473357, -3.364305, 4.285818
-56.389985, 8.996593, -2.473715, -3.384756, 4.311858
-56.503761, 8.906583, -2.472918, -3.339552, 4.253338
-56.617495, 8.816433, -2.469601, -3.343780, 4.272484
-56.731091, 8.725861, -2.467426, -3.338610, 4.273461
-56.844525, 8.635033, -2.465447, -3.334245, 4.274727
-56.957801, 8.544016, -2.463730, -3.328950, 4.274722
-57.070993, 8.452921, -2.463812, -3.330609, 4.276307
-57.184285, 8.361831, -2.464378, -3.336103, 4.282143
-57.298034, 8.270336, -2.463276, -3.341600, 4.291377
-57.411155, 8.179010, -2.462026, -3.329526, 4.279487
-57.524176, 8.087495, -2.459934, -3.322452, 4.278788
-57.637100, 7.995458, -2.457385, -3.340980, 4.315361
-57.749351, 7.904260, -2.456804, -3.253975, 4.223499
-57.861348, 7.812717, -2.454948, -3.299156, 4.266842
-57.973434, 7.720619, -2.452715, -3.293734, 4.266567
-58.085332, 7.628330, -2.451174, -3.288716, 4.265620
-58.197152, 7.535840, -2.450268, -3.288071, 4.268251
-58.308950, 7.443292, -2.450035, -3.286139, 4.266760
-58.420708, 7.350729, -2.449644, -3.284771, 4.265958
-58.532277, 7.258229, -2.449062, -3.281255, 4.263858
-58.643517, 7.166055, -2.449682, -3.270491, 4.254045
-58.755522, 7.073709, -2.452969, -3.298190, 4.273531
-58.867438, 6.981533, -2.453651, -3.303048, 4.268935
-58.978874, 6.889725, -2.453234, -3.227631, 4.202000
-59.089874, 6.798115, -2.449568, -3.267446, 4.245955
-59.200959, 6.705848, -2.447694, -3.265585, 4.247754
-59.311947, 6.613400, -2.446465, -3.263330, 4.249290
-59.422827, 6.520914, -2.445943, -3.261367, 4.249073
-59.533801, 6.428442, -2.447115, -3.267361, 4.253298
-59.645002, 6.335920, -2.446990, -3.270257, 4.257215
-59.756367, 6.243202, -2.446432, -3.315705, 4.296462
-59.867638, 6.150240, -2.445360, -3.266798, 4.256304
-59.978571, 6.057346, -2.444029, -3.264135, 4.258457
-60.089111, 5.964756, -2.442061, -3.238193, 4.231509
-60.199625, 5.871217, -2.442878, -3.238068, 4.248706
-60.309930, 5.778085, -2.441233, -3.245948, 4.248090
-60.420331, 5.684803, -2.439519, -3.247087, 4.252501
-60.530769, 5.591425, -2.439858, -3.249522, 4.254856
-60.641374, 5.498039, -2.440207, -3.253256, 4.258905
-60.752091, 5.404670, -2.440934, -3.257748, 4.261558
-60.862990, 5.311363, -2.442276, -3.263868, 4.265107
-60.974105, 5.218117, -2.443547, -3.270245, 4.268703
-61.085435, 5.124973, -2.445171, -3.271982, 4.251337
-61.196901, 5.032343, -2.448258, -3.278960, 4.262957
-61.308678, 4.939351, -2.449449, -3.306143, 4.292226
-61.420443, 4.846807, -2.450664, -3.285282, 4.263250
-61.531762, 4.754649, -2.451729, -3.263366, 4.231239
-61.643464, 4.662667, -2.451871, -3.287849, 4.262025
-61.755373, 4.570562, -2.453930, -3.294808, 4.263945
-61.867530, 4.478626, -2.455915, -3.302432, 4.266843
-61.979946, 4.386839, -2.457784, -3.310031, 4.270133
-62.092501, 4.295258, -2.459455, -3.315033, 4.270631
-62.205411, 4.203716, -2.461274, -3.326576, 4.279288
-62.318886, 4.112227, -2.463140, -3.363147, 4.315550
-62.432229, 4.020862, -2.464202, -3.334002, 4.277622
-62.545139, 3.930185, -2.465679, -3.310762, 4.262416
-62.658055, 3.839413, -2.466533, -3.316103, 4.248926
-62.771433, 3.748330, -2.464811, -3.350739, 4.295331
-62.884668, 3.657339, -2.464815, -3.328656, 4.269548
-62.997860, 3.566465, -2.465367, -3.329642, 4.269164
-63.111097, 3.475643, -2.465676, -3.332116, 4.270978
-63.224457, 3.384797, -2.465480, -3.331139, 4.270567
-63.337729, 3.294027, -2.466320, -3.333573, 4.269927
-63.451076, 3.203376, -2.467500, -3.335777, 4.270135
-63.564542, 3.112816, -2.468479, -3.339885, 4.271920
-63.678418, 3.022341, -2.469301, -3.327452, 4.234912
-63.791861, 2.932243, -2.472052, -3.362478, 4.289530
-63.905612, 2.842519, -2.475155, -3.343369, 4.253817
-64.019277, 2.753159, -2.475903, -3.346878, 4.255008
-64.132533, 2.663908, -2.474283, -3.331104, 4.231195
-64.246219, 2.574659, -2.474235, -3.341318, 4.253636
-64.359921, 2.485287, -2.476472, -3.347269, 4.254169
-64.473852, 2.396119, -2.478521, -3.354350, 4.256312
-64.587946, 2.307125, -2.480144, -3.361052, 4.258462
-64.702282, 2.218197, -2.481427, -3.368919, 4.264882
-64.816927, 2.129374, -2.483421, -3.376893, 4.268765
-64.932040, 2.040674, -2.485339, -3.424188, 4.307948
-65.046853, 1.952360, -2.486734, -3.361493, 4.254971
-65.161400, 1.864189, -2.487189, -3.351156, 4.228253
-65.276163, 1.776129, -2.485641, -3.377558, 4.262497
-65.391065, 1.687518, -2.485437, -3.392648, 4.296799
-65.506097, 1.598974, -2.486104, -3.377034, 4.259968
-65.620947, 1.510733, -2.486767, -3.378465, 4.259598
-65.735814, 1.422609, -2.487254, -3.378289, 4.257978
-65.850751, 1.334576, -2.487653, -3.379925, 4.258894
-65.965670, 1.246506, -2.487665, -3.381354, 4.259815
-66.080623, 1.158475, -2.488628, -3.384026, 4.260329
-66.196040, 1.070313, -2.489610, -3.393224, 4.267949
-66.310940, 0.982721, -2.490186, -3.366108, 4.220634
-66.425532, 0.895146, -2.491972, -3.379230, 4.242084
-66.540446, 0.808016, -2.493573, -3.381066, 4.240838
-66.655444, 0.721075, -2.494871, -3.383398, 4.239591
-66.770187, 0.634304, -2.495621, -3.334834, 4.193167
-66.884904, 0.547816, -2.494369, -3.378748, 4.236557
-66.999884, 0.461038, -2.495828, -3.384105, 4.237330
-67.115133, 0.374367, -2.497172, -3.392522, 4.243794
-67.230560, 0.287763, -2.497807, -3.395352, 4.244611
-67.346096, 0.201241, -2.499756, -3.402793, 4.248067
-67.461907, 0.114876, -2.501870, -3.411179, 4.252186
-67.577645, 0.028993, -2.504409, -3.387854, 4.230561
-67.693943, -0.057108, -2.507165, -3.422129, 4.247016
-67.809809, -0.142172, -2.508156, -3.419934, 4.246070
-67.926279, -0.227615, -2.509338, -3.429069, 4.251069
-68.043052, -0.313074, -2.511105, -3.438294, 4.256827
-68.160342, -0.398669, -2.513146, -3.436755, 4.251488
-68.277366, -0.483587, -2.514849, -3.445629, 4.254257
-68.394563, -0.568250, -2.516714, -3.449414, 4.253699
-68.511964, -0.652581, -2.520214, -3.456691, 4.252641
-68.629712, -0.736533, -2.523940, -3.471629, 4.258984
-68.748178, -0.820286, -2.526813, -3.510801, 4.295806
-68.866560, -0.903816, -2.528411, -3.480470, 4.255268
-68.985054, -0.987233, -2.529141, -3.476272, 4.251646
-69.102878, -1.069703, -2.532465, -3.475056, 4.239847
-69.221424, -1.151897, -2.537110, -3.490988, 4.243253
-69.340118, -1.233720, -2.539390, -3.495672, 4.241436
-69.458918, -1.315406, -2.539489, -3.497465, 4.243283
-69.577342, -1.396609, -2.537392, -3.490507, 4.241059
-69.696049, -1.478485, -2.539016, -3.495224, 4.242376
-69.815140, -1.560216, -2.541243, -3.505118, 4.248271
-69.934495, -1.641734, -2.543527, -3.513042, 4.251217
-70.054061, -1.722992, -2.545851, -3.518641, 4.251141
-70.173796, -1.803909, -2.548110, -3.512315, 4.218026
-70.293287, -1.884580, -2.551548, -3.536782, 4.254041
-70.413717, -1.964494, -2.552309, -3.553090, 4.268267
-70.533828, -2.044729, -2.553757, -3.534516, 4.247497
-70.654153, -2.124742, -2.555602, -3.542837, 4.252354
-70.774736, -2.204655, -2.557051, -3.550041, 4.256883
-70.895854, -2.284741, -2.558391, -3.561976, 4.266388
-71.016643, -2.364253, -2.560603, -3.555165, 4.254158
-71.137607, -2.443440, -2.563336, -3.564068, 4.255992
-71.258850, -2.522352, -2.565847, -3.571993, 4.258498
-71.380436, -2.601070, -2.568187, -3.583001, 4.265270
-71.502660, -2.679781, -2.569910, -3.583531, 4.257757
-71.624643, -2.758298, -2.571170, -3.591798, 4.266065
-71.746399, -2.836248, -2.573108, -3.583447, 4.252000
-71.867986, -2.913512, -2.575664, -3.562280, 4.220487
-71.989866, -2.990553, -2.580924, -3.595481, 4.245470
-72.112193, -3.067100, -2.584190, -3.603142, 4.245421
-72.234739, -3.143420, -2.585810, -3.609664, 4.249207
-72.356907, -3.219277, -2.586269, -3.610576, 4.240810
-72.479713, -3.295425, -2.586800, -3.613652, 4.250841
-72.602747, -3.371473, -2.588319, -3.620307, 4.255134
-72.726011, -3.447484, -2.589385, -3.627532, 4.260803
-72.849428, -3.523360, -2.591385, -3.631686, 4.260715
-72.972404, -3.598928, -2.594501, -3.624179, 4.258437
-73.095664, -3.674006, -2.596000, -3.640333, 4.247183
-73.219710, -3.748951, -2.597665, -3.686497, 4.294901
-73.343894, -3.823879, -2.599353, -3.646336, 4.256799
-73.467983, -3.898521, -2.600720, -3.652795, 4.261079
-73.592288, -3.973085, -2.601972, -3.659899, 4.266348
-73.717058, -4.047879, -2.603701, -3.683206, 4.284608
-73.841592, -4.121935, -2.605899, -3.664214, 4.261820
-73.966228, -4.195655, -2.608890, -3.670590, 4.260672
-74.091086, -4.268995, -2.612012, -3.678425, 4.262256
-74.216620, -4.342182, -2.614691, -3.695666, 4.276862
-74.341959, -4.415142, -2.616220, -3.706846, 4.289154
-74.467359, -4.487640, -2.618184, -3.684454, 4.254579
-74.592590, -4.559691, -2.620794, -3.687206, 4.250766
-74.717920, -4.631329, -2.623144, -3.673095, 4.213182
-74.842974, -4.702234, -2.628289, -3.698178, 4.243075
-74.968902, -4.772866, -2.632394, -3.708090, 4.247631
-75.095058, -4.843140, -2.635380, -3.715862, 4.248729
-75.220921, -4.912919, -2.637472, -3.714695, 4.239666
-75.347452, -4.982709, -2.637664, -3.724100, 4.252377
-75.474228, -5.052398, -2.639660, -3.731031, 4.255952
-75.601287, -5.121953, -2.641056, -3.739362, 4.262393
-75.728191, -5.191105, -2.643307, -3.712322, 4.231368
-75.854794, -5.260393, -2.646120, -3.718161, 4.227882
-75.982046, -5.328925, -2.647540, -3.749604, 4.258475
-76.109759, -5.397515, -2.649377, -3.759767, 4.266381
-76.238010, -5.465991, -2.650845, -3.757231, 4.259193
-76.365846, -5.534184, -2.652174, -3.762534, 4.263041
-76.493774, -5.602293, -2.653032, -3.767694, 4.266618
-76.622230, -5.670700, -2.653721, -3.789182, 4.285366
-76.750294, -5.738453, -2.655619, -3.767416, 4.261072
-76.878398, -5.805850, -2.658756, -3.772043, 4.258664
-77.006798, -5.872808, -2.661845, -3.821777, 4.293548
-77.135502, -5.939640, -2.663757, -3.780167, 4.256106
-77.264156, -6.006232, -2.665589, -3.775937, 4.249924
-77.392526, -6.072241, -2.667728, -3.778633, 4.246594
-77.520948, -6.137946, -2.669563, -3.780042, 4.244192
-77.649424, -6.203407, -2.671108, -3.781834, 4.242861
-77.777555, -6.268165, -2.675289, -3.787498, 4.239110
-77.906536, -6.332629, -2.680447, -3.798612, 4.242345
-78.035792, -6.396755, -2.682517, -3.805012, 4.244523
-78.164600, -6.460408, -2.683781, -3.804368, 4.231239
-78.294118, -6.524052, -2.684789, -3.811722, 4.246879
-78.423903, -6.587615, -2.686748, -3.819470, 4.251764
-78.553964, -6.651074, -2.688183, -3.827848, 4.257938
-78.683508, -6.714325, -2.691283, -3.829691, 4.252870
-78.813136, -6.776856, -2.693130, -3.826997, 4.248612
-78.943547, -6.839397, -2.695901, -3.841672, 4.257566
-79.074375, -6.901654, -2.699010, -3.851460, 4.262158
-79.205864, -6.963573, -2.701986, -3.851166, 4.254589
-79.336915, -7.024962, -2.704961, -3.857340, 4.257174
-79.468125, -7.086066, -2.707003, -3.865619, 4.261387
-79.600000, -7.147332, -2.708241, -3.877825, 4.272335
-79.731394, -7.207891, -2.711159, -3.867603, 4.256021
-79.862898, -7.267955, -2.715053, -3.873578, 4.254767
-79.995023, -7.327696, -2.718397, -3.882622, 4.256774
-80.127136, -7.387060, -2.721446, -3.879066, 4.249313
-80.258997, -7.445723, -2.724620, -3.882796, 4.246650
-80.390997, -7.503965, -2.727403, -3.886409, 4.245406
-80.523121, -7.561853, -2.729819, -3.890122, 4.244971
-80.655378, -7.619445, -2.731913, -3.894314, 4.245671
-80.787270, -7.676363, -2.736269, -3.893630, 4.238764
-80.919996, -7.732751, -2.743108, -3.910349, 4.243364
-81.053179, -7.788614, -2.746353, -3.920731, 4.248498
-81.186005, -7.843777, -2.748616, -3.926487, 4.244572
-81.319481, -7.898856, -2.752276, -3.931617, 4.249473
-81.453500, -7.953547, -2.755738, -3.945538, 4.258741
-81.587443, -8.007617, -2.759636, -3.925135, 4.236975
-81.720856, -8.061532, -2.763703, -3.950099, 4.250280
-81.855441, -8.114753, -2.766875, -3.964278, 4.259799
-81.990439, -8.167576, -2.770418, -3.974248, 4.264763
-82.125787, -8.219985, -2.773768, -3.998660, 4.280862
-82.261711, -8.272004, -2.776718, -3.981314, 4.261407
-82.397148, -8.323544, -2.779405, -3.986668, 4.262946
-82.532745, -8.374905, -2.780778, -4.008248, 4.294426
-82.668749, -8.426185, -2.782220, -3.987195, 4.260239
-82.804308, -8.476880, -2.785068, -3.990240, 4.257834
-82.940113, -8.527138, -2.787917, -4.033727, 4.291886
-83.076398, -8.577433, -2.790185, -3.997636, 4.257872
-83.212084, -8.626999, -2.792643, -3.994056, 4.250210
-83.347837, -8.676221, -2.794777, -3.996073, 4.249083
-83.483662, -8.725166, -2.796607, -3.998367, 4.248721
-83.619574, -8.773883, -2.798189, -4.001259, 4.249338
-83.755591, -8.822387, -2.800095, -4.005020, 4.250140
-83.891281, -8.870458, -2.804942, -4.008994, 4.247560
-84.027835, -8.917819, -2.810087, -4.021478, 4.253443
-84.164451, -8.964829, -2.812946, -3.975949, 4.208789
-84.301072, -9.011034, -2.815624, -4.030530, 4.255097
-84.438362, -9.057122, -2.819174, -4.042567, 4.262386
-84.576013, -9.102858, -2.822451, -4.051347, 4.266815
-84.712272, -9.148032, -2.826372, -4.025231, 4.241201
-84.850026, -9.192830, -2.829662, -4.058408, 4.264108
-84.988233, -9.237146, -2.833042, -4.068098, 4.269818
-85.126751, -9.281045, -2.836379, -4.077024, 4.274639
-85.265926, -9.324517, -2.839906, -4.098274, 4.295321
-85.404746, -9.367465, -2.843044, -4.082761, 4.271817
-85.543703, -9.409986, -2.846139, -4.090813, 4.276157
-85.683219, -9.452389, -2.848959, -4.089771, 4.272326
-85.822345, -9.494079, -2.852306, -4.095012, 4.272080
-85.961585, -9.535296, -2.855209, -4.100684, 4.274745
-86.101788, -9.576358, -2.857984, -4.128467, 4.298785
-86.241290, -9.616855, -2.860727, -4.104953, 4.271961
-86.380800, -9.656911, -2.863121, -4.107584, 4.272161
-86.520447, -9.696674, -2.865219, -4.111713, 4.273879
-86.660233, -9.736161, -2.867469, -4.116148, 4.275589
-86.800186, -9.775307, -2.870311, -4.121805, 4.278101
-86.940013, -9.813815, -2.873666, -4.091753, 4.245448
-87.080162, -9.852365, -2.877679, -4.136185, 4.284356
-87.220944, -9.890232, -2.880725, -4.143332, 4.288523
-87.361046, -9.927383, -2.883845, -4.141347, 4.283802
-87.502104, -9.964297, -2.886950, -4.151083, 4.289479
-87.643456, -10.000845, -2.890218, -4.159612, 4.294615
-87.783742, -10.036629, -2.893759, -4.120877, 4.253247
-87.925039, -10.072241, -2.897128, -4.164241, 4.291911
-88.066794, -10.107377, -2.900115, -4.171171, 4.295848
-88.208766, -10.142137, -2.902822, -4.177091, 4.299090
-88.351060, -10.176462, -2.905370, -4.218269, 4.332310
-88.493341, -10.210422, -2.908756, -4.176279, 4.291998
-88.635389, -10.243890, -2.911609, -4.179786, 4.293039
-88.777875, -10.277296, -2.913243, -4.174963, 4.287264
-88.919873, -10.310149, -2.915490, -4.176899, 4.286047
-89.061734, -10.342626, -2.917524, -4.174240, 4.281273
-89.204358, -10.374976, -2.919461, -4.213357, 4.319665
-89.346326, -10.406902, -2.921381, -4.168135, 4.271254
-89.487955, -10.438469, -2.923157, -4.167911, 4.269352
-89.629583, -10.469783, -2.924801, -4.168231, 4.268127
-89.771240, -10.500868, -2.926333, -4.169603, 4.268100
-89.912964, -10.531747, -2.927794, -4.172207, 4.269379
-90.054707, -10.562318, -2.929652, -4.135298, 4.225509
-90.195992, -10.592908, -2.932030, -4.179249, 4.272051
-90.338244, -10.622959, -2.935301, -4.186077, 4.276869
-90.479891, -10.652361, -2.938492, -4.184038, 4.272617
-90.622430, -10.681471, -2.941414, -4.195649, 4.281217
-90.765240, -10.710210, -2.944641, -4.202161, 4.285033
-90.907355, -10.738357, -2.947381, -4.147921, 4.226885
-91.049756, -10.765932, -2.950398, -4.203808, 4.281993
-91.192876, -10.793377, -2.953787, -4.211269, 4.286734
-91.336221, -10.820380, -2.957012, -4.217664, 4.290639
-91.479842, -10.846900, -2.960157, -4.257940, 4.324151
-91.623810, -10.873049, -2.962706, -4.216150, 4.284443
-91.767209, -10.898798, -2.965068, -4.218793, 4.285443
-91.911022, -10.924405, -2.967638, -4.214744, 4.279614
-92.054301, -10.949431, -2.970016, -4.214753, 4.277369
-92.197492, -10.974151, -2.971256, -4.213290, 4.275209
-92.341049, -10.998784, -2.972370, -4.270189, 4.330330
-92.484661, -11.023156, -2.974453, -4.204999, 4.264182
-92.627541, -11.047082, -2.976729, -4.204708, 4.262508
-92.770414, -11.070702, -2.978741, -4.204545, 4.260882
-92.913280, -11.094004, -2.981313, -4.204753, 4.259163
-93.056189, -11.116867, -2.984625, -4.207260, 4.259548
-93.199216, -11.139253, -2.988088, -4.211298, 4.261322
-93.341748, -11.160979, -2.993693, -4.211748, 4.257664
-93.485079, -11.182074, -2.998179, -4.169055, 4.219194
-93.627959, -11.202395, -3.001218, -4.218719, 4.261168
-93.771572, -11.222396, -3.005010, -4.229879, 4.269799
-93.915587, -11.241942, -3.008407, -4.237227, 4.275127
-94.059229, -11.260989, -3.011948, -4.212966, 4.246744
-94.202748, -11.279300, -3.015755, -4.239300, 4.272854
-94.347030, -11.297331, -3.018716, -4.244854, 4.277151
-94.491497, -11.314965, -3.021518, -4.250210, 4.281090
-94.636200, -11.332169, -3.024065, -4.285658, 4.311912
-94.781047, -11.348913, -3.027485, -4.247102, 4.274780
-94.925645, -11.365490, -3.030517, -4.276638, 4.304090
-95.070201, -11.381420, -3.033202, -4.245641, 4.270739
-95.214495, -11.396891, -3.036039, -4.243877, 4.267719
-95.358730, -11.411988, -3.038532, -4.245485, 4.268136
-95.503179, -11.426892, -3.040718, -4.274991, 4.298689
-95.648043, -11.441268, -3.042719, -4.243990, 4.264584
-95.792253, -11.455382, -3.044740, -4.244002, 4.264035
-95.936499, -11.469268, -3.046480, -4.246045, 4.265326
-96.080821, -11.482916, -3.048127, -4.248568, 4.267184
-96.225237, -11.496325, -3.050001, -4.251609, 4.269450
-96.369767, -11.509426, -3.052523, -4.255389, 4.272271
-96.513766, -11.522622, -3.055018, -4.258473, 4.274376
-96.658202, -11.535143, -3.058028, -4.228037, 4.243381
-96.802959, -11.546808, -3.061411, -4.262943, 4.276719
-96.948070, -11.558241, -3.064318, -4.269559, 4.282347
-97.093379, -11.569248, -3.067618, -4.275158, 4.286931
-97.238433, -11.579926, -3.070632, -4.240555, 4.252353
-97.383072, -11.589777, -3.074204, -4.263491, 4.275420
-97.528429, -11.599439, -3.077189, -4.277816, 4.286754
-97.674018, -11.608578, -3.080614, -4.283374, 4.291402
-97.820081, -11.617077, -3.084077, -4.309640, 4.317023
-97.965750, -11.625199, -3.087783, -4.279391, 4.285643
-98.111667, -11.632977, -3.090626, -4.277874, 4.283554
-98.257108, -11.640195, -3.093879, -4.277858, 4.282791
-98.402474, -11.646939, -3.097233, -4.277901, 4.282020
-98.547855, -11.653130, -3.100743, -4.279694, 4.283266
-98.693448, -11.658960, -3.103912, -4.316500, 4.320894
-98.839416, -11.664138, -3.106409, -4.291723, 4.294592
-98.984926, -11.669056, -3.108988, -4.277623, 4.279958
-99.130285, -11.673642, -3.111119, -4.278679, 4.280675
-99.275709, -11.677931, -3.113074, -4.280700, 4.282446
-99.421209, -11.681947, -3.114903, -4.283204, 4.284734
-99.566498, -11.685548, -3.116904, -4.235424, 4.238961
-99.711859, -11.689575, -3.118995, -4.287896, 4.288969
-99.857054, -11.692693, -3.122231, -4.284505, 4.285412
-100.002940, -11.695282, -3.125340, -4.292166, 4.292771
-100.148989, -11.697432, -3.128516, -4.296038, 4.296442
-100.295180, -11.699109, -3.131722, -4.300278, 4.300526
-100.441061, -11.700465, -3.134839, -4.253891, 4.255871
-100.586549, -11.700663, -3.138915, -4.257712, 4.258757
-100.732381, -11.701162, 3.141444, -4.297094, 4.297132
-100.878616, -11.700916, 3.138083, -4.301153, 4.301217
-101.025253, -11.700009, 3.133981, -4.293404, 4.293593
-101.171566, -11.698792, 3.130892, -4.307873, 4.308219
-101.317487, -11.697016, 3.127919, -4.290087, 4.290528
-101.463347, -11.694809, 3.124969, -4.288992, 4.289599
-101.609063, -11.692203, 3.121865, -4.286981, 4.287864
-101.754743, -11.689086, 3.118615, -4.287736, 4.288880
-101.900529, -11.685577, 3.115631, -4.319101, 4.319848
-102.046543, -11.681625, 3.113480, -4.305859, 4.308187
-102.192525, -11.677147, 3.110410, -4.282661, 4.284787
-102.338047, -11.672457, 3.107649, -4.282558, 4.285098
-102.483532, -11.667292, 3.104541, -4.281794, 4.284754
-102.629052, -11.661682, 3.101627, -4.283224, 4.286658
-102.773935, -11.655991, 3.099127, -4.277745, 4.279987
-102.919034, -11.649818, 3.097146, -4.271193, 4.276446
-103.064627, -11.643068, 3.093488, -4.283962, 4.288965
-103.210391, -11.635812, 3.090321, -4.287417, 4.293089
-103.356269, -11.628134, 3.087774, -4.290558, 4.296814
-103.502244, -11.620101, 3.085502, -4.293235, 4.300034
-103.647951, -11.611909, 3.083411, -4.241213, 4.250326
-103.793353, -11.602861, 3.080670, -4.289226, 4.297154
-103.938636, -11.594086, 3.079453, -4.286575, 4.295157
-104.084848, -11.584799, 3.078286, -4.306909, 4.314895
-104.230728, -11.575606, 3.076766, -4.307236, 4.315588
-104.376315, -11.566064, 3.075576, -4.277121, 4.286510
-104.521747, -11.556338, 3.074129, -4.277605, 4.287392
-104.667154, -11.546436, 3.072766, -4.276192, 4.286452
-104.812465, -11.536336, 3.070976, -4.276470, 4.287285
-104.957758, -11.525903, 3.068685, -4.275898, 4.287323
-105.103211, -11.515119, 3.066544, -4.281866, 4.293954
-105.248968, -11.504190, 3.065615, -4.273797, 4.285769
-105.394572, -11.492858, 3.064137, -4.271084, 4.284259
-105.539749, -11.481518, 3.063258, -4.268639, 4.281885
-105.684804, -11.470058, 3.062288, -4.269035, 4.282510
-105.829319, -11.458415, 3.061441, -4.228152, 4.241607
-105.973745, -11.447324, 3.061897, -4.229692, 4.244968
-106.118478, -11.435479, 3.060667, -4.263519, 4.277526
-106.263600, -11.423685, 3.059960, -4.269984, 4.284326
-106.408885, -11.411772, 3.059533, -4.272831, 4.287287
-106.554255, -11.399777, 3.058937, -4.275284, 4.289966
-106.699705, -11.387668, 3.058100, -4.277602, 4.292580
-106.845107, -11.375443, 3.057313, -4.276611, 4.291850
-106.989637, -11.362803, 3.055153, -4.271603, 4.287338
-107.134565, -11.350191, 3.052869, -4.298992, 4.317457
-107.279758, -11.337090, 3.051467, -4.262569, 4.279989
-107.425042, -11.324057, 3.050494, -4.258689, 4.276243
-107.569864, -11.310719, 3.049011, -4.260122, 4.278477
-107.714729, -11.297167, 3.047653, -4.261311, 4.280215
-107.859611, -11.283441, 3.046393, -4.260804, 4.280272
-108.004414, -11.269545, 3.044766, -4.261768, 4.281995
-108.149342, -11.255323, 3.042801, -4.266281, 4.287175
-108.294397, -11.240811, 3.040984, -4.268505, 4.290202
-108.439752, -11.226143, 3.040168, -4.261389, 4.282821
-108.584935, -11.211146, 3.038731, -4.259197, 4.282059
-108.729703, -11.196139, 3.037900, -4.258247, 4.281432
-108.874199, -11.180921, 3.036771, -4.203602, 4.231615
-109.018328, -11.166132, 3.036957, -4.235897, 4.257682
-109.162308, -11.150842, 3.036156, -4.250714, 4.274290
-109.306861, -11.135445, 3.034798, -4.252500, 4.276894
-109.451631, -11.119881, 3.033953, -4.259143, 4.283921
-109.596525, -11.104173, 3.033238, -4.261246, 4.286413
-109.741495, -11.088355, 3.032585, -4.263485, 4.288970
-109.886374, -11.072454, 3.031966, -4.262530, 4.288276
-110.031309, -11.056455, 3.031267, -4.264982, 4.291106
-110.175506, -11.040048, 3.029398, -4.269353, 4.297807
-110.320373, -11.023322, 3.026181, -4.249468, 4.277967
-110.465229, -11.006599, 3.025834, -4.247688, 4.275982
-110.609683, -10.989728, 3.024508, -4.249632, 4.278963
-110.754202, -10.972636, 3.023256, -4.251416, 4.281389
-110.898717, -10.955397, 3.022039, -4.251217, 4.281991
-111.043210, -10.937961, 3.020292, -4.252825, 4.284516
-111.187774, -10.920231, 3.018202, -4.256509, 4.289163
-111.332540, -10.902168, 3.016742, -4.260552, 4.293960
-111.477993, -10.884108, 3.016319, -4.287180, 4.320731
-111.622530, -10.866016, 3.015950, -4.241954, 4.275337
-111.766271, -10.847618, 3.014193, -4.222035, 4.257219
-111.910052, -10.828923, 3.012315, -4.240726, 4.276741
-112.053424, -10.810468, 3.012811, -4.234600, 4.270431
-112.197060, -10.791868, 3.013357, -4.234377, 4.269100
-112.341067, -10.773285, 3.012990, -4.236861, 4.272174
-112.485619, -10.754485, 3.012208, -4.256936, 4.293220
-112.629692, -10.735646, 3.011204, -4.236235, 4.272544
-112.773763, -10.716664, 3.010030, -4.238470, 4.275452
-112.917818, -10.697482, 3.008999, -4.239289, 4.276592
-113.062096, -10.678238, 3.007998, -4.255756, 4.294686
-113.204901, -10.659106, 3.006805, -4.155743, 4.198740
-113.347109, -10.638770, 3.004922, -4.218141, 4.262471
-113.490523, -10.618858, 3.003592, -4.222621, 4.263964
-113.634014, -10.598845, 3.002833, -4.218859, 4.259873
-113.777494, -10.578636, 3.000543, -4.221087, 4.263447
-113.921047, -10.558092, 2.998393, -4.223128, 4.266823
-114.065333, -10.537071, 2.995808, -4.231062, 4.277082
-114.208066, -10.515982, 2.993810, -4.175883, 4.221713
-114.351037, -10.494651, 2.992084, -4.211015, 4.258544
-114.494225, -10.472968, 2.990540, -4.211756, 4.260293
-114.637686, -10.451174, 2.989348, -4.230096, 4.280087
-114.780835, -10.429213, 2.987909, -4.179872, 4.225902
-114.923321, -10.407025, 2.985955, -4.174963, 4.225006
-115.065974, -10.384745, 2.985524, -4.198079, 4.249738
-115.208709, -10.362264, 2.985202, -4.198156, 4.250060
-115.351452, -10.339731, 2.984857, -4.198537, 4.250677
-115.494347, -10.316963, 2.984343, -4.227145, 4.283965
-115.637680, -10.294243, 2.982941, -4.193429, 4.246724
-115.778756, -10.271614, 2.981833, -4.141285, 4.195182
-115.920577, -10.248724, 2.980666, -4.177198, 4.231902
-116.062595, -10.225591, 2.979582, -4.176840, 4.232291
-116.204885, -10.202426, 2.978796, -4.198074, 4.254718
-116.346884, -10.179052, 2.977821, -4.134391, 4.190249
-116.488085, -10.155420, 2.975510, -4.151750, 4.207998
-116.629578, -10.131670, 2.974246, -4.161414, 4.220378
-116.771057, -10.107684, 2.973084, -4.160986, 4.220798
-116.912531, -10.083535, 2.971988, -4.161085, 4.221689
-117.054278, -10.059016, 2.970436, -4.171950, 4.232300
-117.196023, -10.034553, 2.969378, -4.152914, 4.214705
-117.335876, -10.010342, 2.968614, -4.119850, 4.183435
-117.476591, -9.985660, 2.967600, -4.140543, 4.204057
-117.617368, -9.960843, 2.966614, -4.140452, 4.204686
-117.758461, -9.936029, 2.965972, -4.165960, 4.231163
-117.899564, -9.910897, 2.965433, -4.101531, 4.162209
-118.039280, -9.885844, 2.963462, -4.116369, 4.179562
-118.179488, -9.860598, 2.962536, -4.123679, 4.190685
-118.319694, -9.835159, 2.961691, -4.123844, 4.191521
-118.459918, -9.809598, 2.960890, -4.124710, 4.193014
-118.600442, -9.783735, 2.959387, -4.122905, 4.191948
-118.740657, -9.757820, 2.958830, -4.065686, 4.140463
-118.879668, -9.732552, 2.958470, -4.097146, 4.168704
-119.019344, -9.706594, 2.957530, -4.108907, 4.179549
-119.159062, -9.680516, 2.956624, -4.109807, 4.181160
-119.299032, -9.654436, 2.955914, -4.144941, 4.214160
-119.439495, -9.627907, 2.955335, -4.104435, 4.176722
-119.577874, -9.601696, 2.953587, -4.086245, 4.156368
-119.717079, -9.575190, 2.952549, -4.094898, 4.169182
-119.856327, -9.548478, 2.951603, -4.096200, 4.171288
-119.995630, -9.521624, 2.950715, -4.098181, 4.174021
-120.135213, -9.494444, 2.949143, -4.094747, 4.172557
-120.274301, -9.467159, 2.948430, -4.051661, 4.129782
-120.412614, -9.440268, 2.947707, -4.065477, 4.147587
-120.551449, -9.412802, 2.945774, -4.085406, 4.165060
-120.690382, -9.385108, 2.943941, -4.087089, 4.168265
-120.829488, -9.357206, 2.942304, -4.131815, 4.211785
-120.969303, -9.328839, 2.940844, -4.082768, 4.166451
-121.106821, -9.300799, 2.938622, -4.060937, 4.143119
-121.245300, -9.272209, 2.936762, -4.074370, 4.161361
-121.383854, -9.243302, 2.935091, -4.075913, 4.164412
-121.522469, -9.214150, 2.933556, -4.077931, 4.167821
-121.661352, -9.184570, 2.931430, -4.074196, 4.166598
-121.799649, -9.154803, 2.930379, -4.039923, 4.133697
-121.937529, -9.125236, 2.929572, -4.052402, 4.149025
-122.075933, -9.095239, 2.927521, -4.074237, 4.169458
-122.214549, -9.064962, 2.925616, -4.079493, 4.176544
-122.353463, -9.034360, 2.923883, -4.138669, 4.238318
-122.493159, -9.003355, 2.922427, -4.081967, 4.181998
-122.630689, -8.972654, 2.920389, -4.061926, 4.161736
-122.769295, -8.941362, 2.918402, -4.079509, 4.183278
-122.908070, -8.909730, 2.916611, -4.083664, 4.189261
-123.046995, -8.877814, 2.914979, -4.088299, 4.195590
-123.186232, -8.845429, 2.912810, -4.088362, 4.198034
-123.324825, -8.812781, 2.911782, -4.065013, 4.177031
-123.463287, -8.780325, 2.910916, -4.072775, 4.187232
-123.602178, -8.747537, 2.908858, -4.087185, 4.200466
-123.741211, -8.714440, 2.906972, -4.091174, 4.206435
-123.880697, -8.680926, 2.905165, -4.159892, 4.275919
-124.020602, -8.647119, 2.903743, -4.090556, 4.209037
-124.158234, -8.613613, 2.901642, -4.074952, 4.195548
-124.297095, -8.579469, 2.899361, -4.085878, 4.208768
-124.436072, -8.544974, 2.897290, -4.089226, 4.214381
-124.575268, -8.510013, 2.895307, -4.113191, 4.245475
-124.714527, -8.474836, 2.893063, -4.093382, 4.223120
-124.853354, -8.439320, 2.892045, -4.088296, 4.218854
-124.991996, -8.403901, 2.890737, -4.086623, 4.219629
-125.131050, -8.368115, 2.888435, -4.091208, 4.225917
-125.270209, -8.331956, 2.886360, -4.094574, 4.231672
-125.410020, -8.295303, 2.884205, -4.145922, 4.285906
-125.549617, -8.258425, 2.882503, -4.076380, 4.211482
-125.687411, -8.221660, 2.880179, -4.086066, 4.229495
-125.826386, -8.184309, 2.877817, -4.088696, 4.235189
-125.965453, -8.146588, 2.875680, -4.091687, 4.240748
-126.104789, -8.108396, 2.873411, -4.100940, 4.250325
-126.243995, -8.069987, 2.871451, -4.095774, 4.249891
-126.383044, -8.031384, 2.870510, -4.091443, 4.246162
-126.521576, -7.992717, 2.868557, -4.088825, 4.245251
-126.660618, -7.953593, 2.865874, -4.090508, 4.251071
-126.799742, -7.914047, 2.863463, -4.093189, 4.256780
-126.939625, -7.873916, 2.861054, -4.116236, 4.285071
-127.078364, -7.833867, 2.859160, -4.019319, 4.190520
-127.216506, -7.793468, 2.856636, -4.084320, 4.255786
-127.355406, -7.752598, 2.854265, -4.086377, 4.261063
-127.494387, -7.711363, 2.852121, -4.088956, 4.266468
-127.633638, -7.669643, 2.849679, -4.087283, 4.268638
-127.772692, -7.627773, 2.847987, -4.090135, 4.271371
-127.911602, -7.585853, 2.847051, -4.071082, 4.248654
-128.049863, -7.543711, 2.844591, -4.080368, 4.266894
-128.188605, -7.501039, 2.841900, -4.081203, 4.271596
-128.327390, -7.457965, 2.839468, -4.082679, 4.276374
-128.466913, -7.414277, 2.836975, -4.080021, 4.276904
-128.604623, -7.370908, 2.835095, -4.037194, 4.234175
-128.742853, -7.327071, 2.833203, -4.071538, 4.273135
-128.881317, -7.282833, 2.831519, -4.073402, 4.277397
-129.019852, -7.238325, 2.829982, -4.075749, 4.281978
-129.158589, -7.193377, 2.827958, -4.074266, 4.283548
-129.297325, -7.148756, 2.826890, -4.092386, 4.294215
-129.435461, -7.103913, 2.826165, -4.034879, 4.246549
-129.573491, -7.058575, 2.823720, -4.065097, 4.279547
-129.711717, -7.012911, 2.821391, -4.065825, 4.283554
-129.850183, -6.966673, 2.818928, -4.082124, 4.301633
-129.988799, -6.920317, 2.816915, -4.060851, 4.284283
-130.125494, -6.874294, 2.815547, -4.045562, 4.267984
-130.263303, -6.827617, 2.814394, -4.054571, 4.281739
-130.401199, -6.780732, 2.813331, -4.056920, 4.285782
-130.539306, -6.733475, 2.812101, -4.073375, 4.304936
-130.677323, -6.686185, 2.810560, -4.058224, 4.291151
-130.815665, -6.639390, 2.810396, -4.049527, 4.288273
-130.953096, -6.592120, 2.809511, -4.038430, 4.276190
-131.090788, -6.544445, 2.807296, -4.050316, 4.287709
-131.228509, -6.496449, 2.805257, -4.050952, 4.291406
-131.366564, -6.447962, 2.802688, -4.078459, 4.315671
-131.503897, -6.399378, 2.801341, -4.009933, 4.250242
-131.640285, -6.351228, 2.800610, -4.036062, 4.282557
-131.777541, -6.302460, 2.799780, -4.037779, 4.285736
-131.914859, -6.253543, 2.798983, -4.039761, 4.289059
-132.052476, -6.204277, 2.797476, -4.041942, 4.291154
-132.189558, -6.154941, 2.796243, -4.009781, 4.262084
-132.327128, -6.105744, 2.796893, -4.035954, 4.287203
-132.463766, -6.056593, 2.795923, -4.028017, 4.281960
-132.600749, -6.007123, 2.793829, -4.028365, 4.284879
-132.737710, -5.957323, 2.791903, -4.028269, 4.287775
-132.875100, -5.907090, 2.789576, -4.042660, 4.307361
-133.011300, -5.857218, 2.788727, -3.977057, 4.233395
-133.147330, -5.806983, 2.787389, -4.010911, 4.276366
-133.283691, -5.756448, 2.786010, -4.010421, 4.278053
-133.420045, -5.705707, 2.784710, -4.010484, 4.280192
-133.556628, -5.654534, 2.782591, -4.004876, 4.278804
-133.692465, -5.603483, 2.781276, -4.003503, 4.269608
-133.828988, -5.552257, 2.782137, -4.002723, 4.274735
-133.964304, -5.501275, 2.781178, -3.994400, 4.267888
-134.100094, -5.449968, 2.779158, -3.993223, 4.270664
-134.235976, -5.398135, 2.777085, -4.009711, 4.294290
-134.372048, -5.346244, 2.775123, -3.997618, 4.284824
-134.506834, -5.294504, 2.774551, -3.950357, 4.235574
-134.641908, -5.242348, 2.772865, -3.976188, 4.262775
-134.777084, -5.189983, 2.771209, -3.975410, 4.264610
-134.912244, -5.137378, 2.769666, -3.975294, 4.267049
-135.047603, -5.084310, 2.767435, -3.969740, 4.266369
-135.182223, -5.031489, 2.766211, -3.972234, 4.264316
-135.317544, -4.978292, 2.767003, -3.969126, 4.265630
-135.451807, -4.925413, 2.766130, -3.962275, 4.258368
-135.586528, -4.872184, 2.764190, -3.962326, 4.262289
-135.721452, -4.818400, 2.761987, -3.974636, 4.275837
-135.856248, -4.764538, 2.760249, -3.911427, 4.231351
-135.989708, -4.710688, 2.759367, -3.919146, 4.229410
-136.123732, -4.656544, 2.757088, -3.944721, 4.255505
-136.257841, -4.602105, 2.754923, -3.944067, 4.258467
-136.391935, -4.547347, 2.752934, -3.943950, 4.261803
-136.526234, -4.492093, 2.750448, -3.939561, 4.262291
-136.659849, -4.436982, 2.749032, -3.939903, 4.261236
-136.794241, -4.381540, 2.749861, -3.949290, 4.276132
-136.927576, -4.326413, 2.749950, -3.927536, 4.253426
-137.061298, -4.271091, 2.748433, -3.932980, 4.257870
-137.195188, -4.215303, 2.746476, -3.939351, 4.264391
-137.328778, -4.159485, 2.744674, -3.914634, 4.246279
-137.461717, -4.103770, 2.743364, -3.891121, 4.225296
-137.594688, -4.047533, 2.740448, -3.912399, 4.249814
-137.727667, -3.990909, 2.737684, -3.910016, 4.252170
-137.860577, -3.933895, 2.735104, -3.908430, 4.255150
-137.993667, -3.876257, 2.731943, -3.908798, 4.258212
-138.125944, -3.818730, 2.729429, -3.905006, 4.249213
-138.258681, -3.760824, 2.728337, -3.940413, 4.291664
-138.390835, -3.702872, 2.727299, -3.857471, 4.221170
-138.522762, -3.644501, 2.724007, -3.882409, 4.247448
-138.654864, -3.585508, 2.720494, -3.888532, 4.257004
-138.786585, -3.526273, 2.717093, -3.872786, 4.243788
-138.917881, -3.467174, 2.714449, -3.831696, 4.213108
-139.048902, -3.407129, 2.710202, -3.856157, 4.245088
-139.179954, -3.346482, 2.706241, -3.852923, 4.249246
-139.310906, -3.285278, 2.702607, -3.850327, 4.253605
-139.441908, -3.223320, 2.699037, -3.865301, 4.278534
-139.572389, -3.161155, 2.695481, -3.820505, 4.228560
-139.702904, -3.098857, 2.693879, -3.838948, 4.258626
-139.833636, -3.036347, 2.693299, -3.794952, 4.211394
-139.963416, -2.973500, 2.690261, -3.825745, 4.251435
-140.093582, -2.909993, 2.686903, -3.837118, 4.269624
-140.223404, -2.846259, 2.683478, -3.808841, 4.242301
-140.352834, -2.782751, 2.681138, -3.775523, 4.215464
-140.481897, -2.718351, 2.677230, -3.798938, 4.248889
-140.610996, -2.653381, 2.673553, -3.795294, 4.252607
-140.739983, -2.587897, 2.670171, -3.792425, 4.256702
-140.868893, -2.521914, 2.667062, -3.795399, 4.272608
-140.997790, -2.455206, 2.663337, -3.742573, 4.228442
-141.126009, -2.388877, 2.661621, -3.777809, 4.260113
-141.254880, -2.321834, 2.660837, -3.767561, 4.238379
-141.382416, -2.255066, 2.657981, -3.766278, 4.253079
-141.510473, -2.187379, 2.654428, -3.776561, 4.280013
-141.638301, -2.119330, 2.650569, -3.732823, 4.238430
-141.765720, -2.051459, 2.647883, -3.716836, 4.217319
-141.892642, -1.982758, 2.643652, -3.736499, 4.252950
-142.019599, -1.913403, 2.639653, -3.731718, 4.256733
-142.146402, -1.843500, 2.635975, -3.727568, 4.260633
-142.273080, -1.773083, 2.632598, -3.724302, 4.264905
-142.399826, -1.701943, 2.628727, -3.713668, 4.263715
-142.525747, -1.631024, 2.626148, -3.709001, 4.264758
-142.652325, -1.559335, 2.625128, -3.715003, 4.276962
-142.777622, -1.487956, 2.622927, -3.698448, 4.256512
-142.903295, -1.415857, 2.619386, -3.703830, 4.288556
-143.028835, -1.343213, 2.615339, -3.684394, 4.261074
-143.153845, -1.270733, 2.612687, -3.652621, 4.220404
-143.278284, -1.197641, 2.608585, -3.663313, 4.253313
-143.402725, -1.123886, 2.604646, -3.657044, 4.255908
-143.526968, -1.049612, 2.601003, -3.651673, 4.258929
-143.651047, -0.974845, 2.597641, -3.647429, 4.262611
-143.775187, -0.899348, 2.593935, -3.648307, 4.268212
-143.898434, -0.824158, 2.590914, -3.645098, 4.258012
-144.022277, -0.748262, 2.589673, -3.655045, 4.292581
-144.145175, -0.672385, 2.588389, -3.605123, 4.249014
-144.268140, -0.596173, 2.585049, -3.614615, 4.257066
-144.391026, -0.519263, 2.581183, -3.606042, 4.257931
-144.513416, -0.442503, 2.578629, -3.591335, 4.236494
-144.635209, -0.365376, 2.574830, -3.585455, 4.249903
-144.756996, -0.287537, 2.571054, -3.578826, 4.252299
-144.878573, -0.209210, 2.567552, -3.573124, 4.255116
-144.999977, -0.130415, 2.564314, -3.568592, 4.258673
-145.121327, -0.050908, 2.561114, -3.580837, 4.289241
-145.242064, 0.028585, 2.557541, -3.536084, 4.227529
-145.362827, 0.108206, 2.555839, -3.549867, 4.259977
-145.483524, 0.188068, 2.554931, -3.507060, 4.220231
-145.603554, 0.268328, 2.551503, -3.533758, 4.253063
-145.723713, 0.349283, 2.547336, -3.521818, 4.252899
-145.843327, 0.430157, 2.544406, -3.512897, 4.248292
-145.962235, 0.511273, 2.540381, -3.500732, 4.244771
-146.081102, 0.593182, 2.536190, -3.492086, 4.246788
-146.199700, 0.675612, 2.532293, -3.484628, 4.249218
-146.318065, 0.758542, 2.528679, -3.478390, 4.252371
-146.436238, 0.841951, 2.525340, -3.473312, 4.256187
-146.554282, 0.925977, 2.521380, -3.458369, 4.254023
-146.671636, 1.009745, 2.518974, -3.456117, 4.256021
-146.789587, 1.094230, 2.518389, -3.439276, 4.216055
-146.906276, 1.178461, 2.515485, -3.441266, 4.246078
-147.023274, 1.263505, 2.511351, -3.430131, 4.246979
-147.139624, 1.348512, 2.508250, -3.421963, 4.238987
-147.255416, 1.433745, 2.504635, -3.407157, 4.237513
-147.371082, 1.519685, 2.500610, -3.397581, 4.238901
-147.486454, 1.606107, 2.496843, -3.389412, 4.240666
-147.601569, 1.692992, 2.493328, -3.382499, 4.243264
-147.716474, 1.780331, 2.490063, -3.376930, 4.246806
-147.831382, 1.868386, 2.486243, -3.369170, 4.246890
-147.945395, 1.955982, 2.483328, -3.364645, 4.243684
-148.059881, 2.044494, 2.482285, -3.361377, 4.260156
-148.173269, 2.132628, 2.480249, -3.344363, 4.235108
-148.286891, 2.221511, 2.476224, -3.342351, 4.240977
-148.399992, 2.310531, 2.472818, -3.312875, 4.221629
-148.512413, 2.399535, 2.469477, -3.307519, 4.225743
-148.624662, 2.489234, 2.465330, -3.296213, 4.226274
-148.736558, 2.579398, 2.461425, -3.286387, 4.226963
-148.848143, 2.670010, 2.457758, -3.277894, 4.228618
-148.959465, 2.761064, 2.454335, -3.270934, 4.231472
-149.070613, 2.852792, 2.450984, -3.276715, 4.266086
-149.181133, 2.944507, 2.447150, -3.234536, 4.198319
-149.291720, 3.036308, 2.445390, -3.288141, 4.259877
-149.401995, 3.128408, 2.444482, -3.212037, 4.204505
-149.511825, 3.220910, 2.441016, -3.230903, 4.248380
-149.621516, 3.313809, 2.436973, -3.209202, 4.212990
-149.730217, 3.406383, 2.434069, -3.186749, 4.197667
-149.838813, 3.499681, 2.429740, -3.189147, 4.211949
-149.947050, 3.593458, 2.425645, -3.178212, 4.212404
-150.054935, 3.687684, 2.421780, -3.168474, 4.213696
-150.162514, 3.782355, 2.418157, -3.160197, 4.216115
-150.269845, 3.877468, 2.414797, -3.155125, 4.220642
-150.377153, 3.973205, 2.411350, -3.139329, 4.218227
-150.483610, 4.068380, 2.409031, -3.132698, 4.217035
-150.590603, 4.164539, 2.408602, -3.133079, 4.200894
-150.696562, 4.260201, 2.406048, -3.121586, 4.209291
-150.802592, 4.356662, 2.402138, -3.108024, 4.210052
-150.907922, 4.452899, 2.399536, -3.083002, 4.166499
-151.012727, 4.549417, 2.395464, -3.082989, 4.198381
-151.117337, 4.646520, 2.391401, -3.071066, 4.197874
-151.221560, 4.744037, 2.387525, -3.060247, 4.198287
-151.325440, 4.841970, 2.383851, -3.050826, 4.199882
-151.429025, 4.940325, 2.380399, -3.042942, 4.202790
-151.532510, 5.039417, 2.377411, -3.054169, 4.235559
-151.635322, 5.138187, 2.374127, -3.022425, 4.176385
-151.738438, 5.237234, 2.372765, -3.057253, 4.235939
-151.840683, 5.336405, 2.371549, -2.994415, 4.191256
-151.942936, 5.436100, 2.367471, -3.009011, 4.201184
-152.044651, 5.535910, 2.364062, -2.968095, 4.174179
-152.145712, 5.635657, 2.360652, -2.974395, 4.186803
-152.246624, 5.736073, 2.356745, -2.962624, 4.187354
-152.347170, 5.836882, 2.353106, -2.952355, 4.188107
-152.447390, 5.938073, 2.349713, -2.943389, 4.189723
-152.547330, 6.039645, 2.346553, -2.935912, 4.192530
-152.647063, 6.141603, 2.343677, -2.932128, 4.198589
-152.746732, 6.244137, 2.340523, -2.916246, 4.192918
-152.845611, 6.346070, 2.338267, -2.909505, 4.194919
-152.944957, 6.448920, 2.337754, -2.904734, 4.160387
-153.043311, 6.551416, 2.334933, -2.898910, 4.188877
-153.141669, 6.654625, 2.330818, -2.897366, 4.197763
-153.239185, 6.757440, 2.328144, -2.855679, 4.161553
-153.336532, 6.860828, 2.324330, -2.858857, 4.178147
-153.433558, 6.964602, 2.320963, -2.849037, 4.178792
-153.530273, 7.068701, 2.317996, -2.840552, 4.179705
-153.626723, 7.173096, 2.315386, -2.833415, 4.181020
-153.722954, 7.277768, 2.313087, -2.827724, 4.183060
-153.819160, 7.382875, 2.311695, -2.821511, 4.218908
-153.914792, 7.487892, 2.308860, -2.795913, 4.147634
-154.010578, 7.592839, 2.307373, -2.855346, 4.215424
-154.106093, 7.698113, 2.306381, -2.776836, 4.167213
-154.201067, 7.803715, 2.302144, -2.793903, 4.175211
-154.295500, 7.909290, 2.298388, -2.767471, 4.156459
-154.389344, 8.014917, 2.294490, -2.756390, 4.162161
-154.482822, 8.121129, 2.290643, -2.743324, 4.160975
-154.575903, 8.227660, 2.287278, -2.732736, 4.160940
-154.668665, 8.334506, 2.284308, -2.724499, 4.162641
-154.761184, 8.441679, 2.281648, -2.718316, 4.166033
-154.853525, 8.549195, 2.279229, -2.713892, 4.170999
-154.945809, 8.657261, 2.276475, -2.719143, 4.186693
-155.037428, 8.764729, 2.273409, -2.718523, 4.169241
-155.129436, 8.873315, 2.271943, -2.698693, 4.193853
-155.220559, 8.981563, 2.269357, -2.684462, 4.168879
-155.311530, 9.090532, 2.264740, -2.663479, 4.169582
-155.401772, 9.199114, 2.261374, -2.636829, 4.144652
-155.491634, 9.308367, 2.257199, -2.638051, 4.162409
-155.581126, 9.418018, 2.253513, -2.626763, 4.163312
-155.670265, 9.528013, 2.250253, -2.617337, 4.165121
-155.759119, 9.638348, 2.247343, -2.609890, 4.168333
-155.847749, 9.749032, 2.244713, -2.604104, 4.172793
-155.936248, 9.860052, 2.242431, -2.599525, 4.178968
-156.024583, 9.971629, 2.239179, -2.585029, 4.174460
-156.112264, 10.082666, 2.236694, -2.578793, 4.179935
-156.200348, 10.194498, 2.235660, -2.565765, 4.151856
-156.287494, 10.306378, 2.232104, -2.555640, 4.193680
-156.374346, 10.418578, 2.227768, -2.541095, 4.158185
-156.460417, 10.530415, 2.223737, -2.530720, 4.164149
-156.546194, 10.643070, 2.219465, -2.516318, 4.164972
-156.631536, 10.756098, 2.215674, -2.504486, 4.166290
-156.716512, 10.869482, 2.212289, -2.494668, 4.168784
-156.801185, 10.983223, 2.209242, -2.486628, 4.172404
-156.885613, 11.097325, 2.206475, -2.480104, 4.177238
-156.969971, 11.211844, 2.204548, -2.478605, 4.185562
-157.053823, 11.326681, 2.201112, -2.434603, 4.144385
-157.137521, 11.441382, 2.197782, -2.489432, 4.206962
-157.220951, 11.556428, 2.194384, -2.423776, 4.168332
-157.303461, 11.671991, 2.187879, -2.423204, 4.174856
-157.385015, 11.787552, 2.182218, -2.381076, 4.136704
-157.466022, 11.903717, 2.176385, -2.375229, 4.172282
-157.546496, 12.020617, 2.171114, -2.359260, 4.176070
-157.626457, 12.138034, 2.166307, -2.345079, 4.180406
-157.705968, 12.255953, 2.161900, -2.332672, 4.185581
-157.785086, 12.374366, 2.157836, -2.321903, 4.191690
-157.863914, 12.493304, 2.154146, -2.314622, 4.201251
-157.942400, 12.612889, 2.150306, -2.301623, 4.232677
-158.020163, 12.732205, 2.145232, -2.299416, 4.182968
-158.098125, 12.852484, 2.141643, -2.282215, 4.198281
-158.174903, 12.972375, 2.136664, -2.251416, 4.196643
-158.251190, 13.093324, 2.130390, -2.245321, 4.215155
-158.326252, 13.213622, 2.124993, -2.211166, 4.195787
-158.401062, 13.335207, 2.120214, -2.193867, 4.200882
-158.475412, 13.457246, 2.115832, -2.180352, 4.205211
-158.549329, 13.579727, 2.111812, -2.168288, 4.209923
-158.622860, 13.702638, 2.108105, -2.157594, 4.215217
-158.696084, 13.825996, 2.104712, -2.149797, 4.223999
-158.769117, 13.949863, 2.101732, -2.142588, 4.231253
-158.841820, 14.074332, 2.097215, -2.124355, 4.230040
-158.913768, 14.198174, 2.092664, -2.142233, 4.252002
-158.985299, 14.322813, 2.089463, -2.073010, 4.215395
-159.056059, 14.447787, 2.083960, -2.064983, 4.243887
-159.126132, 14.572758, 2.078230, -2.034420, 4.170115
-159.195508, 14.697837, 2.072834, -2.030208, 4.219716
-159.264275, 14.823825, 2.068102, -2.015007, 4.223427
-159.332532, 14.950238, 2.063774, -2.000825, 4.227479
-159.400335, 15.077064, 2.059798, -1.988180, 4.232135
-159.467732, 15.204299, 2.056126, -1.976910, 4.237464
-159.534817, 15.331981, 2.052778, -1.968283, 4.246454
-159.601611, 15.460227, 2.049298, -1.944140, 4.279251
-159.667607, 15.588557, 2.044146, -1.917120, 4.206263
-159.733812, 15.716803, 2.040591, -1.923926, 4.204410
-159.798544, 15.845179, 2.035541, -1.900338, 4.239452
-159.863026, 15.974825, 2.029997, -1.884252, 4.257491
-159.926257, 16.103165, 2.024199, -1.856486, 4.231973
-159.988948, 16.232772, 2.018715, -1.834884, 4.236211
-160.051020, 16.362807, 2.013714, -1.817260, 4.239784
-160.112525, 16.493257, 2.009141, -1.801469, 4.243945
-160.173524, 16.624115, 2.004939, -1.787387, 4.248921
-160.234071, 16.755386, 2.001056, -1.774800, 4.254725
-160.294205, 16.887072, 1.997328, -1.762748, 4.260761
-160.353920, 17.019333, 1.992545, -1.742686, 4.258961
-160.413820, 17.151066, 1.987709, -1.764362, 4.269007
-160.471967, 17.282980, 1.982739, -1.704338, 4.251337
-160.529575, 17.415899, 1.977115, -1.702653, 4.305794
-160.586345, 17.548509, 1.971550, -1.653361, 4.209438
-160.642467, 17.681362, 1.966307, -1.637809, 4.250622
-160.697859, 17.814910, 1.961705, -1.621101, 4.254078
-160.752706, 17.948814, 1.957494, -1.605926, 4.257834
-160.807064, 18.083067, 1.953626, -1.592282, 4.262210
-160.860983, 18.217670, 1.950053, -1.580011, 4.267313
-160.914504, 18.352630, 1.946689, -1.568615, 4.272888
-160.967509, 18.488230, 1.942485, -1.562146, 4.292175
-161.020040, 18.623462, 1.937634, -1.554951, 4.267818
-161.071927, 18.758287, 1.932741, -1.507554, 4.258898
-161.122866, 18.893981, 1.927022, -1.487732, 4.265375
-161.173531, 19.030323, 1.922133, -1.468225, 4.245373
-161.223017, 19.166022, 1.916918, -1.441913, 4.260340
-161.271877, 19.302428, 1.912872, -1.430055, 4.262794
-161.320250, 19.439102, 1.909159, -1.416085, 4.265650
-161.368174, 19.576051, 1.905749, -1.403551, 4.269316
-161.415695, 19.713291, 1.902599, -1.392336, 4.273951
-161.462853, 19.850838, 1.899627, -1.381937, 4.279312
-161.509531, 19.988712, 1.896272, -1.350720, 4.311971
-161.555896, 20.126974, 1.891841, -1.343061, 4.276649
-161.601155, 20.264143, 1.887368, -1.321652, 4.253856
-161.646007, 20.402308, 1.882073, -1.310224, 4.277126
-161.690505, 20.541321, 1.877647, -1.321035, 4.259580
-161.734221, 20.679467, 1.872690, -1.291586, 4.276494
-161.777227, 20.818514, 1.868913, -1.258394, 4.283531
-161.819785, 20.957896, 1.865431, -1.245606, 4.288962
-161.861928, 21.097597, 1.862197, -1.233861, 4.294468
-161.903673, 21.237610, 1.858941, -1.221882, 4.299723
-161.944984, 21.377938, 1.855275, -1.208318, 4.305106
-161.985885, 21.518632, 1.851529, -1.194296, 4.311949
-162.026363, 21.659920, 1.846913, -1.204622, 4.342016
-162.065502, 21.799868, 1.842535, -1.147744, 4.268896
-162.104377, 21.940649, 1.837408, -1.133801, 4.302261
-162.142762, 22.082303, 1.833252, -1.108058, 4.328592
-162.180526, 22.223305, 1.828432, -1.087683, 4.275862
-162.217656, 22.364739, 1.824779, -1.082268, 4.306159
-162.254229, 22.506584, 1.821542, -1.069664, 4.310511
-162.290393, 22.648688, 1.818502, -1.057986, 4.314901
-162.326151, 22.791046, 1.815289, -1.045530, 4.319165
-162.361457, 22.933671, 1.811677, -1.031556, 4.323846
-162.396337, 23.076615, 1.808014, -1.017020, 4.329993
-162.430802, 23.220199, 1.803451, -1.010771, 4.355568
-162.464117, 23.362213, 1.799051, -0.976813, 4.281091
-162.497040, 23.505048, 1.794017, -0.956459, 4.319166
-162.529417, 23.648711, 1.789980, -0.937167, 4.324409
-162.561236, 23.791865, 1.785148, -0.917971, 4.318918
-162.592162, 23.935265, 1.781222, -0.902765, 4.322525
-162.622630, 24.079103, 1.777880, -0.889660, 4.326226
-162.652657, 24.223162, 1.774764, -0.877151, 4.329951
-162.682261, 24.367437, 1.771601, -0.864399, 4.333562
-162.711417, 24.511942, 1.768095, -0.851519, 4.339265
-162.740164, 24.656820, 1.764665, -0.836811, 4.345851
-162.768452, 24.802405, 1.760152, -0.814686, 4.362518
-162.795772, 24.945814, 1.755745, -0.810215, 4.297546
-162.822684, 25.090376, 1.751121, -0.777190, 4.331336
-162.848963, 25.235683, 1.747492, -0.759144, 4.335901
-162.874691, 25.380412, 1.742843, -0.740613, 4.329862
-162.899559, 25.525432, 1.738777, -0.724001, 4.333374
-162.923949, 25.670789, 1.735367, -0.710606, 4.336566
-162.947879, 25.816334, 1.732205, -0.697577, 4.339902
-162.971374, 25.962067, 1.729103, -0.684734, 4.343237
-162.994418, 26.107996, 1.725656, -0.671656, 4.348360
-163.016980, 26.254338, 1.722186, -0.630739, 4.382770
-163.039199, 26.401454, 1.717913, -0.639653, 4.355919
-163.060574, 26.545778, 1.713355, -0.637134, 4.315072
-163.081366, 26.691722, 1.708589, -0.596546, 4.339679
-163.101487, 26.838248, 1.704717, -0.579482, 4.342458
-163.120942, 26.984388, 1.699854, -0.557651, 4.340204
-163.139585, 27.130731, 1.695662, -0.540301, 4.344011
-163.157723, 27.277366, 1.692144, -0.526393, 4.347334
-163.175378, 27.424176, 1.688881, -0.512676, 4.350754
-163.192572, 27.571157, 1.685633, -0.498943, 4.354078
-163.209273, 27.718310, 1.682003, -0.483675, 4.357635
-163.225359, 27.865988, 1.678130, -0.466248, 4.386389
-163.241211, 28.014121, 1.674049, -0.424767, 4.332048
-163.256380, 28.159632, 1.669045, -0.432727, 4.346043
-163.270530, 28.306839, 1.664569, -0.407741, 4.352005
-163.284197, 28.454485, 1.660812, -0.393899, 4.353440
-163.297094, 28.601649, 1.655739, -0.368522, 4.350669
-163.309316, 28.748980, 1.651503, -0.349598, 4.354423
-163.320993, 28.896627, 1.648044, -0.336413, 4.357775
-163.332178, 29.044423, 1.644660, -0.321864, 4.360911
-163.342848, 29.192364, 1.640942, -0.305951, 4.364154
-163.352956, 29.340465, 1.636995, -0.289046, 4.367983
-163.362561, 29.489386, 1.632735, -0.274206, 4.420086
-163.371477, 29.637166, 1.628477, -0.238338, 4.288356
-163.379601, 29.784237, 1.623103, -0.226900, 4.356885
-163.386978, 29.932271, 1.618231, -0.207043, 4.361727
-163.393801, 30.080683, 1.614065, -0.191224, 4.363305
-163.399603, 30.228741, 1.608662, -0.164257, 4.360945
-163.404898, 30.376778, 1.604480, -0.145242, 4.363977
-163.409639, 30.525127, 1.601126, -0.132528, 4.366856
-163.413900, 30.673588, 1.597910, -0.118590, 4.369793
-163.417701, 30.822168, 1.594906, -0.105535, 4.373101
-163.421077, 30.970879, 1.592130, -0.094056, 4.377431
-163.424067, 31.120702, 1.589285, -0.080515, 4.390362
-163.426608, 31.267813, 1.585888, -0.066784, 4.324352
-163.428613, 31.415917, 1.582064, -0.049354, 4.364974
-163.430025, 31.564384, 1.578615, -0.034324, 4.368748
-163.431164, 31.713018, 1.575863, -0.024036, 4.347676
-163.431246, 31.861535, 1.571949, -0.004550, 4.366582
-163.431229, 32.009760, 1.569502, 0.006556, 4.367201
-163.430898, 32.158274, 1.567676, 0.013554, 4.369002
-163.430305, 32.306853, 1.565964, 0.021047, 4.371036
-163.429464, 32.455506, 1.564349, 0.028160, 4.373494
-163.428241, 32.604542, 1.562332, 0.015507, 4.432251
-163.426949, 32.753983, 1.559995, 0.019251, 4.334289
-163.425070, 32.900753, 1.557113, 0.058624, 4.357646
-163.422820, 33.048984, 1.554135, 0.072526, 4.361536
-163.420260, 33.197446, 1.551507, 0.075040, 4.386271
-163.417167, 33.345739, 1.548903, 0.114152, 4.357086
-163.413528, 33.493885, 1.545441, 0.127850, 4.338653
-163.409660, 33.641916, 1.543377, 0.119430, 4.361581
-163.405463, 33.790184, 1.541636, 0.127172, 4.363643
-163.401010, 33.938523, 1.539964, 0.134583, 4.366140
-163.396291, 34.086945, 1.538042, 0.143102, 4.369066
-163.391164, 34.236373, 1.535246, 0.158213, 4.397319
-163.385770, 34.383806, 1.532088, 0.171548, 4.301263
-163.379791, 34.531286, 1.528101, 0.186119, 4.357320
-163.373190, 34.679351, 1.524486, 0.201735, 4.361075
-163.366153, 34.827773, 1.521551, 0.222221, 4.368999
-163.358596, 34.975606, 1.518139, 0.231543, 4.352692
-163.350487, 35.123407, 1.514612, 0.233190, 4.345307
-163.342078, 35.271435, 1.512480, 0.254061, 4.363209
-163.333283, 35.419576, 1.510549, 0.262812, 4.366291
-163.324204, 35.567808, 1.508730, 0.270997, 4.369620
-163.314655, 35.716308, 1.506575, 0.300015, 4.401022
-163.304971, 35.865399, 1.503745, 0.292011, 4.365031
-163.294910, 36.011925, 1.499955, 0.302071, 4.347336
-163.284141, 36.159737, 1.496096, 0.325281, 4.361227
-163.272803, 36.307647, 1.492573, 0.340923, 4.364854
-163.261056, 36.455927, 1.489890, 0.349020, 4.364649
-163.248885, 36.603459, 1.486221, 0.367751, 4.359351
-163.236208, 36.750880, 1.483061, 0.375015, 4.360421
-163.223056, 36.898603, 1.481214, 0.390224, 4.363197
-163.209650, 37.046388, 1.479471, 0.398070, 4.365759
-163.195983, 37.194242, 1.477807, 0.405625, 4.368638
-163.181925, 37.342957, 1.475343, 0.422669, 4.395591
-163.167712, 37.490065, 1.472533, 0.429153, 4.294949
-163.152931, 37.636753, 1.468644, 0.444170, 4.355714
-163.137553, 37.784096, 1.465064, 0.459824, 4.358645
-163.121837, 37.932025, 1.462436, 0.481402, 4.379900
-163.105598, 38.079090, 1.459277, 0.488209, 4.336299
-163.088737, 38.225503, 1.453581, 0.509735, 4.348664
-163.071276, 38.371997, 1.449677, 0.528416, 4.349392
-163.053184, 38.518829, 1.446921, 0.537761, 4.353117
-163.034697, 38.665748, 1.444397, 0.549199, 4.357385
-163.015703, 38.813312, 1.441699, 0.566377, 4.373613
-162.996424, 38.960289, 1.439128, 0.572545, 4.360744
-162.977006, 39.105837, 1.436213, 0.575347, 4.341086
-162.956936, 39.252594, 1.433343, 0.597228, 4.360060
-162.936416, 39.399504, 1.430731, 0.609332, 4.365504
-162.915591, 39.546797, 1.428747, 0.614888, 4.365860
-162.895244, 39.692334, 1.425290, 0.621099, 4.326704
-162.873511, 39.838650, 1.421979, 0.648377, 4.353828
-162.851444, 39.985150, 1.421550, 0.649040, 4.356585
-162.829289, 40.131653, 1.419755, 0.655854, 4.359265
-162.806604, 40.278442, 1.417095, 0.662253, 4.375265
-162.783757, 40.425367, 1.414254, 0.678373, 4.356132
-162.760649, 40.570818, 1.411150, 0.689602, 4.348930
-162.736902, 40.716810, 1.408045, 0.704797, 4.350701
-162.712716, 40.862756, 1.405155, 0.717366, 4.351559
-162.688238, 41.008895, 1.402641, 0.725906, 4.377923
-162.663198, 41.154947, 1.400135, 0.697524, 4.319192
-162.638262, 41.300113, 1.396381, 0.753953, 4.343346
-162.612568, 41.445165, 1.393898, 0.765565, 4.341509
-162.586456, 41.590449, 1.392081, 0.771715, 4.341647
-162.560086, 41.735699, 1.390344, 0.779252, 4.342307
-162.533198, 41.881667, 1.387494, 0.791534, 4.340077
-162.506353, 42.025752, 1.384886, 0.785783, 4.274254
-162.479185, 42.169791, 1.381910, 0.812391, 4.324505
-162.451380, 42.314172, 1.379227, 0.823303, 4.324754
-162.423195, 42.458502, 1.376700, 0.834234, 4.325780
-162.394690, 42.603184, 1.374982, 0.840109, 4.325398
-162.366103, 42.747013, 1.371650, 0.847540, 4.300739
-162.336803, 42.890556, 1.367851, 0.854846, 4.298587
-162.307168, 43.034226, 1.365570, 0.879304, 4.316121
-162.277107, 43.177878, 1.363484, 0.888493, 4.317128
-162.246614, 43.322063, 1.360611, 0.907105, 4.351320
-162.215751, 43.465646, 1.358033, 0.910550, 4.311945
-162.185044, 43.607516, 1.354853, 0.919225, 4.300401
-162.153472, 43.750326, 1.351776, 0.934580, 4.302179
-162.121477, 43.893080, 1.348896, 0.946998, 4.303556
-162.089147, 44.035916, 1.346256, 0.935354, 4.338288
-162.056270, 44.178959, 1.344272, 0.979569, 4.317541
-162.023422, 44.320835, 1.340614, 0.977777, 4.296950
-161.989979, 44.462762, 1.337317, 0.996038, 4.296874
-161.955997, 44.604881, 1.335191, 1.003374, 4.298783
-161.921491, 44.747188, 1.332839, 1.017048, 4.318462
-161.886866, 44.889837, 1.330427, 1.021583, 4.295866
-161.852281, 45.030615, 1.328398, 1.012095, 4.249292
-161.817313, 45.171891, 1.326462, 1.037346, 4.288518
-161.781910, 45.313369, 1.324740, 1.044971, 4.290412
-161.746252, 45.454861, 1.323136, 1.052282, 4.292988
-161.710395, 45.596793, 1.322378, 1.063024, 4.298238
-161.674490, 45.738190, 1.320919, 1.044227, 4.249835
-161.638134, 45.878993, 1.318233, 1.081348, 4.257542
-161.601751, 46.019868, 1.316906, 1.076594, 4.286596
-161.565064, 46.160953, 1.315876, 1.081397, 4.288618
-161.527959, 46.302685, 1.314140, 1.093133, 4.295987
-161.490846, 46.443365, 1.312976, 1.092012, 4.246650
-161.454073, 46.583234, 1.312406, 1.093075, 4.277228
-161.416861, 46.723838, 1.311754, 1.095913, 4.278458
-161.379544, 46.864470, 1.311096, 1.099141, 4.280438
-161.342114, 47.005157, 1.310443, 1.102579, 4.283292
-161.304472, 47.146426, 1.310341, 1.097089, 4.293706
-161.267036, 47.286406, 1.308929, 1.123089, 4.264757
-161.229382, 47.426442, 1.306795, 1.115684, 4.274006
-161.191358, 47.566751, 1.305821, 1.120046, 4.277068
-161.153013, 47.707377, 1.304017, 1.113007, 4.295035
-161.114658, 47.847876, 1.303382, 1.129097, 4.275215
-161.076562, 47.987042, 1.302976, 1.132294, 4.253803
-161.038095, 48.126913, 1.302095, 1.133085, 4.268032
-160.999502, 48.266827, 1.301218, 1.137092, 4.269740
-160.960768, 48.406776, 1.300365, 1.141245, 4.272148
-160.921950, 48.547173, 1.300090, 1.156044, 4.287249
-160.882815, 48.687582, 1.299426, 1.144970, 4.269697
-160.843984, 48.826449, 1.297439, 1.132233, 4.227514
-160.805080, 48.965817, 1.296671, 1.153850, 4.262692
-160.765628, 49.105562, 1.295574, 1.149635, 4.267395
-160.726184, 49.245262, 1.294985, 1.160663, 4.263156
-160.686945, 49.384278, 1.294821, 1.154004, 4.259588
-160.647569, 49.523170, 1.294492, 1.160670, 4.256827
-160.608025, 49.662432, 1.293775, 1.164759, 4.258990
-160.568359, 49.801747, 1.293069, 1.168427, 4.261809
-160.528566, 49.941139, 1.292381, 1.172221, 4.265354
-160.488448, 50.081688, 1.292173, 1.175635, 4.278294
-160.448798, 50.220484, 1.291237, 1.180025, 4.224637
-160.408974, 50.358683, 1.289509, 1.182528, 4.252377
-160.368653, 50.497662, 1.288480, 1.212659, 4.278296
-160.328173, 50.636721, 1.286881, 1.187037, 4.264392
-160.287642, 50.775448, 1.286245, 1.173794, 4.232421
-160.247254, 50.913976, 1.286416, 1.200203, 4.253479
-160.206609, 51.052844, 1.285465, 1.198376, 4.257549
-160.165781, 51.191796, 1.284571, 1.203172, 4.261693
-160.124789, 51.330857, 1.283724, 1.207961, 4.266379
-160.083442, 51.470689, 1.282766, 1.227635, 4.324388
-160.041988, 51.610255, 1.281439, 1.217454, 4.264448
-160.001020, 51.747687, 1.279308, 1.202591, 4.227660
-159.959424, 51.886165, 1.277234, 1.231801, 4.257569
-159.917212, 52.024861, 1.274587, 1.245662, 4.257526
-159.874833, 52.163486, 1.272897, 1.247472, 4.258234
-159.832541, 52.301454, 1.272378, 1.235036, 4.242203
-159.790003, 52.439411, 1.271042, 1.255885, 4.253332
-159.747185, 52.577574, 1.269541, 1.262589, 4.255400
-159.704140, 52.715756, 1.268122, 1.269214, 4.258279
-159.660873, 52.853986, 1.266791, 1.275738, 4.262006
-159.616982, 52.993252, 1.265253, 1.281606, 4.260762
-159.573627, 53.130674, 1.263648, 1.277562, 4.182735
-159.530055, 53.267540, 1.261121, 1.295881, 4.250691
-159.485710, 53.405335, 1.258435, 1.300082, 4.254128
-159.441151, 53.543049, 1.256217, 1.302659, 4.280735
-159.396437, 53.680387, 1.255379, 1.319767, 4.253432
-159.351586, 53.817633, 1.254612, 1.320945, 4.252632
-159.306516, 53.955062, 1.253014, 1.329504, 4.255216
-159.261190, 54.092512, 1.251540, 1.336487, 4.258457
-159.215631, 54.230013, 1.250175, 1.343227, 4.262317
-159.169527, 54.368351, 1.248369, 1.367177, 4.307322
-159.123384, 54.506027, 1.246893, 1.355896, 4.260273
-159.077725, 54.641694, 1.244938, 1.352886, 4.234589
-159.031315, 54.778593, 1.242920, 1.379781, 4.262077
-158.984453, 54.915598, 1.240547, 1.380267, 4.256738
-158.937324, 55.052473, 1.239228, 1.384832, 4.237363
-158.890284, 55.189189, 1.238448, 1.363636, 4.225444
-158.842940, 55.325693, 1.236286, 1.397634, 4.257125
-158.795250, 55.462421, 1.234163, 1.407332, 4.260936
-158.747237, 55.599183, 1.232221, 1.416579, 4.265258
-158.698724, 55.736102, 1.230329, 1.458772, 4.302612
-158.649933, 55.873677, 1.228234, 1.432312, 4.266097
-158.601459, 56.009313, 1.226400, 1.417986, 4.203799
-158.552653, 56.145125, 1.224324, 1.447557, 4.262187
-158.503164, 56.281555, 1.222021, 1.460237, 4.264943
-158.453513, 56.418016, 1.220217, 1.456822, 4.296758
-158.403419, 56.554029, 1.219339, 1.468276, 4.266399
-158.353536, 56.689767, 1.217444, 1.473931, 4.263856
-158.303170, 56.825780, 1.214699, 1.487618, 4.267593
-158.252391, 56.961769, 1.212212, 1.498865, 4.271260
-158.201245, 57.097760, 1.209950, 1.509338, 4.275289
-158.149418, 57.234587, 1.207380, 1.537954, 4.308070
-158.097578, 57.370496, 1.205548, 1.525471, 4.272317
-158.046311, 57.504657, 1.203437, 1.528649, 4.262883
-157.993985, 57.640010, 1.201358, 1.551763, 4.278763
-157.941429, 57.775325, 1.199301, 1.550014, 4.270432
-157.888485, 57.910548, 1.198345, 1.558672, 4.265826
-157.835811, 58.045527, 1.197311, 1.544378, 4.234734
-157.782682, 58.180315, 1.194756, 1.567366, 4.267955
-157.729202, 58.315270, 1.192304, 1.578170, 4.271211
-157.675364, 58.450208, 1.190078, 1.588360, 4.274848
-157.620930, 58.585383, 1.187650, 1.596727, 4.292990
-157.566354, 58.720809, 1.185814, 1.603596, 4.273535
-157.512152, 58.854301, 1.184427, 1.590933, 4.223190
-157.457534, 58.988362, 1.182939, 1.613927, 4.267739
-157.402393, 59.122774, 1.181032, 1.624019, 4.269589
-157.347150, 59.257144, 1.179508, 1.618970, 4.290062
-157.291760, 59.391489, 1.178974, 1.629709, 4.269342
-157.236373, 59.525237, 1.177269, 1.633853, 4.266687
-157.180575, 59.659188, 1.174779, 1.646636, 4.269028
-157.124413, 59.793077, 1.172514, 1.656623, 4.271742
-157.067921, 59.926940, 1.170446, 1.666069, 4.275082
-157.010875, 60.061358, 1.168113, 1.694169, 4.293296
-156.953835, 60.194664, 1.166677, 1.658240, 4.229132
-156.897323, 60.327004, 1.166100, 1.677856, 4.263233
-156.840001, 60.460375, 1.164998, 1.683827, 4.275615
-156.782673, 60.593604, 1.163615, 1.689106, 4.265802
-156.725606, 60.727140, 1.163254, 1.695226, 4.268280
-156.668263, 60.860097, 1.163162, 1.656969, 4.223556
-156.610800, 60.992588, 1.161138, 1.695305, 4.256842
-156.553003, 61.125296, 1.159019, 1.704045, 4.257834
-156.494918, 61.257927, 1.157052, 1.712400, 4.259515
-156.436281, 61.390769, 1.154571, 1.717714, 4.266776
-156.377605, 61.523508, 1.153304, 1.721429, 4.256015
-156.319537, 61.654880, 1.152697, 1.716666, 4.216709
-156.260883, 61.786620, 1.151781, 1.727370, 4.245546
-156.201898, 61.918595, 1.150008, 1.736772, 4.244144
-156.142826, 62.050135, 1.148564, 1.737003, 4.214470
-156.083971, 62.181961, 1.149359, 1.730925, 4.237906
-156.025292, 62.312942, 1.149167, 1.739843, 4.212596
-155.966274, 62.444031, 1.147263, 1.738392, 4.229666
-155.907044, 62.575083, 1.145410, 1.745638, 4.230286
-155.847562, 62.706065, 1.143671, 1.753048, 4.232004
-155.787504, 62.837226, 1.140982, 1.758329, 4.239436
-155.727683, 62.967808, 1.140347, 1.728713, 4.187008
-155.668503, 63.097636, 1.140069, 1.761202, 4.213368
-155.608611, 63.227806, 1.138889, 1.764136, 4.214442
-155.548293, 63.358017, 1.136685, 1.773371, 4.212508
-155.488128, 63.487657, 1.135342, 1.761931, 4.207679
-155.427791, 63.617781, 1.136264, 1.765609, 4.204783
-155.367770, 63.746941, 1.135876, 1.779974, 4.195904
-155.307541, 63.876310, 1.134127, 1.775000, 4.197043
-155.247077, 64.005575, 1.132457, 1.781595, 4.197732
-155.186135, 64.134893, 1.130635, 1.809849, 4.224635
-155.125199, 64.264268, 1.128395, 1.784911, 4.226527
-155.064430, 64.392828, 1.128170, 1.773019, 4.188958
-155.003550, 64.520935, 1.127470, 1.791731, 4.184313
-154.942349, 64.649444, 1.125800, 1.836537, 4.210572
-154.880762, 64.777943, 1.123162, 1.811436, 4.183650
-154.819365, 64.905841, 1.121796, 1.814076, 4.180311
-154.757641, 65.034223, 1.122487, 1.808371, 4.177612
-154.696315, 65.161523, 1.121739, 1.823441, 4.161634
-154.634614, 65.289152, 1.119459, 1.818995, 4.170416
-154.572613, 65.416709, 1.117305, 1.827923, 4.172553
-154.510022, 65.544446, 1.114699, 1.834869, 4.184836
-154.447437, 65.672050, 1.112514, 1.844173, 4.198825
-154.384653, 65.798678, 1.112069, 1.846040, 4.167295
-154.322074, 65.925064, 1.110414, 1.846845, 4.161935
-154.259038, 66.051791, 1.108120, 1.872285, 4.173974
-154.195447, 66.178519, 1.104955, 1.870601, 4.162413
-154.132013, 66.304655, 1.103040, 1.875141, 4.160190
-154.068135, 66.431298, 1.102982, 1.881812, 4.162818
-154.004652, 66.556878, 1.101779, 1.880880, 4.129818
-153.940656, 66.682544, 1.098737, 1.887244, 4.150312
-153.876284, 66.808166, 1.095829, 1.899109, 4.153054
-153.811259, 66.933891, 1.092370, 1.906506, 4.157241
-153.746092, 67.059458, 1.089480, 1.923358, 4.182175
-153.680528, 67.183906, 1.087940, 1.926828, 4.149861
-153.615175, 67.308184, 1.085003, 1.933493, 4.143903
-153.549161, 67.432700, 1.081650, 1.948077, 4.146295
-153.482473, 67.557186, 1.077625, 1.965860, 4.146700
-153.415721, 67.681089, 1.074615, 1.960150, 4.146650
-153.348504, 67.805404, 1.073338, 1.993927, 4.164543
-153.281436, 67.928898, 1.071964, 1.974304, 4.102217
-153.213871, 68.052072, 1.068284, 1.993682, 4.139538
-153.145833, 68.175344, 1.064742, 2.008096, 4.143032
-153.077036, 68.298707, 1.060753, 2.019043, 4.149948
-153.008060, 68.421814, 1.057384, 2.030837, 4.173500
-152.938684, 68.543832, 1.055541, 2.040500, 4.140991
-152.869453, 68.665708, 1.052382, 2.048070, 4.135669
-152.799544, 68.787753, 1.048874, 2.062753, 4.137852
-152.728996, 68.909765, 1.044879, 2.076863, 4.138210
-152.658190, 69.031156, 1.041673, 2.068574, 4.121591
-152.587266, 69.152946, 1.040729, 2.087024, 4.173842
-152.516213, 69.274521, 1.041030, 2.050469, 4.092578
-152.445178, 69.395119, 1.038314, 2.096503, 4.131227
-152.373671, 69.516058, 1.035402, 2.108678, 4.133445
-152.301485, 69.637054, 1.032014, 2.118338, 4.143851
-152.229188, 69.757718, 1.028831, 2.118432, 4.162530
-152.156609, 69.877463, 1.027415, 2.133439, 4.127997
-152.084244, 69.996979, 1.024605, 2.139293, 4.121268
-152.011253, 70.116603, 1.021273, 2.152715, 4.122041
-151.937602, 70.236137, 1.017666, 2.165391, 4.133482
-151.863740, 70.355279, 1.013992, 2.181329, 4.107413
-151.789841, 70.474035, 1.012289, 2.185753, 4.123636
-151.715553, 70.593292, 1.012815, 2.176489, 4.118667
-151.641677, 70.711345, 1.010793, 2.181422, 4.110894
-151.567256, 70.829685, 1.007882, 2.194495, 4.112432
-151.492173, 70.947961, 1.004750, 2.216103, 4.132717
-151.416934, 71.065939, 1.001231, 2.218028, 4.113522
-151.341519, 71.183252, 0.999651, 2.218191, 4.106184
-151.266324, 71.300014, 0.996849, 2.223454, 4.097905
-151.190458, 71.416890, 0.993123, 2.237955, 4.098540
-151.114145, 71.533508, 0.989619, 2.250649, 4.099757
-151.037113, 71.650008, 0.985322, 2.267186, 4.099712
-150.960223, 71.765864, 0.982538, 2.275541, 4.097268
-150.882796, 71.882142, 0.982080, 2.288222, 4.109142
-150.805768, 71.997487, 0.981238, 2.272936, 4.067417
-150.728302, 72.112807, 0.978278, 2.283124, 4.088282
-150.650479, 72.228022, 0.975410, 2.308967, 4.100999
-150.572019, 72.343146, 0.971624, 2.307418, 4.089608
-150.493583, 72.457653, 0.969633, 2.313808, 4.076266
-150.415344, 72.571539, 0.967250, 2.313295, 4.064337
-150.336493, 72.685426, 0.963379, 2.325451, 4.074588
-150.257208, 72.799038, 0.959712, 2.338014, 4.075191
-150.177239, 72.912547, 0.955601, 2.346674, 4.079566
-150.097138, 73.025341, 0.952020, 2.336709, 4.045076
-150.016968, 73.138157, 0.950668, 2.368820, 4.076465
-149.936444, 73.251280, 0.951305, 2.359859, 4.071810
-149.856379, 73.363216, 0.949020, 2.365862, 4.064741
-149.775704, 73.475461, 0.946172, 2.377813, 4.066396
-149.694380, 73.587677, 0.942321, 2.390227, 4.066037
-149.612993, 73.699400, 0.939542, 2.391351, 4.051686
-149.531721, 73.810535, 0.937623, 2.369799, 4.015429
-149.450103, 73.921137, 0.933453, 2.410117, 4.050309
-149.367932, 74.031630, 0.929337, 2.423092, 4.049773
-149.285319, 74.141788, 0.925379, 2.436127, 4.050124
-149.202005, 74.251699, 0.920509, 2.455114, 4.049680
-149.118835, 74.360974, 0.917156, 2.460575, 4.050265
-149.034902, 74.470659, 0.915847, 2.484922, 4.076656
-148.951265, 74.579493, 0.914354, 2.460533, 4.015479
-148.867131, 74.688132, 0.910358, 2.482545, 4.046885
-148.782262, 74.796698, 0.906315, 2.523946, 4.071144
-148.697077, 74.904905, 0.901571, 2.512288, 4.049823
-148.611623, 75.012629, 0.898752, 2.517215, 4.045819
-148.526225, 75.119652, 0.894597, 2.526913, 4.039694
-148.439992, 75.226607, 0.889941, 2.544043, 4.041965
-148.353227, 75.333241, 0.885694, 2.559189, 4.044826
-148.265777, 75.439617, 0.881644, 2.606373, 4.072026
-148.177961, 75.545647, 0.876887, 2.587088, 4.046395
-148.090243, 75.651291, 0.874558, 2.602075, 4.053718
-148.001652, 75.757485, 0.874749, 2.597842, 4.053326
-147.913732, 75.862449, 0.872195, 2.599651, 4.044262
-147.825091, 75.967643, 0.868875, 2.613239, 4.047453
-147.735842, 76.072658, 0.864686, 2.624650, 4.045031
-147.646409, 76.177160, 0.861597, 2.628717, 4.027695
-147.557113, 76.280996, 0.858908, 2.629317, 4.015382
-147.467245, 76.384649, 0.854755, 2.650206, 4.037649
-147.376932, 76.488056, 0.851117, 2.661810, 4.038549
-147.286230, 76.591199, 0.847928, 2.673302, 4.041262
-147.194886, 76.694201, 0.844192, 2.679685, 4.043166
-147.103564, 76.796537, 0.840617, 2.669457, 4.021488
-147.011912, 76.899301, 0.839197, 2.702694, 4.074078
-146.919954, 77.002070, 0.838638, 2.663620, 3.997604
-146.828066, 77.103701, 0.834828, 2.714120, 4.043491
-146.735450, 77.205489, 0.831088, 2.760494, 4.068402
-146.642275, 77.306983, 0.826286, 2.744775, 4.050418
-146.548878, 77.407920, 0.823102, 2.752302, 4.049342
-146.455559, 77.508204, 0.818398, 2.761211, 4.041902
-146.361359, 77.608340, 0.813558, 2.778562, 4.045275
-146.266613, 77.708135, 0.809224, 2.794169, 4.049432
-146.171345, 77.807656, 0.805311, 2.809354, 4.054800
-146.075348, 77.906999, 0.800618, 2.824304, 4.053891
-145.979554, 78.005676, 0.796725, 2.818937, 4.063042
-145.882670, 78.104919, 0.795375, 2.863743, 4.083372
-145.786260, 78.203097, 0.792996, 2.846682, 4.048060
-145.689175, 78.301242, 0.788920, 2.863103, 4.063542
-145.591371, 78.399203, 0.784392, 2.870094, 4.066055
-145.493229, 78.496732, 0.780644, 2.884636, 4.039727
-145.395314, 78.593273, 0.777116, 2.889166, 4.044278
-145.296656, 78.689811, 0.772361, 2.909672, 4.062484
-145.197469, 78.786024, 0.768093, 2.924317, 4.066109
-145.097794, 78.881930, 0.764253, 2.938456, 4.070676
-144.997598, 78.977590, 0.760746, 2.980849, 4.094815
-144.896838, 79.072950, 0.756088, 2.966819, 4.074061
-144.796277, 79.167874, 0.752877, 2.983456, 4.084651
-144.694654, 79.263181, 0.751881, 2.980462, 4.083955
-144.593734, 79.357221, 0.748079, 2.987152, 4.076688
-144.491869, 79.451366, 0.744040, 3.003554, 4.082580
-144.389297, 79.545171, 0.739153, 3.019575, 4.083722
-144.286616, 79.638320, 0.735892, 3.026290, 4.084393
-144.183980, 79.730898, 0.731463, 3.034627, 4.078378
-144.080536, 79.823330, 0.727120, 3.049382, 4.081911
-143.976614, 79.915422, 0.723202, 3.063156, 4.086109
-143.872229, 80.007236, 0.719644, 3.077108, 4.092889
-143.767057, 80.098992, 0.716561, 3.091054, 4.107008
-143.662195, 80.190010, 0.712858, 3.066048, 4.065986
-143.556817, 80.281629, 0.710939, 3.130958, 4.130792
-143.451370, 80.372315, 0.708724, 3.101355, 4.076489
-143.345413, 80.462698, 0.704366, 3.124772, 4.100780
-143.238668, 80.552851, 0.699721, 3.136205, 4.107264
-143.131615, 80.642544, 0.695538, 3.134605, 4.065796
-143.025047, 80.731173, 0.691165, 3.157277, 4.095871
-142.917421, 80.819763, 0.686132, 3.173768, 4.102291
-142.809238, 80.907929, 0.681568, 3.189364, 4.107131
-142.700536, 80.995733, 0.677406, 3.204376, 4.112592
-142.591279, 81.083343, 0.674049, 3.220793, 4.122347
-142.481395, 81.170770, 0.670430, 3.230325, 4.117974
-142.371921, 81.257550, 0.666850, 3.238828, 4.126648
-142.261288, 81.344632, 0.665173, 3.244396, 4.126227
-142.151480, 81.430453, 0.660993, 3.250330, 4.118690
-142.040668, 81.516234, 0.656596, 3.266780, 4.124528
-141.929116, 81.601756, 0.651467, 3.288693, 4.154636
-141.818060, 81.686322, 0.647931, 3.253418, 4.083340
-141.706398, 81.770490, 0.643665, 3.295779, 4.120403
-141.594123, 81.854380, 0.639799, 3.308213, 4.124030
-141.481432, 81.937934, 0.636280, 3.320275, 4.128264
-141.368331, 82.021203, 0.633054, 3.332346, 4.133427
-141.254527, 82.104266, 0.630050, 3.371485, 4.163981
-141.140780, 82.186883, 0.626168, 3.331574, 4.101446
-141.026784, 82.269700, 0.623852, 3.386419, 4.165477
-140.912921, 82.351460, 0.621300, 3.356671, 4.120541
-140.798451, 82.433015, 0.617007, 3.374202, 4.137137
-140.683275, 82.514224, 0.612461, 3.383803, 4.142810
-140.567948, 82.594876, 0.608559, 3.366069, 4.109775
-140.453164, 82.674932, 0.604677, 3.404154, 4.137416
-140.337219, 82.754725, 0.600983, 3.415969, 4.141842
-140.220868, 82.834198, 0.597592, 3.427787, 4.146546
-140.104118, 82.913388, 0.594468, 3.439487, 4.151879
-139.986930, 82.992400, 0.591747, 3.453951, 4.161641
-139.869049, 83.071289, 0.588656, 3.460671, 4.159015
-139.751716, 83.149563, 0.585304, 3.466280, 4.165108
-139.633531, 83.228017, 0.583428, 3.417803, 4.110624
-139.515807, 83.305244, 0.579031, 3.478102, 4.155800
-139.397292, 83.382353, 0.574708, 3.492732, 4.161393
-139.277989, 83.459236, 0.569969, 3.519274, 4.172984
-139.159644, 83.534913, 0.565840, 3.491362, 4.142909
-139.040159, 83.610494, 0.561719, 3.521876, 4.161522
-138.920196, 83.685674, 0.557972, 3.534302, 4.166344
-138.799817, 83.760512, 0.554519, 3.546448, 4.171684
-138.679023, 83.835058, 0.551319, 3.559283, 4.179066
-138.557440, 83.909427, 0.548398, 3.587928, 4.205066
-138.436089, 83.983215, 0.544486, 3.549026, 4.147444
-138.314219, 84.057217, 0.541934, 3.595092, 4.193210
-138.192977, 84.129988, 0.538132, 3.583705, 4.174702
-138.070843, 84.202513, 0.533517, 3.599382, 4.180512
-137.948022, 84.274710, 0.528576, 3.623400, 4.213790
-137.825457, 84.346012, 0.524480, 3.570550, 4.133685
-137.702705, 84.416933, 0.520400, 3.628483, 4.182031
-137.579135, 84.487450, 0.516798, 3.640158, 4.187085
-137.455165, 84.557626, 0.513468, 3.651840, 4.192608
-137.330798, 84.627502, 0.510373, 3.663556, 4.198736
-137.206026, 84.697118, 0.507451, 3.676296, 4.206922
-137.080649, 84.766418, 0.503414, 3.683801, 4.202631
-136.955650, 84.835673, 0.499741, 3.712897, 4.226507
-136.830496, 84.903734, 0.496376, 3.682815, 4.185300
-136.704762, 84.971419, 0.491436, 3.705723, 4.203279
-136.578277, 85.038569, 0.486504, 3.726738, 4.218839
-136.451510, 85.105380, 0.481677, 3.658976, 4.138698
-136.325711, 85.171079, 0.476663, 3.734160, 4.201455
-136.198558, 85.236362, 0.472226, 3.745785, 4.206255
-136.070984, 85.301188, 0.468143, 3.758146, 4.211382
-135.942993, 85.365596, 0.464377, 3.770380, 4.217084
-135.814574, 85.429653, 0.460901, 3.784492, 4.225790
-135.685519, 85.493453, 0.457114, 3.790311, 4.222922
-135.556917, 85.556987, 0.452773, 3.783017, 4.256951
-135.428184, 85.620015, 0.449152, 3.774453, 4.188947
-135.298910, 85.681864, 0.443658, 3.812731, 4.221542
-135.168956, 85.743150, 0.438577, 3.859688, 4.250874
-135.037954, 85.804184, 0.433310, 3.834514, 4.225317
-134.908751, 85.863771, 0.427914, 3.836834, 4.217758
-134.778033, 85.922975, 0.422980, 3.850551, 4.222848
-134.646901, 85.981641, 0.418463, 3.862637, 4.227560
-134.515366, 86.039805, 0.414327, 3.874277, 4.232511
-134.383440, 86.097520, 0.410537, 3.885761, 4.238015
-134.250811, 86.154830, 0.406436, 3.895622, 4.244678
-134.118386, 86.211628, 0.402805, 3.891255, 4.246703
-133.986206, 86.268378, 0.400090, 3.871793, 4.203830
-133.853608, 86.324058, 0.395816, 3.908511, 4.236082
-133.720534, 86.379351, 0.391892, 3.919032, 4.240618
-133.586458, 86.434442, 0.388411, 3.925498, 4.241693
-133.454139, 86.488461, 0.384627, 3.918815, 4.230694
-133.320539, 86.542255, 0.381061, 3.934050, 4.238160
-133.186621, 86.595653, 0.377839, 3.943188, 4.242530
-133.052391, 86.648697, 0.374911, 3.952455, 4.247569
-132.917843, 86.701432, 0.372232, 3.961883, 4.253232
-132.782687, 86.753868, 0.369323, 3.974413, 4.265563
-132.647755, 86.805911, 0.366451, 3.960242, 4.251033
-132.513179, 86.857880, 0.364099, 3.938012, 4.215492
-132.378197, 86.908918, 0.360115, 3.979924, 4.252764
-132.242691, 86.959644, 0.356374, 3.990637, 4.258289
-132.106107, 87.010197, 0.353030, 3.997423, 4.260371
-131.971352, 87.059740, 0.349402, 3.980756, 4.240668
-131.835389, 87.109038, 0.345967, 4.004132, 4.256451
-131.699094, 87.157924, 0.342869, 4.012900, 4.260995
-131.562505, 87.206460, 0.340042, 4.021494, 4.265833
-131.425622, 87.254683, 0.337451, 4.030165, 4.271124
-131.288125, 87.302591, 0.334532, 4.042235, 4.282818
-131.150855, 87.350134, 0.331745, 4.026332, 4.263442
-131.014058, 87.397356, 0.329548, 4.006386, 4.234403
-130.876886, 87.443916, 0.325853, 4.042273, 4.266842
-130.739292, 87.490139, 0.322420, 4.051185, 4.271365
-130.600758, 87.536184, 0.319434, 4.057310, 4.273732
-130.463976, 87.581312, 0.316033, 4.039285, 4.253214
-130.326053, 87.626185, 0.312776, 4.061154, 4.268347
-130.187839, 87.670653, 0.309844, 4.068824, 4.272346
-130.049363, 87.714779, 0.307170, 4.076611, 4.276871
-129.910619, 87.758599, 0.304720, 4.084593, 4.281926
-129.771295, 87.802115, 0.301864, 4.091496, 4.287903
-129.632195, 87.845254, 0.299312, 4.080825, 4.272417
-129.493643, 87.887987, 0.297045, 4.064790, 4.248542
-129.354619, 87.930167, 0.293227, 4.095976, 4.278644
-129.215200, 87.971985, 0.289684, 4.104833, 4.283385
-129.074776, 88.013593, 0.286569, 4.109367, 4.284236
-128.936216, 88.054262, 0.282897, 4.099681, 4.271547
-128.796499, 88.094603, 0.279312, 4.113340, 4.279273
-128.656511, 88.134501, 0.276064, 4.120981, 4.283239
-128.516264, 88.174003, 0.273105, 4.128641, 4.287622
-128.375754, 88.213151, 0.270400, 4.136476, 4.292517
-128.234708, 88.251956, 0.267275, 4.141274, 4.294541
-128.093959, 88.290270, 0.264757, 4.125900, 4.274215
-127.953822, 88.328115, 0.262203, 4.125746, 4.268636
-127.813037, 88.365574, 0.258349, 4.145862, 4.288233
-127.671929, 88.402590, 0.254815, 4.154308, 4.293009
-127.529836, 88.439424, 0.251800, 4.156020, 4.291522
-127.389543, 88.475418, 0.248151, 4.152636, 4.284631
-127.248171, 88.510973, 0.244883, 4.161190, 4.289234
-127.106575, 88.546129, 0.241911, 4.167814, 4.292884
-126.964750, 88.580914, 0.239203, 4.174626, 4.297040
-126.822690, 88.615368, 0.236724, 4.181692, 4.301723
-126.680136, 88.649458, 0.233707, 4.185547, 4.301651
-126.537936, 88.683019, 0.231522, 4.169477, 4.281171
-126.396238, 88.716233, 0.228900, 4.181999, 4.292790
-126.253921, 88.749130, 0.225288, 4.189786, 4.298478
-126.111326, 88.781570, 0.222008, 4.205782, 4.314428
-125.967873, 88.813821, 0.219151, 4.156164, 4.265320
-125.826214, 88.845229, 0.215529, 4.195291, 4.294570
-125.683454, 88.876228, 0.212393, 4.201791, 4.298447
-125.540483, 88.906840, 0.209527, 4.208098, 4.302251
-125.397295, 88.937088, 0.206908, 4.214530, 4.306443
-125.253885, 88.967008, 0.204505, 4.221254, 4.311150
-125.110017, 88.996505, 0.201370, 4.221895, 4.308231
-124.966687, 89.025445, 0.199107, 4.216448, 4.301161
-124.823876, 89.054060, 0.195848, 4.216885, 4.299603
-124.680346, 89.082251, 0.191929, 4.225265, 4.304376
-124.536310, 89.110004, 0.188404, 4.289337, 4.366550
-124.392156, 89.137403, 0.185204, 4.186427, 4.262096
-124.249081, 89.163916, 0.181254, 4.230251, 4.300445
-124.105157, 89.190031, 0.177902, 4.235925, 4.303915
-123.961031, 89.215712, 0.174843, 4.241889, 4.307625
-123.816700, 89.240995, 0.172048, 4.248010, 4.311726
-123.672063, 89.265847, 0.169433, 4.285492, 4.343310
-123.527201, 89.290343, 0.166227, 4.256828, 4.316317
-123.382873, 89.314218, 0.164174, 4.252473, 4.310521
-123.238918, 89.337845, 0.160824, 4.251144, 4.306967
-123.094254, 89.361045, 0.157270, 4.258064, 4.311339
-122.948864, 89.383907, 0.154143, 4.305395, 4.356965
-122.804190, 89.406311, 0.151035, 4.231698, 4.279186
-122.659814, 89.427960, 0.147269, 4.260286, 4.306907
-122.514871, 89.449214, 0.144004, 4.265624, 4.310297
-122.369744, 89.470033, 0.141028, 4.271096, 4.313982
-122.224429, 89.490457, 0.138309, 4.276757, 4.318046
-122.078651, 89.510413, 0.135436, 4.293341, 4.334124
-121.932892, 89.530214, 0.132708, 4.274585, 4.310988
-121.788145, 89.549162, 0.130669, 4.236846, 4.274329
-121.643029, 89.567859, 0.127061, 4.277129, 4.311935
-121.497504, 89.586189, 0.123628, 4.282941, 4.315939
-121.351048, 89.604228, 0.120729, 4.312681, 4.344590
-121.206062, 89.621650, 0.117532, 4.237814, 4.268171
-121.060831, 89.638645, 0.114221, 4.281563, 4.309698
-120.915176, 89.655136, 0.111311, 4.286232, 4.312975
-120.769359, 89.671234, 0.108655, 4.291173, 4.316678
-120.623367, 89.686975, 0.106222, 4.296452, 4.320854
-120.476934, 89.702320, 0.103340, 4.298972, 4.322303
-120.330777, 89.717185, 0.101163, 4.272819, 4.293179
-120.185427, 89.731691, 0.098861, 4.279250, 4.299074
-120.039459, 89.745877, 0.095300, 4.296668, 4.316299
-119.893276, 89.759604, 0.092031, 4.302176, 4.320511
-119.746061, 89.773032, 0.089160, 4.313001, 4.330300
-119.600826, 89.785884, 0.085825, 4.271390, 4.288497
-119.454796, 89.798300, 0.082725, 4.299840, 4.314654
-119.308522, 89.810220, 0.079958, 4.304346, 4.318189
-119.162093, 89.821762, 0.077423, 4.309045, 4.322038
-119.015497, 89.832959, 0.075093, 4.314153, 4.326390
-118.868497, 89.843692, 0.072103, 4.314582, 4.325606
-118.722054, 89.853888, 0.070019, 4.301748, 4.312004
-118.576173, 89.863929, 0.067130, 4.306052, 4.315906
-118.429654, 89.873519, 0.063414, 4.312047, 4.320780
-118.282952, 89.882580, 0.060036, 4.317307, 4.325146
-118.135297, 89.891329, 0.057233, 4.315675, 4.322823
-117.989665, 89.899566, 0.053676, 4.307975, 4.314511
-117.843043, 89.907199, 0.050529, 4.314657, 4.320219
-117.696267, 89.914405, 0.047656, 4.319070, 4.324022
-117.549339, 89.921214, 0.045028, 4.323699, 4.328128
-117.402159, 89.927575, 0.042564, 4.358203, 4.361060
-117.254794, 89.933570, 0.039478, 4.328680, 4.332075
-117.107998, 89.939034, 0.037547, 4.323555, 4.326659
-116.961702, 89.944319, 0.034248, 4.320209, 4.322830
-116.814728, 89.949089, 0.030709, 4.325076, 4.327158
-116.667444, 89.953472, 0.027554, 4.378994, 4.380974
-116.519766, 89.957449, 0.024817, 4.279680, 4.283083
-116.373677, 89.960883, 0.021329, 4.321423, 4.322414
-116.226676, 89.963791, 0.018473, 4.325451, 4.326229
-116.079542, 89.966311, 0.015850, 4.329396, 4.329979
-115.932270, 89.968465, 0.013446, 4.333607, 4.334038
-115.784595, 89.970147, 0.010816, 4.346726, 4.347093
-115.637023, 89.971650, 0.008307, 4.318781, 4.320421
-115.490427, 89.972576, 0.006302, 4.292486, 4.293374
-115.342337, 89.973278, 0.002855, 4.329282, 4.329345
-115.196380, 89.973445, -0.000513, 4.324773, 4.324803
-115.049384, 89.973135, -0.003616, 4.323387, 4.323452
-114.902930, 89.972487, -0.006723, 4.288454, 4.289014
-114.756819, 89.971284, -0.010362, 4.315117, 4.315396
-114.610038, 89.969530, -0.013435, 4.319042, 4.319468
-114.463110, 89.967344, -0.016255, 4.323797, 4.324404
-114.316007, 89.964758, -0.018846, 4.329229, 4.330034
-114.168711, 89.961801, -0.021248, 4.335102, 4.336117
-114.021718, 89.958413, -0.023840, 4.311850, 4.313009
-113.874703, 89.954803, -0.026321, 4.360439, 4.365090
-113.727588, 89.950625, -0.030113, 4.246783, 4.253778
-113.581680, 89.945460, -0.034377, 4.339523, 4.343631
-113.434188, 89.940210, -0.038254, 4.315516, 4.318682
-113.287360, 89.934329, -0.041746, 4.321627, 4.325403
-113.140309, 89.927959, -0.044747, 4.326850, 4.331214
-112.993147, 89.921165, -0.047485, 4.329592, 4.334508
-112.845879, 89.913959, -0.050070, 4.333681, 4.339155
-112.698442, 89.906310, -0.053236, 4.337508, 4.343707
-112.550880, 89.898224, -0.056152, 4.339818, 4.346698
-112.403234, 89.889727, -0.058795, 4.342378, 4.349925
-112.254733, 89.880851, -0.060665, 4.381128, 4.388960
-112.107473, 89.871617, -0.062578, 4.277136, 4.288154
-111.960774, 89.862876, -0.062430, 4.327852, 4.336457
-111.813858, 89.853852, -0.061910, 4.286061, 4.295388
-111.667103, 89.844499, -0.063125, 4.325389, 4.334055
-111.519981, 89.835098, -0.064446, 4.328846, 4.337885
-111.372728, 89.825503, -0.065657, 4.333121, 4.342511
-111.225316, 89.815726, -0.066766, 4.338102, 4.347824
-111.077837, 89.805776, -0.067694, 4.340444, 4.350373
-110.930133, 89.795706, -0.068489, 4.350702, 4.360945
-110.782137, 89.785485, -0.069500, 4.356886, 4.367457
-110.633805, 89.774933, -0.071404, 4.350634, 4.362154
-110.487046, 89.764167, -0.073355, 4.323546, 4.335464
-110.338976, 89.753300, -0.074814, 4.347199, 4.359104
-110.191096, 89.742093, -0.076728, 4.351391, 4.364260
-110.043086, 89.730583, -0.078458, 4.354912, 4.368381
-109.894961, 89.718817, -0.080039, 4.358210, 4.372238
-109.746674, 89.706775, -0.081733, 4.363435, 4.378064
-109.598238, 89.694378, -0.084290, 4.366030, 4.381630
-109.449762, 89.681598, -0.087139, 4.367788, 4.384447
-109.301230, 89.668432, -0.089624, 4.371490, 4.389107
-109.152290, 89.655015, -0.091480, 4.419806, 4.439985
-109.003010, 89.640994, -0.092991, 4.312440, 4.335316
-108.855218, 89.627602, -0.092983, 4.362187, 4.381410
-108.707079, 89.613970, -0.092279, 4.316749, 4.336039
-108.559213, 89.599985, -0.093291, 4.362131, 4.381163
-108.410835, 89.586004, -0.094553, 4.366023, 4.385644
-108.262313, 89.571831, -0.095696, 4.370475, 4.390597
-108.113633, 89.557479, -0.096734, 4.375299, 4.395883
-107.964878, 89.542970, -0.097674, 4.377182, 4.398143
-107.816046, 89.528311, -0.098791, 4.382432, 4.403961
-107.666838, 89.513381, -0.100198, 4.411926, 4.436757
-107.517348, 89.498180, -0.101895, 4.384786, 4.408076
-107.369283, 89.482878, -0.103370, 4.331075, 4.357250
-107.220456, 89.467697, -0.104951, 4.380222, 4.404003
-107.071435, 89.451873, -0.106856, 4.385594, 4.410778
-106.922239, 89.435730, -0.108720, 4.390437, 4.416536
-106.772841, 89.419258, -0.110615, 4.397272, 4.424327
-106.623233, 89.402416, -0.112982, 4.401037, 4.429331
-106.473492, 89.385196, -0.115277, 4.404879, 4.434359
-106.323630, 89.367628, -0.117439, 4.408147, 4.438781
-106.173737, 89.349746, -0.119556, 4.409804, 4.441626
-106.023518, 89.331686, -0.121112, 4.460330, 4.494972
-105.873198, 89.312980, -0.122617, 4.373877, 4.406853
-105.723879, 89.294961, -0.121963, 4.399736, 4.432566
-105.574836, 89.276798, -0.121973, 4.365722, 4.401215
-105.425521, 89.258204, -0.123745, 4.396705, 4.430636
-105.275987, 89.239469, -0.125468, 4.399382, 4.434267
-105.126355, 89.220474, -0.127026, 4.402488, 4.438276
-104.976618, 89.201249, -0.128432, 4.404763, 4.441284
-104.826885, 89.181846, -0.129985, 4.407829, 4.445538
-104.677062, 89.162150, -0.131451, 4.410685, 4.449057
-104.526692, 89.142076, -0.132985, 4.434231, 4.473155
-104.376739, 89.121935, -0.134586, 4.411564, 4.452032
-104.227713, 89.101843, -0.136312, 4.389318, 4.428399
-104.078147, 89.081384, -0.138374, 4.404224, 4.446692
-103.928331, 89.060372, -0.140291, 4.408189, 4.451954
-103.778392, 89.039037, -0.142354, 4.411679, 4.456782
-103.628251, 89.017310, -0.144611, 4.416807, 4.463463
-103.477998, 88.995178, -0.147172, 4.419494, 4.467841
-103.327654, 88.972659, -0.149478, 4.421932, 4.471856
-103.177240, 88.949776, -0.151805, 4.423438, 4.475020
-103.026866, 88.926575, -0.153915, 4.424476, 4.477443
-102.875787, 88.903000, -0.155243, 4.472664, 4.527237
-102.725892, 88.879369, -0.156626, 4.405735, 4.459646
-102.576039, 88.855795, -0.155571, 4.411939, 4.465894
-102.426911, 88.832169, -0.156354, 4.406189, 4.460075
-102.277088, 88.808438, -0.158042, 4.407218, 4.462860
-102.127211, 88.784433, -0.159548, 4.409059, 4.465804
-101.977265, 88.760196, -0.160908, 4.411306, 4.469063
-101.827253, 88.735766, -0.162140, 4.412226, 4.470945
-101.677276, 88.711166, -0.163688, 4.414371, 4.474445
-101.527102, 88.686291, -0.165175, 4.419789, 4.481029
-101.376652, 88.660985, -0.167135, 4.410777, 4.473955
-101.226751, 88.635625, -0.169187, 4.375392, 4.435370
-101.078288, 88.610488, -0.171571, 4.375346, 4.443617
-100.928615, 88.584275, -0.173473, 4.404163, 4.470978
-100.778911, 88.557958, -0.174445, 4.404013, 4.471924
-100.629090, 88.531383, -0.176336, 4.407243, 4.476659
-100.479212, 88.504415, -0.179124, 4.407195, 4.478887
-100.329342, 88.476964, -0.182601, 4.406811, 4.481368
-100.179452, 88.448974, -0.185916, 4.409487, 4.486732
-100.029479, 88.420571, -0.188306, 4.409560, 4.488922
-99.879579, 88.391835, -0.190462, 4.406474, 4.487607
-99.729551, 88.362289, -0.192049, 4.381791, 4.467624
-99.580534, 88.333277, -0.191945, 4.383543, 4.465421
-99.431990, 88.304436, -0.191038, 4.368149, 4.453776
-99.282977, 88.275512, -0.191807, 4.383814, 4.465766
-99.133914, 88.246504, -0.192563, 4.384635, 4.467233
-98.984815, 88.217378, -0.193261, 4.385923, 4.469154
-98.835663, 88.188137, -0.193905, 4.387729, 4.471561
-98.686524, 88.158851, -0.194717, 4.389934, 4.474690
-98.537221, 88.129414, -0.195471, 4.392945, 4.478253
-98.387577, 88.099698, -0.196731, 4.388520, 4.475507
-98.238528, 88.069869, -0.198611, 4.386681, 4.475020
-98.089476, 88.040198, -0.200382, 4.304425, 4.402569
-97.941961, 88.009588, -0.202515, 4.375707, 4.467216
-97.793216, 87.978958, -0.203588, 4.372530, 4.464788
-97.644528, 87.948213, -0.204229, 4.373735, 4.466596
-97.495746, 87.917298, -0.205206, 4.376343, 4.470136
-97.346926, 87.886126, -0.207159, 4.375918, 4.471560
-97.198128, 87.854589, -0.209930, 4.375071, 4.473321
-97.049359, 87.822578, -0.213310, 4.374454, 4.475962
-96.900584, 87.790078, -0.216034, 4.374783, 4.478610
-96.751710, 87.757234, -0.217491, 4.354335, 4.475437
-96.603608, 87.723673, -0.218657, 4.356991, 4.464148
-96.455681, 87.690894, -0.218882, 4.314390, 4.420781
-96.308040, 87.657685, -0.220710, 4.352521, 4.460691
-96.160060, 87.624328, -0.222646, 4.352301, 4.462465
-96.012079, 87.590686, -0.224388, 4.352530, 4.464469
-95.864082, 87.556783, -0.225956, 4.353205, 4.466768
-95.716001, 87.522713, -0.226946, 4.355488, 4.470126
-95.567881, 87.488539, -0.227519, 4.357786, 4.473091
-95.419456, 87.454049, -0.228438, 4.375893, 4.491455
-95.271506, 87.419580, -0.230154, 4.350955, 4.469170
-95.123263, 87.384908, -0.232226, 4.369225, 4.490661
-94.976796, 87.350148, -0.234302, 4.305470, 4.425376
-94.829580, 87.314898, -0.236615, 4.333369, 4.457557
-94.682259, 87.279210, -0.238686, 4.332637, 4.459063
-94.534957, 87.243214, -0.240594, 4.332790, 4.461537
-94.387599, 87.206817, -0.243124, 4.332426, 4.463737
-94.240301, 87.169975, -0.246435, 4.330441, 4.465386
-94.093065, 87.132588, -0.250207, 4.329152, 4.468327
-93.945786, 87.094692, -0.252961, 4.331188, 4.473562
-93.798667, 87.056492, -0.255064, 4.327792, 4.472461
-93.651854, 87.017719, -0.256422, 4.320520, 4.470224
-93.505256, 86.979183, -0.257380, 4.310521, 4.457350
-93.359304, 86.940650, -0.259180, 4.305555, 4.453714
-93.212948, 86.901666, -0.261447, 4.304261, 4.455674
-93.066603, 86.862363, -0.263182, 4.304456, 4.457943
-92.920232, 86.822849, -0.264093, 4.305643, 4.460292
-92.773811, 86.783213, -0.264619, 4.307382, 4.462743
-92.627305, 86.743500, -0.264907, 4.311693, 4.467346
-92.480639, 86.703674, -0.264690, 4.337381, 4.502166
-92.333946, 86.663878, -0.265207, 4.306771, 4.463584
-92.187392, 86.624203, -0.265519, 4.351087, 4.499810
-92.041024, 86.584600, -0.265397, 4.266572, 4.424238
-91.895887, 86.545095, -0.266197, 4.297243, 4.454444
-91.749736, 86.505205, -0.266540, 4.299497, 4.456911
-91.603524, 86.465258, -0.266862, 4.301094, 4.458958
-91.457186, 86.425162, -0.267630, 4.304300, 4.463227
-91.310804, 86.384842, -0.269352, 4.304670, 4.465770
-91.164377, 86.344239, -0.270940, 4.307709, 4.470789
-91.017847, 86.303486, -0.271492, 4.309027, 4.472853
-90.871401, 86.262681, -0.271975, 4.307542, 4.471883
-90.725222, 86.222531, -0.271850, 4.359820, 4.507147
-90.578051, 86.181921, -0.270507, 4.288111, 4.450787
-90.432704, 86.141575, -0.271052, 4.282868, 4.448402
-90.286865, 86.100920, -0.272751, 4.289212, 4.453887
-90.141036, 86.060013, -0.274157, 4.289094, 4.455499
-89.995195, 86.018914, -0.275156, 4.289900, 4.457591
-89.849344, 85.977668, -0.275727, 4.290400, 4.458523
-89.703530, 85.936372, -0.275521, 4.293788, 4.461627
-89.557572, 85.895136, -0.274557, 4.298682, 4.465608
-89.411203, 85.853879, -0.274262, 4.293585, 4.462130
-89.265164, 85.812790, -0.274703, 4.299218, 4.467149
-89.118604, 85.771582, -0.274824, 4.298908, 4.466807
-88.974045, 85.730803, -0.275274, 4.248278, 4.416359
-88.828380, 85.689590, -0.275423, 4.293557, 4.461901
-88.682330, 85.648323, -0.275288, 4.297376, 4.465557
-88.536159, 85.607042, -0.275173, 4.301397, 4.469849
-88.389798, 85.565627, -0.275816, 4.304707, 4.473861
-88.243387, 85.524024, -0.277352, 4.306897, 4.477821
-88.096866, 85.482208, -0.278462, 4.308786, 4.481407
-87.950307, 85.440243, -0.279256, 4.309630, 4.483297
-87.804230, 85.398226, -0.279836, 4.273607, 4.442991
-87.656991, 85.356507, -0.278372, 4.322619, 4.495712
-87.511009, 85.315035, -0.277038, 4.251123, 4.416156
-87.365672, 85.273447, -0.277651, 4.288331, 4.458887
-87.219897, 85.231820, -0.278612, 4.286984, 4.458955
-87.074152, 85.190059, -0.279485, 4.286397, 4.459461
-86.928413, 85.148168, -0.280272, 4.286601, 4.460684
-86.782721, 85.106145, -0.280910, 4.286596, 4.461011
-86.637073, 85.064102, -0.280919, 4.287360, 4.462173
-86.491013, 85.021864, -0.281277, 4.299213, 4.474345
-86.345338, 84.979767, -0.281591, 4.287484, 4.463657
-86.199506, 84.937628, -0.282486, 4.325754, 4.495258
-86.053801, 84.895409, -0.282888, 4.196561, 4.375819
-85.909449, 84.853528, -0.283492, 4.278972, 4.457109
-85.763908, 84.811084, -0.283950, 4.281784, 4.460424
-85.618288, 84.768549, -0.284369, 4.284697, 4.464281
-85.472515, 84.725814, -0.285464, 4.286991, 4.467890
-85.326663, 84.682866, -0.287041, 4.289242, 4.472266
-85.180777, 84.639694, -0.288347, 4.289716, 4.474467
-85.034877, 84.596324, -0.289520, 4.290022, 4.476316
-84.888991, 84.552779, -0.290595, 4.287569, 4.475159
-84.743606, 84.509530, -0.290477, 4.340343, 4.524358
-84.597304, 84.465935, -0.289670, 4.269943, 4.455458
-84.452828, 84.422799, -0.289796, 4.249426, 4.441495
-84.307804, 84.379371, -0.291520, 4.265936, 4.453911
-84.162771, 84.335720, -0.293121, 4.265509, 4.455573
-84.017742, 84.291830, -0.294566, 4.265725, 4.457749
-83.872692, 84.247717, -0.295863, 4.266699, 4.460525
-83.727650, 84.203445, -0.297040, 4.266386, 4.462257
-83.582630, 84.158992, -0.298008, 4.267979, 4.464728
-83.437303, 84.114223, -0.298881, 4.264059, 4.463291
-83.292269, 84.069548, -0.299260, 4.269098, 4.468138
-83.146764, 84.024780, -0.299533, 4.278505, 4.480044
-83.003053, 83.980614, -0.299894, 4.236805, 4.428373
-82.858208, 83.936025, -0.299926, 4.265044, 4.464336
-82.713130, 83.891168, -0.299831, 4.268742, 4.468117
-82.567933, 83.846287, -0.299738, 4.272924, 4.472479
-82.422458, 83.801332, -0.299664, 4.278755, 4.478313
-82.276892, 83.756363, -0.299596, 4.281120, 4.480693
-82.131252, 83.711380, -0.299534, 4.283193, 4.482777
-81.985544, 83.666387, -0.299479, 4.285104, 4.484701
-81.840480, 83.621665, -0.299130, 4.263798, 4.452938
-81.694130, 83.576804, -0.297923, 4.298935, 4.498297
-81.548836, 83.532304, -0.296852, 4.272362, 4.467534
-81.404524, 83.488025, -0.298085, 4.264889, 4.460661
-81.259554, 83.443339, -0.300080, 4.263411, 4.462851
-81.114601, 83.398341, -0.301863, 4.263363, 4.465277
-80.969637, 83.353071, -0.303462, 4.263981, 4.468157
-80.824641, 83.307551, -0.304884, 4.265273, 4.471501
-80.679686, 83.261889, -0.306045, 4.265372, 4.473636
-80.534388, 83.215823, -0.306965, 4.292071, 4.501490
-80.389384, 83.169861, -0.307690, 4.263271, 4.473735
-80.244435, 83.123807, -0.308304, 4.265918, 4.477546
-80.099633, 83.077444, -0.309046, 4.208879, 4.430054
-79.955773, 83.031522, -0.309299, 4.257341, 4.469370
-79.810966, 82.985247, -0.309338, 4.260511, 4.472848
-79.666059, 82.938932, -0.309366, 4.263265, 4.475778
-79.521043, 82.892597, -0.309331, 4.267791, 4.480319
-79.375797, 82.846244, -0.308724, 4.272591, 4.484544
-79.230441, 82.799927, -0.308226, 4.275125, 4.486547
-79.084998, 82.753659, -0.307783, 4.277589, 4.488499
-78.939626, 82.707479, -0.307390, 4.276968, 4.487263
-78.794732, 82.661309, -0.306613, 4.274557, 4.483959
-78.648954, 82.615445, -0.305111, 4.264277, 4.470857
-78.504005, 82.569939, -0.305096, 4.227308, 4.423975
-78.359643, 82.524218, -0.306727, 4.262682, 4.470875
-78.214694, 82.478201, -0.307980, 4.264289, 4.474833
-78.069665, 82.432003, -0.308767, 4.266801, 4.478620
-77.924545, 82.385658, -0.309452, 4.269597, 4.482536
-77.779376, 82.339247, -0.310027, 4.272599, 4.486752
-77.634037, 82.292738, -0.310229, 4.276606, 4.491003
-77.488286, 82.245975, -0.310741, 4.286715, 4.501289
-77.343095, 82.199329, -0.311276, 4.272541, 4.488681
-77.197866, 82.152568, -0.312398, 4.273354, 4.491232
-77.052931, 82.106885, -0.312575, 4.261073, 4.475671
-76.908056, 82.060050, -0.313445, 4.261809, 4.480226
-76.763149, 82.012976, -0.314687, 4.261982, 4.482100
-76.618239, 81.965709, -0.315808, 4.262961, 4.485073
-76.473229, 81.918169, -0.317192, 4.264313, 4.488307
-76.328314, 81.870424, -0.318194, 4.263299, 4.488544
-76.183386, 81.822568, -0.318721, 4.264267, 4.490404
-76.038420, 81.774607, -0.319341, 4.265660, 4.492784
-75.893409, 81.726583, -0.319623, 4.239339, 4.472375
-75.748469, 81.678173, -0.319528, 4.299484, 4.526631
-75.603531, 81.630357, -0.317627, 4.246814, 4.469199
-75.459002, 81.583088, -0.317075, 4.213089, 4.429546
-75.314943, 81.535429, -0.318264, 4.255731, 4.480087
-75.170228, 81.487716, -0.318586, 4.257569, 4.483170
-75.025423, 81.439969, -0.318452, 4.260349, 4.485904
-74.880523, 81.392210, -0.318322, 4.263128, 4.488664
-74.735487, 81.344482, -0.318221, 4.266559, 4.492277
-74.590381, 81.296710, -0.319003, 4.268449, 4.495390
-74.444956, 81.248523, -0.320851, 4.278623, 4.507316
-74.300151, 81.200273, -0.322871, 4.259229, 4.491742
-74.155932, 81.151875, -0.325415, 4.243607, 4.468792
-74.011611, 81.103665, -0.327233, 4.253457, 4.492476
-73.867368, 81.054515, -0.329829, 4.240656, 4.482387
-73.723205, 81.004936, -0.332548, 4.239465, 4.485179
-73.579086, 80.954958, -0.335021, 4.238140, 4.487629
-73.434941, 80.904499, -0.337906, 4.237606, 4.491662
-73.290888, 80.853541, -0.341450, 4.234839, 4.494365
-73.146834, 80.802097, -0.344180, 4.234041, 4.497849
-73.002993, 80.750357, -0.346380, 4.231054, 4.498148
-72.858975, 80.698045, -0.348762, 4.248875, 4.520527
-72.715015, 80.645886, -0.350949, 4.220306, 4.497174
-72.571947, 80.593504, -0.351761, 4.209297, 4.484131
-72.429008, 80.541048, -0.353399, 4.172846, 4.437386
-72.286873, 80.488278, -0.356984, 4.196551, 4.478347
-72.144277, 80.434791, -0.360632, 4.192219, 4.480388
-72.001792, 80.380795, -0.363743, 4.189473, 4.482751
-71.859386, 80.326358, -0.366434, 4.187512, 4.485271
-71.717061, 80.271602, -0.368742, 4.186806, 4.488718
-71.574711, 80.216493, -0.370617, 4.187037, 4.492386
-71.432125, 80.160813, -0.372877, 4.202937, 4.511503
-71.290103, 80.105094, -0.375158, 4.175339, 4.487938
-71.149035, 80.049709, -0.377300, 4.122956, 4.435130
-71.007436, 79.993481, -0.379342, 4.170119, 4.493220
-70.866054, 79.936971, -0.381397, 4.155170, 4.477009
-70.724817, 79.880156, -0.383460, 4.152804, 4.478015
-70.583666, 79.823052, -0.385361, 4.150260, 4.478716
-70.442599, 79.765683, -0.387112, 4.147908, 4.479369
-70.301579, 79.708031, -0.388842, 4.148649, 4.482792
-70.160489, 79.650074, -0.390662, 4.147568, 4.485439
-70.019599, 79.591914, -0.392305, 4.143250, 4.483814
-69.878522, 79.533275, -0.394583, 4.139150, 4.484933
-69.738391, 79.474557, -0.396335, 4.121409, 4.467712
-69.598280, 79.415819, -0.397447, 4.120223, 4.468562
-69.458313, 79.357072, -0.398541, 4.083426, 4.420110
-69.319265, 79.298116, -0.401407, 4.107432, 4.461265
-69.179697, 79.238612, -0.404558, 4.103361, 4.463655
-69.040230, 79.178655, -0.407405, 4.100800, 4.466340
-68.900762, 79.118297, -0.409669, 4.102235, 4.472285
-68.761261, 79.057698, -0.410695, 4.101535, 4.473533
-68.621781, 78.996971, -0.411651, 4.102331, 4.476480
-68.482182, 78.935719, -0.413794, 4.122642, 4.505400
-68.342923, 78.874415, -0.416358, 4.091172, 4.474046
-68.205086, 78.813524, -0.418410, 4.061824, 4.447133
-68.066017, 78.751662, -0.420336, 4.089656, 4.484161
-67.927426, 78.689583, -0.422054, 4.072459, 4.464381
-67.789005, 78.627268, -0.423904, 4.069855, 4.465054
-67.650681, 78.564701, -0.425625, 4.066971, 4.465367
-67.512452, 78.501901, -0.427226, 4.064248, 4.465626
-67.374183, 78.438793, -0.428941, 4.065263, 4.470197
-67.235974, 78.375452, -0.430505, 4.060745, 4.468393
-67.097985, 78.311961, -0.431948, 4.059044, 4.469479
-66.959650, 78.248023, -0.434179, 4.095117, 4.503065
-66.822299, 78.184217, -0.435587, 4.042392, 4.454402
-66.685005, 78.120277, -0.435693, 4.038207, 4.454364
-66.547825, 78.056433, -0.436274, 4.034412, 4.452167
-66.411741, 77.992611, -0.438991, 4.025434, 4.445488
-66.274982, 77.928128, -0.442313, 4.020443, 4.448507
-66.138338, 77.863156, -0.445302, 4.017636, 4.451736
-66.001723, 77.797756, -0.447809, 4.018482, 4.458090
-65.865034, 77.732039, -0.449001, 4.019638, 4.461704
-65.728342, 77.666173, -0.449755, 4.019243, 4.463171
-65.591705, 77.600022, -0.451725, 4.028201, 4.488910
-65.455218, 77.533435, -0.454459, 3.953752, 4.416265
-65.320280, 77.467548, -0.456521, 3.992180, 4.447321
-65.184066, 77.400694, -0.458503, 4.023544, 4.484926
-65.048202, 77.333518, -0.459734, 3.988918, 4.451077
-64.912630, 77.266247, -0.461387, 3.985951, 4.451409
-64.777164, 77.198762, -0.462948, 3.982704, 4.451244
-64.641807, 77.131075, -0.464420, 3.979601, 4.451051
-64.506509, 77.063155, -0.465952, 3.980435, 4.454746
-64.371188, 76.994966, -0.467530, 3.977676, 4.455733
-64.236045, 76.926614, -0.468973, 3.972886, 4.453628
-64.100510, 76.857818, -0.471201, 4.002519, 4.488475
-63.966190, 76.789183, -0.472673, 3.944157, 4.417597
-63.831828, 76.720665, -0.472839, 3.951056, 4.437886
-63.697511, 76.651955, -0.472980, 3.949470, 4.436237
-63.564304, 76.583505, -0.474593, 3.934647, 4.426653
-63.430435, 76.514504, -0.477502, 3.935501, 4.431127
-63.296672, 76.445062, -0.480130, 3.933123, 4.434485
-63.162975, 76.375229, -0.482507, 3.931517, 4.438185
-63.029198, 76.305054, -0.484076, 3.934289, 4.444756
-62.895403, 76.234682, -0.484959, 3.934116, 4.446795
-62.761672, 76.164069, -0.486802, 3.933804, 4.450816
-62.627861, 76.092914, -0.489389, 3.880715, 4.413196
-62.495809, 76.022490, -0.491660, 3.907976, 4.432367
-62.362830, 75.951072, -0.494082, 3.910028, 4.441119
-62.229550, 75.879336, -0.495419, 3.904921, 4.436765
-62.096874, 75.807485, -0.497283, 3.900591, 4.438111
-61.964314, 75.735382, -0.499024, 3.897180, 4.438445
-61.831867, 75.663050, -0.500658, 3.893970, 4.438750
-61.699476, 75.590510, -0.502013, 3.893911, 4.442056
-61.567016, 75.517787, -0.502465, 3.895451, 4.444543
-61.434684, 75.445031, -0.502944, 3.892657, 4.442700
-61.301943, 75.371966, -0.504372, 3.926475, 4.477925
-61.169998, 75.298895, -0.505683, 3.821360, 4.382865
-61.038564, 75.226392, -0.506026, 3.872228, 4.427994
-60.906897, 75.153407, -0.506315, 3.872065, 4.427642
-60.776016, 75.080778, -0.507574, 3.826276, 4.390721
-60.644989, 75.007482, -0.510698, 3.856605, 4.420736
-60.513926, 74.933791, -0.513638, 3.853134, 4.423946
-60.382863, 74.859693, -0.515775, 3.854388, 4.430521
-60.251741, 74.785294, -0.516775, 3.856631, 4.435523
-60.120604, 74.710692, -0.517711, 3.853940, 4.435171
-59.989588, 74.635981, -0.518884, 3.854170, 4.438469
-59.858387, 74.560799, -0.520778, 3.835038, 4.431912
-59.728995, 74.486617, -0.523004, 3.823424, 4.405390
-59.598648, 74.411387, -0.525766, 3.828483, 4.425437
-59.468153, 74.335604, -0.528012, 3.821042, 4.424067
-59.338361, 74.259750, -0.530406, 3.813974, 4.421491
-59.208786, 74.183562, -0.532639, 3.808151, 4.420509
-59.079410, 74.107112, -0.534732, 3.802466, 4.419375
-58.950217, 74.030418, -0.536692, 3.797369, 4.418591
-58.821111, 73.953498, -0.538165, 3.796267, 4.421095
-58.692035, 73.876436, -0.538647, 3.794091, 4.419624
-58.562732, 73.799098, -0.540045, 3.838166, 4.459141
-58.433781, 73.721758, -0.541168, 3.778052, 4.408724
-58.305914, 73.644979, -0.542127, 3.773156, 4.403294
-58.177677, 73.567715, -0.542013, 3.771983, 4.403140
-58.049583, 73.490711, -0.542427, 3.731031, 4.347134
-57.922329, 73.413501, -0.545124, 3.759957, 4.396299
-57.794581, 73.335773, -0.548044, 3.755643, 4.399995
-57.666891, 73.257625, -0.550530, 3.755713, 4.406823
-57.539122, 73.179107, -0.551832, 3.758196, 4.412837
-57.411345, 73.100344, -0.552992, 3.755664, 4.413331
-57.283667, 73.021440, -0.554127, 3.756309, 4.417348
-57.155945, 72.942216, -0.555533, 3.765368, 4.451092
-57.029624, 72.863682, -0.558178, 3.718745, 4.364313
-56.902462, 72.784762, -0.560521, 3.738852, 4.417232
-56.775160, 72.704824, -0.563998, 3.738362, 4.427711
-56.648639, 72.624536, -0.566824, 3.714990, 4.403791
-56.522451, 72.543955, -0.569691, 3.707887, 4.403270
-56.396512, 72.463045, -0.572356, 3.700515, 4.402052
-56.270817, 72.381835, -0.574836, 3.693630, 4.400909
-56.145327, 72.300347, -0.577092, 3.689816, 4.402174
-56.019889, 72.218628, -0.578209, 3.687476, 4.403200
-55.894396, 72.136494, -0.579661, 3.691970, 4.411413
-55.768928, 72.054423, -0.580986, 3.669057, 4.389464
-55.644779, 71.972638, -0.582799, 3.638727, 4.349301
-55.520410, 71.890975, -0.582976, 3.657632, 4.381378
-55.396067, 71.808975, -0.583069, 3.656728, 4.380553
-55.272645, 71.727335, -0.584506, 3.643558, 4.370990
-55.148722, 71.645127, -0.587253, 3.642641, 4.375687
-55.024920, 71.562501, -0.589738, 3.640561, 4.380073
-54.901050, 71.479519, -0.591209, 3.642726, 4.387050
-54.777095, 71.396275, -0.591931, 3.645421, 4.392700
-54.653229, 71.312876, -0.593436, 3.642472, 4.393787
-54.529402, 71.229197, -0.595053, 3.643313, 4.399249
-54.406615, 71.145537, -0.596994, 3.589840, 4.330434
-54.283137, 71.062594, -0.599197, 3.630225, 4.399371
-54.159862, 70.978169, -0.601721, 3.623487, 4.395322
-54.036375, 70.893539, -0.602467, 3.618438, 4.388419
-53.913466, 70.808891, -0.603886, 3.613123, 4.389451
-53.790689, 70.724066, -0.605252, 3.609139, 4.388767
-53.668050, 70.639093, -0.606583, 3.605069, 4.387862
-53.545517, 70.553938, -0.607962, 3.604764, 4.390627
-53.422994, 70.468542, -0.609407, 3.600984, 4.391256
-53.300627, 70.382805, -0.610955, 3.608317, 4.420849
-53.177925, 70.296906, -0.612899, 3.582398, 4.380117
-53.056289, 70.211255, -0.614951, 3.574356, 4.377248
-52.935424, 70.126039, -0.616226, 3.565611, 4.369895
-52.814201, 70.040141, -0.616313, 3.565543, 4.369510
-52.693280, 69.954599, -0.616726, 3.521884, 4.325533
-52.572656, 69.868626, -0.619166, 3.555187, 4.365621
-52.451829, 69.782295, -0.621545, 3.552516, 4.369700
-52.330975, 69.695611, -0.623177, 3.554679, 4.377159
-52.210020, 69.608639, -0.623868, 3.557357, 4.382714
-52.089118, 69.521545, -0.624828, 3.555356, 4.383803
-51.968244, 69.434236, -0.626294, 3.555858, 4.388734
-51.847918, 69.346766, -0.627632, 3.510923, 4.349090
-51.728037, 69.260045, -0.628940, 3.546653, 4.380333
-51.607484, 69.172140, -0.631272, 3.540493, 4.386731
-51.486734, 69.083885, -0.633010, 3.539175, 4.395244
-51.366559, 68.995628, -0.634346, 3.532362, 4.385770
-51.246491, 68.907152, -0.635723, 3.530245, 4.387345
-51.126510, 68.818493, -0.637020, 3.527536, 4.388182
-51.006621, 68.729668, -0.638247, 3.524841, 4.388817
-50.886763, 68.640692, -0.639135, 3.525265, 4.392218
-50.766846, 68.551533, -0.639589, 3.524005, 4.391898
-50.646500, 68.461882, -0.641071, 3.528222, 4.405593
-50.527144, 68.372770, -0.642379, 3.505425, 4.379471
-50.408602, 68.283836, -0.644262, 3.486890, 4.343766
-50.289726, 68.194845, -0.644417, 3.494823, 4.371454
-50.170911, 68.105555, -0.644555, 3.494420, 4.371573
-50.052968, 68.016633, -0.646251, 3.485010, 4.364513
-49.934545, 67.927070, -0.649066, 3.480743, 4.369165
-49.816230, 67.837081, -0.651544, 3.479964, 4.375854
-49.697856, 67.746725, -0.652752, 3.481672, 4.383118
-49.579405, 67.656085, -0.653644, 3.482879, 4.387090
-49.461070, 67.565334, -0.654961, 3.480183, 4.388329
-49.342959, 67.474345, -0.656420, 3.418464, 4.339128
-49.226117, 67.383285, -0.656982, 3.459621, 4.375415
-49.108102, 67.292225, -0.658664, 3.469024, 4.388062
-48.990197, 67.200794, -0.661037, 3.466095, 4.390606
-48.872038, 67.109100, -0.661431, 3.461796, 4.383401
-48.754446, 67.017464, -0.662650, 3.457201, 4.385273
-48.636952, 66.925664, -0.663815, 3.454238, 4.385526
-48.519560, 66.833726, -0.664944, 3.451332, 4.385709
-48.402259, 66.741651, -0.666030, 3.448836, 4.386273
-48.285018, 66.649511, -0.666912, 3.447936, 4.388159
-48.167451, 66.556873, -0.668678, 3.490687, 4.430885
-48.050314, 66.464239, -0.670007, 3.431359, 4.378779
-47.933767, 66.371755, -0.672212, 3.424640, 4.378200
-47.817897, 66.279648, -0.673557, 3.415738, 4.372719
-47.701719, 66.186869, -0.673867, 3.417282, 4.373260
-47.585889, 66.094475, -0.674500, 3.369297, 4.326433
-47.470399, 66.001551, -0.677302, 3.406005, 4.370717
-47.354660, 65.908204, -0.680029, 3.402503, 4.375805
-47.238899, 65.814393, -0.682111, 3.404674, 4.385379
-47.123141, 65.720205, -0.683907, 3.403345, 4.390376
-47.007503, 65.625787, -0.685504, 3.400167, 4.392027
-46.891935, 65.531135, -0.686932, 3.400147, 4.397165
-46.777465, 65.436926, -0.687650, 3.351258, 4.398099
-46.662413, 65.341917, -0.689121, 3.388631, 4.394549
-46.547245, 65.246866, -0.691144, 3.384318, 4.391995
-46.431812, 65.151547, -0.691426, 3.384840, 4.400627
-46.316895, 65.056419, -0.691972, 3.377004, 4.386249
-46.202131, 64.961223, -0.692930, 3.373565, 4.384826
-46.087499, 64.865947, -0.693940, 3.369661, 4.383425
-45.972993, 64.770579, -0.694978, 3.366120, 4.382599
-45.858554, 64.675169, -0.695707, 3.364742, 4.383330
-45.744115, 64.579338, -0.697008, 3.375104, 4.400559
-45.629503, 64.483464, -0.698523, 3.349916, 4.374393
-45.515754, 64.387819, -0.700582, 3.341832, 4.372892
-45.402787, 64.292254, -0.703103, 3.323934, 4.336622
-45.289511, 64.196551, -0.703751, 3.329049, 4.366320
-45.176339, 64.100453, -0.704254, 3.328250, 4.367276
-45.064056, 64.004726, -0.706048, 3.317160, 4.360604
-44.951271, 63.908312, -0.709031, 3.316084, 4.368044
-44.838498, 63.811374, -0.711135, 3.315082, 4.375155
-44.725797, 63.714089, -0.713073, 3.312941, 4.379704
-44.613161, 63.616497, -0.714808, 3.311278, 4.384102
-44.500691, 63.518725, -0.716371, 3.307506, 4.385094
-44.388868, 63.421347, -0.717398, 3.263131, 4.323090
-44.277034, 63.323463, -0.719006, 3.297397, 4.376166
-44.165151, 63.225343, -0.720603, 3.290807, 4.378751
-44.053209, 63.127009, -0.721417, 3.290826, 4.382296
-43.940890, 63.028562, -0.720671, 3.289964, 4.374861
-43.829150, 62.930380, -0.721466, 3.284730, 4.374760
-43.717526, 62.832100, -0.722345, 3.281469, 4.373820
-43.606010, 62.733736, -0.723278, 3.278442, 4.373373
-43.494588, 62.635267, -0.724232, 3.275943, 4.373721
-43.383252, 62.536685, -0.725178, 3.274991, 4.375813
-43.271442, 62.437408, -0.727114, 3.276979, 4.389709
-43.160576, 62.338685, -0.728910, 3.254732, 4.365173
-43.050054, 62.239784, -0.731661, 3.246218, 4.364358
-42.940249, 62.141345, -0.733701, 3.239724, 4.358010
-42.830221, 62.042037, -0.734279, 3.236417, 4.359907
-42.720301, 61.942927, -0.735022, 3.203907, 4.310363
-42.611044, 61.843578, -0.737886, 3.225839, 4.359070
-42.501428, 61.743646, -0.740657, 3.223351, 4.367148
-42.391791, 61.643209, -0.742613, 3.222974, 4.374385
-42.282213, 61.542443, -0.744403, 3.221504, 4.379553
-42.172760, 61.441451, -0.745997, 3.217959, 4.381202
-42.063637, 61.340300, -0.747423, 3.161330, 4.331546
-41.955127, 61.240102, -0.748071, 3.211250, 4.379088
-41.845892, 61.138338, -0.750283, 3.200125, 4.377129
-41.737071, 61.036710, -0.752111, 3.199263, 4.381024
-41.627939, 60.934800, -0.753033, 3.222736, 4.410484
-41.519158, 60.832848, -0.753220, 3.194892, 4.379454
-41.410593, 60.730948, -0.754180, 3.191618, 4.379099
-41.302138, 60.628958, -0.755181, 3.188141, 4.378446
-41.193800, 60.526867, -0.756207, 3.185071, 4.379445
-41.085600, 60.424595, -0.757744, 3.180717, 4.379384
-40.977317, 60.321880, -0.759928, 3.217555, 4.412043
-40.869284, 60.219185, -0.761563, 3.161732, 4.369432
-40.761946, 60.116653, -0.764105, 3.152177, 4.367543
-40.655237, 60.013905, -0.767476, 3.095021, 4.315137
-40.548658, 59.911428, -0.768947, 3.133251, 4.361627
-40.442130, 59.808242, -0.769951, 3.132213, 4.362778
-40.336331, 59.705427, -0.771669, 3.098053, 4.342489
-40.230286, 59.601871, -0.774794, 3.119440, 4.364297
-40.124205, 59.497785, -0.777075, 3.117847, 4.372465
-40.018227, 59.393334, -0.779157, 3.115044, 4.377509
-39.912334, 59.288557, -0.781007, 3.112769, 4.382349
-39.806639, 59.183610, -0.782667, 3.108587, 4.383732
-39.701918, 59.079505, -0.783530, 3.073196, 4.337687
-39.596469, 58.974191, -0.785295, 3.119536, 4.403328
-39.491229, 58.868778, -0.787410, 3.089617, 4.377530
-39.386268, 58.763195, -0.789307, 3.084770, 4.379602
-39.281032, 58.657247, -0.789880, 3.080447, 4.378738
-39.176321, 58.551537, -0.791050, 3.076768, 4.376103
-39.071795, 58.445691, -0.792281, 3.071806, 4.374412
-38.967447, 58.339760, -0.793564, 3.066387, 4.372379
-38.863278, 58.233713, -0.794921, 3.062302, 4.373290
-38.759285, 58.127283, -0.796887, 3.058942, 4.407340
-38.654992, 58.020523, -0.799283, 3.042051, 4.364199
-38.551728, 57.914196, -0.801576, 3.032654, 4.361819
-38.448793, 57.807606, -0.804747, 3.021610, 4.360214
-38.346718, 57.701263, -0.807872, 3.015398, 4.333054
-38.244389, 57.594355, -0.808979, 3.006626, 4.355637
-38.142191, 57.487119, -0.809909, 3.005316, 4.358282
-38.040885, 57.380316, -0.812487, 2.995533, 4.352521
-37.939186, 57.272670, -0.815210, 2.990373, 4.360130
-37.837503, 57.164511, -0.817294, 2.987353, 4.366124
-37.735936, 57.056038, -0.819209, 2.983967, 4.370186
-37.634482, 56.947290, -0.820945, 2.979278, 4.371518
-37.533595, 56.838650, -0.822476, 2.948146, 4.315042
-37.433018, 56.730835, -0.823239, 2.971595, 4.372830
-37.331823, 56.621288, -0.825702, 2.962334, 4.369677
-37.231241, 56.511961, -0.827750, 2.957184, 4.370901
-37.130655, 56.402401, -0.829520, 2.998760, 4.403204
-37.029984, 56.292595, -0.829890, 2.951142, 4.369919
-36.929758, 56.182910, -0.830944, 2.946080, 4.369861
-36.829659, 56.073147, -0.831854, 2.942247, 4.368541
-36.729683, 55.963331, -0.832654, 2.938879, 4.367383
-36.629796, 55.853421, -0.833553, 2.936525, 4.368400
-36.529620, 55.743018, -0.835394, 2.959875, 4.406985
-36.430103, 55.632876, -0.836836, 2.916471, 4.355560
-36.331094, 55.522942, -0.839078, 2.907017, 4.352701
-36.232443, 55.412831, -0.841992, 2.894431, 4.348886
-36.134507, 55.303346, -0.843650, 2.887890, 4.344340
-36.036326, 55.192931, -0.843854, 2.888906, 4.346987
-35.938398, 55.082907, -0.844666, 2.848297, 4.309262
-35.840776, 54.972367, -0.847652, 2.875345, 4.345075
-35.743075, 54.861388, -0.850325, 2.872783, 4.353578
-35.645371, 54.749917, -0.852066, 2.871448, 4.361534
-35.547724, 54.638110, -0.853709, 2.869866, 4.367491
-35.450196, 54.526084, -0.855237, 2.866492, 4.370044
-35.353577, 54.415123, -0.856036, 2.847650, 4.332145
-35.256244, 54.303052, -0.857455, 2.860248, 4.385024
-35.158974, 54.190174, -0.859909, 2.847690, 4.366942
-35.062150, 54.077503, -0.861798, 2.846021, 4.371177
-34.965033, 53.964417, -0.862913, 2.846824, 4.388598
-34.868436, 53.851455, -0.863955, 2.837096, 4.368971
-34.772045, 53.738456, -0.865092, 2.832899, 4.367876
-34.675796, 53.625388, -0.866019, 2.829112, 4.366796
-34.579657, 53.512260, -0.866768, 2.826375, 4.366431
-34.483666, 53.398981, -0.867319, 2.817316, 4.398640
-34.387144, 53.285186, -0.868753, 2.815918, 4.361395
-34.291577, 53.172101, -0.870344, 2.806618, 4.356191
-34.196302, 53.058895, -0.872682, 2.797124, 4.353533
-34.101723, 52.945644, -0.875316, 2.750035, 4.300804
-34.006971, 52.832707, -0.875827, 2.785184, 4.351813
-33.912232, 52.718985, -0.876695, 2.785733, 4.354994
-33.818249, 52.605671, -0.879193, 2.765086, 4.346393
-33.724057, 52.491556, -0.882377, 2.767607, 4.355748
-33.629903, 52.376893, -0.884413, 2.766823, 4.366100
-33.535837, 52.261859, -0.886261, 2.764033, 4.371928
-33.441851, 52.146506, -0.887952, 2.761843, 4.377552
-33.348340, 52.031175, -0.889467, 2.725772, 4.314797
-33.255087, 51.916975, -0.890227, 2.752569, 4.375096
-33.161419, 51.800787, -0.892276, 2.767916, 4.400496
-33.068140, 51.684809, -0.894676, 2.737183, 4.373781
-32.975171, 51.568698, -0.896603, 2.731630, 4.375609
-32.881981, 51.452202, -0.897351, 2.729294, 4.372890
-32.789327, 51.335985, -0.898580, 2.721566, 4.370378
-32.696884, 51.219711, -0.899552, 2.716536, 4.367650
-32.604595, 51.103425, -0.900317, 2.712510, 4.365396
-32.512419, 50.987123, -0.900913, 2.711374, 4.365518
-32.419950, 50.870417, -0.902019, 2.753743, 4.412546
-32.327901, 50.753835, -0.903127, 2.694210, 4.352798
-32.236443, 50.637694, -0.905016, 2.684883, 4.348780
-32.145361, 50.521456, -0.907453, 2.674627, 4.344185
-32.054945, 50.405570, -0.909248, 2.675664, 4.320816
-31.964128, 50.289188, -0.909401, 2.669061, 4.345387
-31.873405, 50.172544, -0.910496, 2.668833, 4.323702
-31.783546, 50.056310, -0.913576, 2.655390, 4.343133
-31.693420, 49.939176, -0.916389, 2.649741, 4.351648
-31.603322, 49.821503, -0.918357, 2.647070, 4.360571
-31.513322, 49.703484, -0.920196, 2.644507, 4.366923
-31.423447, 49.585197, -0.921894, 2.640313, 4.369805
-31.334395, 49.467912, -0.922973, 2.618790, 4.322400
-31.244808, 49.349709, -0.924491, 2.633725, 4.373757
-31.155173, 49.230449, -0.926980, 2.629567, 4.375607
-31.066140, 49.111483, -0.929008, 2.617324, 4.371836
-30.977184, 48.992295, -0.930795, 2.648540, 4.397267
-30.888056, 48.872790, -0.931426, 2.610146, 4.370871
-30.799466, 48.753499, -0.932608, 2.603261, 4.369723
-30.711032, 48.634145, -0.933590, 2.599017, 4.368404
-30.622726, 48.514742, -0.934398, 2.595720, 4.367646
-30.534282, 48.395333, -0.934955, 2.672042, 4.422555
-30.445452, 48.275374, -0.934572, 2.597706, 4.361534
-30.358290, 48.156996, -0.935426, 2.555662, 4.319694
-30.271050, 48.038286, -0.938198, 2.567205, 4.343877
-30.183806, 47.919211, -0.938940, 2.564028, 4.340002
-30.097231, 47.799886, -0.940234, 2.548668, 4.326936
-30.010358, 47.681541, -0.936509, 2.560206, 4.313042
-29.923004, 47.563357, -0.934967, 2.542544, 4.292195
-29.835934, 47.444938, -0.937147, 2.565036, 4.331831
-29.748842, 47.326085, -0.939550, 2.558812, 4.335769
-29.661925, 47.206909, -0.941726, 2.554335, 4.341125
-29.575134, 47.087383, -0.943726, 2.551314, 4.347958
-29.488713, 46.968466, -0.945314, 2.502408, 4.265844
-29.404279, 46.849614, -0.947251, 2.499569, 4.337592
-29.318282, 46.729106, -0.949230, 2.534573, 4.359822
-29.232459, 46.608820, -0.952100, 2.518351, 4.342202
-29.146773, 46.488406, -0.952410, 2.523842, 4.351660
-29.061906, 46.368314, -0.955096, 2.503255, 4.336633
-28.976559, 46.247501, -0.957432, 2.501700, 4.345382
-28.891495, 46.126612, -0.957853, 2.502315, 4.351945
-28.806331, 46.005509, -0.958022, 2.505638, 4.356603
-28.721123, 45.884233, -0.958643, 2.506527, 4.361960
-28.635896, 45.762718, -0.959418, 2.504016, 4.380519
-28.550595, 45.640905, -0.960320, 2.505134, 4.369838
-28.465500, 45.519016, -0.962332, 2.500430, 4.374266
-28.380567, 45.396832, -0.964333, 2.495830, 4.378819
-28.295784, 45.274350, -0.966275, 2.491585, 4.383654
-28.211476, 45.151911, -0.968949, 2.479422, 4.380863
-28.127078, 45.028902, -0.969716, 2.483803, 4.392730
-28.042729, 44.905831, -0.971242, 2.467976, 4.385289
-27.958467, 44.782341, -0.972402, 2.478759, 4.400381
-27.874248, 44.658555, -0.974292, 2.475512, 4.406576
-27.790121, 44.534449, -0.975863, 2.473164, 4.412701
-27.706076, 44.410044, -0.977433, 2.470679, 4.418505
-27.622376, 44.285668, -0.979307, 2.450446, 4.367825
-27.538844, 44.161334, -0.981311, 2.458388, 4.422128
-27.455139, 44.035997, -0.981691, 2.457607, 4.423564
-27.371513, 43.910663, -0.982336, 2.456697, 4.425643
-27.288028, 43.785449, -0.983137, 2.454350, 4.426843
-27.204392, 43.659943, -0.983938, 2.459333, 4.447351
-27.121138, 43.534568, -0.985343, 2.444202, 4.423216
-27.038123, 43.409191, -0.986496, 2.439298, 4.422014
-26.955256, 43.283763, -0.987357, 2.435593, 4.421076
-26.872489, 43.158292, -0.987933, 2.433402, 4.420975
-26.789558, 43.032440, -0.988136, 2.441413, 4.443357
-26.706909, 42.906902, -0.989119, 2.427086, 4.417511
-26.624468, 42.781361, -0.990284, 2.422738, 4.417347
-26.542358, 42.655801, -0.991656, 2.408163, 4.406476
-26.460772, 42.530133, -0.997028, 2.386830, 4.391392
-26.379478, 42.404044, -1.000298, 2.385926, 4.417729
-26.298268, 42.277440, -1.001213, 2.396168, 4.442552
-26.217301, 42.151219, -1.003075, 2.377262, 4.417257
-26.136648, 42.024439, -1.005559, 2.368164, 4.421251
-26.056260, 41.897334, -1.008086, 2.360879, 4.425279
-25.976107, 41.769914, -1.010457, 2.354206, 4.429481
-25.896189, 41.642182, -1.012991, 2.346870, 4.433588
-25.817000, 41.515290, -1.016610, 2.338133, 4.428922
-25.737854, 41.387012, -1.019180, 2.324921, 4.436096
-25.658863, 41.258190, -1.021642, 2.330411, 4.455792
-25.580145, 41.129277, -1.023568, 2.312271, 4.443725
-25.501619, 41.000126, -1.025420, 2.307084, 4.447316
-25.423082, 40.870550, -1.027435, 2.299133, 4.445655
-25.344917, 40.741232, -1.027543, 2.300942, 4.450716
-25.266715, 40.611708, -1.027790, 2.299607, 4.450439
-25.188562, 40.482110, -1.028465, 2.297835, 4.451963
-25.110461, 40.352277, -1.029043, 2.302839, 4.476530
-25.032227, 40.222271, -1.029827, 2.292201, 4.450889
-24.954405, 40.092473, -1.031529, 2.285949, 4.451532
-24.876777, 39.962522, -1.033058, 2.280718, 4.452745
-24.799308, 39.832413, -1.034407, 2.276572, 4.454753
-24.722354, 39.702418, -1.037102, 2.262688, 4.451260
-24.645502, 39.571891, -1.039394, 2.257838, 4.455111
-24.568891, 39.441667, -1.040626, 2.238286, 4.435549
-24.492441, 39.310941, -1.041184, 2.252424, 4.458726
-24.415926, 39.179964, -1.042876, 2.248889, 4.464196
-24.339497, 39.048722, -1.044075, 2.246754, 4.469324
-24.263165, 38.917224, -1.045589, 2.243554, 4.474510
-24.187310, 38.786266, -1.047330, 2.232153, 4.446206
-24.111339, 38.654571, -1.048882, 2.232159, 4.477241
-24.035438, 38.522270, -1.050383, 2.229849, 4.484801
-23.959758, 38.389887, -1.051650, 2.223285, 4.481401
-23.884230, 38.257460, -1.053275, 2.219538, 4.486190
-23.808647, 38.124575, -1.054786, 2.217737, 4.500937
-23.733471, 37.991798, -1.056734, 2.206801, 4.487521
-23.658548, 37.858831, -1.058560, 2.200796, 4.490117
-23.583811, 37.725679, -1.059787, 2.196700, 4.492444
-23.509189, 37.592363, -1.061136, 2.192382, 4.494489
-23.434471, 37.458365, -1.062819, 2.183625, 4.489892
-23.360331, 37.324849, -1.064631, 2.178425, 4.493601
-23.286283, 37.191179, -1.065025, 2.176960, 4.493867
-23.212457, 37.057487, -1.066606, 2.147324, 4.474501
-23.139172, 36.923904, -1.070709, 2.165457, 4.486892
-23.066063, 36.789738, -1.072768, 2.148283, 4.496682
-22.993017, 36.655530, -1.074733, 2.141386, 4.449601
-22.920567, 36.521423, -1.076023, 2.135447, 4.496141
-22.848067, 36.386762, -1.077882, 2.129765, 4.500352
-22.775649, 36.251730, -1.079671, 2.125663, 4.508082
-22.703401, 36.116409, -1.081563, 2.119914, 4.511899
-22.631629, 35.981576, -1.083786, 2.107694, 4.472714
-22.559904, 35.846237, -1.085739, 2.103415, 4.512330
-22.488435, 35.710351, -1.087991, 2.095868, 4.515468
-22.417177, 35.573787, -1.090489, 2.081817, 4.511026
-22.346403, 35.437684, -1.091788, 2.079902, 4.512496
-22.275463, 35.301214, -1.092890, 2.078852, 4.535677
-22.205031, 35.164974, -1.094451, 2.065851, 4.505469
-22.134903, 35.028832, -1.095753, 2.059564, 4.502897
-22.064974, 34.892692, -1.096762, 2.054299, 4.500224
-21.995203, 34.756554, -1.097478, 2.044725, 4.509643
-21.925127, 34.619667, -1.097927, 2.045398, 4.492389
-21.855684, 34.483938, -1.098005, 2.042066, 4.483960
-21.786280, 34.348352, -1.097367, 2.043265, 4.480992
-21.716818, 34.212892, -1.096591, 2.045252, 4.479038
-21.647776, 34.077831, -1.097070, 2.021706, 4.450130
-21.578937, 33.942502, -1.102369, 2.017655, 4.470240
-21.510442, 33.806781, -1.104367, 2.012019, 4.474444
-21.442487, 33.671523, -1.103850, 2.017161, 4.471473
-21.374169, 33.535631, -1.106299, 2.005383, 4.476065
-21.305960, 33.399378, -1.107597, 2.003200, 4.483142
-21.237885, 33.262863, -1.109491, 1.997742, 4.487449
-21.170358, 33.126932, -1.111339, 1.983112, 4.429942
-21.102714, 32.990781, -1.113321, 1.981498, 4.487770
-21.035378, 32.853717, -1.115036, 1.977257, 4.492239
-20.968132, 32.716028, -1.117014, 1.967379, 4.492092
-20.901401, 32.578837, -1.118587, 1.961529, 4.488928
-20.834566, 32.441348, -1.120083, 1.995525, 4.531783
-20.768021, 32.303576, -1.121767, 1.948179, 4.487400
-20.701932, 32.166020, -1.123974, 1.939916, 4.489399
-20.636104, 32.028284, -1.126014, 1.932529, 4.489822
-20.570586, 31.890528, -1.127652, 1.925035, 4.489833
-20.504877, 31.751758, -1.129091, 1.920345, 4.494475
-20.439772, 31.613929, -1.130529, 1.909906, 4.485339
-20.374880, 31.476036, -1.131218, 1.908827, 4.485365
-20.310046, 31.338070, -1.131751, 1.907214, 4.486832
-20.245470, 31.200136, -1.132570, 1.862140, 4.440547
-20.181036, 31.062340, -1.135572, 1.889889, 4.487685
-20.116754, 30.923875, -1.136708, 1.889400, 4.490901
-20.053074, 30.785923, -1.137486, 1.880564, 4.487822
-19.989039, 30.647305, -1.139214, 1.880712, 4.494603
-19.925124, 30.508337, -1.140724, 1.876379, 4.500847
-19.861386, 30.369092, -1.142375, 1.871326, 4.504366
-19.798166, 30.230528, -1.143732, 1.850351, 4.433289
-19.734924, 30.092016, -1.145165, 1.856790, 4.500118
-19.671832, 29.952510, -1.146952, 1.851947, 4.503408
-19.608939, 29.812428, -1.149197, 1.854276, 4.512208
-19.546555, 29.672844, -1.151347, 1.830997, 4.495127
-19.484428, 29.533203, -1.153190, 1.841906, 4.507227
-19.422177, 29.393253, -1.153866, 1.820305, 4.488426
-19.360479, 29.253730, -1.155039, 1.811619, 4.485395
-19.298982, 29.114239, -1.156049, 1.806180, 4.482219
-19.237649, 28.974808, -1.156932, 1.800380, 4.478115
-19.176220, 28.834658, -1.158646, 1.795959, 4.487341
-19.115446, 28.695466, -1.160378, 1.780620, 4.466424
-19.055081, 28.556327, -1.162616, 1.770717, 4.461722
-18.995060, 28.417133, -1.164690, 1.761914, 4.460222
-18.935321, 28.277842, -1.166552, 1.754353, 4.460426
-18.875828, 28.139282, -1.167238, 1.746865, 4.459274
-18.816354, 27.999772, -1.168251, 1.747752, 4.461708
-18.757335, 27.860705, -1.170484, 1.712845, 4.450229
-18.698398, 27.720897, -1.172642, 1.732421, 4.467897
-18.639560, 27.580716, -1.174327, 1.726745, 4.472011
-18.580930, 27.440285, -1.176189, 1.721189, 4.476696
-18.522744, 27.300245, -1.177810, 1.696985, 4.395953
-18.464678, 27.160823, -1.179437, 1.704499, 4.473123
-18.406758, 27.020058, -1.181282, 1.700256, 4.477418
-18.349116, 26.878785, -1.183159, 1.698978, 4.506118
-18.291713, 26.737753, -1.185534, 1.680365, 4.471621
-18.234707, 26.596797, -1.187420, 1.672900, 4.472110
-18.177581, 26.455427, -1.188158, 1.671462, 4.466850
-18.120953, 26.314554, -1.189394, 1.661874, 4.464482
-18.064545, 26.173678, -1.190462, 1.656540, 4.462180
-18.008305, 26.032808, -1.191416, 1.651955, 4.460496
-17.952006, 25.891246, -1.193168, 1.646170, 4.482597
-17.896293, 25.750519, -1.195081, 1.630483, 4.447640
-17.841014, 25.609938, -1.197762, 1.617083, 4.443038
-17.786218, 25.469302, -1.200664, 1.606421, 4.441362
-17.731815, 25.328524, -1.203345, 1.595547, 4.441795
-17.677772, 25.188373, -1.205776, 1.617407, 4.434019
-17.624034, 25.047268, -1.209095, 1.571839, 4.441725
-17.570958, 24.906440, -1.213637, 1.529931, 4.406829
-17.518716, 24.764982, -1.218073, 1.535957, 4.444660
-17.466646, 24.622864, -1.221492, 1.524004, 4.453093
-17.415053, 24.480370, -1.225271, 1.510306, 4.458618
-17.363896, 24.337553, -1.228716, 1.509892, 4.439316
-17.313649, 24.195926, -1.232343, 1.480054, 4.458102
-17.263522, 24.052722, -1.235728, 1.467809, 4.463435
-17.213821, 23.909193, -1.239196, 1.454813, 4.468306
-17.164679, 23.765105, -1.243110, 1.432886, 4.460038
-17.116123, 23.621374, -1.246781, 1.421291, 4.463867
-17.067698, 23.477029, -1.249396, 1.412142, 4.460380
-17.019994, 23.333062, -1.252606, 1.395923, 4.461643
-16.972745, 23.188888, -1.255525, 1.383950, 4.462998
-16.925917, 23.044663, -1.258226, 1.371604, 4.461153
-16.879247, 22.899619, -1.260766, 1.376989, 4.507116
-16.833102, 22.754993, -1.263261, 1.348175, 4.455312
-16.787446, 22.610633, -1.265637, 1.338683, 4.455981
-16.742110, 22.466146, -1.267814, 1.329736, 4.456928
-16.697061, 22.321521, -1.269822, 1.321719, 4.458803
-16.652502, 22.177195, -1.271787, 1.323095, 4.429110
-16.607756, 22.032484, -1.274145, 1.303700, 4.460707
-16.563722, 21.887962, -1.277895, 1.267977, 4.428299
-16.520396, 21.742819, -1.281297, 1.274028, 4.462721
-16.477238, 21.597150, -1.284443, 1.262713, 4.471043
-16.434518, 21.451123, -1.287879, 1.249644, 4.475928
-16.392239, 21.304806, -1.291199, 1.236288, 4.480017
-16.350890, 21.159842, -1.294228, 1.222428, 4.462849
-16.309611, 21.013397, -1.297745, 1.207308, 4.477508
-16.268781, 20.866605, -1.301242, 1.193672, 4.482063
-16.228456, 20.719258, -1.304415, 1.176156, 4.474577
-16.188620, 20.572369, -1.307401, 1.165911, 4.477617
-16.148970, 20.424977, -1.310504, 1.152358, 4.472922
-16.110048, 20.277945, -1.313469, 1.138590, 4.473558
-16.071543, 20.130802, -1.316148, 1.126959, 4.473442
-16.033398, 19.983668, -1.318235, 1.116816, 4.471219
-15.995442, 19.836027, -1.320382, 1.107685, 4.527903
-15.957916, 19.688325, -1.323594, 1.090086, 4.460425
-15.921103, 19.541305, -1.327120, 1.075944, 4.459818
-15.884776, 19.394182, -1.330223, 1.062407, 4.459449
-15.848899, 19.246965, -1.333432, 1.047452, 4.458768
-15.813881, 19.100091, -1.338004, 1.024460, 4.427646
-15.779452, 18.952859, -1.345310, 0.995959, 4.454582
-15.745965, 18.805823, -1.349002, 0.966174, 4.449978
-15.712901, 18.657993, -1.353098, 0.962663, 4.457269
-15.680465, 18.509845, -1.357187, 0.946428, 4.463473
-15.648487, 18.361302, -1.360962, 0.931430, 4.470388
-15.617045, 18.212440, -1.364761, 0.932626, 4.453179
-15.586567, 18.064379, -1.367948, 0.910165, 4.448621
-15.556105, 17.915554, -1.371577, 0.885283, 4.473982
-15.526368, 17.766069, -1.375277, 0.855332, 4.516783
-15.497018, 17.616487, -1.378599, 0.853324, 4.470042
-15.468024, 17.466855, -1.381724, 0.840010, 4.479857
-15.439683, 17.317534, -1.384975, 0.826016, 4.470767
-15.411805, 17.168102, -1.387913, 0.812553, 4.471253
-15.384283, 17.018620, -1.390032, 0.802803, 4.473768
-15.357141, 16.869067, -1.392965, 0.789696, 4.472936
-15.330402, 16.719033, -1.396501, 0.774081, 4.490896
-15.304379, 16.568887, -1.400537, 0.753835, 4.467414
-15.278960, 16.419226, -1.404406, 0.740072, 4.467933
-15.254071, 16.269427, -1.407810, 0.725178, 4.469572
-15.229663, 16.119494, -1.411082, 0.710443, 4.471013
-15.205993, 15.970096, -1.415800, 0.710780, 4.452492
-15.182639, 15.820251, -1.421518, 0.673970, 4.431010
-15.160295, 15.670247, -1.424850, 0.650613, 4.469182
-15.138496, 15.519810, -1.428934, 0.633443, 4.473735
-15.117258, 15.368993, -1.433128, 0.615206, 4.481114
-15.096617, 15.217913, -1.436862, 0.599185, 4.485340
-15.076436, 15.066752, -1.440370, 0.612402, 4.443080
-15.057010, 14.915961, -1.442672, 0.542542, 4.445713
-15.037873, 14.765217, -1.446987, 0.552410, 4.479998
-15.019391, 14.613424, -1.450724, 0.538169, 4.488773
-15.001230, 14.461949, -1.453767, 0.524114, 4.505994
-14.983709, 14.310647, -1.456954, 0.508288, 4.474082
-14.966657, 14.159487, -1.459875, 0.495318, 4.474032
-14.949955, 14.008382, -1.461916, 0.485329, 4.473818
-14.933527, 13.857293, -1.463335, 0.478229, 4.471894
-14.917427, 13.706191, -1.466104, 0.466600, 4.472257
-14.901664, 13.554570, -1.469071, 0.452823, 4.489008
-14.886611, 13.403056, -1.473062, 0.440104, 4.473632
-14.872074, 13.252015, -1.476620, 0.419129, 4.465392
-14.858002, 13.100975, -1.479046, 0.408942, 4.463996
-14.844278, 12.949911, -1.481410, 0.397905, 4.463717
-14.831432, 12.799662, -1.487677, 0.367971, 4.450362
-14.819090, 12.649395, -1.492099, 0.353778, 4.454084
-14.807303, 12.498354, -1.494110, 0.341474, 4.457212
-14.795854, 12.347136, -1.496773, 0.329755, 4.462066
-14.784878, 12.195718, -1.500713, 0.313422, 4.465807
-14.774381, 12.044119, -1.502986, 0.302637, 4.471611
-14.764155, 11.892369, -1.504773, 0.324920, 4.436935
-14.754254, 11.741051, -1.504870, 0.297456, 4.471064
-14.744617, 11.589823, -1.507327, 0.265859, 4.490258
-14.735090, 11.438131, -1.509254, 0.306144, 4.499573
-14.725787, 11.286428, -1.510441, 0.269536, 4.458728
-14.716735, 11.135060, -1.511654, 0.263713, 4.460997
-14.707854, 10.983613, -1.512760, 0.258897, 4.462933
-14.699123, 10.832095, -1.513755, 0.255457, 4.463897
-14.690471, 10.680613, -1.514370, 0.250413, 4.466324
-14.681945, 10.529040, -1.515576, 0.244981, 4.469125
-14.673567, 10.376925, -1.517445, 0.236482, 4.493375
-14.665827, 10.224993, -1.520155, 0.225689, 4.490437
-14.658279, 10.073321, -1.522439, 0.214026, 4.464110
-14.651070, 9.921824, -1.523924, 0.209132, 4.463525
-14.644356, 9.770968, -1.526955, 0.198921, 4.450262
-14.637886, 9.620427, -1.530943, 0.176680, 4.447014
-14.631830, 9.469153, -1.531038, 0.176808, 4.454656
-14.625865, 9.317779, -1.531873, 0.173427, 4.456725
-14.620046, 9.166296, -1.533093, 0.168221, 4.461157
-14.614490, 9.014622, -1.536178, 0.154036, 4.464356
-14.609520, 8.862791, -1.539677, 0.139597, 4.468720
-14.604911, 8.710817, -1.541058, 0.133108, 4.471900
-14.600553, 8.559461, -1.540641, 0.122901, 4.478293
-14.596455, 8.407666, -1.542311, 0.123736, 4.452645
-14.592234, 8.255960, -1.544614, 0.116429, 4.453011
-14.588469, 8.104506, -1.547261, 0.104949, 4.457930
-14.585081, 7.952920, -1.549737, 0.094246, 4.460515
-14.582003, 7.801304, -1.551857, 0.083016, 4.464629
-14.579278, 7.649552, -1.554456, 0.071523, 4.468815
-14.576958, 7.497633, -1.557115, 0.059879, 4.473557
-14.575013, 7.345507, -1.559619, 0.049332, 4.480297
-14.573309, 7.192758, -1.561868, 0.031107, 4.504192
-14.572282, 7.040436, -1.564358, 0.002739, 4.506238
-14.571539, 6.888017, -1.566862, 0.015663, 4.477188
-14.571281, 6.736396, -1.569894, 0.018493, 4.450892
-14.570969, 6.584962, -1.572327, -0.027057, 4.463430
-14.571375, 6.432839, -1.574150, -0.015220, 4.476689
-14.572065, 6.280564, -1.576431, -0.025127, 4.480731
-14.573088, 6.128156, -1.578549, -0.034663, 4.484567
-14.574411, 5.975485, -1.580840, -0.045123, 4.492332
-14.576110, 5.822647, -1.582941, -0.054537, 4.495739
-14.578110, 5.669838, -1.584797, -0.062977, 4.495604
-14.580383, 5.516982, -1.586511, -0.070708, 4.498932
-14.582878, 5.364554, -1.587254, -0.073374, 4.482698
-14.585505, 5.212393, -1.588700, -0.068815, 4.475946
-14.588396, 5.060098, -1.590688, -0.088973, 4.480708
-14.591576, 4.907779, -1.592611, -0.097678, 4.481216
-14.595041, 4.755450, -1.594433, -0.105854, 4.481686
-14.598777, 4.603108, -1.596154, -0.113586, 4.482385
-14.602751, 4.450722, -1.597814, -0.120335, 4.484443
-14.607014, 4.298318, -1.599957, -0.129922, 4.485922
-14.611608, 4.145861, -1.601903, -0.139641, 4.488355
-14.616453, 3.992953, -1.603827, -0.152807, 4.505623
-14.621809, 3.840515, -1.606189, -0.181372, 4.514974
-14.627520, 3.688630, -1.608444, -0.162812, 4.452092
-14.633110, 3.537432, -1.610947, -0.180229, 4.461893
-14.639069, 3.385654, -1.609400, -0.172596, 4.468470
-14.644795, 3.233831, -1.607610, -0.164536, 4.468765
-14.650254, 3.081983, -1.605884, -0.156858, 4.469353
-14.655458, 2.930099, -1.604230, -0.149511, 4.470311
-14.660427, 2.778071, -1.602852, -0.143533, 4.475898
-14.665223, 2.625915, -1.601803, -0.138791, 4.474667
-14.669957, 2.473762, -1.600816, -0.166735, 4.512920
-14.674396, 2.321462, -1.599369, -0.129944, 4.468773
-14.677938, 2.169975, -1.596416, -0.108872, 4.459230
-14.681840, 2.019134, -1.595139, -0.108553, 4.450832
-14.685761, 1.867726, -1.597550, -0.118799, 4.455918
-14.689935, 1.716269, -1.599033, -0.125697, 4.456660
-14.694298, 1.564792, -1.600141, -0.130743, 4.457559
-14.698830, 1.413281, -1.601231, -0.135638, 4.458945
-14.703526, 1.261719, -1.602295, -0.140436, 4.460824
-14.708374, 1.109986, -1.602231, -0.141242, 4.464393
-14.713086, 0.958257, -1.600436, -0.132711, 4.466491
-14.717511, 0.806001, -1.600211, -0.133485, 4.482375
-14.722627, 0.654781, -1.602014, -0.145343, 4.450646
-14.727467, 0.504203, -1.604996, -0.151468, 4.426533
-14.732548, 0.353183, -1.603738, -0.146434, 4.447499
-14.737412, 0.202043, -1.602278, -0.140108, 4.447757
-14.742089, 0.050887, -1.601190, -0.135201, 4.448117
-14.746603, -0.100293, -1.600110, -0.130430, 4.448896
-14.750959, -0.251593, -1.599722, -0.128792, 4.452275
-14.755433, -0.402963, -1.602130, -0.139864, 4.452316
-14.760431, -0.554421, -1.604429, -0.174610, 4.492309
-14.765463, -0.705923, -1.604387, -0.150518, 4.448779
-14.770375, -0.857435, -1.603514, -0.141800, 4.445538
-14.774914, -1.007680, -1.600380, -0.127416, 4.439500
-14.779500, -1.157824, -1.599809, -0.132381, 4.432911
-14.784063, -1.308486, -1.601871, -0.137633, 4.433777
-14.788905, -1.459176, -1.603929, -0.146822, 4.435028
-14.794046, -1.609909, -1.605785, -0.155072, 4.436840
-14.799437, -1.760702, -1.607222, -0.161571, 4.439076
-14.805023, -1.911676, -1.608392, -0.167207, 4.446085
-14.810781, -2.062698, -1.609394, -0.171514, 4.445868
-14.816673, -2.213771, -1.610104, -0.174812, 4.449678
-14.822826, -2.364641, -1.611097, -0.190325, 4.428053
-14.828973, -2.515251, -1.612210, -0.173608, 4.402500
-14.835248, -2.665717, -1.612112, -0.183291, 4.435825
-14.841473, -2.816446, -1.612008, -0.182843, 4.438090
-14.847681, -2.967250, -1.611864, -0.182295, 4.440224
-14.853867, -3.118128, -1.611682, -0.181582, 4.442429
-14.860022, -3.269092, -1.611482, -0.180601, 4.446231
-14.866208, -3.420218, -1.612588, -0.186726, 4.448295
-14.872711, -3.571426, -1.613902, -0.220306, 4.485738
-14.879220, -3.722775, -1.614096, -0.194084, 4.444446
-14.885615, -3.874042, -1.612985, -0.187307, 4.445973
-14.891919, -4.024803, -1.612864, -0.152425, 4.402423
-14.898037, -4.174610, -1.609931, -0.185708, 4.387325
-14.903992, -4.324739, -1.610163, -0.175826, 4.428802
-14.910032, -4.475216, -1.611593, -0.180614, 4.430002
-14.916283, -4.625731, -1.612983, -0.186834, 4.431539
-14.922751, -4.776344, -1.614064, -0.191852, 4.435915
-14.929246, -4.927127, -1.612661, -0.185364, 4.439218
-14.935377, -5.078053, -1.610544, -0.176560, 4.441642
-14.941387, -5.228907, -1.610794, -0.177791, 4.442988
-14.947475, -5.379313, -1.612009, -0.158505, 4.430354
-14.953574, -5.530739, -1.613329, -0.205064, 4.464015
-14.959585, -5.680977, -1.613642, -0.187656, 4.430251
-14.965963, -5.831557, -1.612750, -0.186057, 4.435189
-14.972228, -5.982309, -1.611952, -0.182743, 4.440127
-14.978399, -6.133231, -1.611403, -0.180488, 4.444958
-14.984566, -6.284210, -1.611361, -0.179290, 4.448153
-14.990767, -6.435320, -1.611540, -0.179786, 4.452947
-14.996960, -6.586691, -1.611304, -0.195783, 4.472671
-15.003153, -6.738463, -1.610976, -0.182712, 4.452890
-15.008986, -6.889928, -1.609680, -0.153839, 4.490794
-15.014802, -7.041472, -1.608258, -0.165030, 4.455035
-15.020237, -7.192502, -1.607279, -0.148269, 4.410970
-15.025925, -7.342537, -1.605099, -0.154575, 4.437574
-15.031067, -7.493735, -1.604444, -0.149780, 4.451768
-15.036120, -7.645063, -1.603914, -0.147529, 4.454760
-15.041104, -7.796572, -1.602767, -0.142546, 4.459445
-15.045744, -7.948212, -1.599096, -0.126740, 4.461842
-15.049854, -8.099976, -1.596489, -0.114761, 4.467424
-15.053676, -8.251934, -1.595430, -0.110206, 4.470466
-15.057276, -8.403463, -1.595282, -0.010151, 4.509955
-15.060103, -8.557222, -1.595277, -0.106878, 4.488571
-15.063517, -8.707683, -1.595208, -0.105710, 4.375702
-15.067350, -8.856189, -1.594914, -0.103777, 4.401621
-15.070779, -9.006738, -1.592278, -0.095215, 4.434780
-15.073841, -9.157535, -1.590006, -0.085296, 4.437537
-15.076668, -9.308334, -1.588668, -0.078650, 4.440015
-15.079528, -9.459621, -1.588695, -0.073092, 4.460976
-15.082164, -9.610631, -1.587340, -0.072202, 4.440619
-15.084423, -9.761793, -1.584910, -0.067716, 4.459954
-15.086478, -9.912861, -1.583043, -0.053331, 4.447287
-15.088222, -10.063989, -1.581702, -0.048538, 4.449262
-15.089757, -10.212691, -1.579978, -0.062621, 4.285081
-15.092069, -10.359529, -1.577609, -0.067264, 4.372330
-15.094313, -10.509943, -1.575694, -0.065916, 4.479857
-15.096366, -10.662996, -1.573322, 0.004406, 4.423274
-15.096660, -10.813261, -1.572801, -0.008876, 4.420022
-15.096932, -10.963569, -1.572442, -0.007308, 4.418853
-15.097158, -11.113829, -1.572173, -0.006116, 4.417232
-15.097424, -11.263705, -1.573766, -0.016361, 4.413425
-15.098053, -11.413820, -1.576108, -0.022566, 4.414166
-15.098617, -11.563500, -1.574719, -0.017209, 4.407604
-15.098800, -11.714378, -1.570672, -0.000056, 4.420828
-15.098526, -11.863982, -1.567254, 0.015200, 4.398588
-15.097767, -12.013519, -1.564260, 0.028697, 4.397970
-15.096629, -12.162958, -1.561794, 0.040480, 4.396639
-15.095259, -12.312395, -1.561075, 0.043533, 4.398400
-15.093912, -12.461918, -1.562002, 0.040101, 4.401726
-15.092767, -12.611753, -1.561945, 0.031759, 4.440189
-15.091204, -12.761574, -1.560244, 0.045541, 4.402529
-15.089302, -12.911305, -1.557192, 0.079685, 4.431700
-15.087116, -13.061124, -1.554655, 0.072058, 4.407012
-15.084599, -13.210886, -1.553333, 0.076832, 4.409040
-15.081779, -13.360498, -1.552162, 0.086125, 4.341436
-15.079446, -13.508583, -1.549478, 0.075619, 4.403767
-15.076142, -13.658490, -1.547432, 0.103067, 4.412240
-15.072469, -13.808587, -1.544527, 0.115728, 4.416982
-15.068351, -13.958884, -1.542366, 0.125495, 4.422596
-15.063945, -14.109292, -1.540695, 0.133169, 4.425793
-15.059295, -14.259794, -1.539134, 0.140174, 4.428571
-15.054490, -14.409964, -1.538588, 0.152236, 4.425608
-15.049660, -14.560479, -1.539068, 0.141265, 4.428691
-15.044650, -14.710598, -1.537713, 0.138441, 4.413834
-15.039351, -14.861807, -1.534117, 0.166549, 4.467927
-15.033597, -15.012334, -1.531340, 0.174455, 4.420039
-15.027537, -15.162524, -1.529627, 0.181968, 4.421793
-15.021253, -15.312727, -1.528099, 0.189828, 4.422149
-15.014849, -15.462926, -1.527914, 0.190518, 4.425275
-15.008505, -15.613237, -1.528525, 0.189165, 4.429156
-15.002131, -15.763681, -1.527520, 0.181949, 4.445056
-14.995483, -15.914493, -1.525949, 0.195758, 4.431225
-14.988537, -16.065002, -1.523921, 0.206889, 4.435535
-14.981244, -16.215825, -1.521789, 0.219855, 4.435219
-14.973777, -16.366426, -1.520579, 0.223602, 4.437973
-14.966167, -16.517095, -1.520038, 0.225551, 4.441286
-14.958731, -16.666010, -1.518269, 0.215838, 4.416873
-14.950727, -16.816628, -1.516244, 0.241215, 4.441135
-14.942367, -16.967553, -1.513979, 0.252206, 4.446620
-14.933621, -17.118654, -1.511915, 0.261753, 4.452198
-14.924576, -17.269858, -1.510208, 0.269651, 4.455082
-14.915276, -17.421136, -1.508596, 0.277085, 4.457479
-14.905898, -17.572044, -1.507765, 0.288314, 4.448756
-14.896346, -17.723271, -1.508388, 0.278693, 4.456059
-14.886659, -17.874166, -1.507213, 0.281118, 4.433993
-14.876711, -18.025838, -1.503740, 0.301085, 4.508646
-14.866303, -18.177284, -1.500919, 0.310437, 4.446002
-14.855613, -18.328099, -1.499197, 0.318146, 4.447508
-14.844693, -18.478915, -1.497637, 0.325504, 4.447304
-14.833644, -18.629689, -1.497303, 0.327484, 4.449761
-14.822641, -18.780558, -1.497946, 0.326038, 4.453140
-14.811585, -18.931497, -1.496919, 0.330042, 4.455238
-14.800246, -19.082828, -1.495072, 0.334020, 4.454765
-14.788601, -19.233840, -1.493109, 0.345075, 4.458525
-14.776615, -19.385121, -1.490952, 0.358123, 4.457739
-14.764447, -19.536182, -1.489646, 0.363185, 4.460301
-14.752120, -19.687282, -1.489098, 0.364678, 4.462777
-14.739999, -19.836650, -1.487238, 0.353878, 4.431529
-14.727297, -19.987603, -1.485106, 0.381178, 4.460731
-14.714179, -20.138879, -1.482781, 0.392353, 4.466753
-14.700655, -20.290306, -1.480584, 0.402622, 4.472023
-14.686810, -20.441817, -1.478786, 0.411084, 4.474520
-14.672696, -20.593378, -1.477094, 0.418865, 4.476469
-14.658486, -20.744573, -1.476262, 0.429619, 4.470376
-14.644133, -20.896065, -1.476878, 0.420405, 4.474584
-14.629645, -21.047139, -1.475591, 0.419104, 4.455723
-14.614833, -21.199066, -1.471925, 0.445709, 4.525312
-14.599545, -21.350673, -1.468991, 0.453609, 4.463349
-14.583988, -21.501649, -1.467284, 0.461269, 4.464353
-14.568202, -21.652603, -1.465728, 0.468376, 4.463655
-14.552289, -21.803488, -1.465360, 0.470675, 4.465494
-14.536426, -21.954456, -1.466159, 0.468525, 4.468443
-14.520595, -22.105564, -1.465383, 0.450794, 4.497991
-14.504409, -22.256870, -1.463730, 0.475670, 4.469712
-14.487934, -22.407982, -1.461719, 0.511126, 4.496028
-14.471232, -22.559213, -1.459707, 0.497431, 4.472662
-14.454293, -22.710299, -1.458507, 0.501131, 4.474493
-14.437200, -22.861431, -1.457765, 0.505263, 4.477283
-14.420425, -23.010751, -1.455616, 0.487673, 4.448970
-14.402985, -23.161804, -1.453669, 0.523065, 4.476979
-14.385057, -23.313078, -1.451334, 0.533642, 4.480818
-14.366739, -23.464480, -1.449386, 0.543063, 4.485858
-14.348132, -23.615950, -1.447768, 0.550761, 4.488107
-14.329280, -23.767455, -1.446233, 0.557765, 4.489732
-14.310318, -23.918587, -1.445833, 0.565253, 4.487614
-14.291329, -24.070010, -1.446230, 0.558250, 4.487471
-14.272211, -24.220941, -1.444566, 0.554667, 4.479066
-14.252567, -24.372943, -1.440712, 0.590141, 4.529838
-14.232527, -24.524225, -1.437655, 0.594194, 4.475235
-14.212197, -24.675027, -1.435937, 0.601727, 4.475561
-14.191626, -24.825791, -1.434347, 0.607961, 4.474484
-14.170928, -24.976451, -1.433805, 0.611920, 4.475610
-14.150264, -25.127178, -1.434698, 0.609184, 4.478157
-14.129685, -25.278191, -1.434241, 0.614000, 4.506895
-14.108726, -25.429050, -1.432683, 0.615669, 4.479847
-14.087491, -25.580006, -1.430732, 0.630895, 4.503421
-14.066178, -25.730845, -1.429099, 0.634161, 4.482148
-14.044593, -25.881640, -1.428137, 0.637006, 4.483366
-14.022862, -26.032449, -1.427513, 0.659293, 4.459298
-14.001647, -26.181517, -1.425264, 0.620558, 4.470265
-13.979471, -26.332351, -1.423219, 0.659189, 4.485538
-13.956921, -26.483292, -1.421185, 0.668785, 4.489180
-13.934023, -26.634340, -1.419252, 0.678276, 4.493756
-13.910801, -26.785439, -1.417341, 0.687160, 4.495781
-13.887283, -26.936555, -1.415457, 0.695793, 4.497379
-13.863709, -27.087211, -1.415403, 0.692187, 4.493896
-13.840074, -27.238203, -1.415566, 0.695460, 4.494247
-13.816308, -27.388592, -1.413150, 0.704093, 4.488529
-13.791775, -27.540257, -1.409596, 0.727430, 4.521324
-13.767071, -27.690869, -1.407085, 0.730542, 4.481996
-13.742109, -27.841198, -1.405434, 0.737758, 4.482039
-13.716903, -27.991491, -1.403853, 0.744046, 4.481766
-13.691577, -28.141663, -1.403139, 0.748614, 4.481867
-13.666258, -28.291891, -1.403985, 0.745963, 4.484191
-13.640929, -28.442565, -1.403861, 0.753103, 4.496648
-13.615467, -28.592772, -1.402182, 0.751756, 4.483353
-13.589626, -28.743204, -1.399759, 0.763430, 4.488681
-13.563596, -28.893309, -1.398266, 0.770715, 4.484450
-13.537416, -29.043420, -1.397988, 0.770989, 4.484473
-13.511097, -29.193250, -1.397662, 0.763375, 4.418243
-13.485566, -29.341815, -1.395292, 0.766528, 4.478601
-13.458825, -29.491852, -1.393294, 0.791748, 4.484298
-13.431752, -29.642001, -1.390865, 0.802752, 4.487592
-13.404288, -29.792211, -1.388685, 0.813593, 4.492385
-13.376467, -29.942476, -1.386737, 0.822602, 4.494139
-13.348369, -30.092727, -1.384867, 0.807593, 4.474074
-13.320226, -30.242551, -1.385415, 0.825663, 4.491922
-13.292028, -30.392700, -1.385162, 0.829662, 4.492863
-13.263652, -30.542298, -1.382177, 0.845760, 4.489584
-13.234456, -30.693231, -1.378795, 0.859870, 4.506747
-13.205180, -30.842845, -1.376513, 0.864849, 4.481087
-13.175642, -30.992310, -1.374891, 0.872239, 4.481102
-13.145908, -31.141689, -1.373457, 0.879550, 4.479845
-13.116083, -31.291004, -1.373483, 0.879186, 4.481110
-13.086352, -31.440394, -1.374446, 0.876871, 4.483463
-13.056490, -31.590134, -1.373574, 0.873700, 4.481690
-13.026490, -31.739471, -1.371668, 0.884786, 4.482363
-12.996101, -31.889049, -1.369476, 0.900679, 4.481778
-12.965558, -32.038306, -1.368294, 0.902634, 4.484511
-12.934906, -32.187555, -1.368226, 0.902244, 4.484402
-12.904289, -32.336114, -1.367728, 0.874920, 4.400135
-12.874220, -32.484191, -1.365486, 0.907344, 4.482729
-12.843035, -32.633384, -1.363850, 0.921457, 4.484154
-12.811533, -32.782662, -1.361135, 0.933480, 4.487371
-12.779604, -32.932004, -1.359177, 0.943200, 4.491935
-12.747398, -33.081376, -1.357730, 0.950304, 4.493634
-12.715164, -33.230514, -1.356636, 0.941555, 4.464293
-12.682666, -33.379661, -1.357423, 0.951192, 4.491071
-12.650153, -33.528688, -1.356633, 0.958934, 4.455117
-12.617558, -33.677629, -1.353001, 0.970482, 4.488771
-12.584008, -33.827594, -1.349628, 0.984306, 4.490243
-12.550421, -33.976184, -1.347516, 0.991778, 4.480237
-12.516570, -34.124696, -1.345904, 0.999000, 4.479927
-12.482544, -34.273089, -1.344593, 1.005428, 4.478372
-12.448459, -34.421432, -1.344905, 1.003978, 4.479255
-12.414498, -34.569841, -1.346094, 1.000827, 4.480208
-12.380449, -34.718616, -1.345505, 0.997027, 4.477588
-12.346268, -34.866913, -1.343146, 1.010078, 4.477543
-12.311650, -35.015369, -1.340863, 1.022498, 4.477553
-12.276908, -35.163528, -1.340042, 1.023676, 4.477750
-12.242087, -35.311664, -1.339791, 1.025411, 4.478688
-12.207425, -35.458726, -1.338872, 0.995297, 4.402319
-12.173074, -35.605988, -1.336372, 1.039028, 4.480217
-12.137614, -35.754028, -1.334637, 1.047677, 4.477154
-12.101788, -35.902084, -1.331506, 1.061367, 4.480440
-12.065495, -36.050196, -1.329606, 1.071103, 4.485038
-12.028954, -36.198322, -1.328330, 1.077349, 4.486623
-11.992403, -36.346088, -1.327848, 1.088089, 4.477013
-11.955692, -36.494092, -1.328417, 1.076973, 4.483909
-11.918929, -36.641734, -1.327124, 1.075862, 4.470635
-11.881843, -36.789640, -1.323143, 1.133097, 4.512056
-11.843966, -36.938390, -1.319949, 1.110591, 4.476890
-11.806055, -37.085678, -1.317928, 1.118894, 4.473110
-11.767884, -37.232887, -1.316283, 1.126104, 4.472772
-11.729565, -37.379950, -1.315171, 1.131314, 4.471247
-11.691218, -37.527000, -1.315826, 1.128828, 4.472333
-11.653014, -37.674146, -1.316748, 1.110521, 4.500886
-11.614620, -37.821510, -1.315867, 1.126586, 4.472142
-11.576015, -37.968603, -1.313478, 1.161991, 4.498903
-11.537213, -38.115705, -1.311558, 1.147903, 4.474332
-11.498152, -38.262639, -1.310436, 1.151894, 4.474880
-11.458928, -38.409589, -1.309510, 1.156486, 4.476916
-11.419907, -38.555299, -1.307921, 1.127537, 4.410046
-11.380876, -38.701645, -1.305794, 1.176838, 4.475512
-11.340882, -38.848563, -1.303473, 1.182912, 4.478833
-11.300455, -38.995527, -1.301088, 1.194756, 4.484750
-11.259698, -39.142548, -1.299711, 1.201565, 4.486949
-11.218743, -39.289583, -1.298603, 1.206841, 4.488480
-11.177743, -39.436245, -1.298597, 1.211194, 4.485769
-11.136750, -39.583190, -1.298794, 1.205837, 4.485910
-11.095684, -39.729737, -1.296936, 1.206286, 4.483013
-11.053961, -39.876606, -1.292796, 1.259586, 4.522736
-11.011709, -40.024059, -1.289852, 1.240045, 4.475760
-10.969382, -40.170200, -1.287990, 1.248603, 4.474764
-10.926822, -40.316239, -1.286341, 1.254609, 4.472544
-10.884155, -40.462110, -1.285750, 1.258251, 4.472123
-10.841533, -40.608001, -1.286970, 1.254152, 4.472076
-10.799064, -40.754167, -1.287889, 1.260334, 4.500506
-10.756452, -40.900173, -1.286850, 1.252364, 4.472183
-10.713575, -41.046232, -1.284584, 1.262394, 4.486922
-10.670601, -41.192012, -1.283135, 1.269830, 4.472660
-10.627470, -41.337736, -1.282913, 1.269641, 4.472344
-10.584309, -41.483475, -1.282824, 1.270605, 4.473673
-10.541481, -41.627994, -1.281577, 1.242648, 4.419045
-10.498392, -41.773298, -1.279368, 1.285223, 4.472207
-10.454538, -41.919022, -1.276980, 1.295962, 4.476434
-10.410333, -42.064774, -1.275062, 1.305418, 4.480107
-10.365767, -42.210576, -1.272899, 1.316322, 4.484846
-10.320825, -42.356379, -1.270679, 1.326621, 4.487068
-10.275828, -42.501813, -1.270316, 1.324075, 4.484688
-10.230703, -42.647503, -1.270492, 1.327416, 4.485158
-10.185560, -42.792639, -1.267762, 1.341084, 4.482172
-10.139586, -42.938280, -1.264668, 1.369439, 4.519484
-10.093339, -43.084393, -1.262711, 1.355940, 4.474465
-10.047104, -43.229337, -1.261356, 1.362692, 4.474883
-10.000731, -43.374180, -1.260263, 1.368038, 4.473365
-9.954335, -43.518963, -1.260737, 1.365854, 4.474093
-9.908081, -43.663831, -1.261917, 1.362772, 4.476337
-9.861694, -43.809038, -1.261046, 1.375028, 4.490588
-9.815158, -43.953858, -1.259260, 1.371353, 4.476686
-9.768265, -44.098801, -1.256911, 1.384221, 4.476160
-9.721172, -44.243463, -1.255359, 1.389881, 4.477363
-9.673902, -44.388108, -1.254515, 1.393177, 4.479133
-9.626494, -44.532781, -1.253763, 1.397144, 4.481412
-9.579442, -44.676137, -1.251996, 1.372111, 4.431334
-9.531940, -44.820513, -1.250084, 1.413000, 4.481748
-9.483763, -44.965198, -1.247984, 1.422669, 4.485751
-9.435216, -45.109938, -1.246142, 1.432555, 4.491329
-9.386365, -45.254717, -1.244621, 1.440074, 4.493911
-9.337277, -45.399501, -1.243209, 1.446740, 4.495927
-9.288299, -45.543833, -1.243654, 1.441055, 4.492017
-9.239115, -45.688455, -1.242871, 1.459063, 4.473521
-9.189794, -45.832552, -1.239721, 1.462051, 4.490530
-9.139661, -45.977178, -1.236566, 1.482981, 4.523589
-9.089268, -46.122131, -1.234564, 1.477918, 4.481755
-9.038885, -46.265938, -1.233090, 1.484795, 4.481470
-8.988307, -46.409648, -1.231660, 1.489234, 4.479526
-8.937666, -46.553189, -1.231177, 1.492686, 4.478902
-8.887070, -46.696743, -1.232409, 1.487690, 4.478381
-8.836439, -46.840641, -1.232626, 1.482809, 4.478935
-8.785827, -46.984086, -1.230244, 1.495804, 4.475322
-8.734710, -47.127627, -1.227587, 1.510349, 4.474836
-8.683367, -47.270785, -1.225110, 1.518279, 4.475999
-8.631719, -47.413833, -1.223478, 1.524066, 4.475796
-8.579788, -47.556796, -1.221121, 1.534372, 4.476729
-8.528170, -47.698153, -1.217306, 1.507504, 4.426302
-8.475795, -47.840620, -1.213508, 1.565022, 4.473889
-8.422308, -47.983135, -1.209089, 1.583996, 4.477389
-8.368127, -48.125541, -1.205016, 1.603604, 4.483507
-8.313328, -48.267902, -1.201657, 1.618728, 4.486226
-8.258196, -48.410020, -1.198585, 1.610174, 4.458384
-8.202587, -48.552002, -1.197267, 1.637194, 4.485918
-8.146650, -48.693800, -1.194535, 1.655576, 4.449352
-8.090472, -48.835346, -1.189218, 1.670132, 4.482184
-8.033138, -48.976918, -1.184075, 1.705192, 4.543474
-7.975037, -49.118950, -1.180282, 1.700296, 4.471066
-7.916859, -49.259522, -1.176613, 1.718752, 4.475477
-7.858260, -49.399852, -1.173587, 1.731452, 4.474019
-7.799385, -49.540055, -1.172548, 1.736229, 4.475136
-7.740404, -49.680179, -1.171812, 1.739945, 4.474289
-7.681026, -49.820466, -1.169095, 1.745360, 4.473791
-7.621332, -49.960304, -1.165597, 1.764456, 4.474820
-7.561018, -50.100245, -1.162329, 1.781388, 4.476549
-7.500383, -50.239761, -1.159054, 1.793447, 4.478720
-7.439298, -50.379170, -1.156683, 1.802670, 4.480068
-7.377867, -50.518509, -1.154348, 1.813787, 4.482620
-7.316652, -50.656327, -1.151998, 1.809267, 4.438825
-7.254574, -50.795111, -1.148714, 1.835575, 4.480965
-7.191837, -50.934224, -1.145566, 1.852137, 4.489522
-7.128618, -51.073279, -1.142627, 1.865510, 4.492685
-7.064957, -51.212234, -1.139715, 1.878340, 4.494896
-7.001105, -51.350869, -1.137067, 1.878101, 4.477908
-6.936748, -51.489461, -1.135806, 1.894001, 4.493246
-6.872125, -51.627937, -1.133271, 1.904136, 4.494313
-6.807274, -51.765890, -1.128659, 1.923387, 4.487895
-6.741560, -51.903977, -1.122917, 1.967693, 4.553459
-6.674755, -52.042247, -1.118590, 1.957519, 4.481057
-6.607924, -52.179194, -1.115147, 1.972248, 4.482040
-6.540673, -52.315902, -1.111996, 1.985545, 4.479816
-6.473067, -52.452299, -1.109427, 1.994786, 4.480761
-6.405102, -52.588598, -1.107076, 2.005602, 4.483527
-6.336615, -52.725071, -1.104189, 2.013587, 4.483811
-6.267794, -52.861052, -1.100433, 2.032532, 4.485336
-6.198256, -52.996934, -1.096278, 2.065039, 4.512438
-6.128346, -53.132598, -1.092571, 2.067772, 4.490352
-6.057873, -53.267974, -1.089112, 2.080810, 4.492339
-5.986932, -53.403197, -1.086226, 2.094028, 4.495152
-5.916275, -53.537063, -1.084251, 2.087672, 4.455804
-5.844698, -53.671732, -1.080552, 2.116284, 4.494493
-5.772433, -53.806543, -1.077681, 2.129949, 4.499572
-5.699755, -53.941274, -1.074899, 2.143043, 4.503936
-5.626617, -54.075912, -1.071387, 2.158079, 4.505840
-5.553275, -54.210126, -1.067945, 2.153119, 4.481808
-5.479313, -54.344209, -1.066303, 2.177341, 4.504005
-5.405013, -54.478163, -1.063152, 2.190094, 4.505488
-5.330530, -54.611563, -1.059955, 2.193392, 4.501145
-5.255352, -54.745294, -1.054595, 2.234317, 4.526108
-5.179177, -54.878600, -1.049645, 2.236816, 4.492752
-5.102857, -55.010956, -1.046006, 2.251362, 4.493606
-5.026081, -55.143039, -1.042618, 2.264404, 4.493360
-4.948913, -55.274763, -1.039195, 2.276549, 4.490261
-4.871319, -55.406179, -1.035773, 2.290455, 4.492210
-4.793119, -55.537722, -1.032537, 2.317743, 4.511975
-4.714535, -55.668652, -1.028544, 2.317845, 4.492494
-4.635416, -55.799193, -1.023417, 2.338488, 4.491756
-4.555416, -55.929669, -1.018609, 2.359453, 4.494478
-4.475099, -56.059513, -1.015145, 2.371278, 4.494337
-4.394473, -56.189166, -1.013508, 2.343260, 4.467190
-4.314012, -56.317592, -1.012885, 2.364510, 4.456078
-4.233107, -56.446556, -1.007980, 2.392407, 4.483771
-4.151451, -56.575377, -1.003965, 2.409422, 4.487522
-4.069273, -56.704069, -1.000436, 2.426018, 4.492391
-3.986467, -56.832543, -0.996040, 2.444082, 4.495777
-3.903112, -56.960735, -0.992282, 2.428624, 4.474054
-3.819722, -57.088359, -0.991391, 2.458024, 4.493652
-3.735906, -57.216122, -0.989239, 2.468623, 4.493705
-3.651782, -57.343788, -0.988134, 2.474166, 4.496654
-3.567788, -57.471368, -0.985605, 2.502477, 4.517567
-3.483196, -57.598531, -0.982523, 2.487800, 4.480113
-3.398496, -57.725089, -0.979684, 2.495467, 4.477980
-3.313591, -57.851310, -0.977360, 2.502754, 4.474459
-3.228578, -57.977359, -0.977102, 2.503373, 4.473342
-3.143570, -58.103323, -0.976403, 2.505305, 4.470743
-3.058358, -58.229099, -0.974288, 2.511967, 4.471448
-2.972601, -58.355057, -0.971721, 2.515360, 4.468166
-2.886719, -58.480285, -0.967825, 2.533021, 4.467457
-2.800317, -58.605056, -0.962487, 2.552770, 4.466522
-2.712986, -58.729781, -0.958185, 2.571052, 4.465098
-2.625713, -58.853787, -0.956264, 2.520911, 4.421031
-2.539005, -58.977044, -0.959098, 2.542789, 4.400318
-2.452284, -59.100236, -0.957145, 2.561048, 4.442523
-2.364976, -59.223562, -0.952823, 2.574871, 4.444859
-2.277238, -59.346614, -0.950054, 2.585081, 4.444870
-2.189169, -59.469440, -0.947611, 2.595565, 4.447012
-2.100848, -59.592240, -0.947852, 2.595773, 4.449079
-2.012971, -59.714985, -0.950109, 2.571558, 4.416016
-1.924890, -59.837625, -0.950601, 2.583122, 4.443856
-1.836909, -59.960574, -0.949720, 2.588089, 4.448020
-1.748814, -60.083813, -0.950235, 2.610667, 4.435553
-1.660737, -60.205986, -0.948698, 2.575922, 4.427918
-1.572841, -60.328108, -0.945679, 2.588538, 4.423530
-1.484675, -60.449854, -0.942389, 2.596348, 4.417987
-1.396342, -60.571175, -0.940178, 2.603601, 4.414889
-1.307893, -60.692377, -0.939743, 2.603752, 4.412436
-1.219423, -60.813449, -0.938674, 2.605577, 4.409181
-1.130808, -60.934330, -0.936695, 2.612056, 4.408287
-1.041672, -61.055192, -0.933129, 2.617486, 4.400958
-0.952361, -61.175075, -0.928007, 2.634409, 4.395517
-0.862476, -61.294340, -0.921983, 2.655599, 4.394541
-0.771637, -61.413441, -0.917139, 2.675061, 4.393661
-0.681502, -61.531538, -0.917024, 2.660819, 4.381284
-0.591308, -61.648978, -0.918212, 2.650089, 4.364100
-0.500894, -61.766687, -0.913507, 2.667582, 4.366643
-0.409896, -61.883981, -0.908539, 2.684445, 4.366180
-0.318369, -62.000857, -0.904473, 2.698532, 4.366189
-0.226380, -62.117405, -0.901140, 2.711959, 4.368921
-0.134107, -62.233843, -0.901376, 2.711193, 4.368706
-0.042294, -62.350375, -0.905013, 2.665250, 4.326905
0.049607, -62.466673, -0.905270, 2.696993, 4.368871
0.141548, -62.583499, -0.902674, 2.708911, 4.371985
0.234071, -62.700475, -0.899100, 2.728384, 4.373879
0.326877, -62.815896, -0.895094, 2.726320, 4.349496
0.419738, -62.930819, -0.887882, 2.744091, 4.349951
0.513363, -63.045361, -0.883003, 2.763297, 4.352278
0.607343, -63.159544, -0.880991, 2.769274, 4.350877
0.701381, -63.273628, -0.881526, 2.767035, 4.349968
0.795271, -63.387813, -0.882801, 2.764510, 4.350848
0.889239, -63.502105, -0.881455, 2.769827, 4.354197
0.983766, -63.616694, -0.878567, 2.778147, 4.355901
1.078338, -63.730404, -0.875302, 2.788266, 4.351187
1.173305, -63.843792, -0.871996, 2.800851, 4.353882
1.268541, -63.956865, -0.869240, 2.801040, 4.342527
1.363910, -64.069577, -0.867505, 2.810365, 4.346902
1.459570, -64.181616, -0.862367, 2.825025, 4.340277
1.555937, -64.293522, -0.857867, 2.842276, 4.346179
1.652771, -64.405199, -0.855072, 2.853287, 4.348578
1.749964, -64.516672, -0.852440, 2.863575, 4.351106
1.847537, -64.628041, -0.849698, 2.876097, 4.356450
1.945499, -64.739216, -0.846950, 2.886924, 4.358873
2.043742, -64.850219, -0.845710, 2.893205, 4.362532
2.141877, -64.960798, -0.846564, 2.889200, 4.363564
2.240437, -65.072327, -0.845176, 2.911037, 4.382552
2.339275, -65.183344, -0.842811, 2.907235, 4.380674
2.438006, -65.293635, -0.840681, 2.886572, 4.317154
2.536827, -65.403413, -0.834975, 2.922388, 4.352472
2.636400, -65.512962, -0.831494, 2.933955, 4.354981
2.736246, -65.622246, -0.829265, 2.942010, 4.354808
2.836253, -65.731477, -0.829318, 2.945485, 4.360164
2.936300, -65.840840, -0.829425, 2.948409, 4.363594
3.036567, -65.950242, -0.827943, 2.957327, 4.371039
3.137251, -66.059895, -0.826280, 2.980174, 4.409920
3.238255, -66.169121, -0.823736, 2.968697, 4.370255
3.339382, -66.277893, -0.820111, 2.979691, 4.369261
3.440260, -66.386029, -0.817789, 2.988567, 4.367530
3.542408, -66.494149, -0.816407, 2.991974, 4.360037
3.644264, -66.601712, -0.811405, 2.995291, 4.355524
3.746638, -66.709021, -0.806994, 3.020040, 4.366879
3.849500, -66.816214, -0.805022, 3.029960, 4.371727
3.952628, -66.923318, -0.803272, 3.039156, 4.376140
4.056032, -67.030402, -0.801528, 3.048285, 4.382229
4.159781, -67.137399, -0.799020, 3.059409, 4.386719
4.263937, -67.244288, -0.796951, 3.070258, 4.393363
4.367885, -67.350945, -0.796205, 3.060800, 4.405017
4.472229, -67.457783, -0.795179, 3.072890, 4.391513
4.577340, -67.564421, -0.792457, 3.083957, 4.389617
4.682325, -67.670641, -0.790224, 3.092577, 4.394859
4.787222, -67.776312, -0.786943, 3.089092, 4.389539
4.892910, -67.881999, -0.784657, 3.112680, 4.399324
4.998885, -67.987687, -0.783392, 3.120621, 4.404426
5.105123, -68.093346, -0.781960, 3.128479, 4.409257
5.211667, -68.198995, -0.780474, 3.139369, 4.418424
5.318456, -68.304569, -0.778869, 3.145422, 4.419924
5.425532, -68.410080, -0.777183, 3.154176, 4.424865
5.533091, -68.515729, -0.774760, 3.154324, 4.418272
5.640050, -68.620400, -0.772801, 3.160908, 4.404701
5.747648, -68.724916, -0.771046, 3.149495, 4.369439
5.855371, -68.828755, -0.764719, 3.219874, 4.436521
5.964068, -68.932384, -0.759772, 3.195852, 4.407985
6.072863, -69.035423, -0.756759, 3.203251, 4.405937
6.181862, -69.138092, -0.754308, 3.208062, 4.402367
6.291022, -69.240500, -0.751773, 3.214360, 4.399987
6.400341, -69.342553, -0.749664, 3.218693, 4.398202
6.509787, -69.444409, -0.748864, 3.220458, 4.397930
6.619318, -69.546217, -0.748405, 3.223707, 4.420457
6.728813, -69.648022, -0.747541, 3.189234, 4.358155
6.838660, -69.749544, -0.749339, 3.212431, 4.387505
6.947805, -69.851157, -0.750358, 3.206523, 4.384527
7.056795, -69.952683, -0.749879, 3.205845, 4.381516
7.165703, -70.053546, -0.747089, 3.189937, 4.348446
7.274813, -70.154524, -0.744402, 3.220147, 4.378545
7.384287, -70.255465, -0.745211, 3.219790, 4.380989
7.493705, -70.356566, -0.746150, 3.220279, 4.384724
7.603131, -70.457874, -0.746609, 3.221790, 4.389407
7.712710, -70.559267, -0.746462, 3.225169, 4.394176
7.822438, -70.660762, -0.746436, 3.229570, 4.399667
7.932057, -70.762669, -0.746562, 3.203692, 4.377901
8.041564, -70.864035, -0.745996, 3.225809, 4.393958
8.150812, -70.964833, -0.743078, 3.237728, 4.391509
8.260935, -71.065764, -0.741148, 3.242266, 4.395356
8.371676, -71.166784, -0.740175, 3.243912, 4.392982
8.481994, -71.267485, -0.739576, 3.245237, 4.392949
8.592341, -71.368116, -0.739202, 3.245611, 4.391941
8.702691, -71.468696, -0.739032, 3.245588, 4.391211
8.813012, -71.569099, -0.738164, 3.246390, 4.389541
8.923462, -71.669430, -0.737359, 3.250743, 4.392942
9.034196, -71.770062, -0.737249, 3.245509, 4.387657
9.144985, -71.870524, -0.737473, 3.248624, 4.385033
9.254686, -71.970484, -0.740587, 3.230572, 4.381694
9.364503, -72.071259, -0.743904, 3.226270, 4.384454
9.474014, -72.172218, -0.746038, 3.218124, 4.382620
9.583239, -72.272922, -0.745615, 3.195713, 4.350978
9.692585, -72.373765, -0.743207, 3.225904, 4.381355
9.802276, -72.474671, -0.743949, 3.227824, 4.386500
9.912119, -72.575751, -0.742904, 3.233790, 4.391004
10.022105, -72.676766, -0.743047, 3.234241, 4.394311
10.132110, -72.777962, -0.744071, 3.237909, 4.400703
10.241859, -72.879227, -0.744509, 3.202884, 4.362530
10.351612, -72.980502, -0.745862, 3.206245, 4.346616
10.460814, -73.081732, -0.745221, 3.233179, 4.396671
10.570893, -73.183179, -0.744698, 3.239086, 4.405200
10.681494, -73.284973, -0.745052, 3.244538, 4.421199
10.791579, -73.386522, -0.745357, 3.236413, 4.404058
10.901639, -73.488081, -0.745177, 3.237657, 4.405227
11.011738, -73.589650, -0.745073, 3.238644, 4.406134
11.121867, -73.691223, -0.745028, 3.239157, 4.405793
11.232027, -73.792764, -0.744604, 3.241101, 4.431060
11.342657, -73.894515, -0.743903, 3.274165, 4.435830
11.452893, -73.995984, -0.744055, 3.237628, 4.398670
11.562528, -74.097216, -0.745182, 3.184108, 4.352635
11.671962, -74.198485, -0.749014, 3.219490, 4.398332
11.781407, -74.300415, -0.750655, 3.216344, 4.397758
11.890716, -74.402338, -0.750594, 3.215784, 4.397968
11.999679, -74.503881, -0.747889, 3.224565, 4.396671
12.109362, -74.605565, -0.748230, 3.225411, 4.401542
12.219167, -74.707565, -0.748475, 3.230776, 4.409566
12.329127, -74.809635, -0.747789, 3.235325, 4.412862
12.439161, -74.911650, -0.747693, 3.236029, 4.414006
12.548840, -75.013559, -0.748476, 3.222517, 4.391563
12.658598, -75.115523, -0.749549, 3.208214, 4.412928
12.768223, -75.217717, -0.749527, 3.227668, 4.409422
12.878063, -75.319885, -0.749015, 3.232960, 4.414536
12.988446, -75.422365, -0.748682, 3.242995, 4.435448
13.098457, -75.524573, -0.748972, 3.233422, 4.414974
13.208387, -75.626811, -0.749340, 3.232883, 4.415714
13.318240, -75.729082, -0.749862, 3.230378, 4.412892
13.427943, -75.831346, -0.750824, 3.227455, 4.414394
13.537771, -75.934054, -0.751664, 3.247258, 4.441533
13.647928, -76.036824, -0.751875, 3.221969, 4.410332
13.757371, -76.139142, -0.751727, 3.220665, 4.408658
13.866818, -76.241439, -0.751595, 3.221132, 4.408966
13.975751, -76.343489, -0.753436, 3.214718, 4.407452
14.085040, -76.446174, -0.754064, 3.216092, 4.412044
14.194404, -76.548739, -0.752978, 3.218807, 4.412158
14.303343, -76.650955, -0.750250, 3.227101, 4.412128
14.413191, -76.753297, -0.750741, 3.232011, 4.420223
14.523238, -76.855938, -0.750289, 3.238383, 4.427110
14.633451, -76.958661, -0.750301, 3.242086, 4.432405
14.743694, -77.061426, -0.750256, 3.243747, 4.434200
14.853521, -77.163581, -0.751194, 3.217360, 4.378313
14.963457, -77.266340, -0.751506, 3.249584, 4.438928
15.073406, -77.369087, -0.751108, 3.236035, 4.427137
15.183515, -77.471816, -0.750378, 3.240880, 4.430925
15.294214, -77.574785, -0.749922, 3.241982, 4.427527
15.404382, -77.677371, -0.749828, 3.239896, 4.427342
15.514522, -77.779947, -0.749889, 3.238854, 4.426157
15.624596, -77.882440, -0.749933, 3.235807, 4.423186
15.734632, -77.984789, -0.748704, 3.238770, 4.421280
15.845520, -78.087791, -0.748018, 3.256149, 4.444820
15.955664, -78.189868, -0.747584, 3.236537, 4.414565
16.065685, -78.291746, -0.746400, 3.238685, 4.411263
16.175785, -78.393453, -0.745231, 3.241785, 4.411039
16.285345, -78.494932, -0.747296, 3.232477, 4.408970
16.395276, -78.597036, -0.748668, 3.234602, 4.414108
16.505193, -78.698807, -0.747676, 3.208269, 4.365305
16.614665, -78.800813, -0.747165, 3.242885, 4.417661
16.724914, -78.902969, -0.747392, 3.244457, 4.423445
16.835301, -79.005261, -0.747441, 3.249649, 4.430039
16.945918, -79.107731, -0.747469, 3.253839, 4.437081
17.056333, -79.210259, -0.747553, 3.212952, 4.389966
17.166301, -79.311770, -0.747150, 3.252671, 4.433090
17.277095, -79.414649, -0.748219, 3.243121, 4.428329
17.387479, -79.517163, -0.748432, 3.247871, 4.432461
17.498346, -79.619856, -0.748056, 3.256904, 4.451282
17.608848, -79.722338, -0.747680, 3.248186, 4.430312
17.719306, -79.824770, -0.747719, 3.248969, 4.431020
17.829773, -79.927221, -0.747811, 3.249067, 4.431525
17.940245, -80.029698, -0.747936, 3.249261, 4.432299
18.051175, -80.132645, -0.747763, 3.287390, 4.484635
18.161820, -80.235202, -0.747147, 3.242595, 4.419637
18.272008, -80.337208, -0.746614, 3.242562, 4.417811
18.382193, -80.439121, -0.746250, 3.242497, 4.416232
18.492028, -80.540826, -0.745912, 3.206955, 4.366134
18.602192, -80.641970, -0.743606, 3.245833, 4.410734
18.712722, -80.743400, -0.741515, 3.254971, 4.414092
18.822828, -80.844407, -0.740885, 3.249337, 4.411792
18.933614, -80.945723, -0.740931, 3.259857, 4.418059
19.044606, -81.047196, -0.740411, 3.268748, 4.428112
19.155853, -81.148851, -0.740301, 3.273118, 4.433510
19.267201, -81.250561, -0.740141, 3.274947, 4.435484
19.377577, -81.351060, -0.739995, 3.258508, 4.402167
19.489060, -81.452986, -0.740417, 3.295963, 4.456649
19.600328, -81.554693, -0.740664, 3.270307, 4.431078
19.711727, -81.656400, -0.740665, 3.321179, 4.469285
19.823317, -81.758258, -0.740070, 3.274574, 4.433553
19.934684, -81.859950, -0.739970, 3.276843, 4.437268
20.046142, -81.961704, -0.739862, 3.279421, 4.440327
20.157687, -82.063515, -0.739750, 3.281931, 4.443274
20.269437, -82.165360, -0.739571, 3.332908, 4.478622
20.381790, -82.267908, -0.739039, 3.280554, 4.437274
20.493208, -82.369380, -0.738070, 3.280831, 4.434546
20.604744, -82.470721, -0.737069, 3.284069, 4.435291
20.716405, -82.571987, -0.736190, 3.288020, 4.437098
20.827754, -82.672478, -0.734622, 3.292633, 4.433212
20.939772, -82.773538, -0.733236, 3.298969, 4.440248
21.051577, -82.874166, -0.733002, 3.268273, 4.418971
21.163661, -82.975245, -0.732643, 3.303251, 4.443611
21.276077, -83.076320, -0.732165, 3.308612, 4.448795
21.388726, -83.177571, -0.732003, 3.315865, 4.457745
21.501572, -83.278937, -0.731756, 3.319741, 4.462168
21.613475, -83.379560, -0.731180, 3.257321, 4.398106
21.725643, -83.480780, -0.730768, 3.324252, 4.487609
21.838682, -83.582196, -0.730894, 3.314616, 4.452273
21.951496, -83.683249, -0.730176, 3.337393, 4.467911
22.064800, -83.784471, -0.729866, 3.317597, 4.451104
22.177576, -83.885360, -0.729801, 3.316296, 4.449656
22.290292, -83.986207, -0.729968, 3.313950, 4.447156
22.402915, -84.087028, -0.730366, 3.310987, 4.444748
22.515435, -84.187858, -0.730956, 3.307981, 4.443046
22.628534, -84.289369, -0.732372, 3.307964, 4.448623
22.740400, -84.390170, -0.734291, 3.285930, 4.427271
22.851901, -84.491046, -0.736532, 3.276186, 4.422807
22.963076, -84.592092, -0.738880, 3.267104, 4.419909
23.073472, -84.693142, -0.742140, 3.252068, 4.401259
23.183940, -84.794818, -0.746277, 3.246247, 4.420566
23.293829, -84.896339, -0.746437, 3.218109, 4.400477
23.404005, -84.998319, -0.746301, 3.244271, 4.419311
23.514299, -85.100502, -0.747909, 3.244190, 4.425653
23.624739, -85.203022, -0.748105, 3.249360, 4.433218
23.735308, -85.305668, -0.748549, 3.251372, 4.438191
23.845650, -85.408050, -0.748609, 3.228975, 4.415388
23.955214, -85.510352, -0.748075, 3.249194, 4.432790
24.065898, -85.613339, -0.748754, 3.240361, 4.426714
24.176409, -85.715860, -0.748314, 3.281173, 4.462434
24.286946, -85.818456, -0.748174, 3.246373, 4.429333
24.397334, -85.920903, -0.748052, 3.246842, 4.429501
24.507724, -86.023342, -0.748077, 3.246610, 4.429276
24.618102, -86.125790, -0.748235, 3.246195, 4.429347
24.728388, -86.228137, -0.747974, 3.245293, 4.426385
24.839099, -86.330833, -0.748169, 3.248063, 4.427195
24.949393, -86.433412, -0.749183, 3.233090, 4.418193
25.059242, -86.535617, -0.749456, 3.230356, 4.412458
25.168936, -86.637717, -0.749721, 3.226029, 4.408065
25.278078, -86.739691, -0.750608, 3.182772, 4.367459
25.386929, -86.841928, -0.756532, 3.199495, 4.401877
25.495486, -86.944329, -0.758563, 3.193010, 4.395785
25.604205, -87.047102, -0.757243, 3.198968, 4.402415
25.712958, -87.150060, -0.758773, 3.198232, 4.407157
25.821682, -87.253293, -0.760168, 3.198173, 4.412444
25.930555, -87.356868, -0.760719, 3.202839, 4.421920
26.039519, -87.460442, -0.760333, 3.193415, 4.375716
26.147742, -87.563621, -0.757581, 3.182372, 4.381460
26.256802, -87.666776, -0.756711, 3.205496, 4.410027
26.366242, -87.769814, -0.755096, 3.223408, 4.432360
26.475622, -87.872602, -0.753557, 3.218501, 4.413447
26.585173, -87.975212, -0.751887, 3.225384, 4.415999
26.694952, -88.077707, -0.750342, 3.231934, 4.418612
26.804949, -88.180099, -0.748907, 3.238196, 4.421228
26.915120, -88.282303, -0.747240, 3.242613, 4.421206
27.025759, -88.384390, -0.744865, 3.294198, 4.465246
27.136523, -88.486714, -0.744024, 3.266005, 4.450410
27.247180, -88.588418, -0.743190, 3.250299, 4.415452
27.357696, -88.689770, -0.741207, 3.253797, 4.410675
27.468075, -88.790806, -0.739479, 3.200978, 4.360399
27.578185, -88.891740, -0.742610, 3.243824, 4.405985
27.688249, -88.992444, -0.742315, 3.241299, 4.394869
27.798723, -89.093236, -0.738250, 3.255242, 4.401688
27.909530, -89.193963, -0.737339, 3.262003, 4.406649
28.020522, -89.294707, -0.736742, 3.266773, 4.410665
28.131724, -89.395513, -0.735184, 3.274815, 4.414968
28.243339, -89.496132, -0.732148, 3.286844, 4.420291
28.354847, -89.596136, -0.730352, 3.264794, 4.399425
28.466096, -89.696616, -0.727896, 3.283107, 4.401549
28.578163, -89.796337, -0.726715, 3.314868, 4.434024
28.690286, -89.895925, -0.725556, 3.296909, 4.406929
28.802497, -89.995271, -0.723837, 3.303429, 4.408965
28.914923, -90.094482, -0.722281, 3.309630, 4.411165
29.027547, -90.193540, -0.720814, 3.313963, 4.411682
29.140352, -90.292334, -0.718144, 3.322802, 4.413508
29.253563, -90.390905, -0.715843, 3.333915, 4.419707
29.367501, -90.489720, -0.715189, 3.348898, 4.442226
29.481033, -90.588473, -0.715245, 3.340902, 4.423564
29.594267, -90.686811, -0.714895, 3.331840, 4.412163
29.707459, -90.785076, -0.714702, 3.297368, 4.386355
29.819965, -90.883113, -0.717452, 3.319508, 4.409728
29.932603, -90.981162, -0.716993, 3.315727, 4.396734
30.045675, -91.079177, -0.712584, 3.332241, 4.404364
30.159107, -91.177066, -0.711457, 3.339202, 4.408861
30.272726, -91.274946, -0.710784, 3.344024, 4.412563
30.386547, -91.372870, -0.709386, 3.351621, 4.416920
30.500742, -91.470604, -0.706107, 3.364325, 4.422195
30.615277, -91.568145, -0.705127, 3.367762, 4.423659
30.729258, -91.665945, -0.702656, 3.366794, 4.443092
30.843523, -91.762848, -0.700731, 3.392355, 4.426281
30.958385, -91.859532, -0.699241, 3.374409, 4.409098
31.073227, -91.955917, -0.697340, 3.380644, 4.410322
31.188271, -92.052129, -0.695694, 3.386347, 4.411641
31.303500, -92.148197, -0.694279, 3.391695, 4.413387
31.418859, -92.244008, -0.692349, 3.396067, 4.412452
31.534431, -92.339522, -0.689082, 3.406439, 4.413503
31.650379, -92.434792, -0.686900, 3.417071, 4.419842
31.767059, -92.530348, -0.685627, 3.429980, 4.429150
31.883610, -92.625748, -0.684940, 3.422392, 4.419830
31.999930, -92.720652, -0.683707, 3.424364, 4.417621
32.115678, -92.815186, -0.684382, 3.420306, 4.413441
32.231700, -92.909729, -0.684521, 3.404543, 4.394269
32.348034, -93.004231, -0.680509, 3.429668, 4.412601
32.464793, -93.098582, -0.678959, 3.437528, 4.417366
32.581770, -93.192880, -0.677980, 3.443182, 4.420965
32.698933, -93.287145, -0.677040, 3.448662, 4.425045
32.816402, -93.381421, -0.675022, 3.459031, 4.430872
32.934173, -93.475430, -0.672344, 3.465794, 4.430348
33.052184, -93.569346, -0.670540, 3.488600, 4.469880
33.169982, -93.661958, -0.667675, 3.443772, 4.400278
33.288132, -93.754545, -0.666031, 3.471764, 4.416498
33.406313, -93.847211, -0.664021, 3.478767, 4.417493
33.524688, -93.939676, -0.662271, 3.484186, 4.418311
33.643235, -94.031968, -0.660793, 3.488927, 4.419241
33.761978, -94.124141, -0.658679, 3.496146, 4.421416
33.880936, -94.215889, -0.654121, 3.506174, 4.418335
34.000335, -94.307130, -0.650333, 3.518969, 4.422035
34.120124, -94.398051, -0.648290, 3.527544, 4.425675
34.240470, -94.489072, -0.646887, 3.533390, 4.424006
34.360640, -94.579874, -0.646002, 3.524478, 4.417219
34.479835, -94.670023, -0.645960, 3.518027, 4.405239
34.599366, -94.760281, -0.648983, 3.490810, 4.361355
34.718591, -94.850180, -0.645963, 3.516221, 4.400677
34.838300, -94.939963, -0.641683, 3.526274, 4.402205
34.958356, -95.029400, -0.638921, 3.535241, 4.404097
35.078700, -95.118564, -0.636448, 3.543573, 4.406372
35.199332, -95.207504, -0.634128, 3.552795, 4.410731
35.320334, -95.296312, -0.631419, 3.562380, 4.414233
35.441594, -95.384826, -0.629389, 3.570836, 4.418414
35.563344, -95.473387, -0.627491, 3.568965, 4.412267
35.684101, -95.560905, -0.623615, 3.532440, 4.366282
35.805278, -95.648079, -0.620823, 3.581246, 4.402896
35.927166, -95.735029, -0.618502, 3.588271, 4.404282
36.049278, -95.821738, -0.616463, 3.594451, 4.405498
36.171612, -95.908262, -0.614342, 3.602166, 4.408518
36.294256, -95.994434, -0.609610, 3.612584, 4.406438
36.417396, -96.079971, -0.604437, 3.629301, 4.411591
36.540925, -96.165117, -0.602223, 3.636776, 4.413981
36.664683, -96.250034, -0.600477, 3.644125, 4.416985
36.789054, -96.335046, -0.599134, 3.653139, 4.420788
36.912752, -96.419819, -0.598567, 3.600126, 4.369612
37.036164, -96.504210, -0.600606, 3.634431, 4.406382
37.159336, -96.588342, -0.600959, 3.624084, 4.392504
37.282787, -96.672537, -0.596848, 3.635757, 4.396015
37.406579, -96.756366, -0.593867, 3.645090, 4.398275
37.530642, -96.839927, -0.591653, 3.652489, 4.400569
37.654959, -96.923270, -0.589575, 3.660136, 4.403636
37.779496, -97.006431, -0.587680, 3.667476, 4.406107
37.904269, -97.089495, -0.586775, 3.675334, 4.414228
38.029492, -97.172812, -0.585731, 3.704540, 4.444892
38.154688, -97.255603, -0.583654, 3.680844, 4.411601
38.279334, -97.337129, -0.579283, 3.621982, 4.343448
38.404046, -97.418952, -0.576931, 3.698421, 4.413633
38.529576, -97.500711, -0.577663, 3.691402, 4.406182
38.655107, -97.582517, -0.577325, 3.693724, 4.408482
38.780808, -97.664265, -0.574979, 3.699852, 4.409158
38.906801, -97.745525, -0.569663, 3.711956, 4.408448
39.033292, -97.826183, -0.565573, 3.726255, 4.414097
39.160110, -97.906542, -0.562947, 3.733527, 4.414575
39.287158, -97.986475, -0.559342, 3.743534, 4.416796
39.414963, -98.066249, -0.557198, 3.757099, 4.424792
39.541806, -98.145896, -0.557385, 3.732138, 4.403023
39.668546, -98.225139, -0.560378, 3.713221, 4.364095
39.795011, -98.303997, -0.558759, 3.728473, 4.395459
39.921956, -98.382995, -0.555324, 3.737224, 4.398429
40.049136, -98.461721, -0.553298, 3.743513, 4.400107
40.176519, -98.540239, -0.551520, 3.749461, 4.402248
40.304111, -98.618583, -0.549838, 3.755815, 4.405153
40.431926, -98.696774, -0.548229, 3.762581, 4.408741
40.560003, -98.774837, -0.546708, 3.772104, 4.416162
40.688594, -98.853029, -0.545287, 3.767694, 4.409452
40.816981, -98.930548, -0.542802, 3.812785, 4.442425
40.944743, -99.007241, -0.539516, 3.723477, 4.347718
41.072705, -99.083823, -0.538505, 3.776883, 4.399765
41.201170, -99.160536, -0.538140, 3.779551, 4.401721
41.329714, -99.237243, -0.537911, 3.781777, 4.403705
41.458358, -99.313988, -0.537515, 3.786228, 4.408006
41.587200, -99.390616, -0.534600, 3.792808, 4.408033
41.716312, -99.466733, -0.530106, 3.803619, 4.409423
41.845752, -99.542514, -0.528433, 3.812098, 4.414402
41.975415, -99.618166, -0.526869, 3.818964, 4.418174
42.105450, -99.693832, -0.525341, 3.761199, 4.369460
42.234633, -99.769202, -0.525626, 3.810767, 4.407903
42.363875, -99.844012, -0.525598, 3.793950, 4.386189
42.493435, -99.918782, -0.521686, 3.817253, 4.403031
42.623352, -99.993257, -0.519542, 3.823973, 4.405476
42.753454, -100.067539, -0.518052, 3.828868, 4.407222
42.883720, -100.141666, -0.516671, 3.833705, 4.409320
43.014255, -100.215715, -0.516101, 3.840050, 4.415414
43.144923, -100.289920, -0.517475, 3.841436, 4.419764
43.275632, -100.364369, -0.516293, 3.862614, 4.455879
43.406531, -100.438395, -0.513719, 3.843181, 4.413524
43.537657, -100.512043, -0.510727, 3.852400, 4.415040
43.667452, -100.584656, -0.506874, 3.796954, 4.356519
43.797895, -100.657234, -0.506530, 3.849031, 4.402095
43.928764, -100.729903, -0.507225, 3.848803, 4.403207
44.059613, -100.802686, -0.508018, 3.848205, 4.404464
44.190449, -100.875611, -0.508847, 3.848984, 4.407642
44.321381, -100.948644, -0.507844, 3.852193, 4.408866
44.452502, -101.021361, -0.503847, 3.860688, 4.408765
44.584039, -101.093527, -0.500431, 3.869555, 4.412212
44.715714, -101.165444, -0.499257, 3.876630, 4.415705
44.847282, -101.237289, -0.498634, 3.857699, 4.399355
44.978806, -101.309068, -0.498521, 3.866309, 4.403335
45.109942, -101.380144, -0.496363, 3.869402, 4.399037
45.241615, -101.451164, -0.493529, 3.875876, 4.401247
45.373496, -101.521939, -0.491581, 3.881589, 4.403025
45.505568, -101.592496, -0.489770, 3.887176, 4.405096
45.637833, -101.662857, -0.488063, 3.892973, 4.407658
45.770350, -101.733108, -0.486067, 3.900409, 4.411447
45.903078, -101.803044, -0.483856, 3.907597, 4.414818
46.036341, -101.872986, -0.481958, 3.924511, 4.427975
46.169297, -101.942297, -0.479501, 3.914342, 4.412462
46.302738, -102.011405, -0.477104, 3.920118, 4.411474
46.434874, -102.079657, -0.473754, 3.862385, 4.353430
46.567659, -102.147855, -0.472934, 3.920376, 4.403978
46.700998, -102.216084, -0.472983, 3.922841, 4.406664
46.834420, -102.284375, -0.473047, 3.926393, 4.411047
46.968021, -102.352680, -0.471264, 3.931492, 4.412748
47.101865, -102.420581, -0.466761, 3.941385, 4.413794
47.236148, -102.487959, -0.463639, 3.953327, 4.420492
47.370698, -102.555145, -0.462813, 3.955704, 4.421233
47.505236, -102.622226, -0.462215, 3.959995, 4.424387
47.639963, -102.688657, -0.462872, 3.964483, 4.434421
47.774366, -102.755628, -0.462605, 3.922019, 4.375464
47.908434, -102.822216, -0.459513, 3.952818, 4.410110
48.042998, -102.888524, -0.456306, 3.962491, 4.414221
48.177879, -102.954495, -0.453543, 3.971352, 4.418088
48.313035, -103.020169, -0.450959, 3.978670, 4.420788
48.448370, -103.085614, -0.449512, 3.986870, 4.426143
48.583954, -103.151015, -0.448341, 3.994822, 4.432450
48.719885, -103.216208, -0.446004, 4.002987, 4.437213
48.856297, -103.281301, -0.443649, 4.000296, 4.431353
48.992791, -103.345779, -0.441200, 4.031732, 4.459323
49.129142, -103.410092, -0.439116, 4.014381, 4.434670
49.264376, -103.473600, -0.436199, 3.960209, 4.379130
49.400439, -103.537076, -0.434875, 4.015808, 4.428054
49.537052, -103.600470, -0.434057, 4.020051, 4.431025
49.673856, -103.663826, -0.432794, 4.026756, 4.435917
49.810911, -103.726913, -0.429016, 4.034536, 4.436806
49.948301, -103.789485, -0.425492, 4.045115, 4.441506
50.086020, -103.851772, -0.423684, 4.053034, 4.446397
50.223967, -103.913834, -0.421835, 4.058666, 4.448808
50.361454, -103.975593, -0.420585, 4.037319, 4.422893
50.499922, -104.037251, -0.420903, 4.063617, 4.455496
50.637508, -104.098558, -0.420553, 4.038782, 4.426003
50.775146, -104.159911, -0.418342, 4.051522, 4.433977
50.913026, -104.221023, -0.416123, 4.058825, 4.437571
51.051152, -104.281888, -0.414039, 4.066013, 4.441345
51.189405, -104.342560, -0.412619, 4.072008, 4.444637
51.327839, -104.403134, -0.411542, 4.077961, 4.448705
51.466529, -104.463563, -0.409644, 4.087546, 4.455202
51.605824, -104.524010, -0.407877, 4.116908, 4.483608
51.744961, -104.583889, -0.405743, 4.091962, 4.453996
51.884506, -104.643539, -0.403327, 4.097008, 4.453082
52.023782, -104.702816, -0.401502, 4.101211, 4.454976
52.161839, -104.761444, -0.398662, 4.061339, 4.414783
52.301076, -104.820095, -0.396953, 4.104127, 4.450271
52.440711, -104.878518, -0.395507, 4.110172, 4.454239
52.580619, -104.936781, -0.392750, 4.117475, 4.456894
52.720798, -104.994607, -0.389345, 4.126514, 4.460675
52.861240, -105.052109, -0.387199, 4.132945, 4.463430
53.001959, -105.109274, -0.384283, 4.141048, 4.466920
53.142872, -105.166039, -0.381709, 4.144428, 4.465986
53.283274, -105.222340, -0.381469, 4.143905, 4.464812
53.424622, -105.278893, -0.381042, 4.149343, 4.473810
53.565132, -105.334909, -0.379808, 4.135089, 4.451480
53.705829, -105.390865, -0.377447, 4.141632, 4.455308
53.846776, -105.446554, -0.375181, 4.149143, 4.459388
53.987977, -105.501986, -0.373053, 4.156539, 4.463605
54.129356, -105.557191, -0.371154, 4.162909, 4.466544
54.270900, -105.612194, -0.369464, 4.169727, 4.470865
54.412706, -105.666994, -0.367387, 4.178886, 4.477392
54.555097, -105.721718, -0.365537, 4.173848, 4.471447
54.697224, -105.775851, -0.363279, 4.218482, 4.502747
54.839722, -105.829795, -0.361047, 4.186420, 4.474012
54.982011, -105.883332, -0.359193, 4.161571, 4.434691
55.122814, -105.936311, -0.356691, 4.168295, 4.453211
55.265269, -105.989301, -0.355047, 4.194386, 4.473486
55.408026, -106.042125, -0.353329, 4.202340, 4.478964
55.551054, -106.094690, -0.350362, 4.209448, 4.481908
55.694325, -106.146892, -0.347919, 4.216285, 4.485158
55.837875, -106.198780, -0.345660, 4.223439, 4.489101
55.981610, -106.250358, -0.343402, 4.228653, 4.490988
56.125011, -106.301668, -0.341757, 4.210266, 4.469521
56.268800, -106.352747, -0.342228, 4.228260, 4.488440
56.412982, -106.403924, -0.340841, 4.238108, 4.506420
56.556530, -106.454756, -0.339295, 4.219011, 4.474408
56.700078, -106.505238, -0.337045, 4.224751, 4.476675
56.843804, -106.555440, -0.334960, 4.229028, 4.478152
56.987609, -106.605440, -0.333862, 4.234918, 4.482055
57.131562, -106.655350, -0.332807, 4.239856, 4.485370
57.275714, -106.705060, -0.330812, 4.246542, 4.489573
57.420364, -106.754792, -0.329197, 4.275932, 4.517749
57.564903, -106.803940, -0.327294, 4.251204, 4.489926
57.709817, -106.852854, -0.324907, 4.256278, 4.492505
57.854475, -106.901433, -0.322746, 4.261443, 4.492998
57.998994, -106.949442, -0.320276, 4.227457, 4.457013
58.142730, -106.997437, -0.317808, 4.266505, 4.490890
58.287901, -107.045027, -0.315943, 4.272784, 4.495343
58.433351, -107.092442, -0.313943, 4.281746, 4.501815
58.579071, -107.139627, -0.311707, 4.288161, 4.505394
58.725048, -107.186512, -0.309555, 4.295941, 4.510444
58.871254, -107.233123, -0.307679, 4.301300, 4.513368
59.017632, -107.279492, -0.305882, 4.306175, 4.515906
59.163478, -107.325433, -0.305579, 4.300546, 4.510469
59.309996, -107.371375, -0.303795, 4.349922, 4.550334
59.456759, -107.417220, -0.301480, 4.305650, 4.506901
59.602604, -107.462449, -0.299577, 4.296466, 4.497055
59.748742, -107.507447, -0.297551, 4.299306, 4.496984
59.894897, -107.552225, -0.296667, 4.302780, 4.499096
60.041142, -107.597017, -0.297233, 4.305112, 4.502118
60.187445, -107.641879, -0.296973, 4.308249, 4.504903
60.333895, -107.686652, -0.295912, 4.312834, 4.508428
60.480851, -107.731463, -0.294857, 4.308017, 4.503998
60.627455, -107.775778, -0.292888, 4.339845, 4.526886
60.774347, -107.819901, -0.290965, 4.316907, 4.505732
60.921090, -107.863756, -0.289720, 4.319333, 4.507079
61.066787, -107.907146, -0.288061, 4.260752, 4.450878
61.213102, -107.950597, -0.286033, 4.319834, 4.502710
61.360090, -107.993699, -0.284185, 4.326791, 4.507567
61.507330, -108.036546, -0.281461, 4.332408, 4.510004
61.654764, -108.079021, -0.279010, 4.338081, 4.512728
61.802424, -108.121163, -0.276738, 4.344306, 4.516261
61.950255, -108.162968, -0.274437, 4.348726, 4.517892
62.097654, -108.204472, -0.273058, 4.340071, 4.504798
62.245496, -108.245798, -0.273152, 4.347015, 4.514199
62.393250, -108.286445, -0.271043, 4.356465, 4.529727
62.541385, -108.327932, -0.269024, 4.328982, 4.491147
62.688800, -108.368407, -0.266603, 4.340667, 4.499731
62.836454, -108.408542, -0.264279, 4.344675, 4.500992
62.984143, -108.448397, -0.262538, 4.347536, 4.501577
63.131934, -108.488133, -0.262327, 4.350918, 4.504732
63.279804, -108.527868, -0.261847, 4.354104, 4.507250
63.428150, -108.567665, -0.260355, 4.378624, 4.529364
63.576264, -108.606924, -0.258442, 4.356993, 4.506965
63.724659, -108.645952, -0.256227, 4.361169, 4.507945
63.872831, -108.684640, -0.254403, 4.363455, 4.508304
64.021132, -108.723141, -0.253563, 4.365153, 4.509370
64.167667, -108.761235, -0.251273, 4.335428, 4.481671
64.315908, -108.799294, -0.249548, 4.364716, 4.504417
64.464488, -108.837055, -0.247330, 4.371601, 4.508862
64.613258, -108.874434, -0.244467, 4.377468, 4.511777
64.762231, -108.911457, -0.242217, 4.383905, 4.515759
64.911397, -108.948127, -0.239830, 4.387788, 4.517167
65.060694, -108.984449, -0.237474, 4.391479, 4.518372
65.209612, -109.020549, -0.237703, 4.387611, 4.515267
65.358824, -109.056634, -0.237622, 4.361513, 4.481468
65.508262, -109.092735, -0.235041, 4.419006, 4.544956
65.657243, -109.128262, -0.233135, 4.366665, 4.488594
65.806040, -109.163350, -0.229834, 4.380767, 4.499152
65.955057, -109.197981, -0.226944, 4.384762, 4.500206
66.104092, -109.232267, -0.224895, 4.387563, 4.500749
66.253249, -109.266390, -0.224501, 4.391073, 4.503865
66.402488, -109.300505, -0.224113, 4.394107, 4.506378
66.552311, -109.334661, -0.222547, 4.391785, 4.503480
66.701609, -109.368261, -0.220242, 4.394378, 4.503059
66.851256, -109.401571, -0.218156, 4.396807, 4.503052
67.000717, -109.434612, -0.216828, 4.399116, 4.504367
67.149777, -109.467233, -0.215817, 4.320572, 4.432759
67.297758, -109.500147, -0.213432, 4.396498, 4.500884
67.447322, -109.532448, -0.212159, 4.400077, 4.501057
67.597082, -109.564622, -0.210279, 4.406116, 4.505375
67.747018, -109.596409, -0.206930, 4.411549, 4.507875
67.897178, -109.627775, -0.204839, 4.417682, 4.512170
68.047483, -109.658879, -0.203309, 4.420632, 4.513673
68.197469, -109.689777, -0.202608, 4.416257, 4.506184
68.347764, -109.720622, -0.203076, 4.418869, 4.511447
68.497596, -109.751238, -0.201383, 4.419167, 4.510198
68.648651, -109.781919, -0.198830, 4.420022, 4.508830
68.798549, -109.811968, -0.196760, 4.410745, 4.497607
68.948563, -109.841723, -0.194904, 4.413495, 4.498716
69.098617, -109.871241, -0.193310, 4.415163, 4.498732
69.248704, -109.900629, -0.193029, 4.418215, 4.501631
69.398865, -109.930033, -0.192874, 4.420946, 4.504096
69.549418, -109.959491, -0.191513, 4.451438, 4.533468
69.699891, -109.988469, -0.189683, 4.422499, 4.503524
69.850494, -110.017156, -0.187431, 4.435462, 4.515489
70.000873, -110.045578, -0.185637, 4.427459, 4.504670
70.151343, -110.073774, -0.184804, 4.428708, 4.505473
70.300654, -110.101645, -0.183497, 4.358322, 4.438696
70.450413, -110.129639, -0.181534, 4.426559, 4.500216
70.601077, -110.157183, -0.179365, 4.432730, 4.505055
70.751914, -110.184358, -0.176576, 4.437725, 4.507938
70.902971, -110.211159, -0.174582, 4.443203, 4.511881
71.054142, -110.237685, -0.172849, 4.446161, 4.513474
71.205404, -110.263965, -0.171190, 4.448695, 4.514754
71.356205, -110.290037, -0.171439, 4.444077, 4.510880
71.507381, -110.316194, -0.171285, 4.445845, 4.511816
71.658256, -110.341817, -0.168522, 4.462342, 4.525253
71.810038, -110.367570, -0.165929, 4.428500, 4.490639
71.960780, -110.392644, -0.163633, 4.436688, 4.496822
72.111667, -110.417396, -0.161615, 4.438963, 4.497614
72.262614, -110.441873, -0.159750, 4.440061, 4.497347
72.413550, -110.466159, -0.158945, 4.443236, 4.499842
72.564579, -110.490433, -0.159099, 4.446091, 4.502692
72.716151, -110.514733, -0.158138, 4.444317, 4.500839
72.867180, -110.538656, -0.156033, 4.444965, 4.499832
73.018531, -110.562265, -0.153797, 4.447637, 4.500099
73.169716, -110.585582, -0.152201, 4.449870, 4.501762
73.320968, -110.608709, -0.151258, 4.452441, 4.503866
73.470615, -110.631592, -0.149139, 4.408873, 4.462846
73.621654, -110.654417, -0.147026, 4.451703, 4.500440
73.773165, -110.676736, -0.144704, 4.457259, 4.504404
73.924833, -110.698684, -0.142159, 4.461961, 4.507525
74.076684, -110.720273, -0.139934, 4.467480, 4.511660
74.228683, -110.741512, -0.137707, 4.470694, 4.513480
74.380414, -110.762536, -0.135906, 4.444773, 4.487487
74.532358, -110.783239, -0.136501, 4.469160, 4.511146
74.684057, -110.803828, -0.135441, 4.439119, 4.480357
74.836355, -110.824328, -0.132155, 4.517287, 4.558810
74.988574, -110.844349, -0.129743, 4.459321, 4.497148
75.140232, -110.864006, -0.128098, 4.461461, 4.498356
75.291954, -110.883427, -0.126573, 4.463347, 4.499380
75.443641, -110.902688, -0.125635, 4.464233, 4.499610
75.595388, -110.921924, -0.126021, 4.466857, 4.502399
75.747204, -110.941190, -0.125579, 4.469831, 4.505089
75.899472, -110.960328, -0.124149, 4.466653, 4.501726
76.051390, -110.979068, -0.122148, 4.496952, 4.527814
76.203493, -110.997607, -0.120306, 4.471034, 4.503412
76.355467, -111.015904, -0.119235, 4.472653, 4.504656
76.507475, -111.034050, -0.118634, 4.451105, 4.480433
76.657616, -111.052174, -0.116503, 4.451924, 4.485148
76.809632, -111.069991, -0.114929, 4.474847, 4.504617
76.961894, -111.087439, -0.112467, 4.478928, 4.507474
77.114310, -111.104497, -0.110094, 4.485029, 4.512380
77.266901, -111.121231, -0.108356, 4.487847, 4.514375
77.419578, -111.137715, -0.106761, 4.490140, 4.515895
77.571950, -111.153985, -0.106202, 4.489425, 4.514079
77.724595, -111.170276, -0.106599, 4.488432, 4.514013
77.876819, -111.186402, -0.104800, 4.483459, 4.509265
78.030235, -111.202183, -0.101291, 4.521275, 4.544150
78.182783, -111.217468, -0.098775, 4.478579, 4.500545
78.335079, -111.232436, -0.097195, 4.479910, 4.501191
78.487334, -111.247218, -0.096038, 4.479891, 4.500554
78.639606, -111.261943, -0.096334, 4.481815, 4.502613
78.791934, -111.276770, -0.096888, 4.484176, 4.505123
78.944595, -111.291638, -0.095917, 4.511366, 4.531759
79.097081, -111.306098, -0.094343, 4.484921, 4.505078
79.249835, -111.320299, -0.092284, 4.497343, 4.516994
79.402284, -111.334321, -0.090622, 4.487851, 4.506267
79.554814, -111.348129, -0.089867, 4.489235, 4.507452
79.707127, -111.361642, -0.088920, 4.446009, 4.464750
79.858153, -111.375522, -0.086808, 4.485598, 4.502802
80.010811, -111.388676, -0.085129, 4.493139, 4.509499
80.163694, -111.401604, -0.082919, 4.497182, 4.512750
80.316731, -111.414189, -0.080813, 4.502768, 4.517551
80.469923, -111.426456, -0.078990, 4.505539, 4.519678
80.623203, -111.438456, -0.077268, 4.507896, 4.521431
80.776053, -111.450290, -0.077284, 4.504051, 4.517843
80.929258, -111.462103, -0.076795, 4.505595, 4.518916
81.081964, -111.473621, -0.074037, 4.503147, 4.515225
81.236093, -111.484719, -0.070924, 4.524263, 4.535616
81.389042, -111.495409, -0.068756, 4.495012, 4.505708
81.541892, -111.505813, -0.067191, 4.496072, 4.506278
81.694723, -111.516016, -0.065861, 4.495831, 4.505534
81.847539, -111.526123, -0.065830, 4.497772, 4.507493
82.000416, -111.536302, -0.066346, 4.500146, 4.509956
82.153687, -111.546394, -0.065305, 4.503671, 4.513381
82.306567, -111.556236, -0.063498, 4.500286, 4.509454
82.459753, -111.565760, -0.061204, 4.499518, 4.507703
82.612711, -111.575025, -0.059659, 4.502969, 4.510960
82.765715, -111.584107, -0.058956, 4.503688, 4.511521
82.918053, -111.592932, -0.057587, 4.419364, 4.433113
83.069962, -111.602043, -0.055325, 4.501137, 4.507948
83.223154, -111.610389, -0.053013, 4.506269, 4.512661
83.376478, -111.618397, -0.050793, 4.510120, 4.515999
83.529963, -111.626063, -0.048709, 4.514846, 4.520254
83.683561, -111.633389, -0.046593, 4.517343, 4.522292
83.837035, -111.640519, -0.044672, 4.483848, 4.490029
83.990526, -111.647339, -0.044955, 4.516443, 4.521052
84.143870, -111.654000, -0.044084, 4.478376, 4.483394
84.297184, -111.660679, -0.040641, 4.513989, 4.517721
84.452398, -111.666807, -0.037127, 4.566397, 4.569420
84.605885, -111.672280, -0.034651, 4.465225, 4.467942
84.756338, -111.677513, -0.032439, 4.441126, 4.444214
84.908548, -111.682362, -0.031709, 4.485598, 4.487919
85.061043, -111.687190, -0.031596, 4.484850, 4.487125
85.213443, -111.692049, -0.031777, 4.483466, 4.485719
85.366049, -111.697015, -0.032543, 4.481088, 4.483599
85.518337, -111.701931, -0.031869, 4.481694, 4.483964
85.670903, -111.706712, -0.031178, 4.482131, 4.484207
85.823252, -111.711420, -0.030427, 4.483569, 4.485615
85.975646, -111.716038, -0.030133, 4.485946, 4.487985
86.126696, -111.720182, -0.028778, 4.339120, 4.358890
86.275121, -111.725745, -0.026226, 4.414727, 4.419222
86.427146, -111.731838, -0.023886, 4.521708, 4.530491
86.580777, -111.736802, -0.022644, 4.463686, 4.464841
86.732539, -111.740248, -0.022298, 4.464853, 4.465996
86.884460, -111.743609, -0.021246, 4.469166, 4.470222
87.036198, -111.746769, -0.018246, 4.438586, 4.440072
87.188068, -111.749497, -0.018465, 4.470318, 4.471125
87.339902, -111.752211, -0.019043, 4.448461, 4.449417
87.491782, -111.754845, -0.015147, 4.467725, 4.468273
87.644701, -111.756751, -0.010768, 4.491738, 4.492010
87.796484, -111.758147, -0.007850, 4.459685, 4.459859
87.948108, -111.759197, -0.006028, 4.459350, 4.459467
88.099679, -111.760005, -0.004379, 4.457609, 4.457666
88.251175, -111.760664, -0.003929, 4.458270, 4.458320
88.402715, -111.761373, -0.004982, 4.459641, 4.459703
88.554584, -111.762190, -0.005965, 4.457158, 4.457281
88.706079, -111.762992, -0.004588, 4.457438, 4.457494
88.857823, -111.763530, -0.003010, 4.457832, 4.457864
89.009344, -111.763936, -0.002284, 4.458853, 4.458871
89.160891, -111.764268, -0.002077, 4.460690, 4.460707
89.312173, -111.764384, -0.001558, 4.420008, 4.421702
89.462273, -111.764952, 0.000463, 4.455814, 4.455840
89.613967, -111.764738, 0.002924, 4.462051, 4.462106
89.765797, -111.764133, 0.005531, 4.466428, 4.466530
89.917812, -111.763166, 0.007410, 4.471778, 4.471935
90.069954, -111.761905, 0.009178, 4.474756, 4.474980
90.221899, -111.760534, 0.010615, 4.449896, 4.450674
90.373991, -111.758829, 0.010377, 4.474659, 4.474939
90.525809, -111.756983, 0.011713, 4.450435, 4.451077
90.677875, -111.755114, 0.015025, 4.474129, 4.474664
90.830848, -111.752572, 0.017694, 4.507823, 4.508658
90.982970, -111.749716, 0.019517, 4.466297, 4.467181
91.134842, -111.746639, 0.020975, 4.467250, 4.468268
91.286669, -111.743394, 0.022084, 4.466714, 4.467846
91.438503, -111.740096, 0.021780, 4.468752, 4.469850
91.590404, -111.736911, 0.020813, 4.470129, 4.471157
91.742713, -111.733692, 0.021436, 4.467468, 4.468422
91.894579, -111.730237, 0.023611, 4.479090, 4.480588
92.046663, -111.726448, 0.025790, 4.467506, 4.469059
92.198514, -111.722479, 0.026589, 4.468297, 4.469887
92.350379, -111.718423, 0.026834, 4.469964, 4.471581
92.502023, -111.714166, 0.027276, 4.415768, 4.420756
92.652347, -111.710418, 0.029554, 4.460394, 4.461839
92.804289, -111.705878, 0.031495, 4.469154, 4.471403
92.956352, -111.700918, 0.034300, 4.472851, 4.475500
93.108538, -111.695592, 0.036249, 4.476956, 4.479943
93.260888, -111.689914, 0.038376, 4.480562, 4.483896
93.412987, -111.684040, 0.040071, 4.466189, 4.470036
93.565328, -111.677869, 0.039784, 4.480376, 4.483983
93.717273, -111.671607, 0.041315, 4.468601, 4.471962
93.869578, -111.665163, 0.044671, 4.479171, 4.483648
94.022669, -111.658104, 0.047244, 4.521119, 4.526276
94.175069, -111.650732, 0.049005, 4.469978, 4.475386
94.327062, -111.643164, 0.050459, 4.470626, 4.476358
94.478998, -111.635433, 0.051548, 4.469757, 4.475774
94.630935, -111.627652, 0.051214, 4.471703, 4.477641
94.782916, -111.619964, 0.050434, 4.472782, 4.478556
94.935262, -111.612200, 0.051295, 4.470832, 4.476611
95.087328, -111.604107, 0.053627, 4.498753, 4.506115
95.239369, -111.595854, 0.055558, 4.470515, 4.477506
95.391301, -111.587359, 0.056235, 4.470983, 4.478049
95.543257, -111.578779, 0.056583, 4.472688, 4.479865
95.695115, -111.570033, 0.057075, 4.420365, 4.431755
95.845647, -111.561658, 0.059224, 4.464236, 4.471352
95.997716, -111.552536, 0.061308, 4.473397, 4.481836
96.149919, -111.543064, 0.063536, 4.476898, 4.485957
96.302256, -111.533271, 0.065352, 4.481758, 4.491388
96.454726, -111.523148, 0.067295, 4.484085, 4.494290
96.606819, -111.512860, 0.068376, 4.477447, 4.488718
96.759243, -111.502352, 0.068699, 4.482404, 4.493088
96.911204, -111.491708, 0.070917, 4.478085, 4.488833
97.063600, -111.480684, 0.073700, 4.481714, 4.493905
97.216756, -111.469185, 0.076083, 4.525756, 4.538603
97.369251, -111.457402, 0.077716, 4.471013, 4.484588
97.521278, -111.445459, 0.079048, 4.471559, 4.485600
97.673239, -111.433375, 0.079991, 4.470555, 4.484993
97.825206, -111.421264, 0.079504, 4.472536, 4.486809
97.977308, -111.409286, 0.078974, 4.507716, 4.520522
98.129498, -111.397072, 0.080058, 4.471568, 4.485873
98.281666, -111.384618, 0.082367, 4.482697, 4.497634
98.433592, -111.371991, 0.083928, 4.471181, 4.487065
98.585510, -111.359162, 0.084529, 4.471180, 4.487208
98.737473, -111.346249, 0.085008, 4.472836, 4.489054
98.889263, -111.333126, 0.085679, 4.415930, 4.437304
99.039745, -111.320527, 0.087886, 4.463360, 4.478654
99.191788, -111.307068, 0.089920, 4.471985, 4.490133
99.343938, -111.293228, 0.092053, 4.475137, 4.494162
99.496222, -111.279058, 0.093877, 4.479531, 4.499363
99.648610, -111.264570, 0.095730, 4.481484, 4.502131
99.800693, -111.249935, 0.096398, 4.479874, 4.500630
99.953050, -111.235167, 0.096821, 4.480440, 4.501609
100.104996, -111.220233, 0.099376, 4.476841, 4.499491
100.257285, -111.204825, 0.102529, 4.478378, 4.501999
100.410331, -111.188879, 0.104877, 4.519774, 4.544516
100.562647, -111.172687, 0.106505, 4.466359, 4.491840
100.714500, -111.156342, 0.107913, 4.466037, 4.492201
100.866245, -111.139867, 0.108779, 4.464372, 4.491028
101.017995, -111.123376, 0.108147, 4.465907, 4.492277
101.170002, -111.106964, 0.107385, 4.481505, 4.508286
101.321747, -111.090499, 0.108520, 4.463384, 4.489789
101.473674, -111.073803, 0.110111, 4.462063, 4.489759
101.625340, -111.056950, 0.111229, 4.462693, 4.490614
101.777005, -111.039973, 0.111698, 4.463786, 4.491786
101.928713, -111.022925, 0.112100, 4.465260, 4.493477
102.080204, -111.005673, 0.112815, 4.414456, 4.446974
102.230755, -110.988998, 0.115130, 4.459933, 4.488747
102.382548, -110.971334, 0.117146, 4.464533, 4.495341
102.534460, -110.953333, 0.119100, 4.469191, 4.501086
102.686501, -110.935027, 0.120553, 4.471451, 4.504176
102.838616, -110.916497, 0.121861, 4.473450, 4.506909
102.990272, -110.897916, 0.121834, 4.470167, 4.503258
103.142105, -110.879080, 0.123205, 4.428170, 4.465616
103.293815, -110.860193, 0.126082, 4.467414, 4.503285
103.445782, -110.840781, 0.128629, 4.468805, 4.506024
103.598492, -110.820863, 0.130700, 4.507108, 4.545493
103.750442, -110.800759, 0.132089, 4.456782, 4.495970
103.901960, -110.780531, 0.133305, 4.455959, 4.495880
104.053342, -110.760225, 0.133856, 4.453783, 4.494112
104.204662, -110.739893, 0.133305, 4.453060, 4.492916
104.356348, -110.719558, 0.133068, 4.453126, 4.492331
104.507587, -110.699198, 0.134454, 4.450163, 4.490607
104.658943, -110.678567, 0.136176, 4.447278, 4.489124
104.810061, -110.657802, 0.136943, 4.446609, 4.488603
104.961168, -110.636939, 0.137444, 4.447103, 4.489447
105.112303, -110.615999, 0.137930, 4.448189, 4.490874
105.263091, -110.594815, 0.139054, 4.400757, 4.447151
105.413139, -110.574264, 0.141675, 4.442006, 4.486126
105.564303, -110.552590, 0.143686, 4.445940, 4.492230
105.715561, -110.530583, 0.145849, 4.449089, 4.496893
105.866963, -110.508215, 0.147505, 4.452647, 4.501553
106.018231, -110.485767, 0.148778, 4.424735, 4.473117
106.169501, -110.462986, 0.149003, 4.451428, 4.501389
106.320477, -110.440095, 0.151044, 4.443777, 4.492154
106.471800, -110.416989, 0.153801, 4.449108, 4.502184
106.623143, -110.393390, 0.156224, 4.451240, 4.506193
106.775220, -110.369251, 0.158374, 4.488000, 4.543444
106.926493, -110.344962, 0.159766, 4.436872, 4.494125
107.077300, -110.320591, 0.160921, 4.433985, 4.492176
107.227985, -110.296157, 0.160978, 4.433541, 4.491767
107.378629, -110.271789, 0.159841, 4.433134, 4.490351
107.529580, -110.247482, 0.159461, 4.431521, 4.487989
107.680272, -110.223066, 0.160658, 4.449112, 4.507815
107.830822, -110.198661, 0.161623, 4.428269, 4.486934
107.981264, -110.174109, 0.161875, 4.427286, 4.485940
108.131720, -110.149524, 0.162083, 4.428079, 4.486916
108.282211, -110.124882, 0.162637, 4.429175, 4.488500
108.432377, -110.099982, 0.163903, 4.385614, 4.448419
108.581833, -110.075592, 0.166212, 4.422761, 4.484094
108.732376, -110.050268, 0.167788, 4.427741, 4.490819
108.883041, -110.024615, 0.169842, 4.432093, 4.496776
109.033825, -109.998646, 0.171211, 4.434624, 4.500458
109.184348, -109.972621, 0.171853, 4.425712, 4.494030
109.335094, -109.946330, 0.172666, 4.433097, 4.500175
109.485476, -109.919995, 0.175282, 4.430395, 4.499487
109.636179, -109.893149, 0.177458, 4.431569, 4.502243
109.786955, -109.865953, 0.179788, 4.433891, 4.506559
109.938269, -109.838225, 0.181872, 4.463628, 4.534870
110.088998, -109.810440, 0.183150, 4.419206, 4.494377
110.239157, -109.782595, 0.183915, 4.416559, 4.492514
110.389230, -109.754733, 0.183350, 4.415271, 4.490475
110.539372, -109.727023, 0.182512, 4.449166, 4.520705
110.689606, -109.699202, 0.182852, 4.413732, 4.488390
110.839776, -109.671297, 0.184170, 4.410726, 4.487043
110.989625, -109.643348, 0.184609, 4.408510, 4.485036
111.139433, -109.615393, 0.184335, 4.408799, 4.484793
111.289262, -109.587470, 0.184268, 4.409543, 4.485568
111.439124, -109.559510, 0.184720, 4.410649, 4.487057
111.588663, -109.531351, 0.185700, 4.366156, 4.446031
111.737727, -109.503815, 0.188197, 4.402873, 4.481254
111.887612, -109.475211, 0.189554, 4.408468, 4.488892
112.037593, -109.446322, 0.191677, 4.410666, 4.492926
112.187703, -109.417070, 0.193130, 4.414827, 4.498424
112.337459, -109.387653, 0.193761, 4.411159, 4.495850
112.487390, -109.357964, 0.196589, 4.372260, 4.464509
112.636987, -109.328060, 0.200731, 4.405285, 4.496002
112.786837, -109.297354, 0.204146, 4.405326, 4.498755
112.936663, -109.266028, 0.208615, 4.405695, 4.503385
113.086968, -109.233810, 0.212479, 4.409869, 4.511550
113.236749, -109.201339, 0.215334, 4.388932, 4.492660
113.385847, -109.168607, 0.217312, 4.386015, 4.491850
113.534886, -109.135679, 0.217692, 4.384575, 4.490530
113.684137, -109.102680, 0.217979, 4.399335, 4.507475
113.833020, -109.069514, 0.219940, 4.376954, 4.484690
113.981955, -109.036009, 0.222256, 4.371694, 4.482999
114.130533, -109.002326, 0.223669, 4.370301, 4.482306
114.279016, -108.968494, 0.224447, 4.368650, 4.481177
114.427442, -108.934507, 0.225911, 4.366946, 4.480973
114.575823, -108.900258, 0.227808, 4.366102, 4.482001
114.724112, -108.865660, 0.230117, 4.319928, 4.445323
114.871268, -108.831400, 0.234062, 4.348260, 4.465887
115.019480, -108.795916, 0.237201, 4.358484, 4.484010
115.167759, -108.759810, 0.240783, 4.360676, 4.490188
115.316082, -108.723149, 0.243807, 4.361239, 4.494177
115.464039, -108.686252, 0.245720, 4.357531, 4.492082
115.611972, -108.648730, 0.249312, 4.314176, 4.457003
115.759859, -108.611016, 0.253646, 4.349763, 4.493684
115.907793, -108.572430, 0.257373, 4.348402, 4.496493
116.055704, -108.533173, 0.261637, 4.347858, 4.501083
116.203859, -108.493056, 0.265693, 4.369866, 4.526187
116.352040, -108.452598, 0.268733, 4.328911, 4.489815
116.499129, -108.411974, 0.270593, 4.327073, 4.490707
116.646124, -108.371152, 0.271174, 4.324985, 4.489025
116.793299, -108.330152, 0.271908, 4.325457, 4.490510
116.940096, -108.289060, 0.274070, 4.317361, 4.484926
117.087001, -108.247577, 0.276158, 4.312990, 4.484214
117.233574, -108.205900, 0.277898, 4.311587, 4.483819
117.380069, -108.164016, 0.279097, 4.310348, 4.483949
117.526519, -108.121926, 0.280789, 4.308840, 4.484698
117.672927, -108.079527, 0.283024, 4.307927, 4.486559
117.819313, -108.036760, 0.285550, 4.309006, 4.491000
117.964273, -107.994361, 0.289563, 4.275993, 4.452584
118.110399, -107.950945, 0.292717, 4.299594, 4.490743
118.256668, -107.906626, 0.295858, 4.300427, 4.495770
118.402918, -107.861818, 0.298946, 4.291139, 4.485588
118.548981, -107.816688, 0.300979, 4.297082, 4.499428
118.695032, -107.771024, 0.304315, 4.257103, 4.470577
118.840770, -107.724934, 0.309640, 4.285846, 4.499986
118.986519, -107.678028, 0.313578, 4.283930, 4.503490
119.132161, -107.630473, 0.318280, 4.280173, 4.506576
119.277776, -107.581960, 0.323007, 4.306761, 4.547932
119.423939, -107.532794, 0.326503, 4.259528, 4.497062
119.568591, -107.483608, 0.329264, 4.252477, 4.494246
119.713059, -107.434158, 0.330446, 4.248440, 4.491566
119.857564, -107.384510, 0.331341, 4.246812, 4.490674
120.001713, -107.334768, 0.333315, 4.239496, 4.486546
120.145923, -107.284685, 0.335137, 4.238536, 4.487953
120.289826, -107.234437, 0.336808, 4.232831, 4.485112
120.433639, -107.183969, 0.338184, 4.231387, 4.485505
120.577405, -107.133286, 0.339839, 4.229733, 4.486609
120.721118, -107.082289, 0.342251, 4.228210, 4.488778
120.864785, -107.030888, 0.344968, 4.227132, 4.491931
121.007240, -106.979540, 0.348011, 4.190001, 4.455626
121.150689, -106.927354, 0.351171, 4.222354, 4.496816
121.294287, -106.874498, 0.354286, 4.221593, 4.501151
121.437801, -106.821222, 0.357459, 4.200065, 4.474759
121.581052, -106.767483, 0.360058, 4.214718, 4.503598
121.724373, -106.713217, 0.363529, 4.213577, 4.508357
121.867269, -106.658554, 0.368246, 4.202054, 4.505254
122.010188, -106.603118, 0.372038, 4.200785, 4.509158
122.153002, -106.547103, 0.376209, 4.196905, 4.512641
122.295659, -106.490378, 0.380697, 4.192219, 4.515551
122.439243, -106.432623, 0.384498, 4.177523, 4.507028
122.580828, -106.375012, 0.388157, 4.162538, 4.497204
122.722158, -106.316930, 0.391609, 4.155643, 4.496102
122.863414, -106.258338, 0.394966, 4.155289, 4.502770
123.004251, -106.199293, 0.398792, 4.140629, 4.493408
123.144860, -106.139725, 0.402452, 4.138946, 4.501962
123.285472, -106.079645, 0.405473, 4.130253, 4.495331
123.425746, -106.019205, 0.408055, 4.126542, 4.495690
123.565933, -105.958402, 0.410393, 4.124322, 4.497915
123.706047, -105.897227, 0.413094, 4.121647, 4.500558
123.846077, -105.835589, 0.416233, 4.119534, 4.504269
123.984941, -105.773909, 0.418800, 4.065774, 4.457039
124.124386, -105.711469, 0.421957, 4.109549, 4.504738
124.264133, -105.648432, 0.425198, 4.108630, 4.510235
124.403828, -105.584919, 0.428170, 4.106134, 4.513426
124.542928, -105.521032, 0.432241, 4.097447, 4.511863
124.682195, -105.456444, 0.436112, 4.092530, 4.514969
124.820973, -105.391596, 0.439319, 4.089365, 4.503576
124.959904, -105.326355, 0.440929, 4.082926, 4.514627
125.098695, -105.260650, 0.443555, 4.078438, 4.515277
125.237349, -105.194571, 0.446067, 4.091048, 4.527827
125.376718, -105.127799, 0.447853, 4.068982, 4.514290
125.514548, -105.061359, 0.449968, 4.052097, 4.499277
125.652117, -104.994735, 0.451324, 4.047815, 4.497470
125.789584, -104.928015, 0.451857, 4.057517, 4.504514
125.927132, -104.861219, 0.452142, 4.042729, 4.493790
126.064415, -104.794361, 0.453907, 4.037967, 4.492846
126.201706, -104.727181, 0.456106, 4.033854, 4.491596
126.338673, -104.659782, 0.458813, 4.027612, 4.492995
126.475479, -104.591966, 0.462210, 4.021824, 4.494118
126.612030, -104.523617, 0.465893, 4.015769, 4.494981
