t,x,y,yaw,speed_measured,x_ref,y_ref,speed_ref,path_index,progress,cte,heading_error,steering_cmd,speed_cmd,compute_time_ms,did_compute,controller_success
0.031000000000000028,33.4,-92.9,-0.7207000000000001,6.636755399356948e-18,32.934173,-93.47543,5.0,9047,0.9330651815181518,0.7403218250829543,0.04777350821222104,-0.14347886806,5.0,31.084204998478526,True,True
0.07900000000000001,33.399964130847486,-92.89996631180895,-0.7207007873441451,0.010779045667125637,32.934173,-93.47543,5.0,9047,0.9330651815181518,0.7403218250829543,0.04777350821222104,-0.14347886806,5.0,29.944719997729408,True,True
0.13,33.40000651421856,-92.90000549751525,-0.7207003106496231,8.560635998429111e-05,32.934173,-93.47543,5.0,9047,0.9330651815181518,0.7403258490050846,0.04777429555636603,-0.14347808071,5.0,30.170072001055814,True,True
0.178,33.40001117895594,-92.9000095801092,-0.7207001174340676,8.380453322875191e-05,32.934173,-93.47543,5.0,9047,0.9330651815181518,0.7403214402351714,0.047773503535885276,-0.14347887273,5.0,28.87622799971723,True,True
0.22999999999999998,33.39999092809953,-92.89999168798506,-0.7207001329134023,0.0010613452030521888,32.934173,-93.47543,5.0,9047,0.9330651815181518,0.7403212901725112,0.04777362564628884,-0.14347875062,5.0,30.25765599886654,True,True
0.279,33.399989693159725,-92.89999057243065,-0.7207001260123809,0.0009711624370554542,32.934173,-93.47543,5.0,9047,0.9330651815181518,0.7403227195982937,0.04777358593468817,-0.14347879034,5.0,30.00017399972421,True,True
0.32899999999999996,33.39998845251382,-92.89998946674271,-0.720700104530511,0.0009556798615900563,32.934173,-93.47543,5.0,9047,0.9330651815181518,0.740322783704062,0.04777363422460201,-0.14347874205,5.0,29.51146799750859,True,True
0.379,33.39998480093126,-92.89998623048244,-0.7207001232468956,0.000925544126023297,32.934173,-93.47543,5.0,9047,0.9330651815181518,0.7403229926818482,0.04777363570506088,-0.14347874057,5.0,29.23833700333489,True,True
0.43100000000000005,33.39998240470407,-92.89998411135672,-0.7207001351124244,0.0009108819139303456,32.934173,-93.47543,5.0,9047,0.9330651815181518,0.7403231347116167,0.047773631459116395,-0.14347874481,5.0,31.325235999247525,True,True
0.479,33.39997963745314,-92.89998166607306,-0.7207001377084754,0.0008964840139282389,32.934173,-93.47543,5.0,9047,0.9330651815181518,0.7403234908788513,0.04777364592069633,-0.14347873035,5.0,30.06729999833624,True,True
0.53,33.3999730159983,-92.89997582103763,-0.7207001504529442,0.0008684625142870304,32.934173,-93.47543,5.0,9047,0.9330651815181518,0.7403237044682904,0.04777365371084663,-0.14347872256,5.0,29.82479600177612,True,True
0.579,33.399969174883736,-92.89997243267312,-0.7207001569127308,0.0008548300310977253,32.934173,-93.47543,5.0,9047,0.9330651815181518,0.7403242005974867,0.04777366512495185,-0.14347871115,5.0,29.59158800149453,True,True
0.629,33.39996046362886,-92.89996475212813,-0.7207001686635256,0.0008282998642141488,32.934173,-93.47543,5.0,9047,0.9330651815181518,0.7403244822727546,0.047773670808053836,-0.14347870546,5.0,29.88452700083144,True,True
0.678,33.399955605853485,-92.89996047081559,-0.7207001745497869,0.00081539370337782,32.934173,-93.47543,5.0,9047,0.9330651815181518,0.740324785813725,0.04777367687574685,-0.14347869351,5.0,28.589661000296474,True,True
0.729,33.40083563133198,-92.90073116821023,-0.720712699560984,0.08601224841426905,32.934173,-93.47543,5.0,9047,0.9330651815181518,0.7403254569336434,0.04777368873201837,-0.14347868754,5.0,29.460461999406107,True,True
0.78,33.404338566534975,-92.90380760358657,-0.7207577441959382,0.1897727245946262,32.934173,-93.47543,5.0,9047,0.9330651815181518,0.7402700632763839,0.04778620777320519,-0.1434661685,5.0,30.344448001415003,True,True
0.829,33.419170002400094,-92.91684061547258,-0.7212697026302577,0.39154323427117255,32.934173,-93.47543,5.0,9047,0.9330651815181518,0.739647921939027,0.047996949522433496,-0.14325542675,5.0,29.750746001809603,True,True
0.879,33.430395846533145,-92.92671680938324,-0.7218626768706791,0.4895384330285111,32.934173,-93.47543,5.0,9047,0.9330651815181518,0.7390818876962435,0.04834321084247861,-0.14290916543,5.0,30.013809002412017,True,True
0.929,33.458939142131555,-92.95173678845931,-0.7237100861131587,0.6277780769562642,32.934173,-93.47543,5.0,9047,0.9330651815181518,0.7374514771249525,0.049700777204946256,-0.14155159907,5.0,29.635930997756077,True,True
0.9830000000000001,33.47606020471691,-92.96682037892208,-0.7253970188497998,0.7264452458985984,33.052184000000004,-93.569346,5.0,9048,0.9331683168316832,0.739520712238921,0.05447305500167765,-0.13660381588,5.0,33.11758400013787,True,True
1.03,33.51764806190506,-93.00392033955154,-0.7295663548639667,0.9007882985874949,33.052184000000004,-93.569346,5.0,9048,0.9331683168316832,0.7340965293867167,0.05801854633125547,-0.13305832455,5.0,30.153280997183174,True,True
1.079,33.541406798513826,-93.02518352976371,-0.7317760311845599,0.9877155713482091,33.052184000000004,-93.569346,5.0,9048,0.9331683168316832,0.7321831994710021,0.060329323752485564,-0.13074754713,5.0,29.849360998923657,True,True
1.1320000000000001,33.59547741968712,-93.07402768468712,-0.7377061785562589,1.1557593431556512,33.169982,-93.661958,5.0,9049,0.9332714521452146,0.7308337666195711,0.06914811355468542,-0.1232058653,5.0,32.19350300059887,True,True
1.179,33.62537391630008,-93.1013822885827,-0.7407440865716688,1.23288200921511,33.169982,-93.661958,5.0,9049,0.9332714521452146,0.7257467931989902,0.07223165498264805,-0.12012232387,5.0,29.13842999987537,True,True
1.23,33.69081935616114,-93.16119578603931,-0.746746190474184,1.3804957252385452,33.169982,-93.661958,5.0,9049,0.9332714521452146,0.7189514324002778,0.07818213911965932,-0.11417183974,5.0,30.779152999457438,True,True
1.2770000000000001,33.72594049364412,-93.19383197228542,-0.7504082004498023,1.4412585374032387,33.288132,-93.754545,5.0,9050,0.9333745874587459,0.7170916235180885,0.0819177165922591,-0.11000460864,5.0,27.47341000213055,True,True
1.3279999999999998,33.76286949231824,-93.22846812538826,-0.7531875923548089,1.53093309024981,33.288132,-93.754545,5.0,9050,0.9333745874587459,0.7069184474375058,0.08835911847288402,-0.10356320676,5.0,28.496095997979864,True,True
1.3780000000000001,33.84197307926583,-93.30321925147298,-0.7608125689170504,1.6727251857989829,33.406313,-93.847211,5.0,9051,0.9334777227722773,0.7037798198960974,0.09292011755096397,-0.099778956349,5.0,28.849096997873858,True,True
1.428,33.8839526481329,-93.34333364645785,-0.7644957832256938,1.743077340043362,33.406313,-93.847211,5.0,9051,0.9334777227722773,0.691118266381124,0.10044905047799269,-0.092250023422,5.0,28.76139200088801,True,True
1.479,33.97255120680796,-93.42891312908564,-0.7714883934286106,1.8794932748271589,33.524688,-93.939676,5.0,9052,0.9335808580858086,0.6853100357821627,0.1057256647761311,-0.088542034806,5.0,29.73013699738658,True,True
1.5270000000000001,34.019080916101636,-93.47432153155302,-0.7749216903020426,1.9456514872345032,33.524688,-93.939676,5.0,9052,0.9335808580858086,0.6781517743421157,0.10917274633622043,-0.081661656373,5.0,27.47511300185579,True,True
1.579,34.116363348870955,-93.57026991048262,-0.7820641808948338,2.0733945876614657,33.643235,-94.031968,5.0,9053,0.9336839933993399,0.6631496027521002,0.11764850671452276,-0.077410938914,5.0,29.17158100171946,True,True
1.6280000000000001,34.167023522051004,-93.62077784671258,-0.7857012059928828,2.1351847129136203,33.761978000000006,-94.12414100000001,5.0,9054,0.9337871287128713,0.6575425152015348,0.12353592172288153,-0.072164919625,5.0,28.58773700063466,True,True
1.677,34.27215956252109,-93.72675058950679,-0.7929682005329504,2.254956390194316,33.880936,-94.215889,5.0,9055,0.9338902640264026,0.6395736401165178,0.13458988355189394,-0.061997850813,5.0,27.86713699970278,True,True
1.729,34.32654789214491,-93.78217172223697,-0.7966414534310245,2.3129149019170088,33.880936,-94.215889,5.0,9055,0.9338902640264026,0.6261950623590441,0.13822884271367597,-0.058358891651,5.0,29.46410900040064,True,True
1.778,34.43886779618059,-93.8978231595909,-0.804123362097748,2.4436902602430948,34.000335,-94.30713,5.0,9056,0.933993399339934,0.6035375775275121,0.1494718407474127,-0.048055893323,5.0,28.936170998349553,True,True
1.8279999999999998,34.49613209904917,-93.9577088431984,-0.8090721258413055,2.4474852137699186,34.120124,-94.398051,5.0,9057,0.9340965346534653,0.5931488008282257,0.1557343699066709,-0.041801027295,5.0,28.27994100152864,True,True
1.8769999999999998,34.6135404269096,-94.08154692792394,-0.8152403732584429,2.5599377038324596,34.24047,-94.489072,5.0,9058,0.9341996699669967,0.5652943208103085,0.16474794149817118,-0.031606960964,5.0,27.30276000147569,True,True
1.927,34.67357914475163,-94.14557725824392,-0.8190870545687128,2.621929488590096,34.24047,-94.489072,5.0,9058,0.9341996699669967,0.5500520335405662,0.16792908438693344,-0.028425818075,5.0,27.67027899972163,True,True
1.9769999999999999,34.795685897658984,-94.27683252208617,-0.8252666878821959,2.6715972800830805,34.479834999999994,-94.670023,5.0,9060,0.9344059405940595,0.5251169312907016,0.17411688916475887,-0.017890783649,5.0,27.317858999595046,True,True
2.025,34.85755705195583,-94.34412091646459,-0.8292965810620867,2.7109271965462427,34.479834999999994,-94.670023,5.0,9060,0.9344059405940595,0.5041148521158295,0.17812285144662487,-0.013884821367,5.0,26.00414700282272,True,True
2.077,34.919416858959515,-94.4116728942411,-0.8319108811523465,2.7421465316617115,34.599365999999996,-94.760281,5.0,9061,0.9345090759075908,0.4710360526350376,0.18549435796636393,-0.0055430617381,5.0,27.282802999252453,True,True
2.128,35.04692836177941,-94.55058038149373,-0.8232676185046846,2.8116512490536953,34.718590999999996,-94.85018000000001,5.0,9062,0.9346122112211221,0.4540229640557366,0.18380545973599816,-0.0062259659201,5.0,28.553363001265097,True,True
2.177,35.11235765476741,-94.6210899629365,-0.822408677063601,2.847414273829017,34.8383,-94.939963,5.0,9063,0.9347153465346535,0.41944055819312315,0.18052109511854297,-0.0086578053357,5.0,27.701656999852275,True,True
2.2279999999999998,35.246136018363515,-94.7647575864408,-0.8193220168521832,2.92780943572315,34.958356,-95.0294,5.0,9064,0.9348184818481848,0.4025929147007143,0.18215925101766084,-0.0068642983166,5.0,28.764057002263144,True,True
2.278,35.3146422190474,-94.83793809105043,-0.8177717461059083,2.9700509555158137,35.0787,-95.118564,5.0,9065,0.9349216171617162,0.3658869261449173,0.1812868669526222,-0.0081928082454,5.0,28.33635600109119,True,True
2.326,35.45474401789382,-94.98730177341186,-0.816948576070363,3.054049337986786,35.199332,-95.207504,5.0,9066,0.9350247524752475,0.3484656010536545,0.18318341734691268,-0.0060664196351,5.0,27.107433998025954,True,True
2.384,35.59878336086994,-95.14076819740073,-0.8174199997551053,3.137051291514271,35.320334,-95.296312,5.0,9067,0.9351278877887789,0.3369768138110877,0.18510439214742425,-0.0022884335496,5.0,34.48688899879926,True,True
2.4290000000000003,35.67166897807981,-95.21877387868084,-0.8167305054329328,3.166965036635867,35.441594,-95.384826,5.0,9068,0.9352310231023102,0.29029761655977143,0.1877080007455585,0.0026766097059,5.0,29.619220000313362,True,True
2.479,35.7463129130656,-95.29824705674093,-0.8170395167449324,3.2353261146563685,35.563344,-95.473387,5.0,9069,0.9353341584158416,0.2766986491182774,0.18871607278175873,0.0048576119258,5.0,29.595244999654824,True,True
2.528,35.89605902848508,-95.4582400432596,-0.819088831678548,3.2398269313261157,35.684101,-95.560905,5.0,9070,0.9354372937293729,0.22844588551483314,0.192384408488965,0.0078466407812,5.0,28.550807997817174,True,True
2.58,35.97222486332256,-95.53952505398549,-0.8201866928496878,3.29598373602552,35.805278,-95.64807900000001,5.0,9071,0.9355404290429042,0.2104281935223934,0.19746185951860262,0.0094520091806,5.0,30.58833499744651,True,True
2.63,36.12673542978656,-95.70495450533801,-0.8198273458724399,3.367112663512433,35.927166,-95.735029,5.0,9072,0.9356435643564357,0.1628909571110343,0.20138892286106236,0.010201301297,5.0,30.173117000231287,True,True
2.68,36.205255406270545,-95.78900321646725,-0.8197111260093587,3.40202508357621,36.049278,-95.821738,5.0,9073,0.935746699669967,0.14013578434720264,0.20330230176042896,0.010869189345,5.0,30.251725002017338,True,True
2.732,36.364790558390325,-95.95985286387996,-0.8194776158846445,3.475909138647122,36.171611999999996,-95.908262,5.0,9074,0.9358498349834984,0.09301849345249114,0.20559180354643392,0.011286293966,5.0,32.18725099941366,True,True
2.778,36.445846912836615,-96.04660788532286,-0.8192082911982599,3.509996947294325,36.294256,-95.994434,5.0,9075,0.9359529702970297,0.06864136026373913,0.20968011650395413,0.013141503397,5.0,29.000671001995215,True,True
2.829,36.610376939452024,-96.22253011986643,-0.8184092256996591,3.5759177761474565,36.540925,-96.16511700000001,5.0,9077,0.9361592409240924,0.033644074003426935,0.21643079548675637,0.017759254224,5.0,29.850162001821445,True,True
2.8810000000000002,36.69404952502073,-96.31178079608735,-0.817846878827429,3.611832814392161,36.664683000000004,-96.250034,5.0,9078,0.9362623762376238,-0.06087373517899446,0.21792946253414902,0.019296077778,5.0,31.596112999977777,True,True
2.93,36.86250867269685,-96.4915650898921,-0.8173680693804,3.6535977963771566,36.789054,-96.33504599999999,5.0,9079,0.9363655115511551,-0.060967972736092606,0.2174225160219816,0.02012680648,5.0,30.8041799980856,True,True
2.979,36.94691477153811,-96.58218778794786,-0.8165793234170481,3.6486063900099066,36.912752000000005,-96.41981899999999,5.0,9080,0.9364686468646864,-0.08758934497585746,0.21707330337117714,0.020710069956,5.0,29.7806220005441,True,True
3.031,37.11827528955424,-96.76521566706901,-0.8145336046137708,3.7149423200725664,37.159335999999996,-96.588342,5.0,9082,0.9366749174917491,-0.15329692482300902,0.21654575470078763,0.049682549366,5.0,31.343709997599944,True,True
3.082,37.20536340822926,-96.85737484960688,-0.813394523622764,3.7416262113768433,37.159335999999996,-96.588342,5.0,9082,0.9366749174917491,-0.16926019790991215,0.21563059743637147,0.023336308364,5.0,32.644767001329456,True,True
3.132,37.38134471992096,-97.0434340319776,-0.8127592165347735,3.788275618826564,37.406579,-96.756366,5.0,9084,0.9368811881188119,-0.22412086909976484,0.22003590830346464,0.047183281798,5.0,32.61134499916807,True,True
3.183,37.470258593558235,-97.13719925382188,-0.8123863060314892,3.8095332972792875,37.530642,-96.839927,5.0,9085,0.9369843234323433,-0.2523980782480895,0.22109380224340924,0.1327477788,5.0,33.10636199967121,True,True
3.247,37.649674699121746,-97.32609229634888,-0.8090408711377401,3.8548541775051337,37.654959000000005,-96.92327,5.0,9086,0.9370874587458746,-0.28263044029357304,0.2227126683491547,0.23530291721,5.0,47.32849699939834,True,True
3.281,37.74051167155608,-97.42105555951701,-0.8059561083934296,3.8779674214068067,37.779496,-97.006431,5.0,9087,0.937190594059406,-0.33803149560467155,0.2209873595763665,0.14672738094,5.0,31.580343998939497,True,True
3.332,37.83263705898384,-97.51668081360876,-0.8016316850515766,3.930972290537211,37.904269,-97.089495,5.0,9088,0.9372937293729373,-0.3667546355451609,0.21873761920839474,0.19616933859,5.0,32.68758699778118,True,True
3.382,38.017758169955876,-97.70535298269384,-0.7867596910882003,3.90425819243781,38.154688,-97.25560300000001,5.0,9090,0.9375,-0.4235187371988613,0.2143274981424268,0.33123208344,5.0,32.48912599883624,True,True
3.432,38.112167146581854,-97.79929576298271,-0.7787617683842741,3.9339267565131077,38.279334000000006,-97.337129,5.0,9091,0.9376031353135313,-0.4516755653056569,0.20682280939551934,0.33099078735,5.0,32.169797999813454,True,True
3.482,38.30411813611957,-97.98567954694806,-0.7602797991637912,3.957575600418969,38.529576,-97.500711,5.0,9093,0.937809405940594,-0.5073554289113124,0.19435837820034862,0.33268253187,5.0,33.0086290014151,True,True
3.539,38.40247280838638,-98.0780890813063,-0.7484678043862653,3.980203724660689,38.655107,-97.58251700000001,5.0,9094,0.9379125412541254,-0.5345401966454132,0.18319641033821776,0.41155214508,5.0,40.17511500205728,True,True
3.58,38.60367046363688,-98.26032450142836,-0.7217771015700479,4.007863328831015,38.780808,-97.664265,5.0,9095,0.9380156765676567,-0.5757213378208415,0.16141834284472534,0.33556658874,5.0,30.484881001029862,True,True
3.633,38.70681630334629,-98.34979954818024,-0.7064232438616292,4.0265736459490205,38.906801,-97.745525,5.0,9096,0.9381188118811881,-0.5970406083517689,0.15154217699935923,0.32962339158,5.0,34.157401001721155,True,True
3.686,38.918447331876024,-98.5245599606281,-0.672620551619545,4.049386508911128,39.160109999999996,-97.906542,5.0,9098,0.9383250825082509,-0.6354433664070138,0.12709292331162603,0.34819860942,5.0,36.6599490007502,True,True
3.733,39.02723810610249,-98.60945201394485,-0.6538834730719659,4.094707377253899,39.287158000000005,-97.986475,5.0,9099,0.9384282178217822,-0.6522905653484296,0.11282611137797849,0.33222046741,5.0,33.47232800297206,True,True
3.7889999999999997,39.247686320739355,-98.77430933742541,-0.6128415557011003,4.05134662794791,39.541806,-98.145896,5.0,9101,0.9386344884488449,-0.6811167292748854,0.07523508277632418,0.29755693388,5.0,40.07527800058597,True,True
3.8360000000000003,39.361393366541684,-98.85228868969097,-0.5905347528115977,4.059883434391879,39.668546,-98.225139,5.0,9102,0.9387376237623762,-0.6918893908243641,0.05467439137397845,0.27751176436,5.0,36.45999499713071,True,True
3.8840000000000003,39.59484979879895,-99.00100610864386,-0.5441748150668346,4.083485068373518,39.795010999999995,-98.303997,5.0,9103,0.9388407590759076,-0.6976783507035105,0.010413504316713507,0.23504212925,5.0,34.47213099934743,True,True
3.933,39.71469290016056,-99.07164679377733,-0.5211804237821385,4.101673007308911,39.921956,-98.382995,5.0,9104,0.9389438943894389,-0.6976483643384792,-0.011294039354937446,0.21365328069,5.0,33.98507900055847,True,True
3.981,39.83662547640381,-99.13990488930477,-0.4989888513376055,4.121999170066443,40.176519,-98.540239,5.0,9106,0.9391501650165016,-0.6888720019547234,-0.052536140870927284,0.17025889404,5.0,31.379337000544183,True,True
4.032,40.08678594659483,-99.26938734848252,-0.4563811407832063,4.168286509073403,40.304111,-98.618583,5.0,9107,0.939253300330033,-0.6801576494662702,-0.07263715361698964,0.14868709098,5.0,32.792714999231976,True,True
4.08,40.21512527626529,-99.33085382099983,-0.43645642870408635,4.177506911603895,40.431926000000004,-98.696774,5.0,9108,0.9393564356435643,-0.6685781883582752,-0.09181410308548887,0.10867691025,5.0,30.251985001086723,True,True
4.131,40.475668339569,-99.44618118717892,-0.39797812552967565,4.21212359465132,40.688594,-98.853029,5.0,9110,0.9395627062706271,-0.6374209583640942,-0.1280634454400369,0.094971485016,5.0,31.16448400032823,True,True
4.18,40.60792327883155,-99.50120337622533,-0.3814662655549483,4.184547074406842,40.816981,-98.930548,5.0,9111,0.9396658415841584,-0.6183622853075529,-0.14394018541015408,0.078509707694,5.0,30.921879999368684,True,True
4.228,40.87596889874864,-99.60454253953401,-0.3505215652347657,4.248638511189753,41.072705,-99.083823,5.0,9113,0.9398721122112211,-0.5754279746757252,-0.17251473851586585,0.048161466363,5.0,29.04236899848911,True,True
4.2780000000000005,41.01235719640168,-99.65337760124447,-0.3375689163945679,4.270703320856083,41.20117,-99.160536,5.0,9114,0.9399752475247525,-0.5503613026040877,-0.18764790230632578,0.03352786092,5.0,28.262838000955526,True,True
4.327,41.28875826547397,-99.74728829013318,-0.3197105836565028,4.308447381508783,41.458358000000004,-99.313988,5.0,9116,0.9401815181518152,-0.4946814335357404,-0.21000691270988625,0.014684922594,5.0,27.668914997775573,True,True
4.381,41.42821842511052,-99.79294416055316,-0.31313989074022625,4.320428153753557,41.5872,-99.39061600000001,5.0,9117,0.9402846534653465,-0.4650619221735419,-0.21490979912598007,0.0094975952321,5.0,31.959703999746125,True,True
4.43,41.70885211804429,-99.88193720771099,-0.302000709435589,4.343545598156798,41.716312,-99.46673299999999,5.0,9118,0.9403877887788779,-0.3950378253074347,-0.22429772144500948,-0.0017506551554,5.0,30.939542997657554,True,True
4.479,41.84956412849453,-99.92576328076522,-0.30157929607431544,4.351282952825343,41.845752000000005,-99.542514,5.0,9119,0.9404909240924092,-0.3621618569837809,-0.22690721863969543,-0.0052364074543,5.0,29.41473600003519,True,True
4.529,42.13313345878582,-100.0142854712251,-0.30216504805470656,4.365290004323464,42.10545,-99.693832,5.0,9121,0.940697194719472,-0.2961865483074884,-0.22475605760125816,-0.0048570166362,5.0,29.22631299952627,True,True
4.58,42.27485050289177,-100.0582485029546,-0.3014971829042823,4.3230070976097315,42.234633,-99.769202,5.0,9122,0.9408003300330033,-0.26295952887627877,-0.22426816649962067,-0.004611031213,5.0,30.312628001411213,True,True
4.631,42.558868866025755,-100.14608263231422,-0.2983281826348726,4.3896607679511135,42.493435,-99.918782,5.0,9124,0.941006600660066,-0.19748910025971309,-0.22315295172706318,-0.0026587134652,5.0,31.160988000920042,True,True
4.68,42.70170763553245,-100.18999741520865,-0.2981994019298504,4.400479102699677,42.623352000000004,-99.993257,5.0,9125,0.9411097359735974,-0.1646895175353314,-0.22132431602887515,-0.0011329038297,5.0,30.48245599711663,True,True
4.731,42.98824950990619,-100.27824903681771,-0.29956504513108034,4.422855916391798,42.883720000000004,-100.141666,5.0,9127,0.9413160066006601,-0.0995147561156829,-0.2184600276669566,0.00040254754013,5.0,31.451251001271885,True,True
4.781,43.13210942745934,-100.32280235282352,-0.3011441196311892,4.437218815920906,43.014255,-100.215715,5.0,9128,0.9414191419141914,-0.06721941310398101,-0.21667619064246857,0.00095038268207,5.0,31.73077499741339,True,True
4.832,43.42102399348443,-100.41284735458716,-0.3020806908819432,4.451305662950957,43.275632,-100.364369,5.0,9130,0.9416254125412541,-0.002613475322300847,-0.21399288226883506,0.0040826989306,5.0,32.680774998880224,True,True
4.881,43.56541990858517,-100.45784059185137,-0.30059109548532137,4.408390733868362,43.406531,-100.438395,5.0,9131,0.9417285478547854,0.029371981452416526,-0.2111344557526964,0.007446940249,5.0,31.451913000637433,True,True
4.931,43.70989240406217,-100.50255667533632,-0.3008662125315443,4.443368113104018,43.537657,-100.512043,5.0,9132,0.9418316831683168,0.06089893383483932,-0.21032088012131522,0.0094586684248,5.0,31.164023999735946,True,True
4.983,44.00002638352286,-100.59099552430514,-0.29514173415550693,4.4729856235922325,43.797895000000004,-100.657234,5.0,9134,0.9420379537953796,0.1243614028736944,-0.20857672100774316,0.0084806380879,5.0,33.611990002100356,True,True
5.032,44.14580588823774,-100.6351223640686,-0.2925038373414436,4.485727138885581,43.928764,-100.72990300000001,5.0,9135,0.9421410891089109,0.15612051149441616,-0.21211182800594486,-0.016070900238,5.0,32.554899000388104,True,True
5.081,44.4388584531879,-100.72260760807303,-0.28742238729035985,4.505566230780505,44.190449,-100.87561099999999,5.0,9137,0.9423473597359736,0.22133542535893136,-0.2189864675352009,-0.062526864512,5.0,31.36004000043613,True,True
5.132,44.58590799979428,-100.76603860819638,-0.2860912508005659,4.51489902925807,44.321381,-100.94864399999999,5.0,9138,0.942450495049505,0.2547418349680114,-0.2201571312565962,-0.081289758581,5.0,32.27241999775288,True,True
5.192,44.88099803261534,-100.8530398257289,-0.2874087621719666,4.534316123901949,44.584039000000004,-101.09352700000001,5.0,9140,0.9426567656765676,0.32091547758893024,-0.21493717303778048,-0.27445964093,5.0,42.569901001115795,True,True
5.239,45.02839217477666,-100.89744073771219,-0.2906458676767233,4.5273515881686475,44.715714,-101.165444,5.0,9141,0.942759900990099,0.35343341599174366,-0.21244990054231394,-0.28128236296,5.0,40.10700700018788,True,True
5.286,45.3234938766119,-100.98686114975432,-0.30118317211515266,4.522372149451076,44.978806,-101.30906800000001,5.0,9143,0.9429661716171617,0.41705554546750834,-0.20356623883299063,-0.29087908443,5.0,36.576051999873016,True,True
5.336,45.47006733090786,-101.03265985601568,-0.3089233816499844,4.521568012690906,45.109942,-101.380144,5.0,9144,0.943069306930693,0.4475200822338008,-0.19447768615855132,-0.29271980206,5.0,36.19431699917186,True,True
5.383,45.76324387283527,-101.12888406322998,-0.3273673774265181,4.540867054334024,45.373496,-101.521939,5.0,9146,0.9432755775577558,0.5044387832579232,-0.17521880484912167,-0.29372435574,5.0,33.7991400010651,True,True
5.432,45.90921363567741,-101.17937934544176,-0.3386546786858736,4.542075312917348,45.505568,-101.592496,5.0,9147,0.9433787128712872,0.5303185297371661,-0.1624081091893501,-0.29076191602,5.0,32.199643002968514,True,True
5.493,46.19876835444231,-101.28582683458121,-0.36716661592361655,4.537671893908765,45.77035,-101.733108,5.0,9149,0.9435849834983498,0.5760984383858002,-0.13396894818471772,-0.33005286896,5.0,43.890214001294225,True,True
5.539,46.34226916662444,-101.34225256977793,-0.3831437078373722,4.533475251431522,45.903078,-101.803044,5.0,9150,0.9436881188118812,0.5953872381434305,-0.11696602643765575,-0.31332169377,5.0,39.42897700108006,True,True
5.583,46.62579172673552,-101.46207993466466,-0.41919219494604065,4.463913841493771,46.169297,-101.942297,5.0,9152,0.9438943894389439,0.6256905784206948,-0.07956262245843382,-0.27388680522,5.0,33.74619999885908,True,True
5.635,46.76525269939651,-101.5240787330362,-0.43894552809933285,4.514014358431681,46.302738,-102.01140500000001,5.0,9153,0.9439975247524752,0.6363189502267942,-0.058131163552322285,-0.25307106283,5.0,35.91291900011129,True,True
5.681,46.903068907004695,-101.59074809728575,-0.4618005836861304,4.482210206739485,46.567659,-102.147855,5.0,9155,0.9442037953795379,0.6487369044698265,-0.011911365643096694,-0.20782349804,5.0,31.663458001276013,True,True
5.729,47.173363334691636,-101.73333074162989,-0.507452050406885,4.505935930183826,46.700998,-102.216084,5.0,9156,0.9443069306930693,0.6485725111912021,0.012516101053710926,-0.18553473779,5.0,30.091583001194522,True,True
5.778,47.30661525755593,-101.80922950474455,-0.5277199517233815,4.513216224541021,46.83442,-102.284375,5.0,9157,0.9444100660066007,0.6449318436377275,0.03460605238192782,-0.14112939893,5.0,28.86179000051925,True,True
5.829,47.56903935697046,-101.96922039529895,-0.566455788691157,4.528787554992833,47.101865000000004,-102.420581,5.0,9159,0.9446163366336634,0.6270979311324041,0.08030976420484981,-0.11546564568,5.0,29.43250899988925,True,True
5.88,47.698296812917384,-102.05310045329989,-0.5848664299791669,4.531056603089336,47.236148,-102.487959,5.0,9160,0.9447194719471947,0.6128125603005072,0.10236934182077606,-0.094352543237,5.0,30.31733600073494,True,True
5.929,47.951983026953776,-102.2280787701776,-0.6232547423182052,4.521692705424983,47.505236,-102.622226,5.0,9162,0.9449257425742574,0.5749122216036082,0.14364883222311864,-0.053795968728,5.0,29.18946399950073,True,True
5.98,48.074821816289,-102.3175839360992,-0.6440388486276633,4.484943729845539,47.639963,-102.68865699999999,5.0,9163,0.9450288778877888,0.551392406008303,0.16307017082987452,-0.032394902591,5.0,30.38618599748588,True,True
6.027,48.31807607758286,-102.50583340746464,-0.6764922938787069,4.538710222035934,48.042998,-102.888524,5.0,9166,0.9453382838283828,0.5026943213822311,0.20680202959593474,0.013837230933,5.0,27.83313300096779,True,True
6.079,48.43782146632767,-102.60321118721119,-0.6895627370469494,4.536293471066781,48.177879,-102.954495,5.0,9167,0.9454414191419142,0.4700557894326368,0.22288872578365204,0.029279878662,5.0,29.486690000339877,True,True
6.13,48.672973042348325,-102.80332965802098,-0.718689085849491,4.561615989072626,48.448370000000004,-103.085614,5.0,9169,0.945647689768977,0.3982509553603949,0.25630708677944103,0.062711825926,5.0,30.139493999740807,True,True
6.18,48.789364386121015,-102.90600038279898,-0.727881882276026,4.5629820621451165,48.583954,-103.151015,5.0,9170,0.9457508250825083,0.3589003858004034,0.2703707867919234,0.076701715643,5.0,30.498476000502706,True,True
6.228,49.0198679122679,-103.11502836071597,-0.7444244533446424,4.582195405780604,48.856297,-103.281301,5.0,9172,0.945957095709571,0.27571549813042484,0.294577195572411,0.10235524309,5.0,28.83621200089692,True,True
6.279,49.13411688905499,-103.22014884324314,-0.7473428802741475,4.55946708767265,48.992791,-103.34577900000001,5.0,9173,0.9460602310231023,0.2323338475297057,0.3034022340768461,0.11122848647,5.0,29.508071002055658,True,True
6.329,49.36217311630974,-103.43029834159657,-0.7418699439721038,4.56621306035727,49.129142,-103.410092,5.0,9174,0.9461633663366337,0.12721350536243617,0.30449357634682483,0.11246719518,5.0,29.869837999285664,True,True
6.378,49.476240771868284,-103.53479759928217,-0.742206143898874,4.561538142919801,49.264376,-103.4736,5.0,9175,0.946266501650165,0.08058769569811779,0.30409703899449436,0.11187745953,5.0,28.42232600232819,True,True
6.43,49.7060463666962,-103.74392421201289,-0.7336156830510508,4.573080066592839,49.537052,-103.60047,5.0,9177,0.9464727722772277,-0.012866608409301426,0.3048776767669179,0.1102756386,5.0,30.66064900122001,True,True
6.48,49.82189266357505,-103.84781621784775,-0.7281010493740779,4.578922898212856,49.673856,-103.663826,5.0,9178,0.946575907590759,-0.05930017626732302,0.301067823083482,0.10591378997,5.0,30.579268001019955,True,True
6.531,49.93844844113828,-103.95096224393454,-0.7196741150273182,4.575926422862931,49.948301,-103.789485,5.0,9180,0.9467821782178217,-0.15118912003339552,0.29362079070325775,0.095939216886,5.0,31.611872000212315,True,True
6.5809999999999995,50.17469674027735,-104.15396308563447,-0.699207835677875,4.591290996914442,50.08602,-103.851772,5.0,9181,0.9468853135313532,-0.1958328379393882,0.285675010306933,0.096066557556,5.0,31.44067099856329,True,True
6.632,50.29437127149131,-104.25359861876078,-0.6895036058789721,4.600863283896923,50.223967,-103.913834,5.0,9182,0.9469884488448845,-0.239233326656473,0.2767292642155694,0.14499301829,5.0,32.19682700000703,True,True
6.682,50.536015881304166,-104.45067481369902,-0.6726906378516966,4.605607960398849,50.499922,-104.037251,5.0,9184,0.9471947194719472,-0.3231907610139721,0.26107012657456385,0.21828060696,5.0,32.213689999480266,True,True
6.7379999999999995,50.783085461224886,-104.64419075586778,-0.6544083036338422,4.608698007198754,50.637508000000004,-104.098558,5.0,9185,0.9472978547854786,-0.36293301316967774,0.25344058327859464,0.26751435729,5.0,38.43599600077141,True,True
6.784,50.90797060203767,-104.73900007140254,-0.6443960552375328,4.612752559862151,50.913026,-104.221023,5.0,9187,0.9475041254125413,-0.43963585218202716,0.23828056575737877,0.35589186333,5.0,34.442304000549484,True,True
6.831,51.03387115661793,-104.83243850169718,-0.6325232902290536,4.610859942461836,51.051152,-104.281888,5.0,9188,0.9476072607260726,-0.47611723682007273,0.23010066733554302,0.3593557543,5.0,31.812126999284374,True,True
6.883,51.28924122822092,-105.01442030412078,-0.6045660038932358,4.613141338822364,51.327839000000004,-104.403134,5.0,9190,0.9478135313531353,-0.5444453749213638,0.20750997016736994,0.36096063905,5.0,33.319179998215986,True,True
6.932,51.41966065846082,-105.10309818019043,-0.5884711415841237,4.607343745750964,51.466529,-104.463563,5.0,9191,0.9479166666666666,-0.575903848666514,0.1943994652811143,0.35946767085,5.0,32.81938399959472,True,True
6.997,51.68239839301544,-105.27190666680175,-0.5520149055711523,4.5922411802089504,51.744960999999996,-104.583889,5.0,9193,0.9481229372937293,-0.6327339209497268,0.16597628429593536,0.3933505926,5.0,47.406882000359474,True,True
7.041,51.81513880877549,-105.35199659375624,-0.5308191357036549,4.55087139439509,51.884506,-104.643539,5.0,9194,0.9482260726072608,-0.6573278203313836,0.14884456086033682,0.37704468326,5.0,41.67862100075581,True,True
7.085,52.08450852414492,-105.50279725492551,-0.4854913744340805,4.546609493733356,52.161839,-104.761444,5.0,9196,0.9484323432343235,-0.6977003189454005,0.10747915207850545,0.33606654008,5.0,35.34914300325909,True,True
7.135,52.22191584717773,-105.57312259103021,-0.4609797598534015,4.539661906253543,52.301076,-104.820095,5.0,9197,0.9485354785478548,-0.7133887121817094,0.0880226302874969,0.31495741566,5.0,35.312985000928165,True,True
7.189,52.50174078849033,-105.70350541366032,-0.4101111143034955,4.535015297262573,52.58061899999999,-104.93678100000001,5.0,9199,0.9487417491749175,-0.7338979923058055,0.04331773577914966,0.2682761504,5.0,39.35992700280622,True,True
7.233,52.64394166341379,-105.76310361441492,-0.38299197894585585,4.538125323705263,52.720797999999995,-104.994607,5.0,9200,0.9488448844884488,-0.7390415871732495,0.020180137082586924,0.2443663624,5.0,33.12168000047677,True,True
7.281,52.93268205605013,-105.8719259259222,-0.33106209410222576,4.552015766846314,53.001959,-105.109274,5.0,9202,0.9490511551155115,-0.738888709164443,-0.027447018055345662,0.19495108591,5.0,31.740571997943334,True,True
7.3309999999999995,53.079915208608895,-105.92045051736011,-0.3052294440366271,4.554425106854196,53.142872,-105.16603899999998,5.0,9203,0.9491542904290429,-0.7334042124571523,-0.051097976868690775,0.17080235691,5.0,31.468443001358537,True,True
7.38,53.2297459154493,-105.96646783999671,-0.28112157870429627,4.621853405924253,53.424622,-105.278893,5.0,9205,0.9493605610561056,-0.7108577790102428,-0.09885189030967734,0.12514284291,5.0,30.459493002126692,True,True
7.431,53.53249888270997,-106.04687499400048,-0.2395809382593099,4.622806008947358,53.705829,-105.39086499999999,5.0,9207,0.9495668316831684,-0.6978098881622852,-0.11799874666010002,0.10796343839,5.0,31.671873999584932,True,True
7.48,53.68582362590509,-106.08281909199657,-0.2215489902162451,4.6402055760079675,53.846776,-105.446554,5.0,9208,0.9496699669966997,-0.6776100665499591,-0.1356033238864125,0.071114236756,5.0,29.952072000014596,True,True
7.531,53.995315139478066,-106.1473146870196,-0.18959390902495346,4.665244904681919,54.12935600000001,-105.55719099999999,5.0,9210,0.9498762376237624,-0.6294827723707894,-0.166447530294068,0.05918282868,5.0,31.480956000450533,True,True
7.58,54.15159506162083,-106.17632169183345,-0.17620809812763533,4.705418102829474,54.2709,-105.61219399999999,5.0,9211,0.9499793729372937,-0.6019145828315141,-0.1801053384079876,0.045735620409,5.0,30.240301999583608,True,True
7.629,54.466011688190804,-106.2286209512059,-0.15562969047174774,4.698686312516484,54.555096999999996,-105.721718,5.0,9213,0.9501856435643564,-0.5409706837616407,-0.20042138925167086,0.026307690101,5.0,29.439892998198047,True,True
7.679,54.62396714346305,-106.25274149191705,-0.14783644948437416,4.705435030136764,54.697224,-105.775851,5.0,9214,0.9502887788778878,-0.5083893801478747,-0.20727015516037017,0.019379889409,5.0,29.25942500223755,True,True
7.732,54.94014930979447,-106.29738221962366,-0.1341317584726429,4.710065407815843,54.982011,-105.88333200000001,5.0,9216,0.9504950495049505,-0.44033847539928284,-0.21959229316054385,0.0072499819994,5.0,32.818121999298455,True,True
7.779999999999999,55.0985688068503,-106.31855459878268,-0.1298070880319825,4.714432338818483,55.122814,-105.936311,5.0,9217,0.9505981848184818,-0.40464653055277,-0.2238563954355639,0.002367979901,5.0,30.12076799859642,True,True
7.832000000000001,55.41703213631028,-106.35922514395139,-0.12454431619597303,4.729710843524595,55.408026,-106.042125,5.0,9219,0.9508044554455446,-0.33284327287708865,-0.22625808089951294,-0.0027700229892,5.0,32.625570998789044,True,True
7.882,55.57682272272812,-106.37905903812847,-0.12246273695723059,4.737076110308177,55.551054,-106.09468999999999,5.0,9220,0.9509075907590759,-0.2965479764426935,-0.22625590981749655,-0.0031191921876,5.0,32.827187998918816,True,True
7.932,55.896531498034605,-106.41795892750403,-0.11972529891969434,4.7140599711901885,55.837875,-106.19878,5.0,9222,0.9511138613861386,-0.22391130312355031,-0.22501697636686524,-0.004067677642,5.0,32.49710999807576,True,True
7.981,56.05660457843267,-106.43677962884284,-0.11879436125317025,4.746311734101964,55.981609999999996,-106.250358,5.0,9223,0.95121699669967,-0.18795856563850658,-0.22434664276870375,-0.0037426736053,5.0,31.181996000668732,True,True
8.03,56.37782178846994,-106.47534356115318,-0.12009576825089167,4.744987353149932,56.2688,-106.352747,5.0,9225,0.9514232673267327,-0.11542468632838486,-0.22211502695056806,-0.00093231254335,5.0,30.372288998478325,True,True
8.083,56.53781615663631,-106.4941067344186,-0.12077637091763099,4.739403482961808,56.41298199999999,-106.403924,5.0,9226,0.951526402640264,-0.07960523971542782,-0.2206092284466914,0.0028873117234,5.0,33.567013997526374,True,True
8.132,56.85813184306168,-106.53380405147797,-0.1258691748568272,4.751735142810075,56.700078000000005,-106.50523799999999,5.0,9228,0.9517326732673267,-0.008713300166811115,-0.21353067184414876,0.010652456693,5.0,32.19791900119162,True,True
8.183,57.018362433953556,-106.55427723845408,-0.12757396062863252,4.755133652071241,56.843804000000006,-106.55543999999999,5.0,9229,0.951835808580858,0.02514131337710627,-0.20946079811884077,0.013811053093,5.0,33.30334999918705,True,True
8.234,57.33929788753601,-106.5956908737651,-0.12800442307740778,4.767866143728524,57.131562,-106.65535,5.0,9231,0.9520420792079208,0.0913780516335796,-0.20474722782412824,0.021647248551,5.0,34.49245800220524,True,True
8.28,57.50045910377393,-106.61669347601197,-0.12821901075288972,4.793623116233934,57.275714,-106.70506,5.0,9232,0.9521452145214522,0.12410005337239505,-0.2036065765759334,0.01745329252,5.0,30.70925999782048,True,True
8.33,57.66128361497208,-106.6373798394187,-0.12807804754959382,4.769527741159275,57.420364,-106.754792,5.0,9233,0.9522483498349835,0.1565316737264017,-0.20124107389016777,0.0057710335031,5.0,31.04565999819897,True,True
8.382,57.982973760400576,-106.67866892364975,-0.12766830117574665,4.743550861235022,57.709817,-106.85285400000001,5.0,9235,0.9524546204620462,0.2204858957755375,-0.1972429421814943,-0.028794431804,5.0,32.54613099852577,True,True
8.431000000000001,58.14390252756518,-106.69847311672585,-0.1269624879548918,4.770639211575148,57.854475,-106.90143300000001,5.0,9236,0.9525577557755776,0.2519147276765715,-0.19469109914906513,-0.043921958068,5.0,31.365949998871656,True,True
8.484,58.46558556266837,-106.73953792175577,-0.12763203045813068,4.776678923776802,58.14273000000001,-106.997437,5.0,9238,0.9527640264026402,0.31507334581770713,-0.1924195543374414,-0.12855726977,5.0,34.9278729991056,True,True
8.532,58.626731611169944,-106.76025734880764,-0.1281247824941068,4.78044280217643,58.287901,-107.045027,5.0,9239,0.9528671617161716,0.34551683756001605,-0.18832048617071306,-0.14115390566,5.0,33.001654999679886,True,True
8.579,58.949389769724746,-106.80226571389464,-0.13105764040584816,4.786384041974167,58.725048,-107.18651200000001,5.0,9242,0.9531765676567657,0.41025672139696456,-0.180786191891106,-0.26412974328,5.0,29.931553999631433,True,True
8.643,59.271498522208525,-106.8460252309309,-0.14134641174180326,4.777107360372268,58.871254,-107.23312299999999,5.0,9243,0.9532797029702971,0.43788491581755407,-0.17663846679712325,-0.37575386941,5.0,43.74730600102339,True,True
8.684,59.43291094306611,-106.86930649837227,-0.14869244919900493,4.8169770937723255,59.163478000000005,-107.325433,5.0,9245,0.9534859735973598,0.4914267415007157,-0.1631556663361433,-0.36442744311,5.0,34.44891600156552,True,True
8.737,59.59437644358001,-106.89404982248249,-0.157463012018912,4.8019535958519635,59.309996,-107.371375,5.0,9246,0.9535891089108911,0.5168954087198517,-0.15461696137959624,-0.35550701949,5.0,37.173579999944195,True,True
8.785,59.91313292656528,-106.94788969884432,-0.18332126638466012,4.751936632015225,59.60260400000001,-107.46244899999999,5.0,9248,0.9537953795379538,0.5633090582454282,-0.1318485038132362,-0.33268689425,5.0,35.87531800076249,True,True
8.834,60.071548549583696,-106.97886286092026,-0.20286276160827346,4.746934572293135,59.74874200000001,-107.507447,5.0,9249,0.9538985148514851,0.5832055812606871,-0.11467657277055032,-0.31604654183,5.0,34.47176899862825,True,True
8.884,60.38671965757398,-107.05057959663154,-0.24516965683118674,4.75313312937094,60.041142,-107.597017,5.0,9251,0.9541047854785478,0.6134804609580992,-0.07370895746011064,-0.27272956594,5.0,34.484482999687316,True,True
8.933,60.54293376715489,-107.09155010450394,-0.2687210690406884,4.753227593188522,60.187445,-107.641879,5.0,9252,0.9542079207920792,0.6237245639776324,-0.05194682002280926,-0.24847893744,5.0,33.71909900306491,True,True
8.979,60.69848098063951,-107.13640941046322,-0.29223016454144435,4.795404680487517,60.480851,-107.73146299999999,5.0,9254,0.954414191419142,0.6325703151500602,-0.002529793904750388,-0.19646251805,5.0,29.484896000212757,True,True
9.03,61.00689233343004,-107.23683218932841,-0.3387887743663604,4.768457390229678,60.627455000000005,-107.775778,5.0,9255,0.9545173267326733,0.6308662171291372,0.022591370546338307,-0.17097552925,5.0,30.738695000763983,True,True
9.079,61.158698108056576,-107.29164974014532,-0.3612846668620482,4.733175128865786,60.92109,-107.86375600000001,5.0,9257,0.954723597359736,0.6161263025445323,0.07135636888776364,-0.12167392002,5.0,29.32410500216065,True,True
9.129,61.46004789933134,-107.4118354233524,-0.403839104479479,4.790392022442185,61.066787,-107.907146,5.0,9258,0.9548267326732673,0.6037858544794119,0.09484780648870261,-0.09604906149,5.0,29.152482999052154,True,True
9.179,61.60949008343011,-107.47735094247106,-0.4219681709380628,4.80743964450715,61.36009,-107.99369899999999,5.0,9260,0.95503300330033,0.590386994663554,0.11963002044467119,-0.076122452774,5.0,29.664563000551425,True,True
9.228,61.906400857214194,-107.61631990597262,-0.4525348144212034,4.833709655782201,61.654764,-108.079021,5.0,9262,0.9552392739273927,0.5433553928798968,0.15894559589209312,-0.035733133393,5.0,28.767932999471668,True,True
9.278,62.05392158810768,-107.68911345400464,-0.4647454511356185,4.840852352056362,61.802424,-108.121163,5.0,9263,0.9553424092409241,0.5154393625086053,0.17573448511618706,-0.020021520552,5.0,28.81901899672812,True,True
9.329,62.346953489083496,-107.84000056695373,-0.48580313826223737,4.8553652668321305,62.097654000000006,-108.204472,5.0,9265,0.9555486798679867,0.452648907474749,0.20226199403442013,0.0040346182017,5.0,29.54454800055828,True,True
9.379,62.49197861575881,-107.91663052201079,-0.4940512915002093,4.827205244139198,62.245495999999996,-108.245798,5.0,9266,0.9556518151815182,0.4182883918519165,0.21528660985519066,0.015761236276,5.0,29.62256400132901,True,True
9.431000000000001,62.781628335168,-108.0748136303995,-0.5049886895858674,4.8501113426342615,62.541385,-108.327932,5.0,9268,0.9558580858085809,0.34618789558078444,0.22952249650737677,0.034315791599,5.0,31.577186000504298,True,True
9.48,62.92587961037394,-108.1548609648039,-0.5079636334195995,4.853204306674417,62.6888,-108.368407,5.0,9269,0.9559612211221122,0.30766248159885273,0.2383056837176052,0.040846189097,5.0,30.652793997433037,True,True
9.53,63.21400494617615,-108.31610066004355,-0.5115700615942116,4.857780960900168,62.984143,-108.448397,5.0,9271,0.9561674917491749,0.2280510360198453,0.24732824291512578,0.048191209084,5.0,30.324399001983693,True,True
9.582,63.3580821228817,-108.39692118387191,-0.5107351183607592,4.8596263900088745,63.131933999999994,-108.488133,5.0,9272,0.9562706270627063,0.18743680470974722,0.24898547205957744,0.052038339619,5.0,32.54753399960464,True,True
9.629,63.64775564449642,-108.55842683449194,-0.5062575462412827,4.856327843086316,63.42815,-108.56766499999999,5.0,9274,0.956476897689769,0.10610707045203122,0.24835339035372384,0.05464429656,5.0,29.25904299991089,True,True
9.68,63.79202661582759,-108.63816197687932,-0.5025602190689532,4.8514947854824,63.576264,-108.60692399999999,5.0,9275,0.9565800330033003,0.0650861716021895,0.24811923997258356,0.054498401285,5.0,30.277470999863,True,True
9.729,64.08107203506883,-108.7956986036714,-0.4937170369308598,4.851963712823302,63.872831000000005,-108.68463999999999,5.0,9277,0.956786303630363,-0.0153438761288947,0.24309559794011104,0.050119521927,5.0,29.19017500244081,True,True
9.781,64.22593761418236,-108.873381589949,-0.4881299295440875,4.801609725936809,64.16766700000001,-108.76123500000001,5.0,9279,0.9569925742574258,-0.09320100819975355,0.240902688605118,0.088446526223,5.0,31.17997200024547,True,True
9.836,64.51786788357211,-109.02567564170876,-0.47455410326822256,4.852494863535424,64.464488,-108.837055,5.0,9281,0.9571988448844885,-0.14624170172652984,0.23342476715454463,0.24810314043,5.0,36.45518399935099,True,True
9.887,64.66492508798866,-109.10064773775923,-0.4684262750122496,4.856779537934158,64.613258,-108.87443400000001,5.0,9282,0.9573019801980198,-0.17881081762266274,0.22968212796603282,0.26392619049,5.0,37.22425500018289,True,True
9.933,64.96101382615048,-109.24764560449563,-0.45146734108686154,4.8601704070345955,64.911397,-108.948127,5.0,9284,0.9575082508250825,-0.24719595506475556,0.2211638522750765,0.27695695419,5.0,33.54249800031539,True,True
9.983,65.10910789162601,-109.31875790335245,-0.44024833643134426,4.789817384056869,65.060694,-108.984449,5.0,9285,0.9576113861386139,-0.2814402062191919,0.21322778506293805,0.28084580831,5.0,33.72209400185966,True,True
10.031,65.25803274279527,-109.38816251248966,-0.4271202459565377,4.850806747989271,65.20961199999999,-109.020549,5.0,9286,0.9577145214521452,-0.3146897294776519,0.20269419322240978,0.28292644002,5.0,31.955725000443636,True,True
10.083,65.56070570815619,-109.52073199043937,-0.3976924446786977,4.870240477643486,65.508262,-109.092735,5.0,9288,0.9579207920792079,-0.3760134747603976,0.17764560338575608,0.28203496455,5.0,34.056129999953555,True,True
10.134,65.71301967532274,-109.58324858531881,-0.3813091254026747,4.83103048799298,65.65724300000001,-109.128262,5.0,9289,0.9580239273927392,-0.40416845759165126,0.1648536877946487,0.27922320208,5.0,34.50028199949884,True,True
10.183,66.0198285827039,-109.69958037776263,-0.34342641935105334,4.819925564109998,65.955057,-109.197981,5.0,9291,0.958230198019802,-0.45355914426121424,0.13549072330996648,0.26817805284,5.0,33.52824099783902,True,True
10.234,66.17450734513828,-109.7530701391931,-0.3224797981795192,4.809559066799893,66.10409200000001,-109.232267,5.0,9292,0.9583333333333334,-0.4743361941867476,0.11791599706493727,0.25995946399,5.0,34.792989998095436,True,True
10.286,66.48688990688822,-109.85012326019653,-0.27824918169806323,4.795809104096108,66.402488,-109.300505,5.0,9294,0.9585396039603961,-0.506381953527009,0.07610652376127991,0.23723089954,5.0,36.11201100284234,True,True
10.339,66.64384542652182,-109.89303431785979,-0.25545559320424427,4.78546126542639,66.552311,-109.33466100000001,5.0,9295,0.9586427392739274,-0.517248237121805,0.05549128000510706,0.22356061566,5.0,39.22894099741825,True,True
10.397,66.96044622366324,-109.96811218478268,-0.2103771014949466,4.788289726939569,66.851256,-109.40157099999999,5.0,9297,0.9588490099009901,-0.528950338049363,0.014338739395417743,0.23846116066,5.0,47.94215299989446,True,True
10.435,67.11835515687218,-110.00058028200355,-0.18771094578806277,4.735688545751333,67.00071700000001,-109.43461200000002,5.0,9298,0.9589521452145214,-0.5297753246198899,-0.006132879694638049,0.21702558187,5.0,35.306771998875774,True,True
10.48,67.43871630614856,-110.05597403848716,-0.14341295686175215,4.781345634426189,67.447322,-109.532448,5.0,9301,0.9592615511551155,-0.5264717620279995,-0.04679345430194859,0.17568812437,5.0,30.56831600042642,True,True
10.531,67.59983940230818,-110.07739493196718,-0.12023674447775003,4.778357802328987,67.597082,-109.564622,5.0,9302,0.9593646864686468,-0.5162426936185528,-0.06685213841620108,0.15602893527,5.0,31.59474899803172,True,True
10.579,67.92363234832926,-110.10916708257844,-0.07466571358059007,4.810136412613927,67.897178,-109.627775,5.0,9304,0.9595709570957096,-0.48656065002464305,-0.10876031484718762,0.11187196992,5.0,29.927425002824748,True,True
10.63,68.08736668347109,-110.1200096878786,-0.05829128997320062,4.829379392908226,68.047483,-109.658879,5.0,9305,0.959674092409241,-0.4670100012113583,-0.1289461188066019,0.090740328692,5.0,30.340287998114945,True,True
10.678,68.25141867447955,-110.12824345417869,-0.04245639164433156,4.833339424234051,68.347764,-109.72062199999999,5.0,9307,0.9598803630363036,-0.41885280428378996,-0.15953424397511506,0.060157861844,5.0,28.45868299846188,True,True
10.73,68.58011633909831,-110.13816330227947,-0.010609827512224859,4.827103078151009,68.497596,-109.75123799999999,5.0,9308,0.959983498349835,-0.391792700053522,-0.17465889091168973,0.046513542209,5.0,31.00780900058453,True,True
10.778,68.7445847561268,-110.13878752312276,0.002323952942864261,4.833935726001914,68.798549,-109.811968,5.0,9310,0.9601897689768977,-0.3310735101492565,-0.19914748477193367,0.0210971867,5.0,28.942570002982393,True,True
10.83,69.0735929746649,-110.1341870864755,0.024818199942358364,4.843715498477552,68.94856300000001,-109.841723,5.0,9311,0.960292904290429,-0.2977619338487171,-0.20907207775003434,0.010498169542,5.0,30.995426001027226,True,True
10.879,69.23821423326117,-110.12933413160678,0.033997043954918565,4.847659172732879,69.098617,-109.871241,5.0,9312,0.9603960396039604,-0.2628544059114294,-0.21861608332567295,-4.6204931109e-05,5.0,29.9681819997204,True,True
10.928,69.56809591539401,-110.11583379000231,0.04721944481093683,4.853451122109557,69.398865,-109.93003300000001,5.0,9314,0.960602310231023,-0.18871276065047696,-0.234417137303518,-0.011215246754,5.0,28.935787002410507,True,True
10.982,69.73292918179806,-110.10763247390582,0.05152010668822608,4.858850356590324,69.549418,-109.95949099999999,5.0,9315,0.9607054455445545,-0.14998980564301018,-0.23895748485011747,-0.014701792902,5.0,32.905595002375776,True,True
11.028,70.06279579845987,-110.08929982253134,0.05826470321584138,4.8755309977731205,69.850494,-110.017156,5.0,9317,0.9609117161716172,-0.07139726917642941,-0.2431634785440564,-0.019072179791,5.0,29.00147000036668,True,True
11.079,70.2273270934823,-110.08020189544344,0.05877977478452651,4.850791575708787,70.000873,-110.045578,5.0,9318,0.9610148514851485,-0.03156887883474771,-0.24428307381261716,-0.020435305729,5.0,30.01538000171422,True,True
11.134,70.55649787372067,-110.0609088180118,0.057972520372477576,4.856032183797757,70.450413,-110.12963899999998,5.0,9321,0.9613242574257426,0.08312008061449506,-0.24065566217587886,-0.045608755293,5.0,34.77326299980632,True,True
11.194,70.88634959327028,-110.04225797853357,0.054541364025764504,4.861113453675299,70.601077,-110.157183,5.0,9322,0.9614273927392739,0.10609437599291914,-0.23750698448675367,-0.22211576546,5.0,44.22467900076299,True,True
11.234,71.05144745706716,-110.03351583517592,0.050479480397530925,4.862199233124852,70.902971,-110.21115900000001,5.0,9324,0.9616336633663366,0.16971690020172148,-0.22918996858821172,-0.23664664841,5.0,34.52537900011521,True,True
11.284,71.21642409901293,-110.02574438770415,0.04492092115599617,4.815838860482853,71.054142,-110.23768500000001,5.0,9325,0.9617367986798679,0.20418694479957594,-0.2233408511598003,-0.2429678891,5.0,34.98446799858357,True,True
11.333,71.546241275992,-110.01356023522585,0.025596649695886247,4.8549108000938554,71.356205,-110.29003700000001,5.0,9327,0.9619430693069307,0.27250075239981747,-0.20727564535037812,-0.24938899143,5.0,33.946233001188375,True,True
11.385,71.71162925402709,-110.01031048305637,0.01414459407177039,4.8549536849254435,71.50738100000001,-110.316194,5.0,9328,0.9620462046204621,0.30511852882370993,-0.19537437231848154,-0.24924716629,5.0,35.62471799887135,True,True
11.435,72.04077002314648,-110.00803791422402,-0.007447869770954363,4.838088265136222,71.810038,-110.36757,5.0,9330,0.9622524752475248,0.36571543746431556,-0.1706711705761479,-0.24710642972,5.0,34.75296499891556,True,True
11.486,72.20523056941232,-110.01037931112182,-0.020620675295402558,4.837438184628212,71.96078,-110.39264399999999,5.0,9331,0.9623556105610561,0.39248208376232274,-0.15626340273987305,-0.24426446684,5.0,36.64809499969124,True,True
11.535,72.53321755552662,-110.02191502332732,-0.050679048019843395,4.81773197312877,72.262614,-110.441873,5.0,9333,0.9625618811881188,0.43851433033050874,-0.12555916287125202,-0.2333733553,5.0,35.46465799809084,True,True
11.585,72.69660728712891,-110.03162178621088,-0.06766676167708266,4.808848947803145,72.41355,-110.466159,5.0,9334,0.9626650165016502,0.45760464613173213,-0.10876915092123074,-0.22461687632,5.0,35.44239600159926,True,True
11.64,73.02232520950858,-110.05978760551112,-0.10379290995159325,4.7979447906160075,72.716151,-110.514733,5.0,9336,0.9628712871287128,0.48710920905395383,-0.07201476269567042,-0.26589043698,5.0,40.41043400138733,True,True
11.682,73.18472993217546,-110.07803793635112,-0.12230111198006306,4.8258167129647624,73.01853100000001,-110.562265,5.0,9338,0.9630775577557755,0.5024917193328924,-0.05008964900338286,-0.24390545925,5.0,32.79139000005671,True,True
11.732,73.34652590460318,-110.0993965697444,-0.14095953802789518,4.790494508699411,73.16971600000001,-110.585582,5.0,9339,0.963180693069307,0.5077660826646327,-0.030074398281546344,-0.22369005668,5.0,32.26935299971956,True,True
11.78,73.66594791304594,-110.14986077216058,-0.1814085150985204,4.776783099710023,73.47061500000001,-110.631592,5.0,9341,0.9633869636963697,0.5096010221853313,0.009647309942680149,-0.18328305405,5.0,30.27331200064509,True,True
11.83,73.8254959264418,-110.1808188986576,-0.20135693593776433,4.783085241173364,73.621654,-110.654417,5.0,9342,0.963490099009901,0.5064967302801284,0.033289609513662555,-0.16032030907,5.0,30.85753800041857,True,True
11.88,74.14306364612088,-110.25205627640473,-0.24024116477046398,4.78434407423402,73.92483299999999,-110.69868400000001,5.0,9344,0.9636963696369637,0.48744747991734605,0.07825373325488849,-0.11682018989,5.0,30.237495000619674,True,True
11.929,74.30075067268928,-110.29238068995654,-0.26081299632551846,4.78725432092814,74.076684,-110.72027299999999,5.0,9345,0.963799504950495,0.47289772974350347,0.10021250190160336,-0.096005530072,5.0,29.589882997242967,True,True
11.979,74.61447026473009,-110.38270374354902,-0.29723938299064606,4.76885414476792,74.380414,-110.76253600000001,5.0,9347,0.9640057755775577,0.43308960093614973,0.1442057782133901,-0.05484208815,5.0,29.273930998897413,True,True
12.029,74.77059643851962,-110.42982243611654,-0.313371438021914,4.8159261150038155,74.532358,-110.783239,5.0,9348,0.9641089108910891,0.4079396433735285,0.16207983358297096,-0.037829060071,5.0,29.313605002244003,True,True
12.08,75.08136823451433,-110.53446497388592,-0.33718535643152653,4.831237571149272,74.83635500000001,-110.82432800000001,5.0,9350,0.9643151815181518,0.3521289333173475,0.19314623293595767,-0.0060147126753,5.0,30.115828001726186,True,True
12.129,75.2357697770764,-110.58951278669763,-0.3469106876447917,4.82350062793973,74.988574,-110.844349,5.0,9351,0.9644183168316832,0.31924103591963476,0.20734734203571525,0.0071928914336,5.0,29.372855999099556,True,True
12.183,75.54370934075747,-110.70360714653879,-0.36134163028234245,4.835619550679777,75.291954,-110.883427,5.0,9353,0.9646245874587459,0.24790599851533268,0.22841642053767686,0.026315625834,5.0,33.25732300072559,True,True
12.228,75.69744601849516,-110.76208711685827,-0.3654816984490971,4.839601233957541,75.443641,-110.90268799999998,5.0,9354,0.9647277227722773,0.21008467897227917,0.23514476551586894,0.033510293803,5.0,28.694295000605052,True,True
12.28,76.00574399395443,-110.88089278144793,-0.36850791455071796,4.855603951386293,75.899472,-110.960328,5.0,9357,0.9650371287128713,0.1473500918824634,0.24413580415500924,0.04824019933,5.0,30.6427050018101,True,True
12.331,76.15905773932978,-110.94013784062682,-0.3679704656273922,4.8368582023516655,76.05139,-110.979068,5.0,9358,0.9651402640264026,0.1082678687592008,0.246497165252209,0.05067901064,5.0,31.697951999376528,True,True
12.382,76.46545979102173,-111.05750738117823,-0.3627828940016555,4.825409080638661,76.355467,-111.015904,5.0,9360,0.9653465346534653,0.04609303848089724,0.24746202599078382,0.050989786264,5.0,33.008487000188325,True,True
12.433,76.61919877296093,-111.11520321813758,-0.356150911497585,4.834922783905175,76.507475,-111.03405,5.0,9361,0.9654496699669967,-0.04811991809249713,0.24331442493398248,0.047410506258,5.0,33.65657100221142,True,True
12.483,76.92712098149657,-111.22843149268614,-0.34761819037287217,4.837160509525565,76.809632,-111.06999099999999,5.0,9363,0.9656559405940595,-0.10850760548160646,0.23717288637853873,0.067658703376,5.0,33.27879199787276,True,True
12.533,77.08200892498303,-111.28409869256272,-0.3426409962483377,4.843561650819141,76.961894,-111.08743899999999,5.0,9364,0.9657590759075908,-0.1452172366136145,0.2348447211624678,0.11138450202,5.0,33.63244499996654,True,True
12.593,77.39311506498736,-111.39303801563813,-0.3307107833033595,4.852929413153715,77.11431,-111.104497,5.0,9365,0.9658622112211221,-0.182483225033559,0.2323000923959686,0.24526515401,5.0,43.460547996801324,True,True
12.637,77.54879002010074,-111.44617085802756,-0.3235097351535363,4.803769405111825,77.419578,-111.13771499999999,5.0,9367,0.9660684818481848,-0.2566894943008416,0.22374767046797928,0.28252813713,5.0,37.54958299759892,True,True
12.684,77.70428702388993,-111.49772451998616,-0.3149291011909662,4.848083393607202,77.57195,-111.153985,5.0,9368,0.9661716171617162,-0.2929937013103183,0.217161066243583,0.28833605961,5.0,34.30525599833345,True,True
12.736,78.0193951884252,-111.59677036831876,-0.29444161873325914,4.842519125825602,77.876819,-111.186402,5.0,9370,0.9663778877887789,-0.36125326460449175,0.20116971302914433,0.2957418483,5.0,36.268693998863455,True,True
12.785,78.17763203252272,-111.6437840649026,-0.28098365593381625,4.85923155433631,78.030235,-111.202183,5.0,9371,0.9664810231023102,-0.39370211860935367,0.1932535734605465,0.29773427728,5.0,35.95488700011629,True,True
12.834,78.49455269744043,-111.72990651582666,-0.2481405196431232,4.825899784790528,78.33507900000001,-111.232436,5.0,9373,0.9666872937293729,-0.45358035365732174,0.16866654669439862,0.29469361828,5.0,34.5912220000173,True,True
12.882,78.65398230311663,-111.76872237207449,-0.22972970294815742,4.823317754952359,78.48733399999999,-111.24721799999999,5.0,9374,0.9667904290429042,-0.47975252614762504,0.15154752765679635,0.28912023895,5.0,32.321970000339206,True,True
12.933,78.97468624315091,-111.8372310926844,-0.18882674285642242,4.811428620297493,78.791934,-111.27677,5.0,9376,0.966996699669967,-0.5233708734949084,0.11255896784801411,0.27351915739,5.0,33.32081199914683,True,True
12.986,79.13516780910841,-111.86610598195905,-0.16632358962597724,4.79273162230385,79.097081,-111.30609799999999,5.0,9378,0.9672029702970297,-0.5450530603974788,0.09520463503197041,0.31728876526,5.0,36.463238997384906,True,True
13.037,79.45750907832505,-111.9123513114374,-0.1184445227584696,4.78927766834276,79.402284,-111.334321,5.0,9380,0.9674092409240924,-0.5668606975122733,0.05137279459301203,0.27411338876,5.0,37.16822999922442,True,True
13.088,79.61909253150831,-111.92950903891764,-0.09262013454122042,4.780460317721573,79.55481400000001,-111.348129,5.0,9381,0.9675123762376238,-0.5725513640765675,0.02906015035237397,0.2507733418,5.0,38.31980599716189,True,True
13.13,79.94121423702785,-111.95535380729498,-0.037648907367130245,4.794720435634414,79.858153,-111.375522,5.0,9383,0.9677186468646864,-0.5735639855775246,-0.023589802478266364,0.20106151378,5.0,30.696384998009307,True,True
13.179,80.1039185485236,-111.95947191884427,-0.011939070775299222,4.78301556194345,80.010811,-111.388676,5.0,9384,0.9678217821782178,-0.5709355889212444,-0.047507988911509536,0.17625446744,5.0,29.98233800099115,True,True
13.231,80.43009042826995,-111.95517857263707,0.03795182934928624,4.792486785856063,80.316731,-111.414189,5.0,9386,0.9680280528052805,-0.5474309004596862,-0.09535764172157712,0.12774778578,5.0,31.28456699778326,True,True
13.28,80.59393111749036,-111.9473573864522,0.059154582813343466,4.830968455846349,80.469923,-111.426456,5.0,9387,0.9681311881188119,-0.5302186091205587,-0.11696875059267553,0.10513602021,5.0,30.482865000521997,True,True
13.331,80.75800456988902,-111.9359432865385,0.07958439828027712,4.842828518629795,80.776053,-111.45029,5.0,9389,0.9683374587458746,-0.4856035332296405,-0.15669508947572153,0.06373854795,5.0,31.41608399891993,True,True
13.378,81.08652563939724,-111.90436129534577,0.11568823106883061,4.8935404963067555,80.92925799999999,-111.462103,5.0,9390,0.968440594059406,-0.4583723540841712,-0.1742191277214844,0.046320422547,5.0,28.953419998288155,True,True
13.431000000000001,81.25074890954276,-111.88395543473838,0.13077467414421584,4.874285595836013,81.081964,-111.473621,5.0,9391,0.9685437293729373,-0.4293003856077219,-0.1892625530968859,0.030561583508,5.0,31.172006001725094,True,True
13.478,81.57890126496788,-111.83661848517133,0.15375644521829945,4.878328490708763,81.389042,-111.49540900000001,5.0,9393,0.96875,-0.36317449656436923,-0.2122846451503908,0.006132475994,5.0,28.169781999167753,True,True
13.528,81.74279191471359,-111.81043197629138,0.16281362408507088,4.884822172409476,81.541892,-111.50581299999999,5.0,9394,0.9688531353135313,-0.3276055052419649,-0.22106801578861202,-0.0028955548861,5.0,28.489559997979086,True,True
13.58,82.07058578950313,-111.7543682966457,0.17541499310128317,4.910373579191968,81.847539,-111.526123,5.0,9396,0.969059405940594,-0.2522920114648188,-0.23620470582335606,-0.017656457108,5.0,30.87400699951104,True,True
13.632,82.23424034839256,-111.72488135637201,0.1799485651480619,4.8943685077091095,82.153687,-111.54639399999999,5.0,9398,0.9692656765676567,-0.22396231658768134,-0.24043487279530407,-0.017018266703,5.0,32.114862002345035,True,True
13.68,82.56146272765338,-111.66426125553043,0.1855690341816926,4.898455622621611,82.459753,-111.56576000000001,5.0,9400,0.9694719471947195,-0.14310586661961,-0.24445110389469793,-0.020757573093,5.0,30.2865470002871,True,True
13.729,82.72556575895203,-111.63332677203847,0.18645150545780378,4.9044494728293895,82.612711,-111.575025,5.0,9401,0.9695750825082509,-0.10290527061140986,-0.24546227787987718,-0.021543198181,5.0,29.87364399814396,True,True
13.78,83.05140679802373,-111.57246680741409,0.180508892475838,4.857547859184318,82.918053,-111.592932,5.0,9403,0.9697813531353136,-0.031351248546062103,-0.2432179860062167,-0.018368345908,5.0,30.623999002273194,True,True
13.83,83.21473680703784,-111.5426353254198,0.1801106454230949,4.889090170344005,83.069962,-111.602043,5.0,9404,0.9698844884488449,0.034914849108349424,-0.2376636939956298,-0.012555573971,5.0,30.851614999846788,True,True
13.88,83.54195516095551,-111.48358935994868,0.17650632359683205,4.891006468236594,83.376478,-111.618397,5.0,9406,0.9700907590759076,0.105456677650692,-0.22971771958271958,-0.010656391923,5.0,30.408044000068912,True,True
13.932,83.70577744069156,-111.45453221336078,0.1741834443484184,4.89563381820922,83.529963,-111.62606299999999,5.0,9407,0.9701938943894389,0.14288318705958078,-0.22528826876437913,-0.033180593613,5.0,32.33829099917784,True,True
13.982,84.03335426546364,-111.39816543976994,0.1665258276242844,4.89474260092748,83.837035,-111.640519,5.0,9409,0.9704001650165016,0.21578975919788893,-0.21480257211554177,-0.060345109632,5.0,33.163426000101026,True,True
14.032,84.19757537872664,-111.37071494098085,0.16384953772443744,4.896329579221715,83.990526,-111.64733899999999,5.0,9410,0.970503300330033,0.2507974451443702,-0.21043325577313432,-0.074402496313,5.0,32.66241800156422,True,True
14.081,84.52536114244458,-111.31704697184071,0.15469448138775102,4.833195672293422,84.297184,-111.660679,5.0,9412,0.9707095709570958,0.3191407883661841,-0.20046644381158307,-0.12271479933,5.0,31.724149997899076,True,True
14.137,84.68798092269168,-111.29186605963028,0.15022112947472216,4.861761361720016,84.452398,-111.666807,5.0,9413,0.9708127062706271,0.35213793303120167,-0.19225685861350916,-0.15910015012,5.0,37.97553100230289,True,True
14.183,85.0152766820158,-111.2442020356763,0.1392519633208447,4.8658022014878535,84.908548,-111.68236200000001,5.0,9416,0.9711221122112211,0.41868179188636256,-0.1762795981030605,-0.26958613678,5.0,33.4749700014072,True,True
14.23,85.17920803377096,-111.22165162882797,0.13424780931255487,4.867654778455642,85.06104300000001,-111.68718999999999,5.0,9417,0.9712252475247525,0.44534581214768454,-0.1710128728464495,-0.27298399185,5.0,30.798556999798166,True,True
14.292,85.50745867588564,-111.17956786069291,0.11969892265050928,4.8607856517835915,85.213443,-111.692049,5.0,9418,0.9713283828382838,0.47164151610970023,-0.16644915561483486,-0.37984620634,5.0,42.21705699819722,True,True
14.334,85.67140414551479,-111.16063278467367,0.10970963531817741,4.855480399268554,85.518337,-111.701931,5.0,9420,0.9715346534653465,0.5224763987418898,-0.15149687031342518,-0.35154950082,5.0,34.39804899971932,True,True
14.384,85.83554120097973,-111.14345109480362,0.09832147819669812,4.871086483445941,85.67090300000001,-111.70671200000001,5.0,9421,0.9716377887788779,0.5460794452808699,-0.14081974314591772,-0.34062059168,5.0,34.844976999011124,True,True
14.437,86.16202097034473,-111.11543491676615,0.0690799606829809,4.691824624961625,85.975646,-111.71603799999998,5.0,9423,0.9718440594059405,0.5884446558212861,-0.11496928300489406,-0.31345848035,5.0,37.146106998989126,True,True
14.486,86.32170735656369,-111.10203025644408,0.04820931613033777,4.737211042800326,86.126696,-111.72018200000001,5.0,9424,0.971947194719472,0.6056458244426248,-0.10148200646247707,-0.29612632263,5.0,36.94857699883869,True,True
14.534,86.64724541137758,-111.08575959337584,0.008568255651898787,4.782377907580832,86.427146,-111.73183799999998,5.0,9426,0.9721534653465347,0.644453381670002,-0.06101935243702217,-0.24513636932,5.0,34.549963998870226,True,True
14.582,86.80921965551644,-111.0858752376348,-0.011139592673294804,4.751973723817914,86.580777,-111.736802,5.0,9427,0.972256600660066,0.6523835191508198,-0.036099584263547424,-0.22606936965,5.0,32.793262998893624,True,True
14.634,87.13139897404432,-111.0965313228393,-0.05615983327305447,4.73053279215487,86.88446,-111.743609,5.0,9429,0.9724628712871287,0.6558618350232913,0.011595860307444195,-0.18121267982,5.0,34.91532799671404,True,True
14.681000000000001,87.29157891125675,-111.1073109836081,-0.08108741428147954,4.714926602507293,87.188068,-111.74949699999999,5.0,9431,0.9726691419141914,0.6554201355258239,0.03824298769536316,-0.15830914917,5.0,31.178839002677705,True,True
14.729,87.61091201239682,-111.14014096129863,-0.12840355164964648,4.751796081225425,87.491782,-111.75484499999999,5.0,9433,0.9728754125412541,0.6341984299696708,0.09244908751763026,-0.10651539004,5.0,29.384577999735484,True,True
14.779,87.77154162947939,-111.1623745082744,-0.14620795689454677,4.761614375230381,87.644701,-111.756751,5.0,9434,0.9729785478547854,0.6175351289688294,0.11756715822084196,-0.084148737681,5.0,29.550467999797547,True,True
14.826,87.93151854611752,-111.18741199437291,-0.1635938113066359,4.767025192103489,87.94810799999999,-111.759197,5.0,9436,0.9731848184818482,0.5720256136224079,0.1574658186201905,-0.047325080607,5.0,26.890464996540686,True,True
14.88,88.25113310322553,-111.24544882222293,-0.19457801933358176,4.786904395886227,88.09967900000001,-111.760005,5.0,9437,0.9732879537953796,0.5449043537335637,0.17491719144418072,-0.031951383852,5.0,30.257181999331806,True,True
14.928,88.41074140021699,-111.27805971493798,-0.20816201713532478,4.795612309100538,88.402715,-111.76137299999999,5.0,9439,0.9734942244224423,0.4833494700426444,0.20313254492799748,0.0014208042707,5.0,28.470695000578417,True,True
14.978,88.73073112352381,-111.34958850503325,-0.22965693860338696,4.838589858124873,88.55458399999999,-111.76218999999999,5.0,9440,0.9735973597359736,0.4494839901569318,0.21479041898215456,0.015861325539,5.0,28.50567100176704,True,True
15.03,88.88977628134897,-111.38747659165489,-0.23721460218625962,4.810792986529722,88.857823,-111.76353,5.0,9442,0.9738036303630363,0.37613767677716603,0.2341018230950782,0.036430293506,5.0,30.27440400182968,True,True
15.082,89.2070655199344,-111.46559502853616,-0.2460213826225292,4.806823827422008,89.009344,-111.76393600000002,5.0,9443,0.9739067656765676,0.33766810850048967,0.24009593560031695,0.043208362137,5.0,32.93168200252694,True,True
15.129,89.36601974892308,-111.50553705321725,-0.2464750090553097,4.824575232285546,89.160891,-111.76426799999999,5.0,9444,0.974009900990099,0.29870828934561044,0.2445420009478383,0.048265720935,5.0,29.245035999338143,True,True
15.181,89.68354392514232,-111.58534108002452,-0.24585932410942146,4.827152750313221,89.462273,-111.76495200000001,5.0,9446,0.9742161716171617,0.21929465588545646,0.24594493380704563,0.052137846829,5.0,31.48887999850558,True,True
15.238,90.0025087985736,-111.66439504264356,-0.23965275029598102,4.836981495205936,89.613967,-111.764738,5.0,9447,0.974319306930693,0.17911825341415244,0.2485576214840779,0.054110817813,5.0,38.241529000515584,True,True
15.285,90.16246908209538,-111.70313666306927,-0.23539368633880087,4.844256924222425,90.06995400000001,-111.761905,5.0,9450,0.9746287128712872,0.11856241807209797,0.24830795185480303,0.051756960511,5.0,35.40545600117184,True,True
15.33,90.32270677632391,-111.74125025939632,-0.23064863606612476,4.846426887218927,90.221899,-111.760534,5.0,9451,0.9747318481848185,0.08262184595425563,0.24551053085395402,0.047295199577,5.0,30.908321001334116,True,True
15.381,90.64181613231959,-111.81476361209418,-0.22031932422384604,4.847399187714332,90.525809,-111.756983,5.0,9453,0.9749381188118812,-0.04949837052952477,0.23772908263095882,0.038002918482,5.0,31.519956999545684,True,True
15.432,90.8032089022586,-111.85030892744183,-0.21476766737004463,4.840607913638712,90.677875,-111.75511399999999,5.0,9454,0.9750412541254125,-0.0697016367195257,0.23477876247684515,0.034708170369,5.0,32.9366010009835,True,True
15.481,91.12573547544483,-111.91921494317599,-0.20588788337303676,4.843643743616175,90.98297,-111.74971599999999,5.0,9456,0.9752475247524752,-0.13656541453629983,0.22934229324878475,0.04970603335,5.0,31.417515998327872,True,True
15.532,91.2870864430634,-111.9525833573628,-0.20186142102641155,4.848001222082713,91.134842,-111.74663899999999,5.0,9457,0.9753506600660066,-0.17281604367812597,0.22670154116984476,0.082591401472,5.0,32.2281139997358,True,True
15.585,91.61051968762091,-112.01757217947885,-0.19498165390183939,4.854654088706435,91.438503,-111.740096,5.0,9459,0.9755569306930693,-0.24540798675495323,0.2195876683125748,0.13513568865,5.0,35.27058400140959,True,True
15.643,91.77359278429812,-112.04952765157626,-0.19177014540349935,4.863250764526801,91.590404,-111.736911,5.0,9460,0.9756600660066007,-0.28102356186543903,0.21602979256659038,0.28674110909,5.0,44.01356200105511,True,True
15.684,92.09737212565094,-112.11089011413523,-0.1813594817423677,4.848112901187038,91.89457900000001,-111.73023700000002,5.0,9462,0.9758663366336634,-0.3513153618927186,0.21134695164762496,0.30418194427,5.0,34.895912001957186,True,True
15.735,92.25951432844455,-112.14006680987093,-0.174026223873354,4.848333540195299,92.046663,-111.726448,5.0,9463,0.9759694719471947,-0.38563581772226535,0.2068791349162633,0.31058319663,5.0,35.22071100087487,True,True
15.783999999999999,92.58377575385157,-112.19430031560371,-0.15234528904261624,4.843660311657649,92.350379,-111.718423,5.0,9465,0.9761757425742574,-0.451054477548207,0.19142140066816848,0.3185051534,5.0,34.45328199813957,True,True
15.835,92.74558548395599,-112.2183428427124,-0.13838997386120222,4.804144541331252,92.502023,-111.71416599999999,5.0,9466,0.9762788778877888,-0.4820228413364681,0.17884851328871854,0.31964021596,5.0,35.71794199888245,True,True
15.888000000000002,93.07155115559334,-112.25868185023286,-0.10561804556048424,4.829997694200166,92.956352,-111.70091799999999,5.0,9469,0.9765882838283828,-0.5411405972721148,0.1565139428962552,0.38120042113,5.0,38.94087899971055,True,True
15.936,93.23495796956705,-112.27443685463246,-0.08574822050821244,4.823180871585151,93.108538,-111.69559199999999,5.0,9470,0.9766914191419142,-0.5643032926489431,0.1417359910771121,0.36535251874,5.0,36.3046310012578,True,True
15.986,93.56092993638248,-112.29616338758598,-0.03902320689113501,4.805994131996378,93.260888,-111.68991399999999,5.0,9471,0.9767945544554455,-0.5850977132632996,0.12367398413447228,0.34619110053,5.0,36.13604499696521,True,True
16.034,93.72414936331575,-112.30056479913347,-0.012585769187806104,4.798797756129671,93.56532800000001,-111.677869,5.0,9473,0.9770008250825083,-0.6183100295837852,0.07986007725022848,0.29919348343,5.0,35.0151949969586,True,True
16.085,93.8873287068487,-112.30041804639976,0.014943906680319948,4.797638834352272,93.71727299999999,-111.67160700000001,5.0,9474,0.9771039603960396,-0.6289953874737522,0.0543232256468964,0.27406882903,5.0,35.150578998582205,True,True
16.133,94.21484047177223,-112.28654194714744,0.06914623269497142,4.80178738486712,94.022669,-111.65810400000001,5.0,9476,0.9773102310231023,-0.6381374166111405,0.004071007804933302,0.22134824901,5.0,33.66851200189558,True,True
16.18,94.37745927286683,-112.27323870592065,0.09527969774866706,4.804957469925552,94.175069,-111.650732,5.0,9477,0.9774133663366337,-0.6370010948670344,-0.020104301290007065,0.19642272179,5.0,30.68215799794416,True,True
16.231,94.70230078520142,-112.23403335308299,0.14496980887321523,4.850912135751315,94.478998,-111.635433,5.0,9479,0.9776196369636964,-0.6225010113619412,-0.06954153843489896,0.14545315276,5.0,31.11187200192944,True,True
16.279,94.86447301737198,-112.20848636356054,0.16844118860089735,4.828611427093674,94.630935,-111.627652,5.0,9480,0.9777227722772277,-0.6092124610015951,-0.09411509680607866,0.12222740635,5.0,29.843596999853617,True,True
16.326999999999998,95.1878982771631,-112.14632954039111,0.20996575375704013,4.870951088584361,94.935262,-111.6122,5.0,9482,0.9779290429042904,-0.5709901615092589,-0.13810052181871146,0.082470600233,5.0,27.85644500181661,True,True
16.377,95.3490772639319,-112.11048819168876,0.22811637241374735,4.8641998150277805,95.087328,-111.60410700000001,5.0,9483,0.9780321782178217,-0.5468765514314397,-0.15626661097246553,0.064720716268,5.0,27.789779000158887,True,True
16.428,95.6705278274379,-112.030821867677,0.25754716629914365,4.824683195019834,95.543257,-111.578779,5.0,9486,0.9783415841584159,-0.49409884126715803,-0.18685861802482728,0.034993688207,5.0,28.420870999980252,True,True
16.481,95.8303518309118,-111.98792217409428,0.26982500139867577,4.884560087801924,95.695115,-111.57003300000001,5.0,9487,0.9784447194719472,-0.46144437327769744,-0.20098861556525893,0.022965141819,5.0,31.554762997984653,True,True
16.529,96.1492923432688,-111.8960973384504,0.29169204558770223,4.8994454136914625,95.997716,-111.552536,5.0,9489,0.9786509900990099,-0.3908558927474144,-0.2217044243009001,0.0027262227239,5.0,30.223568999645067,True,True
16.581,96.30884937599039,-111.8474999427603,0.2994144409773866,4.90759616098962,96.149919,-111.54306399999999,5.0,9490,0.9787541254125413,-0.35303389462784557,-0.22851688417148708,-0.0044973454124,5.0,31.21958400151925,True,True
16.63,96.62706358243379,-111.74749513972252,0.30866755623390574,4.9132478657136955,96.45472600000001,-111.52314799999999,5.0,9492,0.9789603960396039,-0.27514756062096224,-0.237984317628944,-0.016021939015,5.0,31.04506800082163,True,True
16.679,96.78625328356104,-111.69645985091333,0.3110546747600593,4.917354490773786,96.60681899999999,-111.51286,5.0,9493,0.9790635313531353,-0.23547189517227163,-0.24048167184770497,-0.020171011106,5.0,29.45163199910894,True,True
16.731,96.94536311462049,-111.64507134431736,0.31210975819511755,4.877417301207401,96.911204,-111.491708,5.0,9495,0.979269801980198,-0.15542821236105825,-0.24103696031629562,-0.021797731695,5.0,31.41210499961744,True,True
16.78,97.26378315455229,-111.5426018869905,0.3120298670403121,4.9105381272259265,97.0636,-111.48068400000001,5.0,9496,0.9793729372937293,-0.11608025947638542,-0.239366356004739,-0.021214741652,5.0,30.59621699867421,True,True
16.829,97.42304968256634,-111.49128398302265,0.3097892860007263,4.908340083947715,97.216756,-111.46918500000001,5.0,9497,0.9794760726072608,-0.0768216011576023,-0.23600483338714184,-0.019005719589,5.0,29.36279600180569,True,True
16.88,97.74133719684693,-111.39030947541174,0.30444278721971946,4.912669060393773,97.52127800000001,-111.44545900000001,5.0,9499,0.9796823432343235,2.7574641345323793e-05,-0.22821529712068722,-0.012145726462,5.0,30.187520998879336,True,True
16.931,97.90069523459472,-111.3404204924833,0.30173615473834553,4.914934199613237,97.673239,-111.433375,5.0,9500,0.9797854785478548,0.03751948346989274,-0.22500264846520768,-0.010112245482,5.0,31.9131340002059,True,True
17.0,98.2202545053493,-111.24195110084035,0.2964759036567195,4.915344699838819,98.129498,-111.397072,5.0,9503,0.9800948844884488,0.12654508792441319,-0.21784832920820651,-0.21240712026,5.0,50.876068002253305,True,True
17.037,98.38008445797348,-111.193183776114,0.2955544611230555,4.917257666647191,98.281666,-111.38461799999999,5.0,9504,0.9801980198019802,0.15532294032453317,-0.2141843782625581,-0.22013090749,5.0,36.27776999928756,True,True
17.085,98.70028844872448,-111.09590654591837,0.29301425910480494,4.916775197565848,98.58551,-111.35916200000001,5.0,9506,0.9804042904290429,0.21955121182863288,-0.21051011346471515,-0.2380649127,5.0,35.85385599944857,True,True
17.136,98.85972920048286,-111.0482321514895,0.28763491684055886,4.903501117951633,98.737473,-111.346249,5.0,9507,0.9805074257425742,0.25308898666116586,-0.20750887205122126,-0.2458751734,5.0,36.516768002911704,True,True
17.185,99.17981487323797,-110.95575587743083,0.27340366923547543,4.906180595689387,99.039745,-111.320527,5.0,9509,0.980713696369637,0.31969910005583324,-0.19454039354581099,-0.25358549504,5.0,35.44761499870219,True,True
17.237,99.34062129762238,-110.91154969059154,0.2631573594677098,4.906353602926566,99.191788,-111.30706799999999,5.0,9510,0.9808168316831684,0.3509522912828422,-0.18390106335237455,-0.25630441159,5.0,37.49505000087083,True,True
17.288,99.66378006668097,-110.82865642154171,0.23728137037362465,4.901756454994628,99.496222,-111.279058,5.0,9512,0.981023102310231,0.40762878389435503,-0.1574963000057492,-0.25369840014,5.0,38.94850299911923,True,True
17.343,99.82540697423035,-110.7906688698696,0.2194854702774156,4.884047360034666,99.64860999999999,-111.26456999999999,5.0,9513,0.9811262376237624,0.4324560398850633,-0.14192034230498773,-0.24903152725,5.0,43.41138299787417,True,True
17.385,100.1503810938346,-110.7241788145843,0.1818996223686624,4.859835023018201,100.104996,-111.22023300000001,5.0,9516,0.9814356435643564,0.4787372858677715,-0.1011185938106891,-0.30119243706,5.0,36.21626400126843,True,True
17.435,100.31439498061292,-110.69527147987647,0.1637919023799911,4.9408493189781595,100.257285,-111.204825,5.0,9517,0.9815387788778878,0.4923913085220715,-0.07957107750213277,-0.28127918833,5.0,35.6492220016662,True,True
17.483,100.64270084176749,-110.64744427641945,0.12430282505962377,4.849590906556009,100.562647,-111.17268700000001,5.0,9519,0.9817450495049505,0.5099369490812027,-0.03894216295672548,-0.24325766799,5.0,33.57709100237116,True,True
17.532,100.80623525095312,-110.62906906721715,0.09978274036339259,4.836895956039928,100.7145,-111.156342,5.0,9520,0.9818481848184818,0.5139377512776799,-0.016617529916849172,-0.22109423046,5.0,32.39699900223059,True,True
17.58,100.97018413849655,-110.61463703157862,0.07573514419103736,4.8486319013005605,101.017995,-111.12337600000001,5.0,9522,0.9820544554455446,0.5109316471087655,0.032164301823760066,-0.17208333964,5.0,30.961651002144208,True,True
17.629,101.29948580432838,-110.59751061681814,0.02826344582334375,4.8601025742616235,101.170002,-111.10696399999999,5.0,9523,0.9821575907590759,0.5037772422907718,0.05610645794611502,-0.14425201878,5.0,30.017272001714446,True,True
17.679,101.46529573053674,-110.5944327782635,0.006960716189580139,4.868850604735384,101.321747,-111.090499,5.0,9524,0.9822607260726073,0.49246994771841435,0.08050563392910837,-0.11881686054,5.0,29.267497000546427,True,True
17.728,101.79685014312521,-110.59861055020943,-0.03139460443096009,4.892174002161408,101.62534000000001,-111.05695,5.0,9526,0.98246699669967,0.4585628681412338,0.12425778336803228,-0.074685771531,5.0,28.197633000672795,True,True
17.778,101.96245619504104,-110.60476842644901,-0.04769111969031989,4.858398911029221,101.777005,-111.039973,5.0,9527,0.9825701320132013,0.4363857103822832,0.14308352056890916,-0.05537447185,5.0,28.399341001204448,True,True
17.83,102.29460299488393,-110.62478358875816,-0.07560769783963844,4.911739971568184,102.230755,-110.988998,5.0,9530,0.9828795379537953,0.3889264883584484,0.17607066096210433,-0.018082574449,5.0,30.46391899988521,True,True
17.88,102.46113981030759,-110.6383181711126,-0.08602282782703266,4.916753232189749,102.382548,-110.97133400000001,5.0,9531,0.9829826732673267,0.3575353289631121,0.1925053355121591,-0.0032136343109,5.0,30.268663002061658,True,True
17.928,102.79458037099351,-110.67015913005571,-0.10364934014049537,4.930455635975014,102.686501,-110.935027,5.0,9533,0.9831889438943895,0.2875886129337938,0.21592054243504055,0.018988501637,5.0,28.78202799911378,True,True
17.981,102.96139772252879,-110.6880937007007,-0.11015416892102445,4.935723499855163,102.838616,-110.91649699999999,5.0,9534,0.9832920792079208,0.25024284763142385,0.22521462904620781,0.027662741198,5.0,31.32795800047461,True,True
18.03,103.2926792712268,-110.72618181407127,-0.11742532134641126,4.931070948689915,103.142105,-110.87908,5.0,9536,0.9834983498349835,0.17293433868289315,0.23861049175094085,0.039069932845,5.0,30.18816199983121,True,True
18.081,103.45961666400662,-110.74579235946844,-0.11838078833873568,4.955214596017592,103.29381500000001,-110.860193,5.0,9537,0.9836014851485149,0.13307495878968698,0.2428805235364795,0.042631085144,5.0,31.289696002204437,True,True
18.13,103.79229419632911,-110.78528900923591,-0.11693702658626119,4.94713622227805,103.59849200000001,-110.82086299999999,5.0,9539,0.9838077557755776,0.051173895686236606,0.24885877866574369,0.045678260842,5.0,30.47992800202337,True,True
18.18,103.95886403676579,-110.8049351887217,-0.11598101951219177,4.917299194717362,103.750442,-110.80075900000001,5.0,9540,0.9839108910891089,0.00979571836888343,0.24906634146338114,0.044935266383,5.0,30.79951699692174,True,True
18.229,104.29107450361795,-110.84277987079133,-0.11096389879053331,4.916702390295168,104.053342,-110.760225,5.0,9542,0.9841171617161716,-0.07281103853871891,0.24687005483152014,0.041827842507,5.0,29.32224000323913,True,True
18.279,104.458058067622,-110.86110077236397,-0.10793789273263987,4.925841192138412,104.204662,-110.739893,5.0,9543,0.9842202970297029,-0.11345633585100136,0.24437851648718567,0.040800453011,5.0,29.124498996679904,True,True
18.333,104.78989117211081,-110.89599428996715,-0.10110369483712606,4.90544079856512,104.65894300000001,-110.67856699999999,5.0,9546,0.9845297029702971,-0.20327120857156641,0.24066999718967397,0.27632106541,5.0,33.308998001302825,True,True
18.384,104.95574936101052,-110.91252920677213,-0.09710093812693033,4.905273431193899,104.810061,-110.657802,5.0,9547,0.9846328382838284,-0.23904474258362626,0.23798086534185048,0.28587268459,5.0,34.15912000127719,True,True
18.432,105.28709522095447,-110.94353907814316,-0.0870737097446326,4.90442901822658,105.112303,-110.615999,5.0,9549,0.9848391089108911,-0.3125036650105634,0.23114627746713,0.30333801009,5.0,32.922785001574084,True,True
18.483,105.45321702194701,-110.95740571207676,-0.07928453243853363,4.901104016272675,105.26309099999999,-110.594815,5.0,9550,0.9849422442244224,-0.34954926019150856,0.22492391895637542,0.31085610787,5.0,33.1435380030598,True,True
18.531,105.61835395044419,-110.96995839500357,-0.06836910581638325,4.8903086695348295,105.41313899999999,-110.57426399999999,5.0,9551,0.9850453795379538,-0.3852321629567175,0.21856059689849738,0.31627912162,5.0,32.002449999708915,True,True
18.582,105.9509630672906,-110.98906432003194,-0.04502278873448685,4.894494158530433,105.71556100000001,-110.53058300000001,5.0,9553,0.9852516501650165,-0.4551278378205035,0.203013218025625,0.32098829389,5.0,32.21110199956456,True,True
18.632,106.11666198600534,-110.99558785526646,-0.029256294564239692,4.851347100977102,105.86696299999998,-110.50821499999999,5.0,9554,0.9853547854785478,-0.4879709922844856,0.1920235519146849,0.32159122264,5.0,32.355882998672314,True,True
18.683,106.44812738784476,-111.00039184064663,0.006550858412880529,4.873717223902467,106.169501,-110.46298600000001,5.0,9556,0.9855610561056105,-0.547732026628885,0.1617608271449993,0.31446455136,5.0,33.32301400223514,True,True
18.742,106.7791024982545,-110.99093079370061,0.05147687564202298,4.895975844276212,106.320477,-110.440095,5.0,9557,0.985664191419142,-0.5731451852506086,0.1444482486120986,0.36303086342,5.0,42.92679599893745,True,True
18.788,106.94427875840516,-110.98035267358718,0.0752925727326109,4.852778813701841,106.623143,-110.39339,5.0,9559,0.9858704620462047,-0.6146018252182047,0.10457694897811454,0.31920278438,5.0,38.38441599873477,True,True
18.834,107.10923672980535,-110.96615998655615,0.09898437794064725,4.844748217751309,106.77521999999999,-110.369251,5.0,9560,0.985973597359736,-0.6301749104136924,0.08301553251598248,0.296019316,5.0,34.54846000022371,True,True
18.884,107.43411967399938,-110.92529656005428,0.15507899261968083,4.816927018686338,107.227985,-110.29615700000001,5.0,9563,0.98628300330033,-0.6532733803166417,0.0352582813839355,0.24718298393,5.0,34.585219000291545,True,True
18.933,107.59475163761813,-110.8978099561309,0.18535553914408023,4.7884579262366405,107.378629,-110.27178899999998,5.0,9564,0.9863861386138614,-0.6558592424819683,0.004933162939537716,0.21858202193,5.0,33.23283500139951,True,True
18.981,107.9137462217233,-110.82815924196322,0.24315294852663688,4.8214893319907555,107.680272,-110.22306599999999,5.0,9566,0.9865924092409241,-0.6465404816097777,-0.05447889801743999,0.16389296669,5.0,31.63165599835338,True,True
19.03,108.07249517806756,-110.78661111922798,0.26877033873737055,4.83447146465423,107.830822,-110.19866100000002,5.0,9567,0.9866955445544554,-0.6349365820168036,-0.08191279874415347,0.13716525154,5.0,30.699019000167027,True,True
19.078,108.38759626742704,-110.6915732394304,0.31631661650369464,4.856386217362701,108.13172,-110.149524,5.0,9569,0.9869018151815182,-0.59967718952736,-0.13117911117449443,0.089138236323,5.0,28.970941002626205,True,True
19.129,108.54375101240565,-110.6390414075895,0.33708003704666145,4.836741299815104,108.282211,-110.124882,5.0,9570,0.9870049504950495,-0.5762969043654808,-0.1530050178928808,0.067950833908,5.0,29.540227998950286,True,True
19.179,108.69914364762244,-110.58330931246998,0.3566544709940218,4.858408478545352,108.581833,-110.07559199999999,5.0,9572,0.9872112211221122,-0.5201430833733763,-0.19243296668370613,0.032633878171,5.0,29.978439000842627,True,True
19.228,109.00785973244928,-110.46250064527416,0.3918019314262818,4.861047802128063,108.732376,-110.05026799999999,5.0,9573,0.9873143564356436,-0.48783033370828793,-0.2076604167535101,0.015889091832,5.0,28.682721000222955,True,True
19.28,109.16124066723437,-110.3979183374235,0.4053693558872001,4.900368181296885,109.033825,-109.998646,5.0,9575,0.9875206270627063,-0.41514281570840156,-0.2344906660597199,-0.012469705774,5.0,30.697915997734526,True,True
19.328,109.46644857035844,-110.26258673660202,0.4278761443225046,4.917762175440719,109.184348,-109.97262099999999,5.0,9576,0.9876237623762376,-0.3755046222331321,-0.24563224785530346,-0.025094724058,5.0,28.105870998842875,True,True
19.38,109.6181073930041,-110.19319577412341,0.4368045057935518,4.917679522751482,109.335094,-109.94633,5.0,9577,0.987726897689769,-0.33417423089851006,-0.25486054992797413,-0.035628994984,5.0,30.19049599970458,True,True
19.43,109.92111034153763,-110.04970579504436,0.44723006630818884,4.937177348286314,109.786955,-109.865953,5.0,9580,0.988036303630363,-0.2565622104955058,-0.2632661536059908,-0.049235794149,5.0,30.959996998717543,True,True
19.482,110.07189166417537,-109.97710394858385,0.4503375325830765,4.933428943760898,109.93826899999999,-109.838225,5.0,9581,0.9881394389438944,-0.21217574374283527,-0.2654668551602999,-0.053422688495,5.0,32.65504299997701,True,True
19.534,110.37286960744514,-109.83055497031164,0.4534616515706306,4.916453644517427,110.239157,-109.782595,5.0,9583,0.9883457095709571,-0.12231188815378188,-0.2695897951937867,-0.058322772007,5.0,34.94336999938241,True,True
19.579,110.52306412919013,-109.75738054557118,0.45272277985784204,4.926141972369439,110.38923,-109.754733,5.0,9584,0.9884488448844885,-0.07756696221000145,-0.27042609971997233,-0.059622472789,5.0,30.041156998777296,True,True
19.631,110.82386778364445,-109.61210953002073,0.4466926776354647,4.910919606857924,110.68960600000001,-109.699202,5.0,9586,0.9886551155115512,0.021803934737264923,-0.2667349432236845,-0.051283867373,5.0,31.63425100137829,True,True
19.681,110.97448615256822,-109.54030327077962,0.44246872731108017,4.910085786022637,110.839776,-109.671297,5.0,9587,0.9887582508250825,0.06128807347405725,-0.2626315973884754,-0.045879621294,5.0,31.7837309994502,True,True
19.732,111.2769309787089,-109.39855064495819,0.4333443223414966,4.907368450936133,111.13943300000001,-109.615393,5.0,9589,0.9889645214521452,0.146490516735591,-0.25385489425725005,-0.071948968758,5.0,32.24170899920864,True,True
19.782,111.42850074608432,-109.32887731996328,0.4291636973005859,4.909274963850453,111.28926200000001,-109.58747,5.0,9590,0.9890676567656765,0.18797632750760718,-0.24899280440522187,-0.084930693698,5.0,32.54175999973086,True,True
19.836,111.73080930309597,-109.19142124315556,0.419984077245063,4.89640484609665,111.58866299999998,-109.531351,5.0,9592,0.9892739273927392,0.2688915073176072,-0.24115569937229475,-0.13277924545,5.0,36.433591001696186,True,True
19.89,111.88326447020772,-109.12386302309937,0.4137958100805658,4.906499939376241,111.737727,-109.50381499999999,5.0,9593,0.9893770627062707,0.30815268474272095,-0.23435480427544997,-0.28003795627,5.0,40.364153999689734,True,True
19.941,112.18933250621149,-108.9917078303476,0.39867985489453683,4.8963842534787725,112.03759299999999,-109.446322,5.0,9595,0.9895833333333334,0.3822210718305038,-0.21613642638561004,-0.28901280463,5.0,41.41354999956093,True,True
19.981,112.34324116228589,-108.92741590258647,0.38903996495729437,4.90357945098448,112.33745900000001,-109.387653,5.0,9597,0.9897896039603961,0.42274582852247644,-0.2039532393161192,-0.27860000004,5.0,31.811483000637963,True,True
20.039,112.65261318670609,-108.80459671174832,0.3635121078541271,4.877511940167507,112.636987,-109.32806000000001,5.0,9599,0.9899958745874587,0.48347413405232054,-0.17729984287305545,-0.36621393335,5.0,39.92303799896035,True,True
20.088,112.80862087130143,-108.74657622720065,0.34815759854104766,4.898186778106187,112.786837,-109.297354,5.0,9600,0.9900990099009901,0.5107110505758713,-0.15939791071487175,-0.35084526611,5.0,38.798792000307,True,True
20.137,113.12444019454803,-108.63769466604046,0.3159527804814185,4.88457031198824,113.086968,-109.23381,5.0,9602,0.9903052805280528,0.55634445388808,-0.11938575078858182,-0.31658025601,5.0,37.19158100284403,True,True
20.185,113.28246046982775,-108.58771097372414,0.29650410509061126,4.8657360420270495,113.236749,-109.20133899999999,5.0,9603,0.9904084158415841,0.5746160155359918,-0.10115962065062067,-0.29941865434,5.0,35.75139299937291,True,True
20.239,113.60069734904815,-108.49788314380267,0.25305430513809213,4.867270776023098,113.385847,-109.16860700000001,5.0,9604,0.9905115511551155,0.5895212013339596,-0.07973030690597005,-0.27791398004,5.0,39.820645997679094,True,True
20.28,113.76136549452951,-108.45827193375182,0.23059032546288105,4.862554871148443,113.684137,-109.10268,5.0,9606,0.9907178217821783,0.6084696327101429,-0.034663459057414414,-0.2306152583,5.0,30.750635000003967,True,True
20.331,113.92300123880052,-108.42216931324865,0.2067630105354898,4.880423906760956,113.83301999999999,-109.06951399999998,5.0,9607,0.9908209570957096,0.6120649682623347,-0.010356539646251495,-0.20310711358,5.0,31.223030000546714,True,True
20.379,114.24801452031629,-108.36182277706828,0.1599213771006007,4.869435939485652,114.279016,-108.96849399999999,5.0,9610,0.9911303630363036,0.6100592597029317,0.04127737934266218,-0.1463279318,5.0,29.5460790002835,True,True
20.429,114.41179353858222,-108.33727925188084,0.13752532294596878,4.878522158507883,114.427442,-108.93450700000001,5.0,9611,0.991233498349835,0.6001345179712331,0.06605225928161929,-0.12031078477,5.0,29.431333001411986,True,True
20.478,114.74060277875267,-108.297994350826,0.09669901067002687,4.86272616957563,114.724112,-108.86566,5.0,9613,0.9914397689768977,0.5695032046490899,0.11248118886561498,-0.068647010194,5.0,28.376548001688207,True,True
20.528,114.90633109187732,-108.28267329251443,0.0790315183125075,4.904645888341621,114.87126799999999,-108.8314,5.0,9614,0.991542904290429,0.5491766442724467,0.13517954640241614,-0.044202512495,5.0,28.743956001562765,True,True
20.578,115.23995318440747,-108.26130979738315,0.05006758341151984,4.927117841586707,115.167759,-108.75981000000002,5.0,9616,0.9917491749174917,0.4974884409191215,0.177180865314714,-0.0048453970796,5.0,28.98062900203513,True,True
20.627,115.40752353770085,-108.2538695735598,0.038696174518249096,4.935090679357319,115.31608200000001,-108.72314899999999,5.0,9617,0.991852310231023,0.46653610243733806,0.19328397715808343,0.010669330815,5.0,27.922576999117155,True,True
20.678,115.74137412626827,-108.2429853120818,0.02007287378578536,4.935004183642194,115.611972,-108.64873,5.0,9619,0.9920585808580858,0.3983302271516999,0.22037617713885904,0.034200663928,5.0,28.27097000044887,True,True
20.731,115.90925027051216,-108.2402323566536,0.01281234949855347,4.938543106684342,115.759859,-108.61101599999999,5.0,9620,0.9921617161716172,0.36078143796356305,0.23235176092185394,0.044564549181,5.0,31.311315000493778,True,True
20.779,116.24539214347752,-108.23739052370696,0.00411680829475311,4.933723653992948,116.20385900000001,-108.49305600000001,5.0,9623,0.9924711221122112,0.28422179582832724,0.2577472651523456,0.061990655715,5.0,29.322559999855002,True,True
20.83,116.41341592765522,-108.2370941729749,0.0018136541105093682,4.964085468609478,116.35203999999999,-108.452598,5.0,9624,0.9925742574257426,0.24018331156275866,0.2638801898415757,0.06731523257,5.0,30.488854998111492,True,True
20.881,116.74871063629031,-108.23685039535285,0.0009818306499863939,4.925857984278198,116.646124,-108.371152,5.0,9626,0.9927805280528053,0.1490835298734371,0.271133067498333,0.074800837663,5.0,31.85232900068513,True,True
20.93,116.91680244774234,-108.2364685636756,0.003062729567893507,4.932194296355985,116.793299,-108.330152,5.0,9627,0.9928836633663366,0.10340846971134102,0.2713322689520101,0.076267009423,5.0,30.725007000000915,True,True
20.98,117.08388526686058,-108.23580167850336,0.006010982582685128,4.913336048074541,117.087001,-108.247577,5.0,9629,0.9930899339933993,0.012178504757952463,0.2701109548041809,0.080301559512,5.0,30.857064000883838,True,True
21.03,117.41760665030134,-108.23237987900858,0.01537127696669481,4.908658932951412,117.233574,-108.2059,5.0,9630,0.9931930693069307,-0.03221030077085341,0.26741485575474977,0.078705613875,5.0,30.880037000315497,True,True
21.082,117.5843417801247,-108.22935923930956,0.021460639752989365,4.907039245157968,117.38006899999999,-108.16401599999999,5.0,9631,0.9932962046204621,-0.07607279854800647,0.26379741280953084,0.076540089392,5.0,32.574772001680685,True,True
21.131,117.91701446517462,-108.22035078792412,0.03588566049054053,4.905393825576878,117.672927,-108.079527,5.0,9633,0.9935024752475248,-0.16171549591555434,0.2544153649054941,0.080429604122,5.0,31.505398997978773,True,True
21.183,118.08375529866875,-108.2137070560819,0.04384979344968692,4.9094593771293535,117.819313,-108.03676000000002,5.0,9634,0.9936056105610561,-0.20363557022616427,0.2485096241661804,0.12887539161,5.0,33.297655998467235,True,True
21.234,118.41620024954767,-108.19671187238399,0.059546858005472936,4.91088757026785,118.110399,-107.95094499999999,5.0,9636,0.9938118811881188,-0.28445431228022827,0.2397464706633632,0.19355793715,5.0,34.51541799950064,True,True
21.299,118.7480672356519,-108.17425006355992,0.0782937051843239,4.903795956902011,118.25666799999999,-107.906626,5.0,9637,0.9939150165016502,-0.32409334910057586,0.23620519432831344,0.26657224411,5.0,49.58397500013234,True,True
21.33,118.91423994952656,-108.16024996344906,0.0901450163941099,4.903667842583661,118.69503200000001,-107.771024,5.0,9640,0.9942244224422442,-0.4066988991313918,0.2263696476186623,0.33208275298,5.0,30.561900999600766,True,True
21.382,119.08026853244355,-108.14419633426868,0.10298659930946223,4.903841830810039,118.84076999999999,-107.724934,5.0,9641,0.9943275577557755,-0.4414723338070201,0.21868681948668556,0.33504485122,5.0,32.091185999888694,True,True
21.436,119.41146691203465,-108.10467567602448,0.1350818521710825,4.928492510216599,119.13216100000001,-107.630473,5.0,9643,0.9945338283828383,-0.508286561729978,0.20047588990868537,0.42803528286,5.0,36.930099999153754,True,True
21.486,119.57634279504894,-108.08087670877427,0.15194537429407073,4.88528563948703,119.277776,-107.58196000000001,5.0,9644,0.9946369636963697,-0.5395414144645259,0.18796262049530776,0.41257544219,5.0,36.479586000496056,True,True
21.535,119.90361500570117,-108.02451868392681,0.1922663475402438,4.882904415813931,119.568591,-107.483608,5.0,9646,0.9948432343234324,-0.5960818594944258,0.1579093711857551,0.38086164134,5.0,35.689406999154016,True,True
21.586,120.06528463218339,-107.99117353052873,0.21526948421886857,4.853046411091187,119.71305900000002,-107.43415800000001,5.0,9647,0.9949463696369637,-0.6203525839676189,0.13809771387926073,0.36193979013,5.0,36.637172001064755,True,True
21.635,120.38391012209594,-107.9134160275922,0.26453152943589564,4.813004966800012,120.001713,-107.334768,5.0,9649,0.9951526402640264,-0.6585351347916601,0.09403250090751714,0.32100578453,5.0,35.875024001143174,True,True
21.684,120.54088924201926,-107.86873065977588,0.2905978294153048,4.794305462292125,120.145923,-107.28468500000001,5.0,9650,0.9952557755775577,-0.672039629642662,0.07056994778042203,0.29898322519,5.0,34.819647000404075,True,True
21.739,120.84965336066296,-107.7670935032721,0.3455564463229328,4.782225165682805,120.43363899999999,-107.18396899999999,5.0,9652,0.9954620462046204,-0.6871026274284195,0.020121316923353394,0.25176624367,5.0,39.55619000043953,True,True
21.783,121.00169778016496,-107.71000670354313,0.3733332678159999,4.776042245901784,120.577405,-107.13328600000001,5.0,9653,0.9955651815181518,-0.6883608778028332,-0.005593311599363382,0.22753842213,5.0,33.6347169977671,True,True
21.833,121.30046346266158,-107.58523619236384,0.4277067069766757,4.773195849242808,120.86478500000001,-107.03088799999999,5.0,9655,0.9957714521452146,-0.6789425468230984,-0.05611669949014786,0.18045821723,5.0,32.99805499773356,True,True
21.88,121.4476265561037,-107.5161036360219,0.4540888718508975,4.761283067195132,121.00724,-106.97953999999999,5.0,9656,0.9958745874587459,-0.6694459715368848,-0.0802680693958071,0.15785764583,5.0,30.492571997456253,True,True
21.93,121.59348808574967,-107.44288732049431,0.4774416892364325,4.8092507238730375,121.15068899999999,-106.92735400000001,5.0,9657,0.9959777227722773,-0.6550796971743832,-0.10328471275529649,0.13580762282,5.0,30.788535997999134,True,True
21.979,121.88046321133808,-107.28602000625816,0.5234520197963961,4.79709537691107,121.581052,-106.76748300000001,5.0,9660,0.9962871287128713,-0.6188265500081872,-0.1397861992036109,0.10079006343,5.0,29.731555998296244,True,True
22.028,122.02179634336004,-107.20338294701382,0.544709715749066,4.838411192981532,121.724373,-106.71321699999999,5.0,9661,0.9963902640264026,-0.5936896816131839,-0.1597966615840094,0.081075340737,5.0,28.913492998981383,True,True
22.079,122.30117708301488,-107.0278742412323,0.5766497550196458,4.862139174401881,122.01018799999999,-106.603118,5.0,9663,0.9965965346534653,-0.5357019934243956,-0.1891639815568995,0.050632838724,5.0,29.843997002899414,True,True
22.13,122.43970057530413,-106.93660310029892,0.5900000902747996,4.899148833996458,122.153002,-106.547103,5.0,9664,0.9966996699669967,-0.5030873101386105,-0.20052491245638038,0.038103405914,5.0,30.156230997818056,True,True
22.178,122.71275403383807,-106.74875718036547,0.613650118922625,4.869852398699292,122.43924299999999,-106.43262299999999,5.0,9666,0.9969059405940595,-0.43331682612703193,-0.21800749884963766,0.01745806895,5.0,28.716754997731186,True,True
22.229,122.84756822983667,-106.6528298426327,0.6226657620716,4.870842195863167,122.580828,-106.37501200000001,5.0,9667,0.9970090759075908,-0.39634573070824725,-0.22546752601323172,0.0089486167023,5.0,29.844546999811428,True,True
22.279,123.11529655399168,-106.45761707372897,0.6371437649742141,4.873016858526028,122.86341399999999,-106.258338,5.0,9669,0.9972153465346535,-0.32006752830877677,-0.23520704800403758,-0.001350264207,5.0,29.591803999210242,True,True
22.328,123.24812631329718,-106.35864149359513,0.6433883147312252,4.876290053792864,123.004251,-106.199293,5.0,9670,0.9973184818481848,-0.2811765438513961,-0.23829112948687747,-0.0053252186064,5.0,28.920175001985626,True,True
22.378,123.51294930454368,-106.15824634225824,0.6508989462938645,4.895042737339242,123.285472,-106.079645,5.0,9672,0.9975247524752475,-0.2021884898329047,-0.2426982663323467,-0.0099401886992,5.0,28.426550001313444,True,True
22.429,123.64486454564312,-106.05768808173073,0.65161420866398,4.880377329546797,123.42574599999999,-106.019205,5.0,9673,0.9976278877887789,-0.16225905117339756,-0.24286228925299502,-0.0090578113567,5.0,29.514558998926077,True,True
22.479,123.90825602735936,-105.85744754554547,0.6466916632591254,4.87337858102278,123.706047,-105.897227,5.0,9675,0.9978341584158416,-0.08339543680322359,-0.23718975626465877,-0.0028300617675,5.0,29.642868998053018,True,True
22.529,124.04079487908488,-105.7577827406118,0.6433207859436106,4.878754636273352,123.84607700000001,-105.83558899999998,5.0,9676,0.9979372937293729,-0.04521712078393831,-0.23036989381692052,0.0033368532896,5.0,29.926831000921084,True,True
22.578,124.17280659631633,-105.65875417118609,0.6426886252952903,4.871558089822086,124.12438600000002,-105.711469,5.0,9678,0.9981435643564357,0.028142640038923243,-0.2203095891668161,0.012515288594,5.0,28.73025000008056,True,True
22.629,124.43813939514783,-105.46059689326843,0.6391915628614102,4.876500491550901,124.264133,-105.648432,5.0,9679,0.998246699669967,0.06382201764870628,-0.2167480540476614,0.01543474044,5.0,29.580302998510888,True,True
22.679,124.57136734916017,-105.3616747156913,0.63811926386211,4.881231107382688,124.682195,-105.45644399999999,5.0,9682,0.9985561056105611,0.1458217591412764,-0.20243267040001145,0.023289581957,5.0,29.3157460000657,True,True
22.728,124.83818001467623,-105.16379525075816,0.6382097093524614,4.8645480646312755,124.820973,-105.39159599999999,5.0,9683,0.9986592409240924,0.1735021659351055,-0.19994980752302105,0.024048799305,5.0,28.22964200095157,True,True
22.778,124.9711322320316,-105.06494718407296,0.6411151572392959,4.881851548091264,124.95990400000001,-105.326355,5.0,9684,0.9987623762376238,0.20308225101342034,-0.1976207030430266,0.025366377661,5.0,28.17218500058516,True,True
22.827,125.23724411151906,-104.86565529710346,0.645614330904231,4.8768618426258445,125.237349,-105.194571,5.0,9686,0.9989686468646864,0.26485832636811035,-0.19766456739486316,0.024761891253,5.0,27.433920997282257,True,True
22.888,125.5017828431411,-104.66536300056038,0.6498681953245522,4.871404285922694,125.376718,-105.127799,5.0,9687,0.9990717821782178,0.29693818638952546,-0.19763565949215867,-0.39291015777,5.0,38.27827600252931,True,True
