t,x,y,yaw,speed_measured,x_ref,y_ref,speed_ref,path_index,progress,cte,heading_error,steering_cmd,speed_cmd,compute_time_ms,did_compute,controller_success
0.03699999999999998,33.4,-92.9,-0.807966,8.495181939982144e-18,32.934173,-93.47543,5.0,9047,0.9330651815181518,0.7403218250829543,0.1350395082122211,-0.056212868059,5.0,37.28669500014803,True,True
0.08300000000000002,33.4,-92.9,-0.807966,2.306784733141843e-17,32.934173,-93.47543,5.0,9047,0.9330651815181518,0.7403218250829543,0.1350395082122211,-0.056212868059,5.0,34.012013999017654,True,True
0.135,33.399995288655425,-92.89999785250781,-0.8079601883722641,-0.002107226134225664,32.934173,-93.47543,5.0,9047,0.9330651815181518,0.7403212671446114,0.13503879598255875,-0.056213580288,5.0,35.76157399947988,True,True
0.184,33.39987205504863,-92.89987022417647,-0.8079525450716103,-0.008150513892850732,32.934173,-93.47543,5.0,9047,0.9330651815181518,0.7403205716526495,0.13503369658448516,-0.056218679686,5.0,34.678339998208685,True,True
0.23399999999999999,33.399212571556504,-92.89922410445006,-0.8079508716497947,-0.0159442711847778,32.934173,-93.47543,5.0,9047,0.9330651815181518,0.7403873158988805,0.13503219288919333,-0.056220183382,5.0,34.27191999981005,True,True
0.28400000000000003,33.39875065944455,-92.89875402103924,-0.807960326497463,-0.018801518527501906,32.934173,-93.47543,5.0,9047,0.9330651815181518,0.7404386002210056,0.13502437986201565,-0.056227996409,5.0,34.13478400034364,True,True
0.33499999999999996,33.39764063969029,-92.89759813139422,-0.807954856101035,-0.024219557065465126,32.934173,-93.47543,5.0,9047,0.9330651815181518,0.740618953653518,0.13502668386217476,-0.056225692409,5.0,35.27608700096607,True,True
0.384,33.396990569687,-92.89692083441489,-0.8079529371465652,-0.026844507792767355,32.934173,-93.47543,5.0,9047,0.9330651815181518,0.7407320163339282,0.13502836431325616,-0.056224011958,5.0,35.00944799998251,True,True
0.43400000000000005,33.39550636808007,-92.89537344078965,-0.8079512901740502,-0.031958039322082764,32.934173,-93.47543,5.0,9047,0.9330651815181518,0.7409945531617024,0.13502572794474244,-0.055912592315,5.0,34.10854499998095,True,True
0.485,33.39467429646918,-92.89450562939227,-0.807950221827622,-0.0344484530380795,32.934173,-93.47543,5.0,9047,0.9330651815181518,0.7411437703894224,0.13502479838627135,-0.05451106333,5.0,35.30976000001829,True,True
0.532,33.39283336048345,-92.8925375500897,-0.807932716498601,-0.03905217299410671,32.934173,-93.47543,5.0,9047,0.9330651815181518,0.741481876909303,0.13502287898116672,-0.053324768092,5.0,33.417434000512,True,True
0.585,33.39190098847966,-92.89156153231552,-0.807964713082576,-0.038253791668295484,32.934173,-93.47543,5.0,9047,0.9330651815181518,0.7417094676766933,0.13500622471082213,-0.052423278051,5.0,35.33116899961897,True,True
0.635,33.39009581262821,-92.88967259914199,-0.8079571855287597,-0.036580398494382216,32.934173,-93.47543,5.0,9047,0.9330651815181518,0.7420912732616446,0.13501819329456843,-0.051603390321,5.0,35.34375299932435,True,True
0.683,33.38922240673833,-92.88875855233134,-0.8079496646021485,-0.035766239284735324,32.934173,-93.47543,5.0,9047,0.9330651815181518,0.7422784812553532,0.13503069374098065,-0.050973832016,5.0,35.24637100053951,True,True
0.732,33.389039439024565,-92.88856558345879,-0.8079600786980602,0.08123001640279168,32.934173,-93.47543,5.0,9047,0.9330651815181518,0.7426445920883115,0.13502705549902583,-0.050428320746,5.0,32.6319349987898,True,True
0.7829999999999999,33.39214551400036,-92.89181484934578,-0.8079965072773787,0.18473675279820007,32.934173,-93.47543,5.0,9047,0.9330651815181518,0.7425047614346664,0.13503358691028122,-0.050030649209,5.0,33.464670999819646,True,True
0.8340000000000001,33.40525919472343,-92.90551374104867,-0.8082893943567568,0.36751654828486346,32.934173,-93.47543,5.0,9047,0.9330651815181518,0.7418527263904636,0.13507001548959963,-0.049782249425,5.0,34.91761700024654,True,True
0.8839999999999999,33.414826288695465,-92.9154297184695,-0.8084878573356286,0.4478905598708276,32.934173,-93.47543,5.0,9047,0.9330651815181518,0.7392824464524282,0.13536290256897798,-0.049761981594,5.0,34.649956000066595,True,True
0.9339999999999999,33.426322704684964,-92.92739857999328,-0.8089958445201001,0.5378663927941867,32.934173,-93.47543,5.0,9047,0.9330651815181518,0.7374810249887929,0.1355613655478498,-0.049785056747,5.0,34.67861100034497,True,True
0.984,33.45624089400955,-92.95888962897305,-0.8102133439360643,0.7395642806581575,32.934173,-93.47543,5.0,9047,0.9330651815181518,0.7325493961121491,0.13666788489181725,-0.049582259065,5.0,34.49850300057733,True,True
1.034,33.4741678167099,-92.97801883447923,-0.8110364864007292,0.805317188980377,33.052184000000004,-93.569346,5.0,9048,0.9331683168316832,0.7320648567743311,0.14097631282458334,-0.034212156676,5.0,34.324247999393265,True,True
1.083,33.51608704006475,-93.02191762337546,-0.812619894423276,0.9890005783394089,33.052184000000004,-93.569346,5.0,9048,0.9331683168316832,0.7217417005104378,0.14227453044765026,-0.035390787312,5.0,33.87098999883165,True,True
1.1320000000000001,33.540200139275704,-93.04740020487505,-0.8134366419557149,1.076066326611493,33.052184000000004,-93.569346,5.0,9048,0.9331683168316832,0.7170701019200165,0.14338286331179484,-0.03597900439,5.0,32.412594999186695,True,True
1.184,33.59433258288929,-93.10476594332921,-0.815252574250645,1.244519221500613,33.169982,-93.661958,5.0,9049,0.9332714521452146,0.708202398946618,0.14891299007316894,-0.021823013471,5.0,34.43446399978711,True,True
1.233,33.62416209725132,-93.13656408371136,-0.8163316434408305,1.3218693276935745,33.169982,-93.661958,5.0,9049,0.9332714521452146,0.700383041781781,0.14977805067703454,-0.023765698537,5.0,33.58046799985459,True,True
1.283,33.68707223032168,-93.20373910571793,-0.8175363561485068,1.436989965096949,33.288132,-93.754545,5.0,9050,0.9333745874587459,0.690578732173171,0.15223111628393227,-0.010910935569,5.0,33.57690200027719,True,True
1.333,33.7216809662578,-93.24078825710606,-0.8181424541807918,1.5229142137631182,33.288132,-93.754545,5.0,9050,0.9333745874587459,0.680103257266853,0.15270788226658194,-0.013800800259,5.0,33.37151699997776,True,True
1.3820000000000001,33.79591592934584,-93.32006881760786,-0.8181910413431086,1.6723317415831453,33.406313,-93.847211,5.0,9051,0.9334777227722773,0.6677771823884893,0.1541715737404994,-0.0029689303033,5.0,32.83786000065447,True,True
1.4340000000000002,33.835604809491734,-93.36244661263787,-0.818138842010851,1.7446828286891327,33.406313,-93.847211,5.0,9051,0.9334777227722773,0.6554916650972831,0.1541443085954075,-0.0067708767433,5.0,34.74946200003615,True,True
1.483,33.91995164634049,-93.4524810140042,-0.817836161868054,1.884830218869757,33.524688,-93.939676,5.0,9052,0.9335808580858086,0.6389576881415423,0.15569720033709977,0.0027270390841,5.0,33.84087400081626,True,True
1.533,33.96454455641454,-93.50005953832905,-0.8177270748871527,1.9526827238065243,33.524688,-93.939676,5.0,9052,0.9335808580858086,0.6272427938378797,0.15552051477566398,-0.0012274945262,5.0,33.778477998566814,True,True
1.583,34.058401262258194,-93.6001540687175,-0.8173647338579549,2.0840409475534196,33.643235,-94.031968,5.0,9053,0.9336839933993399,0.606633902025666,0.15675713403683966,0.0082209287224,5.0,34.06677699967986,True,True
1.635,34.1076010156719,-93.65259743684176,-0.8172368679168952,2.147601421573957,33.643235,-94.031968,5.0,9053,0.9336839933993399,0.5956803887664163,0.1565681460610615,0.0043486915228,5.0,35.32659100164892,True,True
1.6840000000000002,34.210386629129644,-93.76209636842285,-0.8167673970698355,2.2705778274257,33.761978000000006,-94.12414100000001,5.0,9054,0.9337871287128713,0.5846439950244162,0.15870860874494275,0.014806384931,5.0,34.54103300100542,True,True
1.733,34.26391396521052,-93.81908014860625,-0.8165534839319903,2.3300308895418405,33.880936,-94.215889,5.0,9055,0.9338902640264026,0.5607722082161724,0.1620280392505613,0.023314185426,5.0,33.19884499978798,True,True
1.7839999999999998,34.318825244931915,-93.8775051210769,-0.8161928573595394,2.3881241758581337,33.880936,-94.215889,5.0,9055,0.9338902640264026,0.5478267798290173,0.16181412611271595,0.019364223211,5.0,34.53562300092017,True,True
1.834,34.43275023716744,-93.99853038922734,-0.8159224952775606,2.4778450300500925,34.000335,-94.30713,5.0,9056,0.933993399339934,0.5211372827248856,0.1648721963359221,0.028311401892,5.0,34.310802999243606,True,True
1.8820000000000001,34.49101611419306,-94.06048615682984,-0.8157843315288186,2.534000583629928,34.120124,-94.398051,5.0,9057,0.9340965346534653,0.5072300398386144,0.1675335030864833,0.037503827176,5.0,32.94290699886915,True,True
1.9329999999999998,34.611412288538816,-94.18823662787013,-0.8141684137033279,2.630287765547535,34.24047,-94.489072,5.0,9058,0.9341996699669967,0.47842839138927035,0.1676789538325032,0.045331965089,5.0,33.69337900039682,True,True
1.984,34.6734473667369,-94.25384702040215,-0.8122140516459386,2.656500226848439,34.360640000000004,-94.579874,5.0,9059,0.934302805280528,0.4650446988707536,0.16686211729544098,0.051743318135,5.0,34.4803089992638,True,True
2.036,34.799907033339224,-94.3869508855272,-0.80976751675598,2.7278872891200283,34.479834999999994,-94.670023,5.0,9060,0.9344059405940595,0.43392062086065064,0.16389095831153,0.056638046039,5.0,36.53838600075687,True,True
2.086,34.863967578303175,-94.4540052361259,-0.8096643848538305,2.773761360151913,34.599365999999996,-94.760281,5.0,9061,0.9345090759075908,0.42378305820908496,0.16335099356999772,0.061810960858,5.0,37.00667099838029,True,True
2.134,34.99641004242505,-94.59261274622716,-0.8060633851816459,2.8569886336581156,34.718590999999996,-94.85018000000001,5.0,9062,0.9346122112211221,0.38947661875755013,0.16382092699178008,0.069224003849,5.0,34.973712001374224,True,True
2.188,35.064252149978884,-94.66301693758336,-0.8013681460072993,2.8926701040799125,34.718590999999996,-94.85018000000001,5.0,9062,0.9346122112211221,0.3727456809926496,0.16127379490132254,0.064267671823,5.0,38.33154699896113,True,True
2.2359999999999998,35.20382731142895,-94.80525096739949,-0.7889544887694118,2.9730834288041983,34.958356,-95.0294,5.0,9064,0.9348184818481848,0.3434113774863501,0.15566291737882842,0.068639928714,5.0,36.49244999905932,True,True
2.287,35.27567792571104,-94.8772973142146,-0.7843067350172488,3.0134008640057655,34.958356,-95.0294,5.0,9064,0.9348184818481848,0.3262348036000923,0.14999187317988172,0.061348102982,5.0,37.62816299968108,True,True
2.3369999999999997,35.4234436257471,-95.02320249099621,-0.7744430072461445,3.097327401392647,35.199332,-95.207504,5.0,9066,0.9350247524752475,0.297830510400485,0.14470693982869332,0.067038004137,5.0,37.90844700051821,True,True
2.386,35.49933859130609,-95.09716077087165,-0.7703471887708836,3.1372197234355155,35.199332,-95.207504,5.0,9066,0.9350247524752475,0.2811813199262415,0.14021632615213964,0.062441466037,5.0,37.021529000412556,True,True
2.4370000000000003,35.65476978038149,-95.24662634521916,-0.7618193229669631,3.18835639556426,35.441594,-95.384826,5.0,9068,0.9352310231023102,0.252218937231078,0.1363825450363425,0.069512845122,5.0,37.87391200057755,True,True
2.4859999999999998,35.73379280603155,-95.32339333739687,-0.7568261826720606,3.264309405932842,35.563344,-95.473387,5.0,9069,0.9353341584158416,0.2444975825545178,0.13380489031578868,0.07092703038,5.0,37.08199199900264,True,True
2.5380000000000003,35.895426130341114,-95.47460558414966,-0.7498330027107081,3.2975229570336637,35.563344,-95.473387,5.0,9069,0.9353341584158416,0.22147599480958222,0.12881175002088607,0.06730742412,5.0,38.18825999951514,True,True
2.588,35.978000145531084,-95.55120878731853,-0.7456269173443438,3.329260137218667,35.805278,-95.64807900000001,5.0,9071,0.9355404290429042,0.1954986225291313,0.1282060305507624,0.074687984853,5.0,39.15792200132273,True,True
2.636,36.14674720781728,-95.7055557097963,-0.7368102148786997,3.3997848668431407,35.927166,-95.735029,5.0,9072,0.9356435643564357,0.19071963963403327,0.12708026265990258,0.07559484867,5.0,36.89737700005935,True,True
2.6870000000000003,36.232918855604346,-95.7833958782958,-0.7325035381732401,3.4352799827859233,36.049278,-95.821738,5.0,9073,0.935746699669967,0.1511377324342295,0.12028517076668876,0.076208393308,5.0,37.30276399801369,True,True
2.738,36.40917111681678,-95.94047147026417,-0.7232664777063049,3.5081051176574616,36.171611999999996,-95.908262,5.0,9074,0.9358498349834984,0.13910456100911106,0.11846653033650334,0.07700006121,5.0,38.8787100018817,True,True
2.788,36.49917541566734,-96.01955112829448,-0.7184375851611146,3.5414110801855934,36.294256,-95.994434,5.0,9075,0.9359529702970297,0.10987835465514481,0.11346897832561442,0.077781546466,5.0,38.32301100192126,True,True
2.84,36.68287664395388,-96.17855517556339,-0.708395644885016,3.6058786126819165,36.417396000000004,-96.079971,5.0,9076,0.9360561056105611,0.09615886807947722,0.11313370535123113,0.077963077315,5.0,40.5864720014506,True,True
2.887,36.776706987511616,-96.25848186613365,-0.703254394473391,3.6217503629790215,36.664683000000004,-96.250034,5.0,9078,0.9362623762376238,0.07375792176546389,0.10791588171950606,0.079218013665,5.0,37.68354599742452,True,True
2.938,36.87117965630818,-96.33821521278705,-0.6983897522870138,3.6539842925785146,36.789054,-96.33504599999999,5.0,9079,0.9363655115511551,0.07755330626150864,0.1030570822147805,0.078669901139,5.0,38.691219000611454,True,True
2.989,37.06290406491685,-96.4976504013338,-0.6885238072803935,3.6533661982406556,36.912752000000005,-96.41981899999999,5.0,9080,0.9364686468646864,0.0317478242637011,0.09295768284941097,0.079268274746,5.0,39.66099100216525,True,True
3.038,37.159837115901546,-96.57692674981945,-0.680786841374069,3.707639926923264,37.036164,-96.50421,5.0,9081,0.9365717821782178,0.020498773377924884,0.08900516099179256,0.07896257226,5.0,38.144857997394865,True,True
3.089,37.358358767292046,-96.73544933487398,-0.6672444156003547,3.76141284432919,37.282787,-96.672537,5.0,9083,0.9367780528052805,-0.029262034668938296,0.0769833304067169,0.072690789391,5.0,39.971772999706445,True,True
3.138,37.45945565390253,-96.81456384123807,-0.6603819725776832,3.787444803793191,37.406579,-96.756366,5.0,9084,0.9368811881188119,-0.05256137100954956,0.073251222099878,0.070356535409,5.0,38.5200189994066,True,True
3.186,37.66528924589699,-96.9721861093293,-0.6471087873906788,3.838793904018279,37.530642,-96.839927,5.0,9085,0.9369843234323433,-0.027134456648303468,0.06147925910689089,0.065542711174,5.0,36.38826499809511,True,True
3.237,37.769963326613926,-97.05078544469588,-0.640998302392536,3.863086555889029,37.654959000000005,-96.92327,5.0,9086,0.9370874587458746,-0.03494339890134822,0.05743514970834429,0.064071847188,5.0,37.855807997402735,True,True
3.287,37.98281234058647,-97.20778490701616,-0.6297365415243223,3.944402860749762,37.904269,-97.089495,5.0,9088,0.9372937293729373,-0.04889351048851888,0.047746384101392536,0.059661586202,5.0,38.062313997215824,True,True
3.3369999999999997,38.0907923375403,-97.28594255521762,-0.6242886777374879,3.9255115110902494,38.029492,-97.172812,5.0,9089,0.9373968646864687,-0.05832747918541054,0.044054250054960775,0.058909080491,5.0,37.68226299871458,True,True
3.385,38.30819352038595,-97.44002973200261,-0.6131036066766186,3.939836247837441,38.154688,-97.25560300000001,5.0,9090,0.9375,-0.07073290812603586,0.04253089172703284,0.05492747885,5.0,35.31239500080119,True,True
3.4370000000000003,38.418347810766655,-97.51740079048886,-0.6111431371352094,3.9699977572365217,38.404046,-97.418952,5.0,9092,0.9377062706270627,-0.09814259337584343,0.03413507439614483,0.053578053783,5.0,37.3885050030367,True,True
3.485,38.52927114004287,-97.59486343736961,-0.6081025820522395,3.988256241036403,38.404046,-97.418952,5.0,9092,0.9377062706270627,-0.07468897059511796,0.032174604854735556,0.052419130057,5.0,35.54895699926419,True,True
3.535,38.753474499885314,-97.74982971083342,-0.6007017740138159,4.025937892785375,38.655107,-97.58251700000001,5.0,9094,0.9379125412541254,-0.08300984620830437,0.027763365846545263,0.053561257765,5.0,35.88708899769699,True,True
3.5869999999999997,38.866852462573,-97.82702770667572,-0.5937863446606335,4.041123567205007,38.780808,-97.664265,5.0,9095,0.9380156765676567,-0.08672135094299861,0.025984880790132614,0.053210784857,5.0,37.99051999885705,True,True
3.635,39.09652531781913,-97.9807175887631,-0.5856725371034195,4.0856704202220335,39.033291999999996,-97.826183,5.0,9097,0.9382219471947195,-0.0935281583254898,0.022889284029335766,0.046573971392,5.0,35.803892998956144,True,True
3.6879999999999997,39.21266887314755,-98.05745437214661,-0.582033690942105,4.105008279773623,39.160109999999996,-97.906542,5.0,9098,0.9383250825082509,-0.09769866824268376,0.022481369023288345,0.047125363904,5.0,38.448655999673065,True,True
3.7359999999999998,39.446838913837404,-98.2109912995358,-0.5760456049617679,4.119919400926039,39.414963,-98.066249,5.0,9100,0.9385313531353136,-0.10885092525957041,0.019033651281942454,0.045183120312,5.0,36.2166549966787,True,True
3.7859999999999996,39.564658342462955,-98.28746818402188,-0.5745017909174251,4.1419753256574525,39.541806,-98.145896,5.0,9101,0.9386344884488449,-0.11513533547904124,0.016311018912491537,0.046860607418,5.0,36.64778100210242,True,True
3.8369999999999997,39.80158986161181,-98.43919444892313,-0.565024460454862,4.161700755034061,39.795010999999995,-98.303997,5.0,9103,0.9388407590759076,-0.1272120193190796,0.013080237393833016,0.046090347368,5.0,37.55206999994698,True,True
3.8870000000000005,39.92146742837985,-98.5148948224344,-0.5614904600294276,4.177463690648091,39.921956,-98.382995,5.0,9104,0.9389438943894389,-0.13283969786833244,0.009555606033089692,0.043282639005,5.0,37.739551000413485,True,True
3.9349999999999996,40.163351224198735,-98.66585641463803,-0.5545109045347729,4.209734401099418,40.049136,-98.461721,5.0,9105,0.9390470297029703,-0.11329902615213282,0.004668384827432703,0.043050973206,5.0,35.540772001695586,True,True
3.987,40.28550232018266,-98.74125271804519,-0.5525445695263944,4.2282400201390695,40.176519,-98.540239,5.0,9106,0.9391501650165016,-0.11393836611265461,0.0029859123262401255,0.042002007249,5.0,37.28089399737655,True,True
4.036,40.53129243484163,-98.89243299740669,-0.5484282551499458,4.291168763213691,40.431926000000004,-98.696774,5.0,9108,0.9393564356435643,-0.11487260800190253,0.0032628625386204035,0.043266649882,5.0,36.34376300033182,True,True
4.09,40.65517275202049,-98.96773044303174,-0.5445292445177858,4.261163430448114,40.560003,-98.774837,5.0,9109,0.9394595709570958,-0.11539507984568059,0.0015760099615924617,0.042317454356,5.0,40.21587799797999,True,True
4.1370000000000005,40.903145955680564,-99.11658999690336,-0.5348933216491295,4.230621446900361,40.816981,-98.930548,5.0,9111,0.9396658415841584,-0.11534123181250365,-0.001904841471512153,0.036390040267,5.0,37.97241499705706,True,True
4.184,41.02807840393652,-99.1905406980458,-0.5330913607351514,4.283734477766069,40.944743,-99.00724100000001,5.0,9112,0.9397689768976898,-0.11519053239643975,-0.005067722964706256,0.033345244741,5.0,34.798434000549605,True,True
4.237,41.27985966048159,-99.33866236772305,-0.5304896645976253,4.30747338481705,41.072705,-99.083823,5.0,9113,0.9398721122112211,-0.11450451353080462,-0.005717367228999848,0.034116806985,5.0,37.21485999994911,True,True
4.286,41.40645787690456,-99.41280501105453,-0.5284164783456583,4.3200560631607265,41.329714,-99.237243,5.0,9115,0.9400783828382838,-0.11263970430950478,-0.0074651954944351395,0.034840090098,5.0,36.15657200134592,True,True
4.337,41.661528463408146,-99.5600634203692,-0.5179462838502834,4.344109473941907,41.458358000000004,-99.313988,5.0,9116,0.9401815181518152,-0.1114609922648546,-0.008802550348119276,0.03469523725,5.0,37.9423090016644,True,True
4.389,41.79011257259357,-99.6331490507385,-0.5153642952394328,4.356805267062178,41.716312,-99.46673299999999,5.0,9118,0.9403877887788779,-0.10822108504263503,-0.013227597509940736,0.024841741132,5.0,39.18031300054281,True,True
4.439,42.04873558282495,-99.77908834255769,-0.5111218694096499,4.349165694024002,41.845752000000005,-99.542514,5.0,9119,0.9404909240924092,-0.10635063847709587,-0.013543632835851582,0.024579041753,5.0,39.2262599998503,True,True
4.486,42.17803262942772,-99.85198549096637,-0.5103172186373675,4.374952694995095,42.10545,-99.693832,5.0,9121,0.940697194719472,-0.10239711451900499,-0.01645016391533627,0.02265665986,5.0,36.2579620014003,True,True
4.539,42.30771937322536,-99.92435303814256,-0.509156665643122,4.3683637906508865,42.234633,-99.769202,5.0,9122,0.9408003300330033,-0.10028314078397138,-0.01611599591695967,0.024385517449,5.0,39.4363319974218,True,True
4.589,42.56878397931042,-100.06901666738747,-0.5035787873294293,4.400283805206319,42.493435,-99.918782,5.0,9124,0.941006600660066,-0.09570145335646321,-0.01628464454023737,0.021388437132,5.0,39.50860699842451,True,True
4.636,42.70004193078358,-100.14117419440426,-0.5017287273645078,4.410262332896151,42.623352000000004,-99.993257,5.0,9125,0.9411097359735974,-0.09336592571511138,-0.01607371133431812,0.021068807163,5.0,37.06724400035455,True,True
4.687,42.96398233506424,-100.28532279541787,-0.49895445479455275,4.434122020159965,42.883720000000004,-100.141666,5.0,9127,0.9413160066006601,-0.08846971049236405,-0.016825959409017877,0.019077001704,5.0,37.210651997156674,True,True
4.739,43.09652078632604,-100.35761404431767,-0.49983918100056646,4.444792511888535,43.014255,-100.215715,5.0,9128,0.9414191419141914,-0.0858637643169622,-0.017286780978996497,0.020137960315,5.0,39.56901899800869,True,True
4.787,43.36257640407102,-100.502728433717,-0.4975605109301718,4.454743804168589,43.275632,-100.364369,5.0,9130,0.9416254125412541,-0.08053910754013355,-0.01678883695978728,0.023568378006,5.0,37.567278999631526,True,True
4.838,43.496153799397185,-100.57495322441693,-0.4946446120719035,4.464282501104749,43.406531,-100.438395,5.0,9131,0.9417285478547854,-0.07791532068277106,-0.015654635704468234,0.022894920734,5.0,38.921530001971405,True,True
4.8870000000000005,43.76173151015659,-100.71756433293349,-0.48917051380289917,4.462439105028824,43.667452000000004,-100.58465600000001,5.0,9133,0.9419348184818482,-0.07278383859610044,-0.017941676639621207,0.017220038948,5.0,37.67365800013067,True,True
4.935,43.89581489829904,-100.78885956810649,-0.4882315175310453,4.470169065459395,43.797895000000004,-100.657234,5.0,9134,0.9420379537953796,-0.07033880201937348,-0.01814338718712749,0.017134345297,5.0,35.81107699938002,True,True
4.986,44.16491043704057,-100.93148423042867,-0.4858856217202819,4.487255918431532,44.059613,-100.802686,5.0,9136,0.9422442244224423,-0.06452175318365551,-0.02068209183966685,0.017614765634,5.0,36.85275399766397,True,True
5.034,44.30005905804504,-101.00257469711109,-0.4816123651597289,4.492917552308026,44.190449,-100.87561099999999,5.0,9137,0.9423473597359736,-0.06123630722572357,-0.02276260982382894,0.017644773286,5.0,34.14477199839894,True,True
5.088,44.57208252252801,-101.14346477169804,-0.4750703597713251,4.515258676376745,44.321381,-100.94864399999999,5.0,9138,0.942450495049505,-0.057504381752613534,-0.025967153387226993,0.0095299699813,5.0,38.085027001216076,True,True
5.136,44.708800445447935,-101.21359033570755,-0.47268885067220434,4.52030803696834,44.584039000000004,-101.09352700000001,5.0,9140,0.9426567656765676,-0.04955812522333773,-0.025776694574734194,0.0089842739416,5.0,36.38191400023061,True,True
5.186,44.98302940248315,-101.35283475446107,-0.4716869102346769,4.518194622182816,44.715714,-101.165444,5.0,9141,0.942759900990099,-0.0455699990911124,-0.02716981204207647,0.0082177738753,5.0,36.81833899827325,True,True
5.235,45.11954401658385,-101.42210789012555,-0.4696379728020878,4.520188738154958,44.978806,-101.30906800000001,5.0,9143,0.9429661716171617,-0.036465848842173784,-0.026443974932030656,0.009278116732,5.0,35.66440299982787,True,True
5.284,45.2567562642617,-101.49161015306855,-0.46848298680183875,4.52719272412024,45.109942,-101.380144,5.0,9144,0.943069306930693,-0.032375789962761775,-0.02602288547161624,0.0085011098849,5.0,34.707793998677516,True,True
5.336,45.53197779023882,-101.63065714430037,-0.46711284541170767,4.5421470469023415,45.373496,-101.521939,5.0,9146,0.9432755775577558,-0.024792498421941003,-0.02376621283202285,0.0087039627175,5.0,36.118451000220375,True,True
5.384,45.66989386964471,-101.7002418970879,-0.4670237694591536,4.5492695257425275,45.505568,-101.592496,5.0,9147,0.9433787128712872,-0.02128727219310659,-0.022662641204160394,0.0095811910636,5.0,34.39850700306124,True,True
5.4350000000000005,45.94637126553647,-101.8402065971499,-0.469194529448372,4.569661875392774,45.77035,-101.733108,5.0,9149,0.9435849834983498,-0.015126667669589072,-0.017756664886139806,0.01391430553,5.0,35.69578200040269,True,True
5.492,46.22444091613128,-101.98082830036239,-0.46755672367409157,4.601368851304375,45.903078,-101.803044,5.0,9150,0.9436881188118812,-0.012786402304115551,-0.014938112912900259,0.01624595278,5.0,42.44499500055099,True,True
5.534,46.3632393427282,-102.05071466127094,-0.4663056084329872,4.5411377341342405,46.169297,-101.942297,5.0,9152,0.9438943894389439,-0.008855592711252082,-0.011645050669514045,0.016793964445,5.0,34.96565699970233,True,True
5.584,46.5011006469718,-102.1203541143142,-0.46454818834913386,4.578334151165015,46.302738,-102.01140500000001,5.0,9153,0.9439975247524752,-0.007160226212902201,-0.011017750065375864,0.016493288216,5.0,34.849529998609796,True,True
5.633,46.78014983023124,-102.26011954298744,-0.4641242102202873,4.597941560757562,46.700998,-102.216084,5.0,9156,0.9443069306930693,-0.06582117682081685,-0.008674375402650814,0.017863945219,5.0,33.91414200086729,True,True
5.6850000000000005,46.920106372975425,-102.33016832722754,-0.4636107176527101,4.608154652553367,46.83442,-102.284375,5.0,9157,0.9444100660066007,-0.05944391071942042,-0.008721787804669923,0.019027731551,5.0,35.58592500121449,True,True
5.735,47.20125629362652,-102.4697148508649,-0.4567079613327614,4.622448725309908,47.101865000000004,-102.420581,5.0,9159,0.9446163366336634,-0.0461817425208339,-0.006629486000104823,0.01819140265,5.0,35.62001899990719,True,True
5.786,47.34259369770089,-102.53902603637889,-0.4552920835566593,4.632328946439867,47.236148,-102.487959,5.0,9160,0.9447194719471947,0.03937359713458795,-0.00737848553761955,0.014932784126,5.0,36.40442599862581,True,True
5.833,47.625940469987945,-102.6768968060673,-0.454873157567603,4.662655452705991,47.505236,-102.622226,5.0,9162,0.9449257425742574,0.025271704124885618,-0.005844313638319498,0.016056997587,5.0,33.583403997909045,True,True
5.885,47.76769024037548,-102.74621229083229,-0.45502540744337366,4.587159912976586,47.639963,-102.68865699999999,5.0,9163,0.9450288778877888,0.018301188739353418,-0.005311413920727759,0.01826971011,5.0,35.17342499981169,True,True
5.935,48.050707719493005,-102.88358652229408,-0.4496097307839926,4.639499070484463,47.774366,-102.755628,5.0,9164,0.9451320132013201,0.011542155158172073,-0.006604310214143538,0.01799563157,5.0,35.29462200094713,True,True
5.985,48.19295591828671,-102.95206134347552,-0.44769593330545426,4.646840079340269,48.042998,-102.888524,5.0,9166,0.9453382838283828,0.00782277013889363,-0.006756681324653346,0.017548453371,5.0,35.884113000065554,True,True
6.035,48.335545332491165,-103.02038051469502,-0.44583707038265324,4.6530586396891636,48.177879,-102.954495,5.0,9167,0.9454414191419142,0.008778264226551653,-0.0059076347896005466,0.017078124249,5.0,35.12245000092662,True,True
6.084,48.621460944016164,-103.15686705228666,-0.4445852349553525,4.670339042920991,48.448370000000004,-103.085614,5.0,9169,0.945647689768977,0.010347148738370691,-0.004974062271293267,0.017702902682,5.0,34.15434999988065,True,True
6.135,48.765088609304385,-103.22541482947008,-0.4429772349784115,4.716090209164923,48.583954,-103.151015,5.0,9170,0.9457508250825083,0.010942948572621897,-0.003733064102215078,0.019270117513,5.0,35.88326200042502,True,True
6.185,49.053222670455064,-103.36114720115741,-0.43875809032990865,4.680549249758623,48.856297,-103.281301,5.0,9172,0.945957095709571,0.011548733412940259,-0.0023741614504113606,0.018841969157,5.0,35.18912499930593,True,True
6.236,49.19699474126236,-103.42822021811175,-0.43663898616196917,4.636457260069922,48.992791,-103.34577900000001,5.0,9173,0.9460602310231023,0.011880503799895439,-0.0022641289378872997,0.018071173419,5.0,37.04720600217115,True,True
6.285,49.48442982804203,-103.56202164323459,-0.43235725784097745,4.684606379568659,49.400439,-103.537076,5.0,9176,0.9463696369636964,0.07355006862118173,-0.001739875641765476,0.017143565088,5.0,35.51412199885817,True,True
6.334,49.62918934872121,-103.62870794864492,-0.4310452255578937,4.690545548599054,49.537052,-103.60047,5.0,9177,0.9464727722772277,0.06517184299630359,-0.0017302688033589142,0.017591682457,5.0,34.7265199998219,True,True
6.383,49.9196880576117,-103.7616978642682,-0.4258853542752555,4.702995459674851,49.810911,-103.726913,5.0,9179,0.9466790429042904,0.04839566088716987,0.00016326061437510475,0.018568094596,5.0,33.738844002073165,True,True
6.4350000000000005,50.06555124949973,-103.82761971836214,-0.42285875366757736,4.710372196454723,49.948301,-103.789485,5.0,9180,0.9467821782178217,0.03988515242911309,-0.00016797004880508837,0.016211361125,5.0,35.83524199711974,True,True
6.485,50.35785349963313,-103.95869413840556,-0.4186316232304157,4.680831977550327,50.223967,-103.913834,5.0,9182,0.9469884488448845,0.023866868420520135,-0.0016549501848737158,0.014543248647,5.0,35.565668000344886,True,True
6.537,50.50481387934498,-104.02387066731592,-0.41917497444649643,4.736723592364689,50.361453999999995,-103.975593,5.0,9183,0.9470915841584159,0.017278169060403407,-0.0019213509692068698,0.01450791058,5.0,37.40510599891422,True,True
6.586,50.79731414969319,-104.15372238284897,-0.41670664463129886,4.712609148491965,50.637508000000004,-104.098558,5.0,9185,0.9472978547854786,0.014435793287874352,-0.00016256092460498195,0.01986670039,5.0,36.70914600297692,True,True
6.636,50.94400104544643,-104.21844138635942,-0.4144066221043116,4.718416137292524,50.775146,-104.159911,5.0,9186,0.9474009900990099,0.014640498329873531,-0.0015557382103748019,0.018945250698,5.0,36.3367889985966,True,True
6.6850000000000005,51.23833103783095,-104.34719808371992,-0.4104313000567681,4.730344624515549,51.051152,-104.281888,5.0,9188,0.9476072607260726,0.015066683890376239,-0.0019172440369499277,0.018188706388,5.0,35.950458001025254,True,True
6.736,51.385878055653514,-104.41129481738366,-0.40892959852411814,4.735466827448874,51.189405,-104.34255999999999,5.0,9189,0.9477103960396039,0.015363845718924723,-0.002571857452396742,0.018081175505,5.0,36.981553999794414,True,True
6.785,51.68210793448789,-104.53946398229549,-0.40685150547025684,4.7416822052986065,51.327839000000004,-104.403134,5.0,9190,0.9478135313531353,0.015701807632058192,-0.00275749603350528,0.019268130594,5.0,35.650886999064824,True,True
6.836,51.83040201098457,-104.60299012591084,-0.4043475692000363,4.773679449367749,51.744960999999996,-104.583889,5.0,9193,0.9481229372937293,0.07696811055440803,0.0016752249106688488,0.022031601716,5.0,36.50073500102735,True,True
6.886,52.126549070591544,-104.72892363453785,-0.3996381484746663,4.671642885472806,51.884506,-104.643539,5.0,9194,0.9482260726072608,0.06761251967854105,0.0011772244892207517,0.020867224283,5.0,36.29086300134077,True,True
6.934,52.27414492478043,-104.7914986043488,-0.3972367488834996,4.740694487710956,52.161839,-104.761444,5.0,9196,0.9484323432343235,0.047989095505598815,-0.00048721054916001094,0.019898349374,5.0,34.615702999872155,True,True
6.986,52.42290455481136,-104.85375661833199,-0.3955868612549772,4.745125429511786,52.301076,-104.820095,5.0,9197,0.9485354785478548,0.039281505275660863,-0.00023199526308381735,0.019394374157,5.0,36.27129699816578,True,True
7.034,52.72118340034847,-104.97778317791337,-0.3918586953649675,4.755424759968126,52.58061899999999,-104.93678100000001,5.0,9199,0.9487417491749175,0.022684688447121848,0.0011419001308947685,0.020517111172,5.0,34.15471100015566,True,True
7.087,52.87081396365847,-105.03929316569362,-0.3873611897963335,4.758881761064956,52.720797999999995,-104.994607,5.0,9200,0.9488448844884488,0.01682823588589658,0.0019277181440586766,0.020216551154,5.0,37.400006000098074,True,True
7.136,53.171253347664184,-105.16092338699325,-0.38200845192630367,4.771248271591137,53.001959,-105.109274,5.0,9202,0.9490511551155115,0.015424232507232977,-5.036228813093402e-05,0.015797528381,5.0,36.92165200118325,True,True
7.184,53.321222742893085,-105.22121866029636,-0.3818225601755615,4.769096407867619,53.142872,-105.16603899999998,5.0,9203,0.9491542904290429,0.01531133100420987,-0.00015161904461269415,0.015745630265,5.0,34.32678299941472,True,True
7.234,53.62237401121598,-105.34154858805897,-0.38017334769835404,4.7592621151529855,53.424622,-105.278893,5.0,9205,0.9493605610561056,0.015157697166699437,0.0015938415342580114,0.020533696603,5.0,34.89506500045536,True,True
7.286,53.772781314159616,-105.40147423389733,-0.37819457740634405,4.764458605786077,53.565132,-105.33490900000001,5.0,9206,0.949463696369637,0.014984335075030641,0.0012338606562813936,0.021087334791,5.0,36.73239899944747,True,True
7.334,54.07442791377563,-105.52068114914962,-0.3745416589123111,4.7742077391914925,53.987977,-105.50198600000002,5.0,9209,0.949773102310231,0.07633111671264504,0.003141158278836098,0.022160237938,5.0,34.827347997634206,True,True
7.383,54.22554369544238,-105.58001807856532,-0.3732593747302523,4.780179422260205,54.12935600000001,-105.55719099999999,5.0,9210,0.9498762376237624,0.0659550139518499,0.0030905200882207495,0.022100684295,5.0,33.63826599888853,True,True
7.436,54.52901455094576,-105.69841570556292,-0.3695215218776374,4.79899515966202,54.41270600000001,-105.66699399999999,5.0,9212,0.9500825082508251,0.045307883770433405,0.0036850622286870305,0.023260632454,5.0,36.687404000986135,True,True
7.485,54.680837508540435,-105.75697774981363,-0.367192986670456,4.790792271517341,54.555096999999996,-105.721718,5.0,9213,0.9501856435643564,0.03497557826110776,0.004103275848899912,0.022988157758,5.0,35.1453319999564,True,True
7.538,54.98538080906094,-105.87315285833505,-0.36208590051771156,4.751233600052636,54.839721999999995,-105.82979499999999,5.0,9215,0.9503919141914191,0.015916124249285825,0.0038463138428195265,0.02187454683,5.0,38.22651099835639,True,True
7.586,55.13621475489963,-105.93041265266183,-0.3589396386606854,4.775714561490577,54.982011,-105.88333200000001,5.0,9216,0.9504950495049505,0.010722431540588055,0.0022116368176781087,0.021014795387,5.0,36.99606100053643,True,True
7.634,55.441848778956455,-106.04438476995554,-0.35465089862177984,4.803244728153491,55.122814,-105.936311,5.0,9217,0.9505981848184818,0.010200285638596422,0.0009514847524783043,0.019711836627,5.0,34.558266001113225,True,True
7.687,55.595226603183626,-106.10102402912496,-0.352175692962047,4.8104741797989155,55.408026,-106.042125,5.0,9219,0.9508044554455446,0.009546336327137512,0.0013530997665274214,0.019507426191,5.0,37.32746999958181,True,True
7.734,55.74893808062922,-106.15729751492898,-0.3491998886048365,4.815546650529676,55.551054,-106.09468999999999,5.0,9220,0.9509075907590759,0.009170849312250456,0.001375466948577042,0.019093897326,5.0,34.739323000394506,True,True
7.786,56.05731843791155,-106.26875276013321,-0.34396867305914464,4.825263573111523,55.837875,-106.19878,5.0,9222,0.9511138613861386,0.008397021019289443,0.0009937155461048341,0.017361842335,5.0,36.16705199965509,True,True
7.837,56.211250002368374,-106.32386678880691,-0.3433595303310435,4.822154671463855,56.125011,-106.30166799999999,5.0,9224,0.9513201320132013,0.07527081756953925,0.0014971742797151855,0.017710354716,5.0,37.424021000333596,True,True
7.8870000000000005,56.52061081465674,-106.43394209485702,-0.3412742871433588,4.804323515185804,56.41298199999999,-106.403924,5.0,9226,0.951526402640264,0.05306711339316002,0.001935791621414662,0.021122093073,5.0,37.526733001868706,True,True
7.936,56.674823385099614,-106.48849795625465,-0.33863669412715686,4.815157264759745,56.55653,-106.454756,5.0,9227,0.9516295379537953,0.041513931673894174,0.002025035959118071,0.021779224274,5.0,36.68269599802443,True,True
7.984999999999999,56.984204018976946,-106.59655717177529,-0.3335577345565515,4.822504490873892,56.843804000000006,-106.55543999999999,5.0,9229,0.951835808580858,0.019244781297961564,0.000663303025928208,0.019913134055,5.0,35.49634900264209,True,True
8.036,57.13917462792725,-106.65016825138353,-0.33219254136410653,4.827812874724345,56.987609,-106.60543999999999,5.0,9230,0.9519389438943895,0.00951307169303713,-0.0006217882598962277,0.019256250441,5.0,36.77450800023507,True,True
8.086,57.4501269477312,-106.75719639652442,-0.329085806702678,4.850681408861982,57.275714,-106.70506,5.0,9232,0.9521452145214522,0.007377891581259898,-0.000568059281548905,0.020878260602,5.0,36.29190499850665,True,True
8.136,57.605745822985945,-106.81013003521441,-0.326979311707444,4.836179056818532,57.420364,-106.754792,5.0,9233,0.9522483498349835,0.00730520820285939,-0.00037427794037947493,0.020687874532,5.0,36.74269800103502,True,True
8.186,57.917579857984485,-106.91511483492484,-0.32236259814568424,4.841268997153988,57.709817,-106.85285400000001,5.0,9235,0.9524546204620462,0.007084018258488584,3.343376527009667e-05,0.019744183605,5.0,36.56959499858203,True,True
8.236,58.07231255297289,-106.96672977010277,-0.3195367157101202,4.790479228294829,57.854475,-106.90143300000001,5.0,9236,0.9525577557755776,0.00691019241819294,3.1978208725469415e-06,0.018931235432,5.0,36.95860099833226,True,True
8.286,58.384685415264585,-107.06956523493021,-0.3152970672742971,4.846015817690009,58.287901,-107.045027,5.0,9239,0.9528671617161716,0.06541848855802103,0.0014506671026919271,0.017749374331,5.0,36.13175599821261,True,True
8.337,58.54155174396478,-107.12058352127121,-0.312975367672051,4.853017917831231,58.433351,-107.09244199999999,5.0,9240,0.9529702970297029,0.05377439462883854,0.0011591370945192025,0.017461061328,5.0,37.312471999030095,True,True
8.385,58.85615851255059,-107.22162593935516,-0.30832173242126987,4.862909490102799,58.725048,-107.18651200000001,5.0,9242,0.9531765676567657,0.030434624494322746,0.0008104699452302633,0.015866900535,5.0,35.520282999641495,True,True
8.435,59.01385589273176,-107.27166569497915,-0.3062082242371223,4.866209865671897,58.871254,-107.23312299999999,5.0,9243,0.9532797029702971,0.018975145448878065,0.0006256252182983424,0.015614312007,5.0,35.76824600168038,True,True
8.487,59.32909840856973,-107.37091335677037,-0.3051226381699942,4.863257615751303,59.01763199999999,-107.27949199999999,5.0,9244,0.9533828382838284,0.00868965110809618,0.00023993428883883894,0.015423656784,5.0,37.39778199815191,True,True
8.537,59.48719653857776,-107.42064275729938,-0.3034314840281326,4.851894628079882,59.309996,-107.371375,5.0,9246,0.9535891089108911,0.006136328882488211,0.0018132275913931295,0.018458670535,5.0,37.787830999150174,True,True
8.586,59.80216611723151,-107.51851483030948,-0.2986720545290771,4.855157514911732,59.456759,-107.41722,5.0,9247,0.9536922442244224,0.005746454764561961,0.00168655837249565,0.018516114163,5.0,36.310709998360835,True,True
8.635,59.96001313364672,-107.56692338344365,-0.2963504029945147,4.8565409481670585,59.74874200000001,-107.507447,5.0,9249,0.9538985148514851,0.005067404836019997,0.0006742153738663603,0.016837391993,5.0,35.60974100037129,True,True
8.686,60.1179561172783,-107.61507977786987,-0.2952378122709515,4.860636720076468,59.894897,-107.552225,5.0,9250,0.9540016501650165,0.005015450484486417,-0.0009007771163282996,0.016198263465,5.0,36.132417000771966,True,True
8.737,60.43468048453435,-107.711498845139,-0.2939365630473854,4.881293259568948,60.333895,-107.686652,5.0,9253,0.9543110561056105,0.06241699309356682,-0.001208401291069805,0.019862216627,5.0,37.538155000220286,True,True
8.785,60.593051481795,-107.75927794475716,-0.2920888439168372,4.86474331052182,60.480851,-107.73146299999999,5.0,9254,0.954414191419142,0.050301928170574634,-0.0008233953988092679,0.020363053467,5.0,35.125416001392296,True,True
8.834,60.9101887573332,-107.85401785884966,-0.2886197845074267,4.868735908929525,60.774347,-107.819901,5.0,9256,0.9546204620462047,0.02618416400510496,-0.0009008266053638359,0.019828067767,5.0,34.25171200069599,True,True
8.886,61.06759247213532,-107.90067979766319,-0.2870370827729536,4.795182423047933,60.92109,-107.86375600000001,5.0,9257,0.954723597359736,0.014617403488463814,-0.0013085134668577858,0.019850311603,5.0,36.94023699790705,True,True
8.936,61.3842545814711,-107.99397641543575,-0.2841805166346651,4.867687233427574,61.213102,-107.950597,5.0,9259,0.9549298679867987,0.006411553140857614,-0.0019906847051971432,0.019737554573,5.0,36.28697600288433,True,True
8.987,61.543227401719264,-108.04035923668125,-0.28325652364332177,4.87313921812705,61.36009,-107.99369899999999,5.0,9260,0.95503300330033,0.00648548295364655,-2.8567400142787136e-05,0.020879796923,5.0,37.3765820004337,True,True
9.035,61.86191307173791,-108.13209708829221,-0.2763739549211323,4.879885168324195,61.654764,-108.079021,5.0,9262,0.9552392739273927,0.005874333937287003,0.0009844873129978282,0.020488296893,5.0,35.34043699983158,True,True
9.085,62.021672658666844,-108.17724089164561,-0.27459677686750267,4.882267512619391,61.802424,-108.121163,5.0,9263,0.9553424092409241,0.005666555508813953,-0.0004263743838839318,0.017768189566,5.0,35.23277600106667,True,True
9.136,62.340857443729,-108.26700019777842,-0.2746208722395596,4.8809580262791,62.245495999999996,-108.245798,5.0,9266,0.9556518151815182,0.06858290330960552,0.0044956211195748,0.021471790421,5.0,36.89617400232237,True,True
9.183,62.50112481886954,-108.3122712692067,-0.27282387722075335,4.8816045070248615,62.39325,-108.286445,5.0,9267,0.9557549504950495,0.05588452635610922,0.00385409145865534,0.022961981426,5.0,33.75992399742245,True,True
9.235,62.81975395865294,-108.40044480345745,-0.2658816713901705,4.863868872538276,62.6888,-108.368407,5.0,9269,0.9559612211221122,0.030832537445906534,0.0035259096624362662,0.022175477001,5.0,35.7502229999227,True,True
9.285,62.97936310833142,-108.44359729916424,-0.2620567133342052,4.863198089109396,62.836454,-108.408542,5.0,9270,0.9560643564356436,0.01855952512437639,0.0013892799909922537,0.018905595164,5.0,35.39002000252367,True,True
9.335,63.29895816015755,-108.52872261846863,-0.25912655523912903,4.8689530079769385,62.984143,-108.448397,5.0,9271,0.9561674917491749,0.006773809303206044,-0.0010601113997368294,0.016578487769,5.0,35.577620001276955,True,True
9.385,63.45937540415726,-108.5713608165529,-0.258935224880627,4.879610615997969,63.279804000000006,-108.527868,5.0,9273,0.9563737623762376,0.004137592518891363,-0.0031803869944235785,0.017714581926,5.0,35.18121900197002,True,True
9.434,63.619360847611844,-108.61365548658615,-0.25710547982014037,4.866236532032261,63.42815,-108.56766499999999,5.0,9274,0.956476897689769,0.004427865606419737,-0.001667166866698988,0.020054842352,5.0,34.957862000737805,True,True
9.486,63.93970756923297,-108.6972435331906,-0.25379680475001276,4.867990776914326,63.724658999999996,-108.64595200000001,5.0,9276,0.9566831683168316,0.004549716982855609,-0.0011342426302780595,0.019976815424,5.0,36.940498001058586,True,True
9.534,64.09897576473888,-108.73839222041099,-0.25231522231507186,4.787368873203772,63.872831000000005,-108.68463999999999,5.0,9277,0.956786303630363,0.004605867799745608,-0.0009061854999488084,0.020524566138,5.0,35.06745699996827,True,True
9.587,64.418367167825,-108.82057470900969,-0.2483381401504992,4.865318387317175,64.315908,-108.79929399999999,5.0,9280,0.9570957095709571,0.06100343981120875,-0.00035453432200283075,0.020901282694,5.0,37.87078700042912,True,True
9.637,64.57886792336429,-108.86116259945341,-0.24636464249731316,4.870040086145195,64.464488,-108.837055,5.0,9281,0.9571988448844885,0.048976843014230644,0.0008210099880474608,0.021312520279,5.0,37.38182199958828,True,True
9.686,64.9005767215395,-108.94084127200243,-0.23925517230136675,4.877539622707337,64.762231,-108.91145700000001,5.0,9283,0.9574051155115512,0.024813122923066866,-3.5979735362623444e-05,0.018335515063,5.0,36.540920998959336,True,True
9.737,65.0618211368308,-108.98000736146571,-0.23732164106983777,4.879840216155491,64.911397,-108.948127,5.0,9284,0.9575082508250825,0.01304454899248425,-0.0005966219344584189,0.016980762336,5.0,37.35176599730039,True,True
9.784,65.38367086012971,-109.05777900852802,-0.23719490744231597,4.8393359316900195,65.20961199999999,-109.020549,5.0,9286,0.9577145214521452,0.004621193082948827,0.00015367488569850707,0.019725669231,5.0,34.4451230012055,True,True
9.836,65.5454274946,-109.09682376968367,-0.23481131152028273,4.889590149924277,65.358824,-109.056634,5.0,9287,0.9578176567656765,0.004721633334221202,3.58745395376836e-05,0.021320728471,5.0,36.538415999530116,True,True
9.884,65.86728787180708,-109.17305327739594,-0.2298664704184408,4.866039469893755,65.65724300000001,-109.128262,5.0,9289,0.9580239273927392,0.004560543815026381,-0.00019027917192948607,0.020116253203,5.0,34.996514001250034,True,True
9.934,66.02846392423216,-109.21054271414158,-0.2272800536446521,4.867994834547042,65.80604,-109.16335,5.0,9290,0.9581270627062707,0.004412902461912524,-9.478448864541633e-05,0.018837350023,5.0,35.07570199872134,True,True
9.983,66.35114855958679,-109.28452178591137,-0.22384318210247328,4.872724513644235,66.253249,-109.26638999999999,5.0,9293,0.9584364686468647,0.06618785158950163,0.00011238708366345662,0.017654667994,5.0,33.312547999230446,True,True
10.036,66.5131433738142,-109.32150361099309,-0.22362584866421262,4.883240723595146,66.402488,-109.300505,5.0,9294,0.9585396039603961,0.05376989189635097,-0.0005945905511217653,0.018615785223,5.0,36.26026599886245,True,True
10.084,66.83641903060386,-109.39446071360351,-0.2199547049135328,4.8710943650215475,66.70160899999999,-109.368261,5.0,9296,0.9587458745874587,0.02876681078863741,0.0016146981500715363,0.020533479625,5.0,34.21133699885104,True,True
10.136,66.9980184864574,-109.43046314040555,-0.21848960650083618,4.872346229524832,66.851256,-109.40157099999999,5.0,9297,0.9588490099009901,0.016452715079952024,0.0016599614964389886,0.0201917863,5.0,36.23292499833042,True,True
10.185,67.31942564190007,-109.5018527559226,-0.2140511289294277,4.870411948637186,67.00071700000001,-109.43461200000002,5.0,9298,0.9589521452145214,0.004949243505248864,0.0019796253112511764,0.020374682296,5.0,35.93872500277939,True,True
10.236,67.48123847623168,-109.53685638169384,-0.2123943019657894,4.870213365285731,67.297758,-109.500147,5.0,9300,0.9591584158415841,0.0029067402103721478,-0.0017139692631853443,0.019234408143,5.0,36.51202699984424,True,True
10.285,67.6432499976993,-109.57167815570632,-0.2104663229245376,4.875109628240672,67.447322,-109.532448,5.0,9301,0.9592615511551155,0.002813928874624126,0.00023389761159187117,0.019293231542,5.0,35.34654800023418,True,True
10.335,67.96794838273578,-109.63991557027731,-0.2038254822932752,4.882703531247592,67.74701800000001,-109.59640900000001,5.0,9303,0.9594678217821783,0.002489129978904915,-0.0007395844668218743,0.016374196462,5.0,36.09619000053499,True,True
10.386,68.13064312700244,-109.67337923360014,-0.20189615859971236,4.884771311373578,67.897178,-109.627775,5.0,9304,0.9595709570957096,0.002452632704521337,-0.0011651756162911475,0.01516954866,5.0,36.599650000425754,True,True
10.435,68.45551514197768,-109.73983503465212,-0.2020698262422281,4.844452902083406,68.347764,-109.72062199999999,5.0,9307,0.9598803630363036,0.05649828500042344,0.000274057255523541,0.018188070382,5.0,35.77274500275962,True,True
10.485,68.61873804312377,-109.77315420256161,-0.19950657143661302,4.911095587029135,68.497596,-109.75123799999999,5.0,9308,0.959983498349835,0.04359846592047804,0.0010989571138853016,0.02001908586,5.0,35.62746399984462,True,True
10.536,68.94362728426805,-109.83810881368947,-0.1948537317289847,4.871522493997702,68.798549,-109.811968,5.0,9310,0.9601897689768977,0.018404734647412893,0.0005728441110335325,0.018246249124,5.0,36.80320100102108,True,True
10.587,69.10619166795357,-109.86998713448402,-0.19249919098365206,4.873224045152287,68.94856300000001,-109.841723,5.0,9311,0.960292904290429,0.006117485796790579,-0.00016752562299293672,0.017198844549,5.0,37.20716599855223,True,True
10.634,69.43151206873351,-109.93296251315918,-0.19034804194467458,4.877864962965005,69.248704,-109.90062900000001,5.0,9313,0.9604991749174917,0.0029565642325648585,-0.0026918920201706165,0.01611438334,5.0,35.01060100097675,True,True
10.685,69.5947742857191,-109.96449634260077,-0.19003400716167354,4.887829240200428,69.398865,-109.93003300000001,5.0,9314,0.960602310231023,0.003394026009493537,-0.0029488024802710733,0.01801198592,5.0,35.45333799775108,True,True
10.735,69.92070613663013,-110.02656135108417,-0.18603015236534007,4.876014155813367,69.69989100000001,-109.988469,5.0,9316,0.9608085808580858,0.003681972922124605,-0.0010770284752998904,0.019568441026,5.0,35.33873400010634,True,True
10.783,70.08363671288231,-110.05712930487259,-0.1847022841876631,4.879499032073845,69.850494,-110.017156,5.0,9317,0.9609117161716172,0.003797679973915712,-0.0014830069110631783,0.018796665384,5.0,33.088267999119125,True,True
10.837,70.40759224886774,-110.1178298745515,-0.18172346942131368,4.870514253679356,70.30065400000001,-110.10164499999999,5.0,9320,0.9612211221122112,0.05611808719663515,-0.0005742390166254552,0.02100079444,5.0,37.52614199765958,True,True
10.886,70.57066966310336,-110.14773016352318,-0.18054909521967802,4.876674980888922,70.450413,-110.12963899999998,5.0,9321,0.9613242574257426,0.044419277024602306,-0.0010787335055826297,0.0200913761,5.0,36.80604599867365,True,True
10.935,70.89727857887657,-110.20706068298553,-0.17769058966550674,4.884376351915773,70.751914,-110.184358,5.0,9323,0.9615305280528053,0.019329848911939205,0.0028951296389356784,0.021932079088,5.0,35.75062399977469,True,True
10.984,71.06086503664463,-110.23615940921869,-0.173739422894879,4.88689928061037,70.902971,-110.21115900000001,5.0,9324,0.9616336633663366,0.007014261229639952,0.003041985103059641,0.021198265296,5.0,34.8006690001057,True,True
11.037,71.38821527462004,-110.29312396833268,-0.17221023491257975,4.889060788241744,71.054142,-110.23768500000001,5.0,9325,0.9617367986798679,0.0026538836683006046,0.000878052132609497,0.018280478248,5.0,37.495666001632344,True,True
11.086,71.55184453341187,-110.32139287034585,-0.1715982956595376,4.850772731499068,71.356205,-110.29003700000001,5.0,9327,0.9619430693069307,0.0024156688355435546,0.0009476617739001547,0.02089417402,5.0,36.427159000595566,True,True
11.134,71.71612469721151,-110.34959777519512,-0.16827309705302612,4.933173287184244,71.50738100000001,-110.316194,5.0,9328,0.9620462046204621,0.002319135178724822,0.0018205730369422746,0.022255046343,5.0,34.945098999742186,True,True
11.187,72.04347445893039,-110.40427475176246,-0.16242478858740947,4.876386066523297,71.810038,-110.36757,5.0,9330,0.9622524752475248,0.0019735739534677303,-0.0008813291635432208,0.019044885409,5.0,37.26869200181682,True,True
11.235,72.20715046961648,-110.43084796466007,-0.15955734494453436,4.8777024338061254,72.11166700000001,-110.417396,5.0,9332,0.9624587458745875,0.06944342886726615,0.000748780473851518,0.018110357438,5.0,35.94149200216634,True,True
11.288,72.53475690340996,-110.48278288333962,-0.15521855168133802,4.881091879150972,72.41355,-110.466159,5.0,9334,0.9626650165016502,0.04358276462435418,-0.002568945487663843,0.015516133482,5.0,38.60657399854972,True,True
11.335,72.6991171246495,-110.50855082816881,-0.15491200155589682,4.892368861487863,72.56457900000001,-110.49043300000001,5.0,9335,0.9627681518151815,0.030787687960351088,-0.003945260113965343,0.01593606843,5.0,35.72494600302889,True,True
11.385,73.02719488509376,-110.55919989140122,-0.15108126876532488,4.88110924262826,72.86718,-110.538656,5.0,9337,0.9629744224422442,0.006197093758127354,-0.0026990565078302,0.017871288956,5.0,35.51632200105814,True,True
11.435,73.19124145930245,-110.5840450685871,-0.14960090437539164,4.882995631866188,73.01853100000001,-110.562265,5.0,9338,0.9630775577557755,0.004349894514501321,-0.002801290189651251,0.017281054131,5.0,35.36479800095549,True,True
11.484,73.5173903064391,-110.63322824774393,-0.14605673728379015,4.858725859459607,73.32096800000001,-110.608709,5.0,9340,0.9632838283828383,0.005237992873612055,-0.0031951996562371576,0.018124991613,5.0,34.52074600136257,True,True
11.536,73.68159613050705,-110.65746927468301,-0.14478283276541565,4.882215949090888,73.47061500000001,-110.631592,5.0,9341,0.9633869636963697,0.005371444118982793,-0.004800742648662482,0.017193577035,5.0,36.20767699976568,True,True
11.584,74.01051939984607,-110.70511797613773,-0.14132578689322622,4.890267715088054,73.773165,-110.676736,5.0,9343,0.9635932343234324,0.005798207058395894,-0.0010071033797491857,0.018721302901,5.0,34.67394400286139,True,True
11.637,74.17532038274469,-110.72831162998432,-0.13849359726437646,4.8947240707766,74.076684,-110.72027299999999,5.0,9345,0.963799504950495,0.06787804550658914,0.001297124024365548,0.017938651695,5.0,37.400794000859605,True,True
11.687,74.50488595216004,-110.77384346513803,-0.1369004289307609,4.894833629397326,74.380414,-110.76253600000001,5.0,9347,0.9640057755775577,0.04174215004781496,5.9928950350673915e-05,0.015863034033,5.0,37.39851899808855,True,True
11.734,74.66969806160907,-110.79643325558789,-0.13690292960590209,4.856364702836032,74.532358,-110.783239,5.0,9348,0.9641089108910891,0.029034281252748574,0.0017408795230857699,0.018444574807,5.0,34.882994998042705,True,True
11.786,75.00009949387893,-110.84082454004049,-0.13093256951476626,4.876446282738114,74.83635500000001,-110.82432800000001,5.0,9350,0.9643151815181518,0.005715925713189729,0.0014797554364718302,0.018467572815,5.0,36.755314002220985,True,True
11.835,75.16470226216937,-110.8623012865809,-0.12863845677885094,4.882859851539776,74.988574,-110.844349,5.0,9351,0.9644183168316832,0.004976695717220328,0.0010945551189553981,0.016928703504,5.0,35.54520600300748,True,True
11.886,75.4940807450456,-110.9042417803715,-0.12469919495489501,4.882982939078088,75.140232,-110.864006,5.0,9352,0.9645214521452146,0.004797854481507573,0.0005350784539914777,0.016134894361,5.0,36.15113200066844,True,True
11.934,75.65878574328185,-110.92486388601132,-0.12410608858751343,4.885392431400359,75.443641,-110.90268799999998,5.0,9354,0.9647277227722773,0.004801718919322796,-0.0014976698115782838,0.015106459769,5.0,34.97308400255861,True,True
11.985,75.82397659703699,-110.94559780425766,-0.12458023919324293,4.901951762675836,75.595388,-110.921924,5.0,9355,0.9648308580858086,0.00506489613129686,-0.00205392595674736,0.01653278414,5.0,35.72414100199239,True,True
12.034,76.15371481537181,-110.98641265566667,-0.12136057348261975,4.883474210807633,76.05139,-110.979068,5.0,9358,0.9651402640264026,0.06397853963982664,0.001305852850071787,0.020108195368,5.0,34.47769599733874,True,True
12.086,76.3185088637523,-111.00641460371706,-0.1201996031522102,4.885041848782565,76.20349300000001,-110.997607,5.0,9359,0.965243399339934,0.051021377969748365,0.0008076187240302346,0.019228241151,5.0,36.27058500205749,True,True
12.137,76.64631474019073,-111.04603984834027,-0.1176978792037286,4.8460212983918005,76.507475,-111.03405,5.0,9361,0.9654496699669967,0.025341610669224367,0.0002686899033363943,0.020796446135,5.0,37.93560600024648,True,True
12.185,76.81100603748523,-111.06567682602727,-0.11590377526062878,4.882599731180207,76.657616,-111.052174,5.0,9362,0.965552805280528,0.01285870482829236,-0.0006939470364275557,0.019970428064,5.0,35.50976000042283,True,True
12.234,77.14115832568358,-111.10390292527502,-0.11312412381417357,4.890061493243135,76.961894,-111.08743899999999,5.0,9364,0.9657590759075908,0.004112549717625743,0.0026211695460047757,0.02091999191,5.0,34.314420001464896,True,True
12.286,77.30648439880187,-111.12240503254368,-0.10922679204660732,4.894140482559521,77.11431,-111.104497,5.0,9365,0.9658622112211221,0.003517327883486135,0.0027832199618043063,0.019809355997,5.0,36.63309499825118,True,True
12.334,77.63730845245604,-111.15820450840967,-0.10750444096091676,4.895561364780863,77.419578,-111.13771499999999,5.0,9367,0.9660684818481848,0.002932352053216695,0.0002251749819248694,0.016016645567,5.0,34.79802599758841,True,True
12.383,77.80276507144875,-111.17594580633988,-0.10719697809553591,4.855601206262687,77.57195,-111.153985,5.0,9368,0.9661716171617162,0.0027402942937133114,0.0011557720509633995,0.018691939651,5.0,34.00204399804352,True,True
12.435,78.13453152761662,-111.21043480820347,-0.10032327001584458,4.878492306363155,78.030235,-111.202183,5.0,9371,0.9664810231023102,0.06268438488765107,0.0024830423851303074,0.018342172183,5.0,35.882347998267505,True,True
12.488,78.29966399496097,-111.22685505380048,-0.0978446735169967,4.884152703739903,78.182783,-111.217468,5.0,9372,0.9665841584158416,0.048761361486439204,0.0014062350338774898,0.016234057486,5.0,38.69725399999879,True,True
12.538,78.6303148385357,-111.25869762690196,-0.09420892762354406,4.885098421368991,78.48733399999999,-111.24721799999999,5.0,9374,0.9667904290429042,0.02278052358239159,-0.0006332655148062472,0.014708224381,5.0,38.57920199880027,True,True
12.586,78.79564112393571,-111.27428468248542,-0.09345322513789212,4.88753053888406,78.639606,-111.26194299999999,5.0,9375,0.9668935643564357,0.009841652701714197,-0.002507417893417241,0.014741454383,5.0,36.2113640003372,True,True
12.634,79.12682150842224,-111.30536368999205,-0.09271157241859235,4.887514777481109,78.94459499999999,-111.29163799999999,5.0,9377,0.9670998349834984,0.0032713322939332433,-0.0019993649858887075,0.018253226438,5.0,34.308398000575835,True,True
12.685,79.29245472662659,-111.32053407463523,-0.09044531220302844,4.88754685828429,79.097081,-111.30609799999999,5.0,9378,0.9672029702970297,0.003484156083464855,-0.0009105354058598358,0.018664504225,5.0,35.81390999897849,True,True
12.736,79.6234372232664,-111.35018841558856,-0.0885996846169365,4.891433238738493,79.249835,-111.320299,5.0,9379,0.9673061056105611,0.0036695259882505754,-0.0017653249680860128,0.017568481119,5.0,36.16221199990832,True,True
12.784,79.78742875866158,-111.36478830081292,-0.08700673734041106,4.831121179310497,79.55481400000001,-111.348129,5.0,9381,0.9675123762376238,0.004012980336403929,-0.0007846877891592996,0.019037008973,5.0,34.95877699970151,True,True
12.835,79.95252993531676,-111.37946910499561,-0.08513785685574107,4.889869017193288,79.858153,-111.375522,5.0,9383,0.9677186468646864,0.07153412200575766,-0.0017793907105008167,0.019394481592,5.0,35.926020002079895,True,True
12.884,80.28407461127172,-111.40752331102647,-0.08280450248002487,4.896679196443823,80.16369399999999,-111.401604,5.0,9385,0.9679249174917491,0.04620706561482243,0.00125365897457419,0.020069194943,5.0,34.62954999849899,True,True
12.936,80.45013021570456,-111.42106690706325,-0.07957740056810408,4.901194418936438,80.316731,-111.414189,5.0,9386,0.9680280528052805,0.03332973348625255,0.0018270146470160675,0.019796663348,5.0,36.10659799960558,True,True
12.985,80.78234021573942,-111.44700735897939,-0.07722559986282394,4.902183919111467,80.623203,-111.438456,5.0,9388,0.9682343234323433,0.008099990440347246,-0.00027965334799162633,0.016861931754,5.0,35.78689899950405,True,True
13.036,80.94857461249562,-111.45986937680668,-0.07736374148451951,4.903191315494647,80.776053,-111.45029,5.0,9389,0.9683374587458746,0.003756272506979111,0.00011490866737950967,0.018801675153,5.0,36.47076099878177,True,True
13.084,81.28175801922268,-111.48445746634317,-0.07051586580620064,4.901193428656035,81.081964,-111.473621,5.0,9391,0.9685437293729373,0.003546403815596312,0.0006250172318109648,0.019201990125,5.0,34.98754099928192,True,True
13.136,81.44758673446307,-111.49595240590489,-0.06799009944558913,4.890369162661091,81.23609300000001,-111.484719,5.0,9392,0.9686468646864687,0.003444776032971831,-0.00031808436010516417,0.016547834303,5.0,36.347558998386376,True,True
13.184,81.77936309666818,-111.51802198553213,-0.06487338007563066,4.8897779031821225,81.541892,-111.50581299999999,5.0,9394,0.9688531353135313,0.0034781012572293922,-0.0010126912548735767,0.015526034573,5.0,34.915927000838565,True,True
13.235,81.9452247325385,-111.52881855822753,-0.06478776716314753,4.891633442463753,81.847539,-111.526123,5.0,9396,0.969059405940594,0.06865551857293263,-0.001390159920036993,0.016855215115,5.0,35.32404200086603,True,True
13.284,82.27736364340926,-111.55057130179286,-0.06502760271414273,4.8915737333498415,82.153687,-111.54639399999999,5.0,9398,0.9692656765676567,0.04284564878680562,0.0006659714618204582,0.022059155701,5.0,34.75837199948728,True,True
13.337,82.44347784475548,-111.56116868351332,-0.0628963944458539,4.893194211110151,82.306567,-111.55623600000001,5.0,9399,0.9693688118811881,0.029747686329262103,0.0018379070518301788,0.022814279597,5.0,37.176141999225365,True,True
13.386,82.77540896120458,-111.58164980739207,-0.060616041310680616,4.895066170388267,82.612711,-111.575025,5.0,9401,0.9695750825082509,0.004822781396274185,0.001579984371255172,0.022048741001,5.0,36.13599299933412,True,True
13.435,82.94035058381039,-111.59152074864238,-0.05887037040440314,4.814503638037707,82.765715,-111.584107,5.0,9402,0.9696782178217822,0.003013714903958846,0.0020374214035161486,0.022542794898,5.0,35.41020299962838,True,True
13.485,83.27159652700477,-111.61104546970444,-0.05530363450820034,4.895777198841939,83.069962,-111.602043,5.0,9404,0.9698844884488449,0.002196958730235485,-0.0008296970369889856,0.020709785721,5.0,35.62189900185331,True,True
13.534,83.43792989499947,-111.62010947071222,-0.05273338860776068,4.899071513914362,83.22315400000001,-111.61038899999998,5.0,9405,0.9699876237623762,0.001871097588502971,0.001999702114160229,0.021069551146,5.0,34.84863099947688,True,True
13.585,83.77105058526364,-111.6367532556292,-0.0476269597391492,4.907037931955224,83.376478,-111.618397,5.0,9406,0.9700907590759076,0.001355131704074945,0.0016906047671643165,0.019482083543,5.0,35.29736200289335,True,True
13.636,83.93745269348315,-111.64464375337687,-0.0471057776644989,4.905634903985609,83.837035,-111.640519,5.0,9409,0.9704001650165016,0.06609178329237696,0.002213285500252571,0.016689565216,5.0,36.23725299985381,True,True
13.684,84.1041139412608,-111.65245127562599,-0.04660851440096121,4.906583567766483,83.990526,-111.64733899999999,5.0,9410,0.970503300330033,0.05314169943642188,0.0031983495156491237,0.018119074743,5.0,34.37549400041462,True,True
13.733,84.43850208263947,-111.66710824938382,-0.03942572378299053,4.977670010281253,84.297184,-111.660679,5.0,9412,0.9707095709570958,-0.026863944805325543,0.0020375547503670433,0.017439426355,5.0,33.827555998868775,True,True
13.784,84.60586351736409,-111.67342367543367,-0.036560147105455264,4.876705528627596,84.452398,-111.666807,5.0,9413,0.9708127062706271,-0.013899182367387198,0.0018633465572324148,0.014337245227,5.0,34.782506998453755,True,True
13.835,84.93392579589845,-111.68474408039829,-0.03274101141046729,4.872403359879802,84.756338,-111.67751299999999,5.0,9415,0.9710189768976898,-0.0012491032906167946,0.0006636854568524697,0.011509338347,5.0,35.25079400060349,True,True
13.885,85.09946979698903,-111.69025202450092,-0.03323134319684696,4.871203271672394,84.908548,-111.68236200000001,5.0,9416,0.9711221122112211,-0.0015778274221376492,0.0009930960992821092,0.012421550738,5.0,35.75691299920436,True,True
13.934,85.43070569632918,-111.7015045587743,-0.0336985736056358,4.866448242835193,85.213443,-111.692049,5.0,9418,0.9713283828382838,-0.002066841057087762,0.0014976382815348188,0.017729523815,5.0,34.2768390000856,True,True
13.984,85.5961966999925,-111.70704609224063,-0.03365655425965522,4.88287637506123,85.366049,-111.697015,5.0,9419,0.9714315181518152,-0.0024011290171435545,0.0012986514518362746,0.019569716283,5.0,34.944340000947705,True,True
14.035,85.92693238138968,-111.71836314187496,-0.03446787361904577,4.870441008145375,85.823252,-111.71141999999999,5.0,9422,0.9717409240924092,-0.06170244852821235,0.003375270885047854,0.023929893682,5.0,35.91192300154944,True,True
14.085,86.0918710570106,-111.72376258090554,-0.03392783206832171,4.743539094110932,85.975646,-111.71603799999998,5.0,9423,0.9718440594059405,-0.048769077527164924,0.005600715145756663,0.025730886369,5.0,35.74437899806071,True,True
14.136,86.41664166042739,-111.73692611595435,-0.028690768774451314,4.875457962225466,86.275121,-111.72574499999999,5.0,9425,0.9720503300330033,-0.022722856864071918,-0.007481952375887335,0.025415284878,5.0,36.12270799931139,True,True
14.185,86.58380495342205,-111.74415198890243,-0.025545084969160418,4.9024013746543,86.427146,-111.73183799999998,5.0,9426,0.9721534653465347,-0.011671763955018654,-0.00746811801137337,0.024263267985,5.0,35.90648300087196,True,True
14.234,86.91367801384675,-111.752393171838,-0.024227378261116695,4.850160716224625,86.732539,-111.740248,5.0,9428,0.9723597359735974,-0.007717318518122369,0.0027431491391101126,0.024527584429,5.0,34.5977800025139,True,True
14.285,87.07827401911125,-111.7563283276596,-0.023195678748932615,4.842469962365324,86.88446,-111.743609,5.0,9429,0.9724628712871287,-0.008173923580631112,0.002755932136086159,0.024900083422,5.0,35.856629998306744,True,True
14.335,87.40805483194102,-111.76365633941589,-0.020795520777070083,4.851567515041572,87.188068,-111.74949699999999,5.0,9431,0.9726691419141914,-0.009602781321863584,0.004934410961706881,0.026986064596,5.0,35.787600001640385,True,True
14.385,87.57329128406647,-111.76650386302532,-0.015363622650329279,4.876721552851957,87.339902,-111.75221100000002,5.0,9432,0.9727722772277227,-0.010261846362782762,0.0031886690688103236,0.025899731106,5.0,35.1392440024938,True,True
14.435,87.90343359177206,-111.77026703514724,-0.007340038657972031,4.841919680095977,87.644701,-111.756751,5.0,9434,0.9729785478547854,-0.07207264298537805,0.00452722922152482,0.02068785289,5.0,35.40822900322382,True,True
14.486,88.06805745103317,-111.77122801330782,-0.004421657976325397,4.8420537990946295,87.94810799999999,-111.759197,5.0,9436,0.9731848184818482,-0.04602551932001685,0.0012120459715267984,0.014728440268,5.0,36.236220999853685,True,True
14.533,88.2326185335155,-111.77177243410296,-0.0019462296301089223,4.841239365197085,88.09967900000001,-111.760005,5.0,9437,0.9732879537953796,-0.033554111324390165,-0.00041881803261434314,0.013719038639,5.0,33.65053499874193,True,True
14.585,88.56214925184004,-111.77219867874265,-0.0008046957464587633,4.8406677062424555,88.402715,-111.76137299999999,5.0,9439,0.9734942244224423,-0.012018391649622314,-0.004057642766963188,0.013382233545,5.0,35.58105200136197,True,True
14.633,88.72668341243656,-111.77221856117225,0.0006564106259705638,4.841767503532836,88.55458399999999,-111.76218999999999,5.0,9440,0.9735973597359736,-0.009968489340440126,-0.004532076677606245,0.015627896437,5.0,33.784675997594604,True,True
14.685,89.05610026964781,-111.77163155455347,0.00221392831429992,4.8455636121033985,88.857823,-111.76353,5.0,9442,0.9738036303630363,-0.008350522758000436,-0.005032442133455106,0.01578404819,5.0,35.752965002757264,True,True
14.737,89.22082015047044,-111.77125383819211,0.0023893680851415806,4.848870520312579,89.009344,-111.76393600000002,5.0,9443,0.9739067656765676,-0.007593105525432336,-0.004649020575058671,0.017411921328,5.0,37.1177830020315,True,True
14.785,89.54858043846038,-111.7704828735583,0.005163936986293364,4.8479243762965565,89.312173,-111.764384,5.0,9445,0.9741130363036303,-0.006198732349383914,-0.00586668843715632,0.019123791389,5.0,35.15804000198841,True,True
14.835,89.71357253086296,-111.76955760372513,0.006546712261849869,4.855103568131557,89.613967,-111.764738,5.0,9447,0.974319306930693,-0.06563844911464696,-0.0024656396116369272,0.018995002442,5.0,35.20791399932932,True,True
14.886,90.04411974737266,-111.76680797043389,0.010544579491405442,4.865391097352704,89.917812,-111.763166,5.0,9449,0.9745255775577558,-0.039388758706615595,-0.0012776582560523053,0.018020598537,5.0,36.13445999872056,True,True
14.935,90.20948443782686,-111.76501527405743,0.012397702889127811,4.834126437340824,90.06995400000001,-111.761905,5.0,9450,0.9746287128712872,-0.026295393662944696,-0.0018893779325837023,0.017348933293,5.0,35.232479000114836,True,True
14.984,90.54007832155236,-111.76065534152558,0.01352388901468422,4.854379474431725,90.373991,-111.758829,5.0,9452,0.9748349834983498,-0.0041088605798588924,-0.0006627539122550097,0.018587702631,5.0,34.43534599864506,True,True
15.034,90.70558418723732,-111.75824624191141,0.01691927462594957,4.868226744783943,90.525809,-111.756983,5.0,9453,0.9749381188118812,-0.003847431113719151,-0.001299438418029819,0.018824225217,5.0,35.008799997740425,True,True
15.086,91.03744425809596,-111.75168604028896,0.021745456572106477,4.860767322496162,90.830848,-111.752572,5.0,9455,0.9751443894389439,-0.0033246547144605934,-0.002052248655261657,0.014441599064,5.0,36.76312799871084,True,True
15.134,91.20269148314695,-111.74795373199271,0.023375845310625948,4.862078870653747,90.98297,-111.74971599999999,5.0,9456,0.9752475247524752,-0.0030730843763389884,-0.0022311014679257113,0.014134462117,5.0,34.25434599921573,True,True
15.185,91.53310948545442,-111.7400828679369,0.02386960158892072,4.864544252068979,91.438503,-111.740096,5.0,9459,0.9755569306930693,-0.07073830369399957,-0.0030417234810564686,0.015132990532,5.0,35.72084499683115,True,True
15.235,91.69868333570058,-111.73620875942626,0.02290497621280338,4.8704463173067225,91.590404,-111.736911,5.0,9460,0.9756600660066007,-0.0573822458886356,-0.0028214629241696265,0.017742921116,5.0,35.61298199929297,True,True
15.285,92.02950882830866,-111.72821077455202,0.025498132912744168,4.865055158272921,91.742713,-111.73369199999999,5.0,9461,0.9757632013201321,-0.04410153530580262,-0.0009671795261785299,0.020654038865,5.0,35.43359600007534,True,True
15.335,92.19483986154903,-111.72395259341982,0.026071792762232784,4.8668344637070975,92.046663,-111.726448,5.0,9463,0.9759694719471947,-0.017244505807268384,2.1520261151319886e-05,0.020782027797,5.0,35.04473700013477,True,True
15.384,92.360209595648,-111.71964158102311,0.026116882776249236,4.869198295924323,92.198514,-111.722479,5.0,9464,0.9760726072607261,-0.003958632456273699,0.0003447714125091039,0.021566404395,5.0,35.34945800129208,True,True
15.434,92.68915121837627,-111.71115781158426,0.029138333788898352,4.866712605149311,92.502023,-111.71416599999999,5.0,9466,0.9762788778877888,-0.001489989003515683,-0.0004804254620269788,0.023890049132,5.0,34.67648800142342,True,True
15.485,92.85467494138906,-111.70627315419658,0.030313399904157108,4.871311136219809,92.65234699999999,-111.71041799999999,5.0,9467,0.9763820132013201,-0.001838694485364271,-0.0017256447174820444,0.022766691703,5.0,35.953329999756534,True,True
15.535,93.18610133461569,-111.69537938926777,0.035887753728789724,4.880586162925501,92.956352,-111.70091799999999,5.0,9469,0.9765882838283828,-0.0024006537857330593,0.0006285557107892359,0.021334219095,5.0,35.651473997859284,True,True
15.586,93.35203458723726,-111.68926234320351,0.037814213538197326,4.883546472398051,93.260888,-111.68991399999999,5.0,9471,0.9767945544554455,-0.07498610404036873,0.002038009897470161,0.019868721858,5.0,36.72944500067388,True,True
15.635,93.68334638380672,-111.67644722869994,0.039214958135470324,4.850939819196318,93.56532800000001,-111.677869,5.0,9473,0.9770008250825083,-0.047971442618276385,0.002731520420303113,0.020874727108,5.0,35.12577899891767,True,True
15.684,93.84906841609164,-111.66971010796054,0.04287970208153925,4.881312733629802,93.71727299999999,-111.67160700000001,5.0,9474,0.9771039603960396,-0.03427014882070254,0.0025224983236200593,0.02130723652,5.0,34.40519899959327,True,True
15.734,94.18177196763759,-111.65428006099877,0.04903966283101331,4.872264598340499,94.022669,-111.65810400000001,5.0,9476,0.9773102310231023,-0.008144858843000556,0.0007469220689881872,0.01589823658,5.0,34.22453999883146,True,True
15.786000000000001,94.34725060748644,-111.64597732262685,0.05117532223279754,4.873447164849107,94.175069,-111.650732,5.0,9477,0.9774133663366337,-0.0038770105936621183,2.268573951358377e-06,0.015054002392,5.0,36.126024002442136,True,True
15.832999999999998,94.67811525908832,-111.62846179295494,0.05438244048917835,4.8738977319160774,94.478998,-111.635433,5.0,9479,0.9776196369636964,-0.0036204174895342303,-0.002172148463261969,0.013796285887,5.0,33.90349799883552,True,True
15.883,94.84375898651855,-111.61952199783983,0.0541433247683858,4.890860645518673,94.630935,-111.627652,5.0,9480,0.9777227722772277,-0.0031923373464934177,-0.0035277284220418537,0.014609444084,5.0,33.56118599913316,True,True
15.934999999999999,95.17480347558799,-111.60125404447051,0.05586561529802067,4.875106482699998,94.935262,-111.6122,5.0,9482,0.9779290429042904,-0.0021847143540876597,-0.0027478345329612353,0.018009104843,5.0,35.428205999778584,True,True
15.984000000000002,95.34025219498764,-111.59194435401507,0.05653508580871873,4.876828964525472,95.239369,-111.595854,5.0,9484,0.9781353135313532,-0.06479095170531504,-0.0008242674957874563,0.018763836614,5.0,34.9864380004874,True,True
16.035,95.67136921450076,-111.57310029963544,0.057301343963583946,4.882801717888279,95.543257,-111.578779,5.0,9486,0.9783415841584159,-0.03768514362612849,0.00012857965579415875,0.020954782407,5.0,35.33362799862516,True,True
16.085,95.83515385528084,-111.56379943269256,0.059156224970813014,4.84965587516668,95.695115,-111.57003300000001,5.0,9487,0.9784447194719472,-0.02394307114865681,-0.0007427932296990569,0.021826459641,5.0,35.667162999743596,True,True
16.134,96.166554650287,-111.54396445112197,0.062238953407009086,4.886953402391206,95.845647,-111.56165800000001,5.0,9488,0.9785478547854786,-0.010709426692126902,-0.0013985199905985901,0.021042140809,5.0,34.476852997613605,True,True
16.186,96.33251771551004,-111.5334842913748,0.06429584851431241,4.892791054451515,96.149919,-111.54306399999999,5.0,9490,0.9787541254125413,-0.0019658178863084003,0.0009362080092061298,0.020759894669,5.0,36.43252799884067,True,True
16.236,96.66442663981799,-111.51158738493187,0.06687171038402702,4.894411646510005,96.302256,-111.533271,5.0,9491,0.9788572607260726,-0.002217586942161949,0.0009511112709499336,0.019849557409,5.0,36.64258099888684,True,True
16.286,96.83046623451756,-111.50031378972518,0.06804936795575438,4.865579184831766,96.60681899999999,-111.51286,5.0,9493,0.9790635313531353,-0.0026924233819162306,0.001314174002173818,0.020255809789,5.0,36.219267996784765,True,True
16.335,96.99624620735409,-111.48877023181414,0.07130419802282624,4.8944958707983925,96.75924300000001,-111.502352,5.0,9494,0.9791666666666666,-0.002943358930548845,0.00133003873496218,0.020581393767,5.0,36.07294500034186,True,True
16.386,97.32935254829358,-111.46388005474518,0.0771780463357293,4.886500553535382,97.216756,-111.46918500000001,5.0,9497,0.9794760726072608,-0.05465045893651832,0.0013209392494726302,0.01611829903,5.0,36.91190599784022,True,True
16.434,97.49498515209926,-111.45090634302522,0.07912497358578142,4.886803960126588,97.369251,-111.457402,5.0,9498,0.9795792079207921,-0.04042093073954442,0.0005771436002803831,0.015359180467,5.0,34.175617998698726,True,True
16.486,97.82615376437549,-111.42409576789797,0.08235579522923954,4.886326869050107,97.673239,-111.433375,5.0,9500,0.9797854785478548,-0.013322551755350846,-0.0014923843654499613,0.014528119072,5.0,36.52436999982456,True,True
16.534,97.99187696312691,-111.41053114246674,0.08238652165983842,4.91512487143624,97.82520600000001,-111.421264,5.0,9501,0.9798886138613861,-0.0028974337664990505,-0.0032987603403893395,0.014941521901,5.0,35.26147299999138,True,True
16.585,98.32314868805855,-111.38280329449631,0.08422060770331936,4.885248276733955,98.129498,-111.397072,5.0,9503,0.9800948844884488,-0.0019238790428343713,-0.0020886001041326985,0.017978599713,5.0,35.82616199855693,True,True
16.636,98.4885815619533,-111.36880288178102,0.08469499786854974,4.885870638234134,98.281666,-111.38461799999999,5.0,9504,0.9801980198019802,-0.001627426899031598,-0.0019290823091582254,0.018097180881,5.0,36.44188500038581,True,True
16.686,98.81956557199128,-111.34070560405914,0.08503232959561431,4.889782258328138,98.58551,-111.35916200000001,5.0,9506,0.9804042904290429,-0.001424344543045965,-7.289504322116613e-05,0.021164374721,5.0,36.285701997258,True,True
16.734,98.98371809730803,-111.32667117629617,0.08663574545081633,4.828602157149556,98.889263,-111.33312600000001,5.0,9508,0.9806105610561056,-0.07010835805183545,-0.00014129809766316725,0.022134648789,5.0,34.78663300120388,True,True
16.785,99.31445076619323,-111.29786373943736,0.08957205669610431,4.892640207296704,99.191788,-111.30706799999999,5.0,9510,0.9808168316831684,-0.043355196749832396,0.0014042052515397252,0.021648061021,5.0,35.59873499762034,True,True
16.836,99.48023243553585,-111.28281440086671,0.09203972417537491,4.896436692136657,99.343938,-111.293228,5.0,9511,0.9809199669966997,-0.029849405985810776,0.0021764398286836517,0.021287150347,5.0,36.234736999176675,True,True
16.885,99.8118636527833,-111.2516490593082,0.09494591576899157,4.901139603147769,99.64860999999999,-111.26456999999999,5.0,9513,0.9811262376237624,-0.0037230107435141874,0.0013344441610083635,0.019034150543,5.0,35.63277899957029,True,True
16.936,99.97779991990302,-111.23576428262938,0.09582662432534783,4.90236111168194,99.80069300000001,-111.24993500000001,5.0,9514,0.9812293729372937,-0.0027837864032823866,0.0013360654876604094,0.019671775164,5.0,36.33408300083829,True,True
16.987,100.3092936794171,-111.20291607576499,0.1022023397501469,4.903542706479531,99.95305,-111.23516699999999,5.0,9515,0.9813325082508251,-0.003015297680848985,0.0014718291501725211,0.018066785616,5.0,37.5382800011721,True,True
17.035,100.47625050717481,-111.18554265623351,0.10454760137088887,4.914470504166527,100.257285,-111.204825,5.0,9517,0.9815387788778878,-0.003491009117237439,0.00012620511638283816,0.016046104086,5.0,35.39626600104384,True,True
17.084,100.64175170269134,-111.16802584400881,0.1063735905389202,4.893038464058438,100.410331,-111.188879,5.0,9518,0.9816419141914191,-0.0036506801648634895,0.0003119494762104935,0.015130423365,5.0,34.56697200090275,True,True
17.133,100.9724748691675,-111.13225475768822,0.10893715935304453,4.892842414046438,100.86624499999999,-111.139867,5.0,9521,0.9819513201320133,-0.0599776604717299,0.00020759647038470774,0.01485381892,5.0,33.848355000372976,True,True
17.183,101.13789124822134,-111.11428726621088,0.1083811000383511,4.920610867813945,101.017995,-111.12337600000001,5.0,9522,0.9820544554455446,-0.04637795434356556,-0.0010377133382473147,0.015671507361,5.0,33.43509000114864,True,True
17.235,101.46884707731708,-111.07799616885082,0.11004335438445297,4.893061037534723,101.321747,-111.090499,5.0,9524,0.9822607260726073,-0.01926832566584917,0.0001162146180533341,0.019565429195,5.0,35.44702100043651,True,True
17.284,101.63411363185634,-111.05968093207478,0.11077706680391279,4.893375271137552,101.473674,-111.073803,5.0,9525,0.9823638613861386,-0.006393891428417859,1.658989385866505e-05,0.019268571859,5.0,34.58764000242809,True,True
17.337,101.96476154459833,-111.022851998337,0.11130120711482315,4.897400015975262,101.777005,-111.039973,5.0,9527,0.9825701320132013,-0.0038051550881917505,0.000824590193551078,0.021508079528,5.0,37.35176100235549,True,True
17.385,102.12940879268524,-111.00424635003165,0.1128703279626961,4.825241632426184,101.928713,-111.022925,5.0,9528,0.9826732673267327,-0.0040063598816715,0.0013468977223518586,0.022276163975,5.0,35.86019400245277,True,True
17.437,102.45936929394293,-110.9667909303746,0.1160657347249551,4.901431331123679,102.230755,-110.988998,5.0,9530,0.9828795379537953,-0.004244200822527953,-0.00157160325627137,0.021343713936,5.0,37.190528000792256,True,True
17.486,102.62499839747832,-110.94737084387683,0.11796540975506592,4.9053364974001346,102.53446,-110.953333,5.0,9532,0.983085808580858,-0.07628715505323679,0.002820360796781163,0.02116835375,5.0,36.84641300060321,True,True
17.535,102.9562057720718,-110.9075958654438,0.12135415620124111,4.909658846854124,102.838616,-110.91649699999999,5.0,9534,0.9832920792079208,-0.04917396383039988,0.0016624644244269682,0.019749703578,5.0,35.86523500052863,True,True
17.584,103.12194936040318,-110.88725750554998,0.12272879375952989,4.911087464039022,102.99027199999999,-110.897916,5.0,9535,0.9833952145214522,-0.035414794652315465,0.0013162777567758965,0.019676793452,5.0,34.76315900115878,True,True
17.634,103.45297615583696,-110.84553860952177,0.12831349898365188,4.912461295328631,103.29381500000001,-110.860193,5.0,9537,0.9836014851485149,-0.009176232257794367,-0.0001541083762233164,0.017934058367,5.0,34.780540998326614,True,True
17.685,103.61946618289035,-110.82382821690328,0.1308655156603683,4.944311301140077,103.445782,-110.840781,5.0,9538,0.9837046204620462,-0.0056481046069931165,6.409063825918437e-05,0.016517972125,5.0,35.53940399797284,True,True
17.734,103.95022868818702,-110.77967248841018,0.1342254103081102,4.904008711076105,103.750442,-110.80075900000001,5.0,9540,0.9839108910891089,-0.0056638116873047335,-0.000572772509477737,0.014688784471,5.0,34.74684799948591,True,True
17.784,104.11539761784996,-110.75728948250973,0.13542797215738125,4.903241982286749,103.90196,-110.78053100000001,5.0,9541,0.9840140264026402,-0.005566275243309003,-0.0011959955731413174,0.014957643631,5.0,34.237383002619026,True,True
17.836,104.44591366105033,-110.71229363851577,0.13556384640832192,4.901670669567951,104.053342,-110.760225,5.0,9542,0.9841171617161716,-0.005354422244634313,-0.0019750608603836817,0.015510483579,5.0,36.28957999899285,True,True
17.886,104.61113604895871,-110.68958549515659,0.13714526511830014,4.900835044946018,104.507587,-110.699198,5.0,9545,0.9844265676567657,-0.06304836623844726,-0.0009185723716260696,0.019227273551,5.0,36.644796000473434,True,True
17.935,104.77610792193703,-110.6667451931665,0.1378900057679856,4.900651377913876,104.65894300000001,-110.67856699999999,5.0,9546,0.9845297029702971,-0.04906028743679476,-0.001132201359117957,0.018673543548,5.0,35.628109999379376,True,True
17.984,105.1061062698511,-110.62087599932102,0.13853519020751048,4.903753067544735,104.96116799999999,-110.63693899999998,5.0,9548,0.9847359735973598,-0.021235937337125248,-0.0006452507009950814,0.020614344465,5.0,34.8647089995211,True,True
18.035,105.27079130675622,-110.59764467687059,0.13976062810155976,4.859738929651267,105.112303,-110.615999,5.0,9549,0.9848391089108911,-0.007885720443653422,8.898264548218293e-05,0.02134155012,5.0,35.32104499754496,True,True
18.086,105.59970360967503,-110.551318660499,0.14381529967199222,4.906207102638707,105.41313899999999,-110.57426399999999,5.0,9551,0.9850453795379538,-0.003808837319323426,-0.002745896960143046,0.020090896872,5.0,36.72669799925643,True,True
18.136,105.76488243552843,-110.52726148285753,0.14601485682766951,4.909832097366308,105.56430300000001,-110.55259,5.0,9552,0.9851485148514851,-0.0038387885889703418,-0.000370090322852068,0.019270900949,5.0,36.44302700195112,True,True
18.184,106.0951730330796,-110.47817673121715,0.14878252075817802,4.913404097349685,105.86696299999998,-110.50821499999999,5.0,9554,0.9853547854785478,-0.003918252207194303,-0.0009237718972512354,0.017125475962,5.0,34.63692299919785,True,True
18.235,106.26041241406523,-110.45331580669531,0.14987800719378297,4.914218318632868,106.169501,-110.46298600000001,5.0,9556,0.9855610561056105,-0.07586438546136232,0.001191552823223141,0.017903200651,5.0,35.73809600129607,True,True
18.284,106.59048711533228,-110.40250694209509,0.15546830378931323,4.917989213095329,106.4718,-110.41698899999999,5.0,9558,0.9857673267326733,-0.04782155401526598,0.0003766457693847869,0.016178304766,5.0,34.934619998239214,True,True
18.334,106.75617014639182,-110.37625105893459,0.15755930530666654,4.942054884429543,106.623143,-110.39339,5.0,9559,0.9858704620462047,-0.03390465213796745,0.0005855208308243043,0.014578951447,5.0,34.33188000053633,True,True
18.386,107.0862667990722,-110.32344629361259,0.1599801789772125,4.906012851462794,106.926493,-110.34496200000001,5.0,9561,0.9860767326732673,-0.00699264150582505,0.0008769931821119847,0.013672419898,5.0,36.25440299947513,True,True
18.436,107.25085235386739,-110.2968374276985,0.16086508395669202,4.903725867853496,107.0773,-110.320591,5.0,9562,0.9861798679867987,-0.004253725597152644,0.0005059202690445019,0.014184983951,5.0,36.34585400141077,True,True
18.484,107.58007713764286,-110.24354340783051,0.16041221924537685,4.899482023156899,107.378629,-110.27178899999998,5.0,9564,0.9863861386138614,-0.004338011672573963,-0.0004121118290654202,0.016896612409,5.0,34.66546600247966,True,True
18.533,107.74466024835714,-110.21678325576532,0.16136193488531486,4.897086296873137,107.52958000000001,-110.247482,5.0,9565,0.9864892739273927,-0.00418862518339594,-0.00027000765470486243,0.018434126214,5.0,33.97279699856881,True,True
18.586,108.07312274713452,-110.16337387054506,0.16072906316996335,4.896099778983984,107.981264,-110.174109,5.0,9568,0.9867986798679867,-0.07409602075187509,0.000565407124922146,0.020298290709,5.0,36.74458200111985,True,True
18.637,108.23738092879586,-110.13676167185288,0.16071524368946485,4.897230127979232,108.13172,-110.149524,5.0,9569,0.9869018151815182,-0.060211767599831656,0.0014086939662107945,0.022144194214,5.0,38.08652700172388,True,True
18.688,108.56444967411196,-110.08359526724597,0.16392467191753674,4.871377767816414,108.282211,-110.124882,5.0,9570,0.9870049504950495,-0.046377385518169584,0.002596354921348798,0.023150188971,5.0,38.346373999956995,True,True
18.732,108.72866620486651,-110.05641976072224,0.1656557119863086,4.8986611187360065,108.581833,-110.07559199999999,5.0,9572,0.9872112211221122,-0.01913719690917886,0.0002968323927792227,0.021917335916,5.0,32.8584189992398,True,True
18.784,108.89303047748717,-110.02880050565157,0.16791302965948945,4.9024975427663655,108.732376,-110.05026799999999,5.0,9573,0.9873143564356436,-0.00718378312007234,0.0019975008149892837,0.020959360176,5.0,34.40081000007922,True,True
18.834,109.2216147843333,-109.97253464497541,0.17159913755517295,4.906750071763637,109.033825,-109.998646,5.0,9575,0.9875206270627063,-0.006152885354382631,0.0009240788960722668,0.018436938363,5.0,34.555779999209335,True,True
18.883,109.3859772337741,-109.94386701992609,0.17307963741515806,4.876647006523699,109.184348,-109.97262099999999,5.0,9576,0.9876237623762376,-0.0063178277673919345,0.00033840073716939756,0.017994445011,5.0,33.15985299923341,True,True
18.937,109.71437971000617,-109.88561134221051,0.17846776115727173,4.910244874405591,109.485476,-109.919995,5.0,9578,0.9878300330033003,-0.006399195989842294,-0.001086125807312932,0.015793672177,5.0,37.473347001650836,True,True
18.984,109.87902983368947,-109.85554650393729,0.1808865700192671,4.947027332317365,109.786955,-109.865953,5.0,9580,0.988036303630363,-0.07519057877257407,0.0013810777686034115,0.015026861297,5.0,34.42072699908749,True,True
19.034,110.20777189109756,-109.79503481875838,0.18376214177999375,4.901874655760743,110.088998,-109.81043999999999,5.0,9582,0.9882425742574258,-0.0475107631296011,0.0003105664931668528,0.013817345665,5.0,34.80228199987323,True,True
19.084,110.37156664165968,-109.76452183830013,0.18483590775955056,4.899971666508119,110.239157,-109.782595,5.0,9583,0.9883457095709571,-0.033760541339845934,-0.0003020019063821877,0.014590373786,5.0,34.830944998248015,True,True
19.138,110.69916566963417,-109.70330720099038,0.18484538841083495,4.896162129742966,110.539372,-109.727023,5.0,9585,0.9885519801980198,-0.008052088921735357,-0.0019020232592477093,0.017578698003,5.0,38.71798000182025,True,True
19.185,110.86287863769448,-109.67256532014346,0.18588806482998285,4.894081753383772,110.68960600000001,-109.699202,5.0,9586,0.9886551155115512,-0.005782615113958149,-0.0014268068925993305,0.019453953251,5.0,35.278464001748944,True,True
19.235,111.18973181203269,-109.61105530041716,0.18593006954279526,4.893721503494114,110.989625,-109.643348,5.0,9588,0.9888613861386139,-0.00521122970669447,-0.0016019055351081946,0.022147158202,5.0,35.88192499955767,True,True
19.285,111.35318813203399,-109.58031269703004,0.18597786423836823,4.895025752785739,111.13943300000001,-109.615393,5.0,9589,0.9889645214521452,-0.004951032017813593,-0.0015622019689409683,0.02410474077,5.0,35.385985000175424,True,True
19.334,111.67911470248632,-109.5188192703919,0.18903126769983467,4.8346644857115315,111.58866299999998,-109.531351,5.0,9592,0.9892739273927392,-0.07422930832610615,-0.0023531259395057624,0.028070151203,5.0,34.860831998230424,True,True
19.384,111.84206622494584,-109.48770688670334,0.1909358907967319,4.895847163578803,111.737727,-109.50381499999999,5.0,9593,0.9893770627062707,-0.06050231028503759,-0.0034019947302215137,0.026877190265,5.0,34.47272400080692,True,True
19.434,112.16919878459034,-109.4237834392077,0.19561747855985512,4.905396276243622,112.03759299999999,-109.446322,5.0,9595,0.9895833333333334,-0.03342630482753458,-0.001740576485443679,0.02661387681,5.0,35.00544300186448,True,True
19.486,112.33262749154837,-109.39129973166689,0.19720840815280807,4.905621862704704,112.187703,-109.41707,5.0,9596,0.9896864686468647,-0.01968441652482297,-0.0024073911790329916,0.025627776878,5.0,36.10458300317987,True,True
19.536,112.65943364977483,-109.32524689040544,0.20286174441651247,4.9062331635746235,112.33745900000001,-109.387653,5.0,9597,0.9897896039603961,-0.006053273971051923,-0.002481792574390518,0.0260614368,5.0,36.58794800139731,True,True
19.585,112.82287640919407,-109.29141388479638,0.20596588563494259,4.9090115653701085,112.636987,-109.32806000000001,5.0,9599,0.9899958745874587,-0.0017501042875813315,-0.00315337836593077,0.024692421915,5.0,35.67186099826358,True,True
19.637,113.15049432666508,-109.22181941866614,0.21219722882812508,4.928607786925024,112.786837,-109.297354,5.0,9600,0.9900990099009901,-0.0015613336477562627,-0.001851688495687398,0.023688016733,5.0,37.96678200160386,True,True
19.686,113.31346656562556,-109.1865183613015,0.21435930718829915,4.900954831864229,113.086968,-109.23381,5.0,9602,0.9903052805280528,-0.0017408430171087467,0.00012196675925757461,0.022120457425,5.0,36.6107900008501,True,True
19.735,113.4761862274246,-109.15096569624154,0.21610637458617027,4.8989081012613385,113.385847,-109.16860700000001,5.0,9604,0.9905115511551155,-0.07456369186074852,0.002414490996342167,0.023876789849,5.0,35.27177099749679,True,True
19.785,113.80156598834594,-109.07941966904812,0.21692897553106186,4.895075219316255,113.684137,-109.10268,5.0,9606,0.9907178217821783,-0.047041110705885805,0.0019438269952303244,0.027797794536,5.0,35.762129999056924,True,True
19.836,113.96418108677949,-109.04343405574346,0.21825172138132076,4.892922200742583,113.83301999999999,-109.06951399999998,5.0,9607,0.9908209570957096,-0.03297691811592238,0.0033048102855675054,0.030076405995,5.0,36.56922200025292,True,True
19.888,114.2887467334441,-108.97140377266885,0.2182795440482105,4.891157447307435,114.13053300000001,-109.002326,5.0,9609,0.9910272277227723,-0.00649880358378901,0.004973546406813689,0.034644274536,5.0,37.99892300230567,True,True
19.936,114.45101906519443,-108.93537772184638,0.2188728528212211,4.89181871129263,114.279016,-108.96849399999999,5.0,9610,0.9911303630363036,-0.005008319709466964,0.006284656554869983,0.03745965043,5.0,36.998808001953876,True,True
19.99,114.77501467366693,-108.86262041314146,0.22277327897495752,4.86563483642511,114.575823,-108.90025800000001,5.0,9612,0.9913366336633663,-0.007455754627507701,0.007744981469348655,0.041687249931,5.0,40.321083997696405,True,True
20.036,114.93636668148363,-108.8264878368609,0.22615009385489665,4.891764110262135,114.724112,-108.86566,5.0,9613,0.9914397689768977,-0.008581768732574806,0.00620451738648331,0.040797856127,5.0,36.45523999875877,True,True
20.086,115.26069120458926,-108.7508453289892,0.23296726177065888,4.90079347600983,115.167759,-108.75981000000002,5.0,9616,0.9917491749174917,-0.07511329552363462,0.011343423154219323,0.039993243399,5.0,36.75692499746219,True,True
20.135,115.4225706072185,-108.71224047459657,0.23609779104052106,4.900980602667039,115.31608200000001,-108.72314899999999,5.0,9617,0.991852310231023,-0.06192920842149843,0.010384298798944425,0.038244931738,5.0,35.93694799928926,True,True
20.186,115.74614838285697,-108.63313282935196,0.24441608466134143,4.902439368537528,115.611972,-108.64873,5.0,9619,0.9920585808580858,-0.03657817142309158,0.00940247069047162,0.037393055523,5.0,36.42242800196982,True,True
20.235,115.90790896473028,-108.59248736380783,0.24844575111811104,4.906456763869676,115.759859,-108.61101599999999,5.0,9620,0.9921617161716172,-0.026021820901449368,0.008008550046297636,0.034960191824,5.0,35.27368499999284,True,True
20.284,116.23174621441288,-108.5087543429361,0.25708672191816817,4.949575411596984,116.055704,-108.533173,5.0,9622,0.9923679867986799,-0.020937180448737915,0.009103649496569055,0.032488227054,5.0,34.71690099831903,True,True
20.338,116.39353286372908,-108.46598064953263,0.2603276381769137,4.898045825466325,116.20385900000001,-108.49305600000001,5.0,9623,0.9924711221122112,-0.02248924071814045,0.008399067055897103,0.031292019373,5.0,38.50120299830451,True,True
20.39,116.71505344915559,-108.37958837148201,0.26416690507322255,4.89772900761499,116.35203999999999,-108.452598,5.0,9624,0.9925742574257426,-0.02394591614946105,0.00766935995941509,0.031690748183,5.0,40.540254001825815,True,True
20.439,116.87581470802654,-108.33604662052046,0.26499756693194804,4.894486713144475,116.646124,-108.371152,5.0,9626,0.9927805280528053,-0.026624898403709404,0.0071210991797165946,0.035399268975,5.0,39.87542899994878,True,True
20.487,117.19698724170573,-108.24849552445919,0.2674163604977696,4.8956319702713955,116.940096,-108.28906,5.0,9628,0.9929867986798679,-0.07962303062374843,0.009079366274606926,0.038554392914,5.0,37.60716800024966,True,True
20.538,117.35738719961394,-108.20444644678777,0.2685197184965527,4.895425839708245,117.233574,-108.2059,5.0,9630,0.9931930693069307,-0.056151309748189215,0.010338359820753595,0.043631216481,5.0,38.71484300179873,True,True
20.588,117.6781397909682,-108.11559577674257,0.2725930906887336,4.899322173315029,117.38006899999999,-108.16401599999999,5.0,9631,0.9932962046204621,-0.04635822576644107,0.010648971279672903,0.045470703905,5.0,38.85895300118136,True,True
20.637,117.83846720988379,-108.07052061779459,0.2756484680528857,4.902371024405464,117.672927,-108.079527,5.0,9633,0.9935024752475248,-0.03644351582083335,0.010469831374352978,0.048394530618,5.0,37.597399998048786,True,True
20.688,117.99715187332066,-108.02574916510027,0.2798794794406179,4.87146972863581,117.819313,-108.03676000000002,5.0,9634,0.9936056105610561,-0.03778011943375356,0.00874681660383514,0.04767617516,5.0,38.66754499904346,True,True
20.74,118.31731042561157,-107.93281068599278,0.28754173958121215,4.90825754850193,118.110399,-107.95094499999999,5.0,9636,0.9938118811881188,-0.0411603434453224,0.007915967531151313,0.046058779856,5.0,40.4770160021144,True,True
20.79,118.47712548885227,-107.88520817558395,0.291879959870367,4.906117091399423,118.25666799999999,-107.906626,5.0,9637,0.9939150165016502,-0.04280052335010267,0.008210312752574556,0.044753256856,5.0,40.21601699787425,True,True
20.836,118.7963496671747,-107.78784323554865,0.3004681068044483,4.911402793948825,118.69503200000001,-107.771024,5.0,9640,0.9942244224422442,-0.08772839595984658,0.007887231317670107,0.040836084239,5.0,36.662087000877364,True,True
20.885,118.95589140965119,-107.73815140930787,0.3036779696668783,4.914110358945628,118.84076999999999,-107.724934,5.0,9641,0.9943275577557755,-0.07701128414476043,0.00836372907634697,0.040570219548,5.0,35.24529100104701,True,True
20.936,119.27461737301105,-107.6369268507319,0.31091707443103395,4.941651977562186,119.13216100000001,-107.630473,5.0,9643,0.9945338283828383,-0.0598105134174475,0.011115920728965722,0.040561603165,5.0,36.81052400133922,True,True
20.988,119.43468943259613,-107.58518029278943,0.31496792231896303,4.912128479482743,119.277776,-107.58196000000001,5.0,9644,0.9946369636963697,-0.05505752994674627,0.01212739823535669,0.040624964671,5.0,38.82986899770913,True,True
21.038,119.7511831421327,-107.48087989525742,0.3219377977408646,4.8982819721357975,119.568591,-107.483608,5.0,9646,0.9948432343234324,-0.05490869614096828,0.010308718509470793,0.040196042572,5.0,39.02746899984777,True,True
21.089,119.9092164054335,-107.42793839765079,0.3254354266778978,4.896243574311139,119.71305900000002,-107.43415800000001,5.0,9647,0.9949463696369637,-0.05657435168262544,0.008426263678639856,0.040405219114,5.0,39.255285999388434,True,True
21.139,120.22410856967677,-107.32037434913312,0.3333126157211083,4.893958557671512,120.001713,-107.334768,5.0,9649,0.9951526402640264,-0.058839165367698634,0.004127509673212515,0.040507434574,5.0,39.126794999901904,True,True
21.189,120.38116198018389,-107.2656597008709,0.33764983970474405,4.894446908900776,120.145923,-107.28468500000001,5.0,9650,0.9952557755775577,-0.05946898383891145,0.001788861495209293,0.039829013843,5.0,39.25818200150388,True,True
21.238,120.69458190599603,-107.15406669260997,0.3461784474674544,4.897796721636719,120.289826,-107.23443700000001,5.0,9651,0.9953589108910891,-0.05970538783459089,-0.0009273373687213038,0.038993813694,5.0,38.79454300113139,True,True
21.284,120.8510858357395,-107.09726626757605,0.35019992515158926,4.900793184969256,120.72111799999999,-107.08228899999999,5.0,9654,0.9956683168316832,-0.07652582205635128,-0.003888304604674264,0.036931026449,5.0,34.100635999493534,True,True
21.337,121.16189749726031,-106.98225926547569,0.35878279094057386,4.904548871206725,120.86478500000001,-107.03088799999999,5.0,9655,0.9957714521452146,-0.06777714591095615,-0.00543329772275003,0.036655577748,5.0,37.24507900187746,True,True
21.387,121.31802494571737,-106.92336770865387,0.36271149660597374,4.908239617376916,121.15068899999999,-106.92735400000001,5.0,9657,0.9959777227722773,-0.05603765330373753,-0.007978631844972828,0.034758934624,5.0,37.34975400220719,True,True
21.436,121.47395151252955,-106.86395321404952,0.36629896838415327,4.90401729677496,121.29428700000001,-106.874498,5.0,9658,0.9960808580858086,-0.05407599561703787,-0.00863625222053388,0.034617919064,5.0,36.7846160006593,True,True
21.486,121.78538796994292,-106.7431944922475,0.3733609161704987,4.892615067188571,121.581052,-106.76748300000001,5.0,9660,0.9962871287128713,-0.05128879511611228,-0.008897802540333899,0.035167519124,5.0,36.967288000596454,True,True
21.536,121.94083731169967,-106.68199685422978,0.37814607691656005,4.915166585699918,121.724373,-106.71321699999999,5.0,9661,0.9963902640264026,-0.04979869286595734,-0.00970555795811201,0.034659034864,5.0,37.0313579987851,True,True
21.591,122.25131817481054,-106.55739388502333,0.3858235063576058,4.920647251214528,122.01018799999999,-106.603118,5.0,9663,0.9965965346534653,-0.04713573680073962,-0.009770462599393959,0.032708082584,5.0,41.82162500001141,True,True
21.636,122.40722031235335,-106.4937669171633,0.3900625522972907,4.954077731752637,122.29565900000001,-106.490378,5.0,9665,0.996802805280528,-0.08035693886618192,-0.005366521925992629,0.031904835312,5.0,36.995311002101516,True,True
21.685,122.71557205616041,-106.36552877207251,0.3978497472085122,4.903363259672186,122.580828,-106.37501200000001,5.0,9667,0.9970090759075908,-0.05809156771764975,-0.005852974830125035,0.029862983004,5.0,35.66483699978562,True,True
21.734,122.86910359185549,-106.30059150346513,0.4024971420793294,4.908274327211899,122.72215800000001,-106.31693,5.0,9668,0.9971122112211221,-0.049042994435637914,-0.006289794186831621,0.029508051158,5.0,34.565035999548854,True,True
21.786,123.17485540919253,-106.16851031693497,0.4123304842777188,4.926492072963122,123.004251,-106.199293,5.0,9670,0.9973184818481848,-0.03981626437088885,-0.008718199209367672,0.024763970021,5.0,36.447984999540495,True,True
21.835,123.32744815978594,-106.10153477342409,0.41563273859113326,4.900177168059038,123.14486000000001,-106.139725,5.0,9671,0.9974216171617162,-0.03825584379997359,-0.010071140329533268,0.023081941012,5.0,35.688441999809584,True,True
21.886,123.63182267097113,-105.9664497126935,0.4195768168931908,4.900958148838342,123.42574599999999,-106.019205,5.0,9673,0.9976278877887789,-0.03517151692225616,-0.009681590769111903,0.023454909037,5.0,36.501213999144966,True,True
21.935,123.78390090240309,-105.89845651461837,0.4212562263591966,4.903341900596856,123.565933,-105.958402,5.0,9674,0.9977310231023102,-0.033740025024033726,-0.00912547789852347,0.025215269218,5.0,35.124794998409925,True,True
21.985,124.08637493752006,-105.76235844713648,0.4237795278426443,4.901313666183627,123.98494099999999,-105.773909,5.0,9677,0.9980404290429042,-0.07502540987357292,-0.003059211181745347,0.028669478309,5.0,35.394230002566474,True,True
22.038,124.23835549312325,-105.69354960799625,0.4258874174358534,4.907972735351332,124.12438600000002,-105.711469,5.0,9678,0.9981435643564357,-0.0635183178359745,-0.0014004917141701156,0.030814139127,5.0,38.59988800104475,True,True
22.089,124.54205586690622,-105.55493717781881,0.4305964563793813,4.91361568209097,124.264133,-105.648432,5.0,9679,0.998246699669967,-0.05196227874221709,-0.0006520302717039073,0.031975624212,5.0,39.1223570004513,True,True
22.139,124.69389660810984,-105.48496696659637,0.4328928104863421,4.9169312391130955,124.542928,-105.521032,5.0,9681,0.9984529702970297,-0.033916392777805,0.0018051683184916456,0.020836652465,5.0,39.54503899876727,True,True
22.198,124.99702905717194,-105.3444014534273,0.4366621596896758,4.918570523343152,124.682195,-105.45644399999999,5.0,9682,0.9985561056105611,-0.030829973334643667,0.002793782975756276,-0.19036298515,5.0,48.77747099817498,True,True
22.234,125.14855255590173,-105.27343313861596,0.43939910703871454,4.920768023603562,124.95990400000001,-105.326355,5.0,9684,0.9987623762376238,-0.03219620028308677,0.003926846619759061,-0.19196509316,5.0,34.90458200030844,True,True
22.312,125.45225655026526,-105.12994742432782,0.4430656061529265,4.906235330731738,125.09869499999999,-105.26065,5.0,9685,0.9988655115511551,-0.03298920520868011,0.00404224495795491,0.22622213228,5.0,62.92219899842166,True,True
22.364,125.75387171332676,-104.98696246073608,0.4407643781210461,4.910156856161399,125.376718,-105.127799,5.0,9687,0.9990717821782178,-0.03473613175100756,0.00491306525914581,-0.19036143301,5.0,51.02403099954245,True,True
