t,x,y,yaw,v,vy,yaw_rate
11.502,-0.00013654809123898803,-1.2654331805838106e-12,1.8824249345340008e-08,-1.2680252908283114e-05,0.0,1.7817029241483395e-09
11.52,-0.0001368016983201258,-1.2702071435148922e-12,1.8859884579734728e-08,-1.2680354056889256e-05,0.0,1.7817617197357845e-09
11.54,-0.00013705530742423602,-1.2749901819467806e-12,1.8895520990024492e-08,-1.2680455205510534e-05,0.0,1.7818205144880237e-09
11.56,-0.00013730891855136886,-1.2797822963228229e-12,1.8931158576206646e-08,-1.2680556356641586e-05,0.0,1.7818793091075245e-09
11.58,-0.00013756253170143595,-1.2845834870837544e-12,1.896679733825062e-08,-1.2680657503354892e-05,0.0,1.7819381021984502e-09
11.6,-0.00013781614687442985,-1.289393754671835e-12,1.9002437276147058e-08,-1.2680758649695019e-05,0.0,1.7819968948218358e-09
11.62,-0.00013806976407041013,-1.2942130995306026e-12,1.9038078389887588e-08,-1.2680859799013845e-05,0.0,1.7820556870263357e-09
11.64,-0.0001383233832892314,-1.2990415220997042e-12,1.9073720679437843e-08,-1.2680960941063787e-05,0.0,1.7821144775125912e-09
11.66,-0.000138577004530923,-1.3038790228221022e-12,1.910936414478942e-08,-1.2681062084580574e-05,0.0,1.7821732675785888e-09
11.68,-0.00013883062779556187,-1.3087256021416765e-12,1.914500878593778e-08,-1.2681163231943274e-05,0.0,1.782232057417881e-09
11.7,-0.0001390842530830456,-1.3135812604988888e-12,1.91806546028546e-08,-1.2681264374187004e-05,0.0,1.7822908458408975e-09
11.72,-0.00013933788039342622,-1.31844599833715e-12,1.9216301595537475e-08,-1.2681365519030238e-05,0.0,1.7823496341435586e-09
11.74,-0.00013959150972671721,-1.3233198160991448e-12,1.925194976397155e-08,-1.268146666454942e-05,0.0,1.782408421703522e-09
11.76,-0.00013984514108280274,-1.3282027142250711e-12,1.9287599108128006e-08,-1.268156780427584e-05,0.0,1.7824672078227342e-09
11.78,-0.00014009877446172,-1.3330946931580673e-12,1.932324962799814e-08,-1.2681668945863483e-05,0.0,1.7825259935065425e-09
11.8,-0.0001403524098634792,-1.3379957533407576e-12,1.9358901323569438e-08,-1.268177008795946e-05,0.0,1.7825847785647675e-09
11.82,-0.0001406060472880202,-1.3429058952144108e-12,1.9394554194819506e-08,-1.2681871227049123e-05,0.0,1.7826435625033398e-09
11.84,-0.0001408596867352981,-1.3478251192205861e-12,1.9430208241730914e-08,-1.2681972363894851e-05,0.0,1.7827023455701595e-09
11.86,-0.00014111332820544736,-1.3527534258043251e-12,1.9465863464307204e-08,-1.2682073507463137e-05,0.0,1.7827611288144236e-09
11.88,-0.00014136697169840864,-1.3576908154069192e-12,1.9501519862524687e-08,-1.2682174648063533e-05,0.0,1.7828199108739143e-09
11.9,-0.00014162061721410702,-1.3626372884693517e-12,1.953717743636311e-08,-1.2682275784919368e-05,0.0,1.7828786919209846e-09
11.92,-0.00014187426475254744,-1.367592845434159e-12,1.957283618580922e-08,-1.2682376922021052e-05,0.0,1.7829374723053492e-09
11.94,-0.0001421279143136989,-1.3725574867431785e-12,1.9608496110843302e-08,-1.2682478057571924e-05,0.0,1.7829962517039869e-09
11.96,-0.00014238156589759264,-1.3775312128394684e-12,1.964415721145722e-08,-1.2682579194687291e-05,0.0,1.7830550306956347e-09
11.98,-0.00014263521950423497,-1.3825140241656034e-12,1.9679819487639313e-08,-1.2682680332116455e-05,0.0,1.7831138091044364e-09
12.0,-0.00014288887513357718,-1.3875059211630816e-12,1.9715482939368786e-08,-1.2682781467110549e-05,0.0,1.7831725864734742e-09
12.02,-0.00014314253278565632,-1.3925069042750882e-12,1.9751147566638304e-08,-1.2682882603957022e-05,0.0,1.7832313634759148e-09
12.04,-0.0001433961924604529,-1.3975169739437014e-12,1.978681336942978e-08,-1.2682983739829893e-05,0.0,1.7832901395735892e-09
12.06,-0.00014364985415788972,-1.402536130609856e-12,1.9822480347719804e-08,-1.2683084871839944e-05,0.0,1.7833489145010141e-09
12.08,-0.00014390351787793904,-1.4075643747154632e-12,1.985814850149194e-08,-1.2683186002465829e-05,0.0,1.7834076886066449e-09
12.1,-0.00014415718362052773,-1.4126017067015306e-12,1.9893817830721952e-08,-1.268328712943426e-05,0.0,1.7834664615003687e-09
12.12,-0.00014441085138586023,-1.4176481270145815e-12,1.992948833542604e-08,-1.2683388266624691e-05,0.0,1.7835252352042362e-09
12.14,-0.00014466452117390055,-1.4227036360963812e-12,1.9965160015583787e-08,-1.2683489402016682e-05,0.0,1.7835840078871628e-09
12.16,-0.00014491819298463742,-1.4277682343891858e-12,2.0000832871181057e-08,-1.2683590536843855e-05,0.0,1.7836427798633901e-09
12.18,-0.00014517186681802213,-1.432841922334505e-12,2.0036506902199863e-08,-1.2683691669234891e-05,0.0,1.783701550940126e-09
12.2,-0.00014542554267394864,-1.4379247003726979e-12,2.0072182108612746e-08,-1.2683792796324792e-05,0.0,1.7837603206439916e-09
12.22,-0.0001456792205524238,-1.443016568946378e-12,2.0107858490405307e-08,-1.2683893923758379e-05,0.0,1.7838190896279485e-09
12.24,-0.0001459329004533836,-1.4481175284967377e-12,2.0143536047554586e-08,-1.2683995047990277e-05,0.0,1.7838778574637524e-09
12.26,-0.00014618658237693018,-1.4532275794683112e-12,2.0179214780063803e-08,-1.2684096177329033e-05,0.0,1.7839366254607025e-09
12.28,-0.00014644026632306106,-1.4583467223035403e-12,2.0214894687915835e-08,-1.2684197306543714e-05,0.0,1.7839953926014603e-09
12.3,-0.00014669395229174214,-1.4634749574442302e-12,2.0250575771096153e-08,-1.2684298434053624e-05,0.0,1.7840541590157218e-09
12.32,-0.00014694764028301164,-1.4686122853336504e-12,2.0286258029594765e-08,-1.2684399563475167e-05,0.0,1.7841129249304522e-09
12.34,-0.00014720133029673133,-1.4737587064114996e-12,2.0321941463381083e-08,-1.2684500685984715e-05,0.0,1.7841716893157652e-09
12.36,-0.00014745502233292954,-1.4789142211208453e-12,2.0357626072446535e-08,-1.2684601809909922e-05,0.0,1.7842304532725216e-09
12.38,-0.00014770871639162753,-1.48407882990462e-12,2.0393311856778745e-08,-1.268470293489921e-05,0.0,1.7842892166104205e-09
12.4,-0.0001479624124729513,-1.4892525332078983e-12,2.0428998816382885e-08,-1.2684804066188593e-05,0.0,1.784347980206808e-09
12.42,-0.0001482161105767329,-1.4944353314697711e-12,2.0464686951224178e-08,-1.268490518907962e-05,0.0,1.784406742064479e-09
12.44,-0.0001484698107029464,-1.4996272251322168e-12,2.0500376261285017e-08,-1.2685006310675594e-05,0.0,1.7844655030417401e-09
12.46,-0.00014872351285159457,-1.5048282146378008e-12,2.0536066746550412e-08,-1.2685107432408592e-05,0.0,1.7845242632695911e-09
12.48,-0.0001489772170227264,-1.5100383004300424e-12,2.057175840701611e-08,-1.2685208556591715e-05,0.0,1.7845830232846609e-09
12.5,-0.00014923092321623624,-1.5152574829492904e-12,2.0607451242654685e-08,-1.2685309675491862e-05,0.0,1.7846417819285904e-09
12.52,-0.00014948463143218548,-1.5204857626393255e-12,2.0643145253462213e-08,-1.2685410797462422e-05,0.0,1.7847005403765245e-09
12.54,-0.000149738341670582,-1.5257231399428355e-12,2.0678840439424432e-08,-1.2685511919826253e-05,0.0,1.784759298110971e-09
12.56,-0.00014999205393142218,-1.5309696153022751e-12,2.071453680052968e-08,-1.2685613042008763e-05,0.0,1.7848180552623142e-09
12.58,-0.00015024576821465402,-1.536225189159101e-12,2.0750234336756668e-08,-1.2685714161592005e-05,0.0,1.7848768113494767e-09
12.6,-0.0001504994845202752,-1.5414898619557968e-12,2.0785933048093922e-08,-1.2685815281059194e-05,0.0,1.7849355668626358e-09
12.62,-0.00015075320284823945,-1.546763634133936e-12,2.0821632934522363e-08,-1.2685916398212574e-05,0.0,1.7849943214220993e-09
12.64,-0.00015100692319866912,-1.552046506138601e-12,2.085733399604524e-08,-1.2686017521483994e-05,0.0,1.7850530761438368e-09
12.66,-0.0001512606455714697,-1.557338478410372e-12,2.0893036232635278e-08,-1.2686118640029087e-05,0.0,1.7851118295019276e-09
12.68,-0.00015151436996659488,-1.5626395513908259e-12,2.092873964427199e-08,-1.2686219756259019e-05,0.0,1.7851705818355808e-09
12.7,-0.00015176809638400143,-1.5679497255216018e-12,2.0964444230939547e-08,-1.2686320870328565e-05,0.0,1.7852293333777883e-09
12.72,-0.00015202182482374095,-1.5732690012463241e-12,2.1000149992632634e-08,-1.2686421986975604e-05,0.0,1.7852880846543857e-09
12.74,-0.00015227555528574173,-1.5785973790060404e-12,2.1035856929325782e-08,-1.2686523100038571e-05,0.0,1.785346834657416e-09
12.76,-0.00015252928777004628,-1.5839348592441934e-12,2.1071565041012408e-08,-1.2686624215227762e-05,0.0,1.7854055843312733e-09
12.78,-0.00015278302227662014,-1.5892814424026138e-12,2.1107274327676495e-08,-1.2686725328693456e-05,0.0,1.785464333204584e-09
12.8,-0.00015303675880543597,-1.5946371289232818e-12,2.1142984789300225e-08,-1.2686826440791141e-05,0.0,1.7855230811864776e-09
12.82,-0.00015329049735653973,-1.600001919249728e-12,2.117869642587749e-08,-1.2686927555188534e-05,0.0,1.7855818288635343e-09
12.84,-0.00015354423792991292,-1.6053758138241265e-12,2.1214409237394535e-08,-1.268702866865896e-05,0.0,1.7856405758520341e-09
12.86,-0.00015379798052548855,-1.610758813087627e-12,2.1250123223827945e-08,-1.2687129778782236e-05,0.0,1.7856993216704437e-09
12.88,-0.00015405172514333318,-1.6161509174842085e-12,2.1285838385174512e-08,-1.2687230892231498e-05,0.0,1.7857580673283815e-09
12.9,-0.00015430547178334571,-1.6215521274542963e-12,2.1321554721407437e-08,-1.2687332000626283e-05,0.0,1.7858168116462515e-09
12.92,-0.00015455922044557997,-1.6269624434416078e-12,2.1357272232520316e-08,-1.2687433111712712e-05,0.0,1.7858755556438784e-09
12.94,-0.00015481297113005508,-1.6323818658891315e-12,2.1392990918504676e-08,-1.2687534223756216e-05,0.0,1.7859342992179536e-09
12.96,-0.00015506672383676698,-1.6378103952393648e-12,2.1428710779345952e-08,-1.2687635335594587e-05,0.0,1.785993042063996e-09
12.98,-0.00015532047856574687,-1.643248031935566e-12,2.146443181503597e-08,-1.2687736448994119e-05,0.0,1.7860517845010424e-09
13.0,-0.0001555742353168275,-1.6486947764167415e-12,2.1500154025540022e-08,-1.2687837554031876e-05,0.0,1.7861105252026226e-09
13.02,-0.00015582799409010565,-1.654150629127554e-12,2.1535877410859147e-08,-1.2687938663908115e-05,0.0,1.786169265956478e-09
13.04,-0.00015608175488549168,-1.6596155905086698e-12,2.1571601970966743e-08,-1.268803976930151e-05,0.0,1.7862280053799344e-09
13.06,-0.00015633551770298515,-1.6650896610026701e-12,2.1607327705851578e-08,-1.2688140874673949e-05,0.0,1.7862867442419395e-09
13.08,-0.00015658928254264924,-1.6705728410535152e-12,2.164305461550856e-08,-1.2688241983205261e-05,0.0,1.7863454828492754e-09
13.1,-0.00015684304940428835,-1.6760651310995765e-12,2.1678782699898972e-08,-1.2688343081955104e-05,0.0,1.7864042195209275e-09
13.12,-0.000157096818288051,-1.681566531586663e-12,2.171451195902975e-08,-1.2688444188132886e-05,0.0,1.7864629565388815e-09
13.14,-0.00015735058919391073,-1.6870770429568083e-12,2.1750242392885986e-08,-1.268854529298737e-05,0.0,1.786521692811897e-09
13.16,-0.00015760436212190933,-1.69259666565353e-12,2.178597400145816e-08,-1.2688646399929105e-05,0.0,1.7865804286088316e-09
13.18,-0.00015785813707194744,-1.6981254001172815e-12,2.182170678472393e-08,-1.2688747501905103e-05,0.0,1.7866391632887594e-09
13.2,-0.00015811191404402458,-1.7036632467906641e-12,2.1857440742669243e-08,-1.2688848603857378e-05,0.0,1.7866978972657297e-09
13.22,-0.00015836569303813165,-1.7092102061160937e-12,2.1893175875280225e-08,-1.2688949705353824e-05,0.0,1.7867566305493009e-09
13.24,-0.0001586194740542604,-1.7147662785360075e-12,2.192891218254313e-08,-1.2689050806436811e-05,0.0,1.7868153631454023e-09
13.26,-0.00015887325709244043,-1.7203314644936764e-12,2.1964649664448132e-08,-1.2689151909001381e-05,0.0,1.786874095250417e-09
13.28,-0.00015912704215275506,-1.7259057644335584e-12,2.2000388320997207e-08,-1.2689253015732128e-05,0.0,1.786932827453696e-09
13.3,-0.00015938082923498703,-1.7314891787935142e-12,2.2036128152145746e-08,-1.2689354111597538e-05,0.0,1.7869915574271066e-09
13.32,-0.00015963461833924986,-1.7370817080186685e-12,2.207186915789857e-08,-1.268945521314228e-05,0.0,1.7870502876413598e-09
13.34,-0.0001598884094654578,-1.742683352549766e-12,2.21076113382296e-08,-1.268955631039719e-05,0.0,1.787109016551615e-09
13.36,-0.0001601422026136184,-1.7482941128296064e-12,2.2143354693130127e-08,-1.2689657408030132e-05,0.0,1.7871677450265243e-09
13.38,-0.00016039599778366293,-1.7539139892993057e-12,2.2179099222573654e-08,-1.2689758502226358e-05,0.0,1.787226472176583e-09
13.4,-0.00016064979497570564,-1.7595429824040314e-12,2.22148449265665e-08,-1.268985960213526e-05,0.0,1.787285199642564e-09
13.42,-0.00016090359418976973,-1.7651810925869495e-12,2.2250591805102167e-08,-1.26899607032043e-05,0.0,1.7873439267832882e-09
13.44,-0.00016115739542573015,-1.7708283202879348e-12,2.2286339858147615e-08,-1.269006179802028e-05,0.0,1.7874026522728093e-09
13.46,-0.00016141119868362687,-1.7764846659505264e-12,2.23220890856959e-08,-1.2690162894836304e-05,0.0,1.7874613774143996e-09
13.48,-0.00016166500396339102,-1.7821501300158418e-12,2.2357839487726133e-08,-1.269026398820784e-05,0.0,1.7875201015115885e-09
13.5,-0.00016191881126500368,-1.7878247129261103e-12,2.239359106422445e-08,-1.2690365080632467e-05,0.0,1.7875788249161214e-09
13.52,-0.0001621726205885453,-1.7935084151257887e-12,2.2429343815189603e-08,-1.2690466177080935e-05,0.0,1.787637548257715e-09
13.54,-0.00016242643193391782,-1.7992012370553447e-12,2.2465097740595175e-08,-1.2690567268626014e-05,0.0,1.7876962702788172e-09
13.56,-0.00016268024530113176,-1.8049031791576757e-12,2.2500852840430054e-08,-1.2690668360697366e-05,0.0,1.7877549917442301e-09
13.58,-0.00016293406069025528,-1.8106142418769805e-12,2.2536609114691252e-08,-1.269076945617618e-05,0.0,1.7878137130598147e-09
13.6,-0.00016318787810128694,-1.8163344256559037e-12,2.2572366563367363e-08,-1.2690870551582384e-05,0.0,1.7878724338057559e-09
13.62,-0.00016344169753410015,-1.8220637309342698e-12,2.2608125186426558e-08,-1.2690971640661296e-05,0.0,1.7879311529599517e-09
13.64,-0.00016369551898870214,-1.8278021581549123e-12,2.2643884983860066e-08,-1.2691072730098873e-05,0.0,1.7879898716756053e-09
13.66,-0.0001639493424651893,-1.8335497077626912e-12,2.2679645955667465e-08,-1.269117382435802e-05,0.0,1.788048590370117e-09
13.68,-0.00016420316796350804,-1.839306380199081e-12,2.271540810183001e-08,-1.2691274915936972e-05,0.0,1.7881073081274618e-09
13.7,-0.00016445699548363427,-1.8450721759062236e-12,2.2751171422333117e-08,-1.2691376006311088e-05,0.0,1.7881660251554525e-09
13.72,-0.00016471082502551794,-1.8508470953256713e-12,2.278693591715572e-08,-1.2691477094183693e-05,0.0,1.7882247411304427e-09
13.74,-0.00016496465658908833,-1.856631138898501e-12,2.2822701586278072e-08,-1.269157817851913e-05,0.0,1.7882834561178014e-09
13.76,-0.0001652184901744017,-1.862424307068683e-12,2.285846842969409e-08,-1.2691679265668269e-05,0.0,1.7883421708009844e-09
13.78,-0.00016547232578136966,-1.868226600276892e-12,2.289423644737871e-08,-1.2691780348397314e-05,0.0,1.7884008842311253e-09
13.8,-0.0001657261634101509,-1.874038018969452e-12,2.2930005639344508e-08,-1.2691881439062534e-05,0.0,1.7884595982902215e-09
13.82,-0.0001659800030606758,-1.879858563587477e-12,2.296577600556625e-08,-1.2691982526244723e-05,0.0,1.7885183110873468e-09
13.84,-0.00016623384473287033,-1.8856882345719753e-12,2.3001547546025126e-08,-1.2692083609726908e-05,0.0,1.788577022944129e-09
13.86,-0.00016648768842676473,-1.8915270323663463e-12,2.3037320260712793e-08,-1.2692184694720375e-05,0.0,1.7886357343835315e-09
13.88,-0.00016674153414239837,-1.8973749574142085e-12,2.3073094149622194e-08,-1.269228578168222e-05,0.0,1.7886944454699554e-09
13.9,-0.00016699538187969236,-1.903232010156461e-12,2.310886921272959e-08,-1.2692386864698955e-05,0.0,1.788753155369995e-09
13.92,-0.00016724923163857725,-1.909098191034215e-12,2.3144645450015415e-08,-1.2692487944244981e-05,0.0,1.7888118642913507e-09
13.94,-0.00016750308341918725,-1.9149735004932887e-12,2.318042286148456e-08,-1.2692589030500306e-05,0.0,1.7888705734573355e-09
13.96,-0.00016775693722144238,-1.920857938974558e-12,2.321620144711455e-08,-1.2692690112756318e-05,0.0,1.788929281499614e-09
13.98,-0.00016801079304527527,-1.9267515069191858e-12,2.3251981206881867e-08,-1.2692791191644808e-05,0.0,1.7889879883662426e-09
14.0,-0.00016826465089079187,-1.932654204772357e-12,2.3287762140791663e-08,-1.2692892275829696e-05,0.0,1.7890466954897004e-09
14.02,-0.0001685185107579284,-1.9385660329753257e-12,2.3323544248823735e-08,-1.2692993356826857e-05,0.0,1.7891054016036975e-09
14.04,-0.00016877237264664626,-1.9444869919699267e-12,2.3359327530960028e-08,-1.2693094435893228e-05,0.0,1.7891641068148823e-09
14.06,-0.00016902623655703784,-1.9504170822010535e-12,2.3395111987200953e-08,-1.2693195519578626e-05,0.0,1.789222812046459e-09
14.08,-0.0001692801024890142,-1.956356304109375e-12,2.3430897617522773e-08,-1.2693296598816874e-05,0.0,1.7892815160909134e-09
14.1,-0.0001695339704425246,-1.962304658136448e-12,2.3466684421907124e-08,-1.2693397675521148e-05,0.0,1.7893402192178617e-09
14.12,-0.00016978784041761963,-1.9682621447262e-12,2.350247240034852e-08,-1.2693498754750928e-05,0.0,1.7893989220700174e-09
14.14,-0.00017004171241422145,-1.9742287643195557e-12,2.3538261552823374e-08,-1.26935998300912e-05,0.0,1.7894576237430298e-09
14.16,-0.00017029558643231782,-1.980204517358974e-12,2.3574051879321585e-08,-1.2693700904818658e-05,0.0,1.7895163249101563e-09
14.18,-0.00017054946247193947,-1.986189404287932e-12,2.3609843379832027e-08,-1.269380198108306e-05,0.0,1.7895750255221127e-09
14.2,-0.00017080334053308683,-1.9921834255491967e-12,2.3645636054346377e-08,-1.269390305736809e-05,0.0,1.7896337257174314e-09
14.22,-0.00017105722061577043,-1.9981865815857802e-12,2.368142990284927e-08,-1.2694004134179506e-05,0.0,1.7896924251445949e-09
14.24,-0.0001713111027199577,-2.004198872839679e-12,2.371722492532913e-08,-1.269410520936361e-05,0.0,1.789751123993186e-09
14.26,-0.0001715649868456906,-2.010220299754657e-12,2.3753021121777852e-08,-1.269420628664594e-05,0.0,1.7898098224361061e-09
14.28,-0.00017181887299289476,-2.0162508627717237e-12,2.3788818492175135e-08,-1.2694307360206804e-05,0.0,1.7898685198641833e-09
14.3,-0.0001720727611614785,-2.022290562331473e-12,2.382461703649403e-08,-1.2694408429187368e-05,0.0,1.7899272159448486e-09
14.32,-0.00017232665135153227,-2.028339398878827e-12,2.3860416754737485e-08,-1.2694509502688338e-05,0.0,1.7899859121726696e-09
14.34,-0.00017258054356308555,-2.03439737285727e-12,2.389621764689844e-08,-1.26946105776637e-05,0.0,1.7900446080476823e-09
14.36,-0.00017283443779601173,-2.040464484706566e-12,2.3932019712946416e-08,-1.2694711646308643e-05,0.0,1.7901033023988321e-09
14.38,-0.00017308833405043904,-2.0465407348725633e-12,2.396782295288687e-08,-1.269481272136512e-05,0.0,1.7901619970228297e-09
14.4,-0.00017334223232620962,-2.0526261237942757e-12,2.400362736668633e-08,-1.2694913788528609e-05,0.0,1.7902206899729764e-09
14.42,-0.000173604105854526,-2.0589120383851815e-12,2.4035611447085767e-08,-1.3093676415819418e-05,0.0,1.5992040199717019e-09
14.44,-0.00017386124231602576,-2.0650924704626686e-12,2.4066883132173402e-08,-1.285682307498835e-05,0.0,1.56358425438199e-09
14.46,-0.000174116640028264,-2.07123909735533e-12,2.4097209729294823e-08,-1.2769885611910723e-05,0.0,1.516329856071008e-09
14.48,-0.0001743713701371415,-2.0773773822133173e-12,2.4126651710149292e-08,-1.2736505443874666e-05,0.0,1.4720990427234622e-09
14.5,-0.00017462583566495328,-2.0835167833750714e-12,2.415527319932253e-08,-1.2723276390588856e-05,0.0,1.4310744586620529e-09
14.52,-0.00017488019100793964,-2.0896608061746143e-12,2.4183121726188224e-08,-1.2717767149318314e-05,0.0,1.392426343284524e-09
14.54,-0.0001751344959501087,-2.0958106935466597e-12,2.4210234916207635e-08,-1.2715247108452596e-05,0.0,1.3556595009705102e-09
14.56,-0.0001753887739330483,-2.101966823247647e-12,2.4236645392515875e-08,-1.2713899146979758e-05,0.0,1.3205238154121655e-09
14.58,-0.00017564303437392857,-2.108129243390607e-12,2.4262383050661072e-08,-1.2713022044013662e-05,0.0,1.2868829072597212e-09
14.6,-0.00017589728125979188,-2.11429787872486e-12,2.4287476015344823e-08,-1.2712344293164743e-05,0.0,1.2546482341875733e-09
14.62,-0.0001761515164632814,-2.120472610131868e-12,2.4311951042697972e-08,-1.2711760174475734e-05,0.0,1.2237513676574904e-09
14.64,-0.00017640574102584662,-2.1266533052508047e-12,2.4335833702702457e-08,-1.2711228128260754e-05,0.0,1.1941330002242383e-09
14.66,-0.0001766599556534954,-2.13283983015406e-12,2.4359148475531017e-08,-1.2710731382439736e-05,0.0,1.1657386414279583e-09
14.68,-0.00017691416090994495,-2.139032053739175e-12,2.438191881416064e-08,-1.2710262822477464e-05,0.0,1.138516931481202e-09
14.7,-0.00017716835729162463,-2.1452298492801425e-12,2.44041671930527e-08,-1.2709819083984083e-05,0.0,1.1124189446030324e-09
14.72,-0.00017742254525716355,-2.1514330948896164e-12,2.4425915150581963e-08,-1.2709398276946606e-05,0.0,1.0873978764632144e-09
14.74,-0.00017767672523951144,-2.157641673571422e-12,2.4447183328159975e-08,-1.270899911739425e-05,0.0,1.0634088789005425e-09
14.76,-0.00017793089765096614,-2.1638554731112157e-12,2.4467991507159232e-08,-1.2708620572734773e-05,0.0,1.0404089499628402e-09
14.78,-0.00017818506288570657,-2.1700743859162597e-12,2.448835864414075e-08,-1.2708261737021912e-05,0.0,1.0183568490758896e-09
14.8,-0.0001784392213211237,-2.1762983088351874e-12,2.4508302904575896e-08,-1.2707921770855195e-05,0.0,9.9721302175731e-10
14.82,-0.00017869337331847298,-2.182527142970027e-12,2.452784169516995e-08,-1.2707599867464887e-05,0.0,9.769395297027768e-10
14.84,-0.0001789475192238502,-2.188760793504595e-12,2.4546991694928116e-08,-1.2707295268860816e-05,0.0,9.574999879082685e-10
14.86,-0.00017920165936900274,-2.194999169537003e-12,2.4565768884973424e-08,-1.2707007257628088e-05,0.0,9.38859502265425e-10
14.88,-0.000179455794071671,-2.201242183908403e-12,2.4584188577150513e-08,-1.2706735133413185e-05,0.0,9.209846088541892e-10
14.9,-0.00017970992363621383,-2.2074897530461534e-12,2.4602265441522183e-08,-1.2706478227142616e-05,0.0,9.038432185838388e-10
14.92,-0.00017996404835443194,-2.213741796819007e-12,2.4620013532791783e-08,-1.2706235910905325e-05,0.0,8.874045634796049e-10
14.94,-0.00018021816850568068,-2.2199982383817063e-12,2.4637446315633633e-08,-1.270600756243729e-05,0.0,8.716391420926305e-10
14.96,-0.0001804722843576204,-2.2262590040418222e-12,2.4654576689072574e-08,-1.2705792596985453e-05,0.0,8.565186719470868e-10
14.98,-0.0001807263961667801,-2.2325240231283497e-12,2.4671417009886972e-08,-1.2705590457986092e-05,0.0,8.420160407199185e-10
15.0,-0.00018098050417861468,-2.238793227853874e-12,2.4687979115058873e-08,-1.2705400591728918e-05,0.0,8.281052585950072e-10
15.02,-0.00018123460862842897,-2.2450665532039325e-12,2.470427434339695e-08,-1.2705222490714391e-05,0.0,8.147614169038935e-10
15.04,-0.00018148870974165954,-2.2513439368161428e-12,2.4720313556260836e-08,-1.2705055661527932e-05,0.0,8.019606431941458e-10
15.06,-0.00018174280773407717,-2.2576253188627234e-12,2.4736107157465667e-08,-1.2704899620882416e-05,0.0,7.896800602415924e-10
15.08,-0.00018199690281250224,-2.2639106419508304e-12,2.4751665112434083e-08,-1.2704753921253193e-05,0.0,7.778977484208073e-10
15.1,-0.0001822509951749135,-2.270199851012861e-12,2.4766996966547256e-08,-1.2704618120562209e-05,0.0,7.665927056587205e-10
15.12,-0.00018250508501103843,-2.2764928932133977e-12,2.4782111862799075e-08,-1.2704491806246932e-05,0.0,7.557448125910206e-10
15.14,-0.00018275917250258072,-2.2827897178517366e-12,2.4797018558728945e-08,-1.2704374577114552e-05,0.0,7.45334796493491e-10
15.16,-0.0001830132578235895,-2.2890902762722923e-12,2.481172544268187e-08,-1.2704266050439616e-05,0.0,7.353441976461159e-10
15.18,-0.00018326734114090904,-2.2953945217811904e-12,2.4826240549427472e-08,-1.2704165865976465e-05,0.0,7.257553372800709e-10
15.2,-0.0001835214226141001,-2.301702409553784e-12,2.4840571575118698e-08,-1.2704073659552312e-05,0.0,7.165512845614329e-10
15.22,-0.00018377550239611444,-2.3080138965647018e-12,2.4854725891691854e-08,-1.27039891007167e-05,0.0,7.077158286576775e-10
15.24,-0.0001840295806336576,-2.314328941513881e-12,2.4868710560665682e-08,-1.270391187715803e-05,0.0,6.992334486913085e-10
15.26,-0.00018428365746701273,-2.3206475047427604e-12,2.4882532346352257e-08,-1.2703841667756609e-05,0.0,6.91089284328713e-10
15.28,-0.00018453773303064226,-2.32696954817319e-12,2.489619772856839e-08,-1.2703778181476614e-05,0.0,6.832691108069168e-10
15.3,-0.00018479180745332874,-2.3332950352381644e-12,2.4909712914807362e-08,-1.2703721134324083e-05,0.0,6.757593119484273e-10
15.32,-0.0001850458808586845,-2.3396239308248636e-12,2.492308385192222e-08,-1.270367026778761e-05,0.0,6.685468557428698e-10
15.34,-0.0001852999533650244,-2.3459562012048407e-12,2.4936316237300625e-08,-1.2703625316994825e-05,0.0,6.616192689202414e-10
15.36,-0.0001855540250856366,-2.352291813976982e-12,2.4949415529591065e-08,-1.2703586030611045e-05,0.0,6.549646145220183e-10
15.38,-0.00018580809612907107,-2.3586307380136655e-12,2.496238695898966e-08,-1.2703552171724102e-05,0.0,6.48571469929613e-10
15.4,-0.00018606216659938394,-2.364972943408468e-12,2.497523553708601e-08,-1.270352351564393e-05,0.0,6.4242890481748e-10
15.42,-0.00018631623659638496,-2.3713184014264757e-12,2.4987966066303288e-08,-1.2703499850051432e-05,0.0,6.365264608640053e-10
15.44,-0.00018657030621565805,-2.37766708445135e-12,2.500058314892344e-08,-1.2703480963654381e-05,0.0,6.308541310075177e-10
15.46,-0.00018682437554885675,-2.3840189659415758e-12,2.501309119574694e-08,-1.2703466659934818e-05,0.0,6.254023411753231e-10
15.48,-0.00018707844468382386,-2.3903740203845325e-12,2.5025494434371683e-08,-1.2703456748354708e-05,0.0,6.20161931237002e-10
15.5,-0.0001873325137048278,-2.3967322232556127e-12,2.503779691712888e-08,-1.2703451050196779e-05,0.0,6.151241378598655e-10
15.52,-0.00018758658269259765,-2.4030935509743348e-12,2.505000252866427e-08,-1.2703449388492437e-05,0.0,6.102805767691627e-10
15.54,-0.00018784065172459868,-2.409457980868416e-12,2.506211499320584e-08,-1.270345160005177e-05,0.0,6.05623227078503e-10
15.56,-0.00018809472087515244,-2.4158254911358207e-12,2.507413788151318e-08,-1.2703457527688433e-05,0.0,6.011444153672346e-10
15.58,-0.00018834879021538216,-2.422196060804206e-12,2.5086074617512116e-08,-1.2703467011485852e-05,0.0,5.968367999467017e-10
15.6,-0.00018860285981359566,-2.4285696697030312e-12,2.5097928484665504e-08,-1.270347991067516e-05,0.0,5.926933576693672e-10
15.62,-0.00018885692973535633,-2.434946298429485e-12,2.5109702632051094e-08,-1.2703496088033173e-05,0.0,5.887073692797191e-10
15.64,-0.00018911100004358338,-2.4413259283166995e-12,2.5121400080172683e-08,-1.2703515411352171e-05,0.0,5.848724060793492e-10
15.66,-0.00018936507079857597,-2.4477085414015398e-12,2.5133023726515923e-08,-1.2703537749628974e-05,0.0,5.811823171619352e-10
15.68,-0.00018961914205822,-2.4540941203983988e-12,2.514457635086297e-08,-1.2703562982201102e-05,0.0,5.776312173522041e-10
15.7,-0.00018987321387802864,-2.4604826486701795e-12,2.515606062037523e-08,-1.270359099043116e-05,0.0,5.742134756129124e-10
15.72,-0.0001901272863114166,-2.4668741102064535e-12,2.5167479094450586e-08,-1.2703621669398416e-05,0.0,5.709237037679835e-10
15.74,-0.00019038135940951248,-2.4732684895912434e-12,2.51788342293526e-08,-1.2703654904793412e-05,0.0,5.677567451006242e-10
15.76,-0.00019063543322158798,-2.479665771987512e-12,2.5190128382661047e-08,-1.2703690603775042e-05,0.0,5.647076654222195e-10
15.78,-0.00019088950779462958,-2.4860659431012e-12,2.5201363817484846e-08,-1.2703728652080362e-05,0.0,5.617717411899313e-10
15.8,-0.00019114358317407908,-2.4924689891757718e-12,2.5212542706540428e-08,-1.2703768972474155e-05,0.0,5.589444527791331e-10
15.82,-0.0001913976594034787,-2.498874896960227e-12,2.5223667136002622e-08,-1.2703811469981752e-05,0.0,5.562214731098652e-10
15.84,-0.0001916517365246323,-2.505283653691079e-12,2.523473910920541e-08,-1.2703856057679986e-05,0.0,5.53598660139282e-10
15.86,-0.0001919058145777517,-2.5116952470749217e-12,2.524576055017237e-08,-1.2703902655969708e-05,0.0,5.510720483480874e-10
15.88,-0.00019215989360141998,-2.518109665267272e-12,2.525673330699154e-08,-1.270395118341294e-05,0.0,5.486378409583364e-10
15.9,-0.000192413973632642,-2.5245268968544783e-12,2.526765915503797e-08,-1.2704001561099874e-05,0.0,5.462924023216097e-10
15.92,-0.00019266805470705551,-2.5309469308405055e-12,2.527853980005704e-08,-1.2704053720676979e-05,0.0,5.440322509534278e-10
15.94,-0.00019292213685904183,-2.5373697566319755e-12,2.528937688111403e-08,-1.2704107599315502e-05,0.0,5.418540528495119e-10
15.96,-0.00019317622012149496,-2.5437953640153358e-12,2.5300171973389405e-08,-1.2704163122656486e-05,0.0,5.397546137688397e-10
15.98,-0.00019343030452613868,-2.550223743148578e-12,2.5310926590880258e-08,-1.270422023218522e-05,0.0,5.377308745429023e-10
16.0,-0.0001936843901034162,-2.5566548845428503e-12,2.5321642188957174e-08,-1.2704278863875604e-05,0.0,5.357799038456325e-10
16.02,-0.00019393847688257772,-2.563088779049723e-12,2.533232016682145e-08,-1.2704338958076253e-05,0.0,5.338988932137933e-10
16.04,-0.00019419256489176256,-2.5695254178489437e-12,2.534296186984777e-08,-1.270440045924172e-05,0.0,5.320851513161244e-10
16.06,-0.00019444665415794968,-2.5759647924334617e-12,2.5353568591822487e-08,-1.2704463309356621e-05,0.0,5.303360987358415e-10
16.08,-0.00019470074470746818,-2.5824068946092126e-12,2.5364141577101497e-08,-1.2704527475924498e-05,0.0,5.286492639504181e-10
16.1,-0.00019495483656530832,-2.5888517164650588e-12,2.537468202262843e-08,-1.2704592892007402e-05,0.0,5.270222763467521e-10
16.12,-0.00019520892975564052,-2.5952992503738538e-12,2.5385191079908698e-08,-1.2704659516610189e-05,0.0,5.25452864013336e-10
16.14,-0.0001954630243016676,-2.6017494889771144e-12,2.5395669856871018e-08,-1.2704727301354767e-05,0.0,5.239388481161491e-10
16.16,-0.0001957171202256051,-2.608202425173407e-12,2.54061194196525e-08,-1.2704796196873545e-05,0.0,5.224781390739292e-10
16.18,-0.00019597121754901447,-2.61465805211616e-12,2.5416540794320546e-08,-1.2704866170469485e-05,0.0,5.210687334025271e-10
16.2,-0.0001962253162927732,-2.6211163632026895e-12,2.5426934968502186e-08,-1.2704937187936869e-05,0.0,5.197087090819322e-10
16.22,-0.0001964794164767936,-2.6275773520572605e-12,2.5437302892935375e-08,-1.2705009201019452e-05,0.0,5.183962216593645e-10
16.24,-0.00019673351812029842,-2.6340410125286853e-12,2.5447645482971205e-08,-1.2705082175241314e-05,0.0,5.171295017915766e-10
16.26,-0.00019698762124185557,-2.6405073386821882e-12,2.54579636200048e-08,-1.2705156077857747e-05,0.0,5.159068516799679e-10
16.28,-0.00019724172585928212,-2.6469763247883084e-12,2.546825815283813e-08,-1.2705230871327413e-05,0.0,5.147266416663849e-10
16.3,-0.00019749583198974346,-2.653447965317117e-12,2.5478529898989357e-08,-1.2705306523067487e-05,0.0,5.135873075613183e-10
16.32,-0.00019774993964975158,-2.6599222549301955e-12,2.5488779645942392e-08,-1.2705383000405445e-05,0.0,5.124873476518448e-10
16.34,-0.00019800404885534753,-2.666399188477636e-12,2.5499008152353065e-08,-1.2705460279797223e-05,0.0,5.114253205334932e-10
16.36,-0.00019825815962199041,-2.6728787609878637e-12,2.5509216149188383e-08,-1.270553833214405e-05,0.0,5.103998417659305e-10
16.38,-0.0001985122719644169,-2.679360967656997e-12,2.551940434081675e-08,-1.2705617121323862e-05,0.0,5.094095814184109e-10
16.4,-0.00019876638589692998,-2.685845803849434e-12,2.552957340607024e-08,-1.270569662565519e-05,0.0,5.08453262674446e-10
16.42,-0.0001990205014333654,-2.6923332650904845e-12,2.5539723999247336e-08,-1.2705776821770214e-05,0.0,5.075296588547443e-10
16.44,-0.00019927461858697948,-2.6988233470572625e-12,2.5549856751068847e-08,-1.2705857680704191e-05,0.0,5.066375910757136e-10
16.46,-0.00019952873737060626,-2.705316045576683e-12,2.5559972269608615e-08,-1.2705939181339445e-05,0.0,5.057759269882467e-10
16.48,-0.000199782857796583,-2.7118113566177893e-12,2.557007114116908e-08,-1.2706021298836869e-05,0.0,5.049435780232808e-10
16.5,-0.00020003697987679595,-2.7183092762873765e-12,2.5580153931133506e-08,-1.2706104010647656e-05,0.0,5.041394982212188e-10
16.52,-0.00020029110362276823,-2.7248098008269034e-12,2.5590221184774656e-08,-1.2706187298613456e-05,0.0,5.033626820576668e-10
16.54,-0.00020054522904559166,-2.731312926605629e-12,2.5600273428029834e-08,-1.2706271141171073e-05,0.0,5.02612162758723e-10
16.56,-0.00020079935615599474,-2.737818650117423e-12,2.5610311168248105e-08,-1.27063555201541e-05,0.0,5.01887010913512e-10
16.58,-0.00020105348496433323,-2.744326967975788e-12,2.5620334894902784e-08,-1.2706440416924349e-05,0.0,5.011863327340118e-10
16.6,-0.00020130761548070505,-2.750837876912248e-12,2.5630345080277762e-08,-1.2706525818590156e-05,0.0,5.005092687487959e-10
16.62,-0.0002015617477145971,-2.7573513737629237e-12,2.5640342180109992e-08,-1.2706611694603085e-05,0.0,4.998549916117005e-10
16.64,-0.00020181588167524436,-2.763867455473506e-12,2.565032663423189e-08,-1.2706698032362806e-05,0.0,4.992227060949083e-10
16.66,-0.0002020700173718303,-2.770386119100353e-12,2.5660298867182685e-08,-1.2706784829295957e-05,0.0,4.986116475396261e-10
16.68,-0.00020232415481303312,-2.7769073617949584e-12,2.5670259288765206e-08,-1.2706872060141516e-05,0.0,4.980210791260777e-10
16.7,-0.00020257829400705218,-2.783431180800866e-12,2.5680208294606065e-08,-1.2706959700953684e-05,0.0,4.974502920430504e-10
16.72,-0.00020283243496204862,-2.7899575734613643e-12,2.5690146266700285e-08,-1.2707047749821499e-05,0.0,4.968986047110439e-10
16.74,-0.0002030865776858731,-2.7964865372090327e-12,2.5700073573914594e-08,-1.27071361912241e-05,0.0,4.963653607154761e-10
16.76,-0.00020334072218609442,-2.803018069563127e-12,2.5709990572475016e-08,-1.2707225011066527e-05,0.0,4.958499280213121e-10
16.78,-0.00020359486846993006,-2.809552168124571e-12,2.5719897606438673e-08,-1.2707314191782846e-05,0.0,4.953516981827408e-10
16.8,-0.00020384901654443645,-2.816088830577749e-12,2.5729795008148864e-08,-1.2707403725319223e-05,0.0,4.948700855096353e-10
16.82,-0.00020410316641642607,-2.822628054685389e-12,2.573968309866616e-08,-1.2707493599480847e-05,0.0,4.944045258648563e-10
16.84,-0.00020435731809250991,-2.8291698382867817e-12,2.5749562188187406e-08,-1.2707583804191844e-05,0.0,4.939544760623309e-10
16.86,-0.00020461147157914563,-2.835714179296253e-12,2.5759432576443817e-08,-1.2707674331786359e-05,0.0,4.935194128203094e-10
16.88,-0.00020486562688239553,-2.8422610756942645e-12,2.576929455308002e-08,-1.2707765162494941e-05,0.0,4.930988318102577e-10
16.9,-0.0002051197840081123,-2.8488105255296244e-12,2.577914839802722e-08,-1.2707856285838982e-05,0.0,4.926922473600801e-10
16.92,-0.00020537394296212203,-2.855362526921728e-12,2.578899438186488e-08,-1.270794770048554e-05,0.0,4.922991918830193e-10
16.94,-0.00020562810375001486,-2.8619170780527863e-12,2.5798832766152426e-08,-1.2708039394641623e-05,0.0,4.919192143770607e-10
16.96,-0.0002058822663771779,-2.868474177166371e-12,2.580866380375692e-08,-1.2708131358150998e-05,0.0,4.915518802246876e-10
16.98,-0.00020613643084881902,-2.875033822565816e-12,2.581848773917127e-08,-1.2708223582056089e-05,0.0,4.911967707175517e-10
17.0,-0.0002063905971699685,-2.8815960126121245e-12,2.58283048088139e-08,-1.2708316057474396e-05,0.0,4.908534821314837e-10
17.02,-0.00020664476534547566,-2.8881607457218228e-12,2.5838115241319782e-08,-1.2708408775356962e-05,0.0,4.905216252942624e-10
17.04,-0.0002068989353799178,-2.894728020362629e-12,2.5847919257814017e-08,-1.2708501722107151e-05,0.0,4.902008247115514e-10
17.06,-0.00020715310727798108,-2.9012978350613743e-12,2.5857717072200024e-08,-1.2708594903164876e-05,0.0,4.898907193005716e-10
17.08,-0.00020740728104413843,-2.9078701883938465e-12,2.586750889139955e-08,-1.2708688307866987e-05,0.0,4.895909599762177e-10
17.1,-0.0002076614566825556,-2.9144450789805805e-12,2.5877294915601408e-08,-1.2708781920859645e-05,0.0,4.893012100927477e-10
17.12,-0.00020791563419732395,-2.921022505491155e-12,2.5887075338507337e-08,-1.2708875738416621e-05,0.0,4.890211452965011e-10
17.14,-0.00020816981359253882,-2.9276024666445787e-12,2.5896850347565562e-08,-1.270896976074323e-05,0.0,4.887504529114723e-10
17.16,-0.00020842399487203776,-2.9341849612009156e-12,2.5906620124181382e-08,-1.2709063974947496e-05,0.0,4.884888307908767e-10
17.18,-0.00020867817803959347,-2.9407699879647424e-12,2.5916384843936766e-08,-1.2709158377785367e-05,0.0,4.882359877693152e-10
17.2,-0.0002089323630988755,-2.947357545782675e-12,2.592614467679549e-08,-1.270925296410204e-05,0.0,4.879916429360785e-10
17.22,-0.00020918655005326537,-2.9539476335371407e-12,2.5935899787290578e-08,-1.2709347719493388e-05,0.0,4.877555247543259e-10
17.24,-0.0002094407389063612,-2.9605402501580803e-12,2.594565033473334e-08,-1.2709442654791372e-05,0.0,4.8752737213813e-10
17.26,-0.0002096949296613289,-2.9671353946047936e-12,2.5955396473373882e-08,-1.2709537748384202e-05,0.0,4.873069320272738e-10
17.28,-0.00020994912232135746,-2.9737330658764566e-12,2.596513835259061e-08,-1.2709633001428299e-05,0.0,4.87093960836128e-10
17.3,-0.00021020331688949837,-2.9803332630067123e-12,2.597487611705605e-08,-1.2709728407045763e-05,0.0,4.868882232719482e-10
17.32,-0.00021045751336890172,-2.986935985068606e-12,2.5984609906906674e-08,-1.2709823970166944e-05,0.0,4.866894925312029e-10
17.34,-0.0002107117117624087,-2.9935412311628474e-12,2.59943398578859e-08,-1.2709919675349981e-05,0.0,4.864975489612998e-10
17.36,-0.00021096591207281522,-3.0001490004235344e-12,2.6004066101502936e-08,-1.2710015520325639e-05,0.0,4.86312180852011e-10
17.38,-0.0002112201143028344,-3.006759292016103e-12,2.6013788765178716e-08,-1.2710111500959236e-05,0.0,4.861331837889756e-10
17.4,-0.00021147431845518512,-3.0133721051385862e-12,2.6023507972389552e-08,-1.271020761753662e-05,0.0,4.859603605416313e-10
17.42,-0.0002117285245323788,-3.0199874390150658e-12,2.603322384279223e-08,-1.2710303859684119e-05,0.0,4.857935201339944e-10
17.44,-0.0002119827325368823,-3.026605292898935e-12,2.6042936492361396e-08,-1.2710400225175311e-05,0.0,4.856324784583061e-10
17.46,-0.0002122369424711254,-3.033225666072155e-12,2.60526460335146e-08,-1.2710496712154757e-05,0.0,4.854770576601848e-10
17.48,-0.00021249115433747318,-3.0398485578436333e-12,2.6062352575233215e-08,-1.2710593317389348e-05,0.0,4.853270859309269e-10
17.5,-0.0002127453681381869,-3.0464739675473247e-12,2.6072056223175875e-08,-1.2710690035686566e-05,0.0,4.851823971327974e-10
17.52,-0.0002129995838755195,-3.053101894543877e-12,2.608175707979418e-08,-1.271078686663099e-05,0.0,4.850428309152762e-10
17.54,-0.00021325380155160187,-3.059732338216847e-12,2.6091455244437672e-08,-1.2710883804117854e-05,0.0,4.849082321745722e-10
17.56,-0.00021350802116849846,-3.0663652979733628e-12,2.6101150813459577e-08,-1.2710980844830026e-05,0.0,4.847784510951745e-10
17.58,-0.00021376224272826153,-3.0730007732447716e-12,2.6110843880318977e-08,-1.2711077988153857e-05,0.0,4.846533429702631e-10
17.6,-0.00021401646623260526,-3.0796387634773984e-12,2.61205345356643e-08,-1.2711175217186687e-05,0.0,4.845327672660917e-10
17.62,-0.00021427069168361275,-3.086279268150284e-12,2.6130222867456117e-08,-1.2711272550373832e-05,0.0,4.844165895907713e-10
17.64,-0.000214524919083153,-3.0929222867592842e-12,2.6139908961032357e-08,-1.2711369977011515e-05,0.0,4.843046788120589e-10
17.66,-0.00021477914843284296,-3.0995678188154022e-12,2.6149592899193592e-08,-1.271146748449835e-05,0.0,4.841969080616182e-10
17.68,-0.00021503337973451765,-3.106215863856427e-12,2.6159274762307637e-08,-1.2711565083733731e-05,0.0,4.840931557024665e-10
17.7,-0.00021528761298986027,-3.1128664214366503e-12,2.616895462837447e-08,-1.2711662767131096e-05,0.0,4.839933033414004e-10
17.72,-0.000215541848200493,-3.1195194911286335e-12,2.617863257310577e-08,-1.2711760531636868e-05,0.0,4.838972365650287e-10
17.74,-0.000215796085368073,-3.1261750725251373e-12,2.6188308670004764e-08,-1.2711858379000114e-05,0.0,4.838048449499802e-10
17.76,-0.0002160503244940855,-3.1328331652331456e-12,2.6197982990432378e-08,-1.2711956300626476e-05,0.0,4.837160213806722e-10
17.78,-0.00021630456558012704,-3.139493768880731e-12,2.620765560368637e-08,-1.2712054302076734e-05,0.0,4.836306626995982e-10
17.8,-0.00021655880862755613,-3.146156883107384e-12,2.6217326577055046e-08,-1.2712152371454165e-05,0.0,4.835486684338951e-10
17.82,-0.0002168130536378141,-3.1528225075719036e-12,2.6226995975896443e-08,-1.271225051289805e-05,0.0,4.834699420698662e-10
17.84,-0.00021706730061220962,-3.1594906419462584e-12,2.6236663863690757e-08,-1.2712348719775193e-05,0.0,4.833943897156108e-10
17.86,-0.00021732154955203173,-3.166161285918071e-12,2.6246330302104572e-08,-1.2712446991105904e-05,0.0,4.83321920690696e-10
17.88,-0.00021757580045874848,-3.1728344391953685e-12,2.625599535106116e-08,-1.2712545335837437e-05,0.0,4.832524478296751e-10
17.9,-0.0002178300533335698,-3.1795101014946715e-12,2.6265659068776063e-08,-1.2712643741066527e-05,0.0,4.831858857448501e-10
17.92,-0.000218084308177644,-3.186188272545709e-12,2.62753215118202e-08,-1.2712742203710054e-05,0.0,4.831221522069743e-10
17.94,-0.0002183385649922412,-3.1928689520958213e-12,2.6284982735179084e-08,-1.2712840729859523e-05,0.0,4.830611679441211e-10
17.96,-0.00021859282377848408,-3.199552139902483e-12,2.629464279229471e-08,-1.2712939312144609e-05,0.0,4.830028557815255e-10
17.98,-0.00021884708453749028,-3.2062378357366487e-12,2.6304301735118248e-08,-1.2713037950309406e-05,0.0,4.82947141176665e-10
18.0,-0.00021910134727042178,-3.212926039383675e-12,2.6313959614161226e-08,-1.2713136646575836e-05,0.0,4.828939521489168e-10
18.02,-0.00021935561197818153,-3.219616750634972e-12,2.632361647852776e-08,-1.2713235387987703e-05,0.0,4.828432183267404e-10
18.04,-0.00021960987866196478,-3.2263099693021495e-12,2.6333272375979895e-08,-1.2713334189163286e-05,0.0,4.827948726069119e-10
18.06,-0.0002198641473227403,-3.233005695203027e-12,2.6342927352959512e-08,-1.271343303877596e-05,0.0,4.827488489806816e-10
18.08,-0.0002201184179615108,-3.2397039281681485e-12,2.6352581454644028e-08,-1.2713531938524389e-05,0.0,4.827050842256997e-10
18.1,-0.00022037269057930697,-3.2464046680403074e-12,2.6362234724979328e-08,-1.2713630889808326e-05,0.0,4.826635167648337e-10
18.12,-0.00022062696517693777,-3.2531079146676507e-12,2.6371887206712567e-08,-1.271372988154062e-05,0.0,4.826240866623122e-10
18.14,-0.00022088124175533353,-3.259813667912412e-12,2.6381538941441902e-08,-1.2713828919787355e-05,0.0,4.825867364667745e-10
18.16,-0.00022113552031533814,-3.2665219276451475e-12,2.639118996964381e-08,-1.2713928000230781e-05,0.0,4.825514100953246e-10
18.18,-0.00022138980085786728,-3.2732326937486178e-12,2.6400840330712954e-08,-1.2714027126456262e-05,0.0,4.825180534572022e-10
18.2,-0.000221644083383686,-3.2799459661116487e-12,2.6410490062988302e-08,-1.2714126290936908e-05,0.0,4.82486613767407e-10
18.22,-0.0002218983678936924,-3.2866617446363447e-12,2.6420139203795603e-08,-1.2714225500319756e-05,0.0,4.824570403652754e-10
18.24,-0.00022215265438862072,-3.2933800292299963e-12,2.6429787789467877e-08,-1.2714324746415962e-05,0.0,4.824292836136129e-10
18.26,-0.00022240694286917518,-3.300100819808357e-12,2.6439435855379364e-08,-1.2714424027722662e-05,0.0,4.824032955743485e-10
18.28,-0.00022266123333616018,-3.3068241162988413e-12,2.6449083435980816e-08,-1.2714523349250346e-05,0.0,4.823790300725352e-10
18.3,-0.00022291552579031929,-3.313549918636036e-12,2.6458730564822277e-08,-1.2714622707955288e-05,0.0,4.823564420731067e-10
18.32,-0.00022316982023235985,-3.320278226762119e-12,2.6468377274577297e-08,-1.2714722102028079e-05,0.0,4.823354877510552e-10
18.34,-0.0002234241166630807,-3.327009040630017e-12,2.6478023597078092e-08,-1.2714821536042297e-05,0.0,4.82316125039675e-10
18.36,-0.00022367841508306544,-3.3337423601950718e-12,2.6487669563329286e-08,-1.271492099923578e-05,0.0,4.822983125596992e-10
18.38,-0.0002239327154929529,-3.34047818542199e-12,2.6497315203537924e-08,-1.2715020494373166e-05,0.0,4.822820104319034e-10
18.4,-0.00022418701789333573,-3.3472165162819497e-12,2.6506960547140645e-08,-1.2715120019141163e-05,0.0,4.822671801360445e-10
18.42,-0.00022444132228490157,-3.35395735275615e-12,2.6516605622825955e-08,-1.271521957829181e-05,0.0,4.822537842656824e-10
18.44,-0.00022469562866826153,-3.3607006948310736e-12,2.6526250458553124e-08,-1.2715319167998264e-05,0.0,4.82241786358348e-10
18.46,-0.00022494993704399413,-3.3674465424994645e-12,2.6535895081571446e-08,-1.2715418786630053e-05,0.0,4.822311509160802e-10
18.48,-0.0002252042474127705,-3.3741948957634703e-12,2.6545539518453227e-08,-1.2715518438818759e-05,0.0,4.822218440890204e-10
18.5,-0.00022545855977518104,-3.38094575462987e-12,2.6555183795099882e-08,-1.2715618120526581e-05,0.0,4.822138323327474e-10
18.52,-0.00022571287413167154,-3.3876991191082083e-12,2.6564827936764204e-08,-1.27157178245257e-05,0.0,4.822070832161163e-10
18.54,-0.00022596719048271932,-3.394454989215298e-12,2.657447196806831e-08,-1.2715817552388331e-05,0.0,4.822015652054164e-10
18.56,-0.00022622150882894675,-3.4012133649780846e-12,2.6584115913036883e-08,-1.2715917311372101e-05,0.0,4.821972484285938e-10
18.58,-0.00022647582917083411,-3.4079742464258617e-12,2.6593759795095417e-08,-1.2716017094368372e-05,0.0,4.821941029266956e-10
18.6,-0.00022673015150898048,-3.4147376335970536e-12,2.6603403637097756e-08,-1.2716116907318898e-05,0.0,4.821921001170924e-10
18.62,-0.00022698447584381726,-3.4215035265314525e-12,2.6613047461337808e-08,-1.2716216741838627e-05,0.0,4.821912120024167e-10
18.64,-0.00022723880217579556,-3.428271925275059e-12,2.6622691289564368e-08,-1.271631659891534e-05,0.0,4.821914113281091e-10
18.66,-0.00022749313050530673,-3.4350428298778254e-12,2.663233514300072e-08,-1.2716416475557717e-05,0.0,4.821926718173244e-10
18.68,-0.0002277474608328626,-3.4418162403983227e-12,2.664197904236199e-08,-1.2716516377793974e-05,0.0,4.821949680638484e-10
18.7,-0.00022800179315896537,-3.4485921569001476e-12,2.665162300786721e-08,-1.2716616305137925e-05,0.0,4.82198275260748e-10
18.72,-0.00022825612748408734,-3.4553705794512584e-12,2.6661267059249043e-08,-1.2716716256097962e-05,0.0,4.82202569091638e-10
18.74,-0.00022851046380850733,-3.4621515081194876e-12,2.6670911215763157e-08,-1.2716816220999543e-05,0.0,4.822078257056101e-10
18.76,-0.000228764802132654,-3.46893494298157e-12,2.6680555496218135e-08,-1.27169162073343e-05,0.0,4.822140227490635e-10
18.78,-0.00022901914245703086,-3.4757208841210328e-12,2.669019991897829e-08,-1.271701621884267e-05,0.0,4.822211380078296e-10
18.8,-0.00022927348478192055,-3.4825093316201965e-12,2.6699844501967958e-08,-1.2717116244484608e-05,0.0,4.822291494831156e-10
18.82,-0.00022952782910771796,-3.4893002855689455e-12,2.6709489262696093e-08,-1.2717216289870578e-05,0.0,4.822380364068853e-10
18.84,-0.00022978217543483483,-3.49609374606208e-12,2.6719134218266102e-08,-1.2717316355844097e-05,0.0,4.82247778500349e-10
18.86,-0.00023003652376367344,-3.5028897131985105e-12,2.672877938538255e-08,-1.271741644193047e-05,0.0,4.822583558223749e-10
18.88,-0.0002302908740944831,-3.509688187077321e-12,2.6738424780357032e-08,-1.2717516540483164e-05,0.0,4.82269748724014e-10
18.9,-0.00023054522642769815,-3.5164891678067e-12,2.6748070419134373e-08,-1.2717616660752762e-05,0.0,4.822819388671442e-10
18.92,-0.00023079958076374152,-3.5232926554986007e-12,2.6757716317292953e-08,-1.2717716802169394e-05,0.0,4.822949079289499e-10
18.94,-0.00023105393710276062,-3.530098650261579e-12,2.6767362490043835e-08,-1.2717816950955051e-05,0.0,4.823086375440291e-10
18.96,-0.00023130829544524295,-3.5369071522171705e-12,2.6777008952265404e-08,-1.271791712411697e-05,0.0,4.82323111078688e-10
18.98,-0.0002315626557913691,-3.5437181614824914e-12,2.6786655718487313e-08,-1.2718017306307111e-05,0.0,4.823383110952544e-10
19.0,-0.00023181701814146448,-3.5505316781822426e-12,2.6796302802915326e-08,-1.2718117504770206e-05,0.0,4.823542214006374e-10
19.02,-0.0002320713824960817,-3.557347702450834e-12,2.6805950219447174e-08,-1.2718217730860924e-05,0.0,4.823708265925425e-10
19.04,-0.00023232574885520777,-3.5641662344110693e-12,2.6815597981643887e-08,-1.2718317956303743e-05,0.0,4.823881098357112e-10
19.06,-0.00023258011721909703,-3.570987274196372e-12,2.682524610277619e-08,-1.271841819446281e-05,0.0,4.824060566149666e-10
19.08,-0.00023283448758830395,-3.577810821951602e-12,2.6834894595829264e-08,-1.2718518460346348e-05,0.0,4.824246526535861e-10
19.1,-0.0002330888599629506,-3.584636877813336e-12,2.684454347348838e-08,-1.2718618732332822e-05,0.0,4.824438829557353e-10
19.12,-0.0002333432343435253,-3.591465441931215e-12,2.6854192748167058e-08,-1.2718719028735099e-05,0.0,4.82463733933973e-10
19.14,-0.00023359761073005943,-3.598296514445784e-12,2.6863842431994196e-08,-1.2718819326705539e-05,0.0,4.824841913569419e-10
19.16,-0.00023385198912273015,-3.605130095504594e-12,2.6873492536833388e-08,-1.2718919633535853e-05,0.0,4.825052419596021e-10
19.18,-0.00023410636952205842,-3.6119661852674587e-12,2.6883143074303136e-08,-1.2719019966412534e-05,0.0,4.825268734873529e-10
19.2,-0.00023436075192810718,-3.6188047838848534e-12,2.6892794055753487e-08,-1.2719120302438728e-05,0.0,4.825490725175972e-10
19.22,-0.00023461513634124987,-3.625645891518493e-12,2.690244549230224e-08,-1.2719220657133935e-05,0.0,4.825718274377718e-10
19.24,-0.00023486952276160954,-3.632489508326201e-12,2.6912097394810846e-08,-1.2719321017983498e-05,0.0,4.825951254301418e-10
19.26,-0.00023512391118943215,-3.6393356344718756e-12,2.6921749773916892e-08,-1.271942139113051e-05,0.0,4.826189553023388e-10
19.28,-0.00023537830162491874,-3.646184270120923e-12,2.6931402640026347e-08,-1.2719521774329487e-05,0.0,4.826433054727618e-10
19.3,-0.0002356326940683204,-3.653035415442753e-12,2.69410560033242e-08,-1.2719622170082733e-05,0.0,4.826681648926384e-10
19.32,-0.00023588708851990248,-3.659889070609761e-12,2.695070987377875e-08,-1.2719722579104286e-05,0.0,4.826935227274356e-10
19.34,-0.00023614148497977535,-3.6667452357927105e-12,2.6960364261143644e-08,-1.2719822993643358e-05,0.0,4.827193682446991e-10
19.36,-0.00023639588344830572,-3.673603911171766e-12,2.697001917496925e-08,-1.2719923426518868e-05,0.0,4.827456912804233e-10
19.38,-0.006486960389567518,-1.722514484955892e-10,-1.3102019118800514e-06,-0.31252822530596075,0.0,-6.685859655275102e-05
19.4,-0.012724313364343875,7.999940344131796e-09,-7.225476859833973e-06,-0.31186764873908557,0.0,-0.000295763747397696
19.42,-0.018896284987474136,5.259537848738748e-08,-1.2445362212824164e-05,-0.30859858116456856,0.0,-0.0002609942676495094
19.44,-0.025123613025109237,1.3009673153783313e-07,-1.795580720268924e-05,-0.31136640190586845,0.0,-0.000275522249493254
19.46,-0.03134439142935064,2.4179582922704895e-07,-2.3593780229213576e-05,-0.3110389202622113,0.0,-0.00028189865132621664
19.48,-0.03756968077214888,3.886739378715501e-07,-2.9335318372499523e-05,-0.3112644672265472,0.0,-0.000287076907164297
19.5,-0.043798146882544686,5.713879742447468e-07,-3.5349776806517036e-05,-0.31142330565378945,0.0,-0.00030072292170087563
19.52,-0.05003984222264648,7.92030511503528e-07,-4.2198158860473114e-05,-0.3120847672000811,0.0,-0.0003424191026978033
19.54,-0.05635940321360028,1.0587043502865326e-06,-4.873622485642629e-05,-0.3159780498290188,0.0,-0.00032690329979765905
19.56,-0.06265519902183662,1.3655376706898174e-06,-5.71695704465386e-05,-0.31478979078566477,0.0,-0.0004216672795056155
19.58,-0.06894542336198609,1.7251470946203019e-06,-6.333452232709622e-05,-0.3145112175214413,0.0,-0.00030824759402788113
19.6,-0.07523103694052999,2.123243428682379e-06,-6.984548021498203e-05,-0.31428067955752587,0.0,-0.0003255478943942904
19.62,-0.08151164438599579,2.561915472466067e-06,-7.713795259016787e-05,-0.3140303730392714,0.0,-0.00036462361875929126
19.64,-0.08778667529729933,3.0459585103640986e-06,-7.645318015744497e-05,-0.31375154649862946,0.0,3.423862163614507e-05
19.66,-0.09405540595835772,3.5252229058862757e-06,-6.401545802095266e-05,-0.3134365339689517,0.0,0.000621886106824616
19.68,-0.10031659175242048,3.926035582794993e-06,-4.576390419022965e-05,-0.3130592903445934,0.0,0.0009125776915361505
19.7,-0.10656763672234378,4.21210780608709e-06,-4.0799683811247996e-05,-0.3125522488234593,0.0,0.0002482110189490822
19.72,-0.11279079403802982,4.4660106570156186e-06,-4.631361009843072e-05,-0.31115786604328105,0.0,-0.00027569631435913684
19.74,-0.11892850926995574,4.750270407365476e-06,-5.0841245542260146e-05,-0.3068857619254235,0.0,-0.00022638177219147016
19.76,-0.12515101936974465,5.066630571510617e-06,-5.5983924139511446e-05,-0.3111255053915487,0.0,-0.0002571339298625646
19.78,-0.1313819715606406,5.415463726647095e-06,-6.109466748545625e-05,-0.3115476100330233,0.0,-0.0002555371672972405
19.8,-0.13761652361017165,5.796361611507872e-06,-6.632970385553414e-05,-0.31172760305832337,0.0,-0.00026175181850389493
19.82,-0.14385412887865417,6.210100122340803e-06,-7.180306658518907e-05,-0.3118802641102052,0.0,-0.00027366813648274646
19.84,-0.15010950476429377,6.659255294344669e-06,-7.805940927490937e-05,-0.31276879508824773,0.0,-0.00031281713448601343
19.86,-0.15643019869658265,7.152644929908762e-06,-8.351006458162266e-05,-0.3160346975772864,0.0,-0.0002725327653356654
19.88,-0.16272625070606742,7.678428641052348e-06,-8.765662498403629e-05,-0.3148026015719437,0.0,-0.00020732802012068144
19.9,-0.16901567588544927,8.22973842677861e-06,-9.414803743637057e-05,-0.31447126017724225,0.0,-0.0003245706226167148
19.92,-0.17530042665488726,8.821435379246153e-06,-0.00010085923052143581,-0.3142375398645767,0.0,-0.0003355596542532624
19.94,-0.18158007501154458,9.454795882591447e-06,-0.0001083302652178781,-0.31398241942987243,0.0,-0.0003735517348221141
19.96,-0.1878540091882963,1.0134452838577164e-05,-0.00010776826622912998,-0.31369671067827193,0.0,2.8099949437405607e-05
19.98,-0.19412153471574076,1.080989320083152e-05,-0.0001085093141614445,-0.3133762781919981,0.0,-3.705239661572428e-05
20.0,-0.2003809939789458,1.1489102835169133e-05,-0.0001097904639367608,-0.3129729650027659,0.0,-6.405748876581466e-05
20.02,-0.20662666746302616,1.2174818227339035e-05,-0.00012519875820176881,-0.3122836760861442,0.0,-0.0007704147132504026
20.04,-0.21283614288004254,1.2952236842695838e-05,-0.00012998280191427509,-0.31047377328411496,0.0,-0.000239202185625312
20.06,-0.21886176054336381,1.3735463514249494e-05,-0.0001346809505856483,-0.3012808857112133,0.0,-0.00023490743356866173
20.08,-0.22509836683856785,1.4575415583594632e-05,-0.0001394122969601968,-0.3118303175883407,0.0,-0.00023656731872742417
20.1,-0.23133712315730776,1.5445174937799925e-05,-0.000144150488584663,-0.3119378189683744,0.0,-0.00023690958122331022
20.12,-0.23757930556598691,1.634498858807813e-05,-0.00014900438735353323,-0.3121091236766718,0.0,-0.00024269493844351154
20.14,-0.24382467980239395,1.727557675685457e-05,-0.00015405762470824288,-0.3122687152868948,0.0,-0.000252661867735482
20.16,-0.25009399178899877,1.8241412077706786e-05,-0.00015973312650264038,-0.31346560305009763,0.0,-0.0002837750897198754
20.18,-0.2563936954713917,1.924768345149383e-05,-0.00016467566107456087,-0.3149851881380163,0.0,-0.0002471267285960268
20.2,-0.2626888065345863,2.0284335036733854e-05,-0.00016852277577936276,-0.3147555574275151,0.0,-0.00019235573524009131
20.22,-0.26897741934191344,2.1344109532858773e-05,-0.0001747136904207988,-0.3144306448312583,0.0,-0.00030954573207180486
20.24,-0.2752612575626844,2.2441982109587744e-05,-0.0001811498547267112,-0.3141919158338826,0.0,-0.0003218082152956166
20.26,-0.28153988608055097,2.3579354765923326e-05,-0.00018054008705136848,-0.31393143104420174,0.0,3.0488383767132825e-05
20.28,-0.2878126941550833,2.471184809406036e-05,-0.00017912167315367353,-0.3136404088381287,0.0,7.092069488474613e-05
20.3,-0.29407895195589584,2.583427068775831e-05,-0.00017974118178009567,-0.3133128950668826,0.0,-3.097543132110586e-05
20.32,-0.3003359877236445,2.695891770320507e-05,-0.0001977738021039483,-0.31285179344106817,0.0,-0.0009016310161926298
20.34,-0.3065723919823414,2.819231510098604e-05,-0.00020042769729427463,-0.31182021903318713,0.0,-0.00013269475951631937
20.36,-0.3127667364875202,2.9433833323030922e-05,-0.00020206385879044056,-0.30971723147980557,0.0,-8.180807480829541e-05
20.38,-0.31902844357030175,3.069909803601337e-05,-0.00020293213994324456,-0.3130853605306854,0.0,-4.341405764020109e-05
20.4,-0.3252705366722257,3.1965819364300234e-05,-0.00020542603666768626,-0.31210466152265925,0.0,-0.00012469483622208304
20.42,-0.3315160858855876,3.32488178040616e-05,-0.00020815099730420435,-0.31227746725712674,0.0,-0.00013624803182590666
20.44,-0.3377647542631028,3.4549484377449226e-05,-0.00021123649977663106,-0.31243342564413656,0.0,-0.00015427512362133766
20.46,-0.3440170693247485,3.587020154621581e-05,-0.0002146602368767336,-0.31261576005687597,0.0,-0.00017118685500512376
20.48,-0.35030102313690775,3.7219116580775263e-05,-0.00021899213357914497,-0.3141976978469225,0.0,-0.00021659483512056848
20.5,-0.35659812329237495,3.8598132001227323e-05,-0.0002215362114187304,-0.3148550153231973,0.0,-0.00012720389197927264
20.52,-0.36289227480071407,3.999251450329157e-05,-0.00022369484178689123,-0.3147075831396115,0.0,-0.0001079315184080425
20.54,-0.3691802313418723,4.1399097970390326e-05,-0.00023023535418488454,-0.3143978349240478,0.0,-0.00032702561989966355
20.56,-0.375463105583455,4.284563777225976e-05,-0.0002367468924850757,-0.3141437204052517,0.0,-0.0003255769150095535
20.58,-0.38174067869398937,4.433183372629328e-05,-0.00023821757043312962,-0.3138786643230228,0.0,-7.353389740270041e-05
20.6,-0.38801236993948723,4.5825860805563334e-05,-0.00023817001886945846,-0.3135845711724811,0.0,2.3775781835564927e-06
20.62,-0.39427714944511816,4.731794348684523e-05,-0.00023484471086333695,-0.31323898416578155,0.0,0.00016626540030607938
20.64,-0.40052856274054294,4.878605486168627e-05,-0.00023295793106123576,-0.3125706733906949,0.0,9.43389901050579e-05
20.66,-0.40675668758773015,5.023694596672441e-05,-0.00023540583118693593,-0.3114062508092763,0.0,-0.00012239500628500553
20.68,-0.41293364180319797,5.169103703488018e-05,-0.00023752762705574133,-0.30884771933092775,0.0,-0.00010608979344026892
20.7,-0.41917507966992223,5.3173550988659883e-05,-0.00024029373147320778,-0.3120719021396646,0.0,-0.0001383052208733252
20.72,-0.42542359168378796,5.467502928552584e-05,-0.00024318979596772475,-0.31242560971318306,0.0,-0.00014480322472584762
20.74,-0.43167492547175307,5.619528990391727e-05,-0.0002462920591447633,-0.3125666986410526,0.0,-0.00015511315885193057
20.76,-0.43792923012205964,5.773567550590642e-05,-0.00024964435534190926,-0.3127152419999461,0.0,-0.00016761480985729972
20.78,-0.44418812304377986,5.929817282696279e-05,-0.0002531277831005662,-0.312944655837728,0.0,-0.00017417138793284252
20.8,-0.4504866171193669,6.089249670323958e-05,-0.00025718583384469625,-0.3149247138685426,0.0,-0.00020290253720650045
20.82,-0.456783400763479,6.2511940290996e-05,-0.00025999964577650027,-0.3148391926180552,0.0,-0.00014069059659019793
20.84,-0.4630765468467999,6.41481560803485e-05,-0.0002624428067698069,-0.31465731480143333,0.0,-0.00012215804966533178
20.86,-0.46936533473094977,6.579860326173693e-05,-0.00026707077713916677,-0.31443940503619383,0.0,-0.0002313985184679906
20.88,-0.475647216362328,6.747631031081386e-05,-0.0002656071816926611,-0.3140940927705741,0.0,7.31797723252821e-05
20.9,-0.4819236668537815,6.914338067608472e-05,-0.00026375692981384536,-0.3138225356423224,0.0,9.251259394078631e-05
20.92,-0.4881941503639651,7.079726419353137e-05,-0.00026359928400704834,-0.3135241864147585,0.0,7.882290339850632e-06
20.94,-0.4944566172890452,7.244804602933496e-05,-0.0002654706588848147,-0.31312335713263145,0.0,-9.356874388831707e-05
20.96,-0.5007025274499874,7.410615195404715e-05,-0.00026701020141916204,-0.3122955190515735,0.0,-7.69771267173704e-05
20.98,-0.5069215896769571,7.576670505137135e-05,-0.0002684998699517504,-0.31095312243309614,0.0,-7.448342662941769e-05
21.0,-0.5130774982570786,7.741956574428829e-05,-0.0002698615473403341,-0.307795440100898,0.0,-6.808386942918996e-05
21.02,-0.5193293269323288,7.910669394525316e-05,-0.00027150375904336883,-0.3125914451447852,0.0,-8.21105851517335e-05
21.04,-0.525583028644406,8.0804597509738e-05,-0.0002731669898324207,-0.3126850971285401,0.0,-8.316153945259446e-05
21.06,-0.5318394455382923,8.251364412228744e-05,-0.00027471388217910196,-0.3128208563656963,0.0,-7.734461733406295e-05
21.08,-0.5380987623594824,8.423316538928163e-05,-0.00027756851076901303,-0.3129658528689124,0.0,-0.00014273142949555877
21.1,-0.5443643065522743,8.597228320469535e-05,-0.0002804007392712176,-0.31327722170770556,0.0,-0.00014161142511022546
21.12,-0.5506744944316672,8.77416645973897e-05,-0.0002836982602754387,-0.31550940637304137,0.0,-0.00016487605021105677
21.14,-0.5569703778629411,8.952779582165783e-05,-0.0002860348400887885,-0.3147941842317571,0.0,-0.00011682899066748782
21.16,-0.5632624684865238,9.13275530060814e-05,-0.0002880863061371049,-0.3146045440489651,0.0,-0.00010257330241581721
21.18,-0.5695502484796209,9.313897636820776e-05,-0.00028995176980721124,-0.3143890127010067,0.0,-9.327318350531802e-05
21.2,-0.5758312762535842,9.496017153851385e-05,-0.0002885898554108204,-0.31405140189963315,0.0,6.80957198195344e-05
21.22,-0.5821065530750427,9.677115281935675e-05,-0.00027831447975892464,-0.3137638541386952,0.0,0.0005137687825947938
21.24,-0.5883758293116227,9.851598321865642e-05,-0.00026008594696521356,-0.3134638239692914,0.0,0.0009114266396855543
21.26,-0.5946331698949258,0.00010014342960644472,-0.0002603029509134502,-0.31286703974705476,0.0,-1.0850197411832516e-05
21.28,-0.6008733534485505,0.00010176776783638192,-0.00026149941444297175,-0.31200918825173896,0.0,-5.9823176476080216e-05
21.3,-0.6070822019106636,0.00010339137811059818,-0.000262455531772413,-0.31044243371998353,0.0,-4.780586647206135e-05
21.32,-0.6133491132813056,0.00010503616370471646,-0.0002641004168857984,-0.31334557932417284,0.0,-8.224425566927604e-05
21.34,-0.6196049598501959,0.00010668833542994647,-0.0002657967805774402,-0.3127923393529999,0.0,-8.481818458208365e-05
21.36,-0.6258633487460203,0.00010835179508923152,-0.0002677449686370907,-0.31291945584477493,0.0,-9.740940298252704e-05
21.38,-0.6321242740912957,0.00011002812638949869,-0.00027001684602762896,-0.3130462784844974,0.0,-0.0001135938695269102
21.4,-0.6383880914899492,0.00011171946264868071,-0.00027259753949908887,-0.31319088134990963,0.0,-0.00012903467357299736
21.42,-0.6446610851229451,0.00011342946532068525,-0.00027530268750633523,-0.31364969330335407,0.0,-0.0001352574003623168
21.44,-0.6509737816036598,0.00011516736767114393,-0.0002781778554021788,-0.31563483599696796,0.0,-0.00014375839479217466
21.46,-0.6572687351098431,0.00011691848438251925,-0.00028037210583249265,-0.3147476874872105,0.0,-0.000109712521515691
21.48,-0.6635597245115494,0.0001186823023750626,-0.0002824392400170388,-0.3145494824484525,0.0,-0.00010335670922730888
21.5,-0.6698461419943915,0.00012045783339855884,-0.00028423850285693396,-0.31432088667909364,0.0,-8.996314199475865e-05
21.52,-0.6761271700801699,0.00012224314346614214,-0.0002858282373676983,-0.31405141697526223,0.0,-7.948672553821873e-05
21.54,-0.6824015650419384,0.00012403654276745213,-0.00028733062051640104,-0.31371976090353165,0.0,-7.511915743513673e-05
21.56,-0.6886671664919779,0.00012583684196954402,-0.0002932187291109692,-0.31328008543400543,0.0,-0.000294405429728409
21.58,-0.6949205036470117,0.0001276704375953946,-0.0002983026788142114,-0.31266687119280795,0.0,-0.0002541974851621083
21.6,-0.7011544157136761,0.00012953003031953113,-0.0003027248095848818,-0.311695617201256,0.0,-0.00022110653853352137
21.62,-0.7073514007242176,0.00013140601148415413,-0.00030665881742260217,-0.309849264724731,0.0,-0.00019670039188601925
21.64,-0.7136075414750346,0.00013332451226856737,-0.000310514019059906,-0.3128070522489774,0.0,-0.00019276008186519574
21.66,-0.7198677994581121,0.0001352684101977208,-0.0003141312765805756,-0.31301291424406325,0.0,-0.00018086287603347572
21.68,-0.7261303364798758,0.00013723566901170927,-0.0003176015250553979,-0.3131268665376257,0.0,-0.00017351242374111952
21.7,-0.732395288313481,0.00013922542733536367,-0.0003209832956957144,-0.31324760747901514,0.0,-0.0001690885320158234
21.72,-0.7386630981311687,0.00014123728965653327,-0.00032431132577018246,-0.3133905070287416,0.0,-0.00016640150372340158
21.74,-0.7449447541642061,0.0001432745019240631,-0.0003286605069815315,-0.3140828181691463,0.0,-0.00021745906056745394
21.76,-0.751242425642182,0.00014534429789934267,-0.00033557996448634845,-0.31488359090529916,0.0,-0.0003459728752408438
21.78,-0.757536065100077,0.00014745631728439387,-0.00034466971193889003,-0.31468199061353325,0.0,-0.00045448737262707584
21.8,-0.7638258240807019,0.0001496242067862573,-0.00035428845175595607,-0.3144879677113909,0.0,-0.00048093699085330566
21.82,-0.7701108132738586,0.00015185090596996903,-0.0003623757253470951,-0.31424947938018005,0.0,-0.0004043636795569489
21.84,-0.7763901896631129,0.00015412639964335553,-0.0003693814789906949,-0.31396884007730774,0.0,-0.00035028768217999236
21.86,-0.7826622571649801,0.00015644318531889416,-0.0003752875464538806,-0.31360339648779884,0.0,-0.0002953033731592899
21.88,-0.7889250536775742,0.0001587935349663872,-0.0003803163651401969,-0.31313984768113057,0.0,-0.00025144093431581793
21.9,-0.7951742343933894,0.00016117020077591768,-0.00038488161489951873,-0.3124590583878866,0.0,-0.000228262487966091
21.92,-0.8014008041774233,0.00016356669312801508,-0.0003897909082044757,-0.31132851226084013,0.0,-0.0002454646652478503
21.94,-0.8076626950471564,0.00016600752138082298,-0.0003948717259302388,-0.313094567271969,0.0,-0.0002540408862881496
21.96,-0.8139249137551685,0.00016848029461872965,-0.00039839635701397586,-0.31311095981131054,0.0,-0.00017623155418685708
21.98,-0.8201885170179628,0.00017097569147243058,-0.0003981578672421518,-0.31318018799363867,0.0,1.192448859120465e-05
22.0,-0.8264545219048662,0.00017347055074616537,-0.0003951827584990547,-0.3133002691788661,0.0,0.000148755437154853
22.02,-0.8327228837262067,0.0001759476993909445,-0.0003927289730432029,-0.3134181155401879,0.0,0.00012268927279259251
22.04,-0.8389945075721242,0.00017841074790989525,-0.0003910524842350573,-0.31358121647864073,0.0,8.382444040728009e-05
22.06,-0.8452856442023187,0.00018087091264319942,-0.0004148069828834774,-0.31455685556106006,0.0,-0.0011877249324210059
22.08,-0.8515797547164634,0.0001834817537852516,-0.00045395479819567255,-0.31470555278211376,0.0,-0.0019573907656097577
22.1,-0.8578707518644864,0.0001863375823222035,-0.0004970642785181217,-0.31454988981157633,0.0,-0.002155474016122462
22.12,-0.8641577859613937,0.00018946264264697415,-0.0005451845462185698,-0.3143517436792636,0.0,-0.002406013385022401
22.14,-0.8704417630196026,0.00019288857016732682,-0.0005873980452281814,-0.31419889960451663,0.0,-0.002110674950480575
22.16,-0.8767201829390793,0.0001965765021793061,-0.0006218547708963012,-0.3139210501309356,0.0,-0.0017228362834059983
22.18,-0.8829904020382765,0.0002004756683433139,-0.0006474495135114486,-0.3135110155777403,0.0,-0.001279737130757359
22.2,-0.8892497044407924,0.00020452825120501246,-0.0006663406250141478,-0.3129651857218686,0.0,-0.0009445555751349716
22.22,-0.8954910238567636,0.00020868709650108635,-0.0006931808251138713,-0.31206604007874866,0.0,-0.0013420100049861786
22.24,-0.9017112117061195,0.0002129988121374588,-0.000716499931672239,-0.31100946718776246,0.0,-0.0011659553279183825
22.26,-0.9079740386421479,0.00021748612797708588,-0.0007345302437940832,-0.31314142718046045,0.0,-0.0009015156060922028
22.28,-0.9142376347173488,0.00022208692955666152,-0.0007504701355948359,-0.3131798882457444,0.0,-0.0007969945900376524
22.3,-0.9205059931966739,0.00022679114627774453,-0.0007625268686167221,-0.3134180122256168,0.0,-0.0006028366510942978
22.32,-0.9267731837388602,0.00023157004838312862,-0.0007838194339797876,-0.3133596182103476,0.0,-0.0010646282681532828
22.34,-0.9330443429568677,0.00023648550585842574,-0.0007989686633186579,-0.31355805722115787,0.0,-0.0007574614669435107
22.36,-0.9393265495435964,0.00024150479312573834,-0.0008453464880821725,-0.314110429592774,0.0,-0.002318891238175719
22.38,-0.9456247132516584,0.00024682892496594237,-0.0009205259975556382,-0.31490829792150926,0.0,-0.0037589754736732893
22.4,-0.9519163422495645,0.000252620534661365,-0.0010127951455754665,-0.3145815831784916,0.0,-0.004613457400991426
22.42,-0.9582025650866822,0.00025898719281167864,-0.0011189524469718147,-0.3143113030589123,0.0,-0.0053078650698174116
22.44,-0.9644866791515417,0.000266018820556264,-0.0012303396794083174,-0.3142058999444237,0.0,-0.005569361621825122
22.46,-0.9707671612392379,0.00027374595077351454,-0.001337399649424425,-0.31402434205971125,0.0,-0.005352998500805388
22.48,-0.9770420056862363,0.00028213793054052784,-0.0014320476306179152,-0.3137425029357359,0.0,-0.0047323990596745205
22.5,-0.9833081164554639,0.0002911113057548714,-0.0015169487245287594,-0.313305859718953,0.0,-0.004245054695542201
22.52,-0.9895603948755993,0.00030059569880464687,-0.0015975662093733868,-0.3126142806902869,0.0,-0.004030874242231381
22.54,-0.995796616492425,0.0003105584842095857,-0.0016789311256986423,-0.31181147874660325,0.0,-0.004068245816262766
22.56,-1.0020565287069838,0.00032106845554595473,-0.0017519301896966035,-0.312996051865999,0.0,-0.003649953199898074
22.58,-1.0083205041675676,0.0003320425144902835,-0.0018161859367818761,-0.3131992536739379,0.0,-0.0032127873542636062
22.6,-1.0145859546898388,0.0003434217501280266,-0.0018710270622914087,-0.3132730427839014,0.0,-0.0027420562754766047
22.62,-1.0208529314438113,0.0003551474469163442,-0.0019167160294361895,-0.3133493861761838,0.0,-0.0022844483572390414
22.64,-1.0271219680047587,0.00036716342449660496,-0.0019558552094816285,-0.3134524038279739,0.0,-0.0019569590022719754
22.66,-1.0333929720997226,0.00037942861616405485,-0.0019975497614677746,-0.31355080447185324,0.0,-0.0020847275993072893
22.68,-1.0396771738122508,0.000391981638492313,-0.0020842615081133518,-0.31421071250878646,0.0,-0.0043355873322788825
22.7,-1.0459794422478583,0.00040511723302743354,-0.002190090637898346,-0.3151141062309811,0.0,-0.005291456489249686
22.72,-1.0522705854890044,0.0004188954289705771,-0.002308171797151178,-0.3145579164450508,0.0,-0.005904057962641589
22.74,-1.0585582981563453,0.00043340857579162205,-0.0024353933974643467,-0.31438647083831367,0.0,-0.006361080015658453
22.76,-1.0648402573142528,0.0004487076478949274,-0.0025660471482478442,-0.31409888937731895,0.0,-0.006532687539174834
22.78,-1.0711171374044661,0.0004648144535026084,-0.0026956854955494064,-0.31384503778179995,0.0,-0.006481917365078055
22.8,-1.0773890887886513,0.00048172170283118426,-0.0028220188594172747,-0.3135987086256144,0.0,-0.006316668193393419
22.82,-1.08365167172207,0.0004993948768931336,-0.0029402504020226393,-0.313130393522535,0.0,-0.0059115771302682705
22.84,-1.0899004918475843,0.0005177680257251083,-0.0030592482745245148,-0.3124423568181342,0.0,-0.00594989362509372
22.86,-1.0961335867853363,0.0005368366701462254,-0.003179385666600612,-0.3116562052816794,0.0,-0.0060068696038048505
22.88,-1.1023964798018469,0.0005567488895285951,-0.0032926038904891155,-0.3131462335424775,0.0,-0.005660911194425197
22.9,-1.1086608291365057,0.0005773749850568157,-0.0033991023042975296,-0.31321916457352883,0.0,-0.005324920690420683
22.92,-1.1149265828911528,0.0005986730051075004,-0.003497900146529167,-0.3132894975878253,0.0,-0.004939892111581862
22.94,-1.1211940507107137,0.000620596071123785,-0.0035890203532678647,-0.31337530809739195,0.0,-0.004556010336934905
22.96,-1.1274634120193383,0.0006430970330746456,-0.003675636236001838,-0.3134700843436628,0.0,-0.0043307941366987025
22.98,-1.1337346692708639,0.0006661479972822297,-0.003769751907631037,-0.3135649807526471,0.0,-0.004705783581459874
23.0,-1.1400210053968816,0.0006898460371432483,-0.003893125573768738,-0.3143190396967998,0.0,-0.0061686833068850325
23.02,-1.1463221214942092,0.0007143771973000757,-0.004040040553757188,-0.3150581924415666,0.0,-0.007345748999422382
23.04,-1.152607402715437,0.0007397701264796054,-0.004199155200628308,-0.31426662577646214,0.0,-0.007955732343555993
23.06,-1.1588914491566684,0.00076615796787257,-0.004356964548861627,-0.3142050922316857,0.0,-0.007890467411665932
23.08,-1.16517100129368,0.0007935179270424565,-0.00451476234805082,-0.3139805870146031,0.0,-0.007889889959459702
23.1,-1.1714456223511573,0.0008218465424161058,-0.004671173852418117,-0.3137342503034505,0.0,-0.007820575218364838
23.12,-1.1777144188480817,0.0008511293936816013,-0.004826294807365184,-0.31344324448466715,0.0,-0.007756047747353347
23.14,-1.1839729497670937,0.0008813351434868616,-0.004981475710698001,-0.3129301905040107,0.0,-0.007759045166640903
23.16,-1.190215861970904,0.0009124343162376188,-0.005138749888500152,-0.3121494831928721,0.0,-0.007863708890107459
23.18,-1.196441187654946,0.0009444249894927702,-0.005290906193316203,-0.3112703940128554,0.0,-0.007607815240802572
23.2,-1.2027047436010212,0.0009775651856793943,-0.005439486089998415,-0.31318218085572375,0.0,-0.0074289948341106984
23.22,-1.2089693645713233,0.0010116418403939159,-0.005581251377903157,-0.31323568251376377,0.0,-0.007088264395237038
23.24,-1.215235373423718,0.0010466143740718039,-0.005715146466110345,-0.31330532239494857,0.0,-0.006694754410359424
23.26,-1.2215030108786886,0.0010824352301286252,-0.005842134136359184,-0.31338699079843313,0.0,-0.006349383512441908
23.28,-1.2277723814885504,0.001119062150881689,-0.005966329923931224,-0.313473879992909,0.0,-0.00620978937860197
23.3,-1.2340436657270617,0.001156479145675195,-0.006101049397670426,-0.3135697929955085,0.0,-0.006735973686960144
23.32,-1.2403325979350053,0.0011948487078098674,-0.006258663913160947,-0.31445246278017874,0.0,-0.007880725774526127
23.34,-1.2466250741268696,0.0012342317156999363,-0.006430904504647905,-0.3146299717385932,0.0,-0.008612029574347863
23.36,-1.2529143805710428,0.0012746782024199016,-0.006609048823075141,-0.31447182491840714,0.0,-0.008907215921361927
23.38,-1.2591970906395897,0.001316201544579221,-0.006785827647701102,-0.31414236419721503,0.0,-0.008838941231297895
23.4,-1.26547717449786,0.0013588177653794228,-0.0069592351660180685,-0.31401142259948145,0.0,-0.008670375915848367
23.42,-1.2717515345125414,0.001402483217159958,-0.007129149322305491,-0.3137255977184225,0.0,-0.00849570781437112
23.44,-1.2780179931114026,0.0014471584931060584,-0.007298254957730844,-0.31333089239461615,0.0,-0.008455281771267663
23.46,-1.2842748319066142,0.0014928233086373881,-0.0074665991946473356,-0.31285027163421364,0.0,-0.008417211845824495
23.48,-1.2905141218563145,0.0015394104517002251,-0.007636023416116577,-0.3119731937135355,0.0,-0.008471211073462121
23.5,-1.2967318754874557,0.0015868902868584364,-0.007796677075700449,-0.3108967455294292,0.0,-0.008032682979193618
23.52,-1.3029955131189246,0.0016357268363557619,-0.007954741204716901,-0.3131914006918159,0.0,-0.007903206450822747
23.54,-1.3092603693677864,0.001685563197684869,-0.00810553780502668,-0.31325272337927984,0.0,-0.0075398300154888125
23.56,-1.3155266725683734,0.001736356067539358,-0.00824808815099042,-0.31332545267386647,0.0,-0.007127517298186994
23.58,-1.3217947225301112,0.0017880566685777102,-0.008382831781421482,-0.31341315892520416,0.0,-0.006737181521553156
23.6,-1.328064422323183,0.0018406157384101627,-0.008516176434402467,-0.313496004564117,0.0,-0.006667232649049086
23.62,-1.3343368317440099,0.0018940339751034973,-0.008661605891151813,-0.31363184408829387,0.0,-0.0072714728374674836
23.64,-1.340630084561044,0.001948545013986305,-0.008830529765485854,-0.314674444753886,0.0,-0.008446193716702157
23.66,-1.346921050231745,0.002004099017604026,-0.009010245058992318,-0.31456054789681864,0.0,-0.008985764675323176
23.68,-1.3532095986154236,0.0020607619129978444,-0.009189141753569717,-0.314440182934606,0.0,-0.008944834728869845
23.7,-1.3594921488832756,0.0021184947829863353,-0.00936918292100416,-0.31414077637408094,0.0,-0.009002058371722261
23.72,-1.3657712147478978,0.002177326221094119,-0.009542684190062453,-0.3139670733945359,0.0,-0.008675063452914532
23.74,-1.3720436192939862,0.0022371836137284715,-0.009712544374081393,-0.3136345074176465,0.0,-0.008493009200946975
23.76,-1.3783077676847983,0.0022980263461217644,-0.009880276171062116,-0.3132221931001959,0.0,-0.008386589849036293
23.78,-1.3845517986135676,0.0023597211036761974,-0.010057234070259363,-0.3122167855935052,0.0,-0.008847894959862277
23.8,-1.3907894437379684,0.00242245667594543,-0.010227298088169993,-0.3118980300113693,0.0,-0.008503200895531454
23.82,-1.3970410473993942,0.002486395919433169,-0.010390210939273389,-0.3125965313563586,0.0,-0.008145642555169723
23.84,-1.4033047955002542,0.0025514799255685772,-0.010549409871899345,-0.3132043111089135,0.0,-0.007959946631297931
23.86,-1.4095697961583151,0.002617574437263512,-0.010701428679057752,-0.31326746451705917,0.0,-0.00760094035792038
23.88,-1.4158362563625329,0.0026846370742459142,-0.010845615248081832,-0.31334095203278217,0.0,-0.007209328451203973
23.9,-1.4221044084230954,0.0027526217054499413,-0.010983608510014538,-0.3134260365876335,0.0,-0.006899663096635365
23.92,-1.42837411840545,0.002821488514745785,-0.011123512483678669,-0.3135044094596524,0.0,-0.006995198683206534
23.94,-1.434649207511201,0.0028912924257783906,-0.011278213805254261,-0.31377386710460725,0.0,-0.00773506607877958
23.96,-1.4409497702538245,0.002962354532497145,-0.011456909214219423,-0.31504817368439,0.0,-0.008934770448258267
23.98,-1.4472404480383207,0.003034429410332246,-0.011647092703035685,-0.31455453333392963,0.0,-0.009509174440812977
24.0,-1.4535268911003871,0.003107651506453929,-0.011831995395259502,-0.31434347395787426,0.0,-0.009245134611190737
24.02,-1.459809592197946,0.0031819918660629253,-0.012017809273445278,-0.3141570450042939,0.0,-0.009290693909288932
24.04,-1.4660874090311524,0.003257441103773955,-0.012197643836118977,-0.31391351029687103,0.0,-0.008991728133684722
24.06,-1.4723587124498134,0.0033339400232011954,-0.01237388228876586,-0.31358849888660983,0.0,-0.008811922632344253
24.08,-1.4786211232233155,0.003411434312123511,-0.01254830528437811,-0.3131445116112195,0.0,-0.00872114978061234
24.1,-1.4848718493304862,0.003489874448668938,-0.012719314241696018,-0.31256091295092386,0.0,-0.00855044786589532
24.12,-1.4911058587545918,0.003569171049792566,-0.012889473053258054,-0.3117256865049241,0.0,-0.008507940578101968
24.14,-1.4973699710595485,0.0036499166282495973,-0.013053427545442071,-0.3132316348070146,0.0,-0.008197724609200758
24.16,-1.5036338484863228,0.003731686342747215,-0.013212338057487704,-0.3132205560937109,0.0,-0.007945525602281591
24.18,-1.5098989915289078,0.0038144683476315187,-0.013363762923057283,-0.31328449612287523,0.0,-0.007571243278478894
24.2,-1.5161656718213792,0.0038982197631602794,-0.013506906241527901,-0.3133619958915363,0.0,-0.007157165923530712
24.22,-1.5224340272877492,0.00398289100183767,-0.0136444144514025,-0.3134463649152375,0.0,-0.006875410493730025
24.24,-1.5287040645890708,0.004068447298808458,-0.013787995564839426,-0.3135310496582244,0.0,-0.007179055671846249
24.26,-1.534984697028997,0.004155050119090811,-0.013948776464989831,-0.31406147445180116,0.0,-0.00803904500752024
24.28,-1.5412853198296534,0.004242941798514778,-0.014125129708885444,-0.3150617900645175,0.0,-0.008817662194780456
24.3,-1.5475753168931472,0.004331794732275135,-0.014309768130865362,-0.3145312301767369,0.0,-0.009231921098996416
24.32,-1.5538604295425098,0.0044217393763532125,-0.01448815667001239,-0.31428781019225216,0.0,-0.008919426957351245
24.34,-1.5601421296901092,0.004512756000667383,-0.01466774376557394,-0.3141179745344615,0.0,-0.008979354778077209
24.36,-1.566418245062065,0.004604819055112693,-0.014840417650545864,-0.3138395281353655,0.0,-0.00863369424859622
24.38,-1.5726872167795818,0.004697860044127383,-0.015010029265323438,-0.3134831056877868,0.0,-0.008480580738878776
24.4,-1.5789448723861312,0.004791794692542704,-0.015180567088533901,-0.31291803003483876,0.0,-0.008526891160523171
24.42,-1.585192962336369,0.004886651527893227,-0.015353481882920605,-0.31244049771706367,0.0,-0.008645739719335134
24.44,-1.591421387453297,0.004982287054905196,-0.015520849660476484,-0.3114579650258041,0.0,-0.008368388877794003
24.46,-1.5976838324533564,0.00507949332794268,-0.01568496563263415,-0.31315996885891356,0.0,-0.008205798607883312
24.48,-1.6039477331918868,0.005177750453563573,-0.015843561420739245,-0.31323356670739944,0.0,-0.007929789405254847
24.5,-1.6102129152828508,0.005277021557265362,-0.015994695085264774,-0.31329842556645066,0.0,-0.007556683226276696
24.52,-1.61647966559744,0.005377264866292804,-0.016138337281704346,-0.31337760061309594,0.0,-0.007182109821978326
24.54,-1.6227479860935052,0.005478433919823379,-0.01627865839655234,-0.313456843196886,0.0,-0.007016055742399654
24.56,-1.629018373861433,0.005580516437580076,-0.01642919299766757,-0.31356093347470276,0.0,-0.0075267300557614065
24.58,-1.6352990044929707,0.005683711415280241,-0.016597660093372858,-0.31407391778541743,0.0,-0.008423354785264769
24.6,-1.641599450093966,0.0057882936734997845,-0.016783533562637662,-0.3150656765653521,0.0,-0.009293673463239812
24.62,-1.6478895049419975,0.005893872933773714,-0.016972383836380132,-0.3145470432679569,0.0,-0.009442513687123788
24.64,-1.6541723335011709,0.006000517751954728,-0.017158251644152408,-0.3141866794646522,0.0,-0.009293390388613793
24.66,-1.6604530402906088,0.0061082942764294,-0.01733969270637372,-0.31408157202436754,0.0,-0.009072053111065329
24.68,-1.6667276631789938,0.006217105214592482,-0.017513943765268047,-0.31377831430688985,0.0,-0.008712552944716508
24.7,-1.6729944795352394,0.006326873107408791,-0.017684542642991026,-0.31338888075840127,0.0,-0.008529943886149185
24.72,-1.6792466074154904,0.006437450657210213,-0.01785814297950957,-0.3126552831215742,0.0,-0.0086800168259273
24.74,-1.6854908641849686,0.006548973343007215,-0.01803096722651048,-0.31226262949887695,0.0,-0.008641212350044817
24.76,-1.6917136759673026,0.006661188819582178,-0.01819608030340269,-0.31119117432672216,0.0,-0.00825565384461074
24.78,-1.697976489384162,0.006775160054242389,-0.018358296202618155,-0.31319251801697573,0.0,-0.008110794960772882
24.8,-1.7042403583028338,0.0068901669356589675,-0.01851393436740106,-0.31324623067595436,0.0,-0.007781908239145629
24.82,-1.7105055637725353,0.007006173793219309,-0.018661683740088926,-0.31331396860249006,0.0,-0.007387468634392804
24.84,-1.7167724224432712,0.007123137505958379,-0.018801962579737763,-0.3133975036159153,0.0,-0.007013941982441992
24.86,-1.723040798924184,0.00724100917606945,-0.018940330073110176,-0.31347423114618156,0.0,-0.006918374668620791
24.88,-1.7293117864513232,0.007359797954665398,-0.01909320331492683,-0.3136056255054113,0.0,-0.007643662090832636
24.9,-1.7355973772645454,0.007479824603625979,-0.019264017826085666,-0.31433683473196616,0.0,-0.008540725557941987
24.92,-1.7418887765628839,0.007601037226328869,-0.019448514758853543,-0.3146283427753976,0.0,-0.009224846638393605
24.94,-1.7481787440627203,0.00772338317804148,-0.019633386557324793,-0.31455786304311456,0.0,-0.009243589923562496
24.96,-1.7544613417263764,0.00784674769806528,-0.019817516470362444,-0.3141904367106757,0.0,-0.009206495651882541
24.98,-1.760740682367613,0.00797120492793281,-0.019995224345094743,-0.3140286949100044,0.0,-0.008885393736614714
25.0,-1.7670135275787513,0.008096648593492538,-0.020167712099791044,-0.3137049695021132,0.0,-0.00862438773481505
25.02,-1.7732784482618664,0.00822301484321561,-0.020336419000200667,-0.31330974926896077,0.0,-0.008435345020481448
25.04,-1.7795251549800672,0.008350068004013845,-0.020510694213471074,-0.31239993329418536,0.0,-0.00871376066352027
25.06,-1.7857648574009657,0.008478066582035254,-0.02068130361689352,-0.31205075683829236,0.0,-0.008530470171122132
25.08,-1.7919547087531449,0.008606099031569654,-0.020842351679365934,-0.3095587669175647,0.0,-0.00805240312362043
25.1,-1.7982173479986852,0.008736646065081805,-0.021001482437556875,-0.3131999874191421,0.0,-0.00795653790954746
25.12,-1.80448114721883,0.008868214478252279,-0.02115361788315592,-0.3132590418393084,0.0,-0.00760677227995275
25.14,-1.8107463453650159,0.009000765857555883,-0.021297773148761027,-0.3133300084540476,0.0,-0.007207763280255244
25.16,-1.8170132348996675,0.009134256833442956,-0.021434961684779538,-0.31341555593240894,0.0,-0.006859426800925831
25.18,-1.8232816447262863,0.009268640539735733,-0.02157208437686173,-0.3134925068281826,0.0,-0.00685613460410917
25.2,-1.8295545522073797,0.009403981223670862,-0.021721967059820217,-0.31371836640164047,0.0,-0.007494134147924321
25.22,-1.8358474220893983,0.009540696239349482,-0.02189604832235565,-0.31471773999700636,0.0,-0.008704063126771841
25.24,-1.8421371548899705,0.009678438546305491,-0.02208143688866071,-0.31456204334645266,0.0,-0.009269428315253049
25.26,-1.8484253329474256,0.009817313125238189,-0.022263734052281086,-0.3144855697442007,0.0,-0.009114858181018738
25.28,-1.8547077654931006,0.009957206647254056,-0.022446148011864772,-0.3141994943044053,0.0,-0.009120697979184538
25.3,-1.860985584327295,0.010098143168121576,-0.022622204289886056,-0.3139700320806179,0.0,-0.008802813901063846
25.32,-1.8672571149438268,0.010240043222217372,-0.022793598956733944,-0.3136567865495995,0.0,-0.008569733342394793
25.34,-1.8735201950736484,0.010382826087311565,-0.022960960049384298,-0.31323537339806584,0.0,-0.008368054632517666
25.36,-1.8797726108168595,0.01052641278953246,-0.023127174301204704,-0.31270321299519577,0.0,-0.008310712591020241
25.38,-1.8860074619585394,0.010670632992381928,-0.023293095935292926,-0.3118259459450777,0.0,-0.008296081704411023
25.4,-1.892264184252143,0.010816397788414348,-0.023451791819207816,-0.31292100135273154,0.0,-0.007934794195744395
25.42,-1.8985268225977474,0.010963294810583557,-0.02360686988751937,-0.31321804618730104,0.0,-0.00775390341557782
25.44,-1.90479059327068,0.011111190304164645,-0.023755099501233796,-0.3132758214421884,0.0,-0.007411480685721683
25.46,-1.9110558247017584,0.011260049501912528,-0.023895506225784454,-0.31334997983775653,0.0,-0.007020336227532369
25.48,-1.9173227321694013,0.011409828937187675,-0.024029597176180147,-0.3134348540256451,0.0,-0.0067045475197848575
25.5,-1.9235911869421236,0.011560486379026994,-0.024166972759366908,-0.31351324893234356,0.0,-0.006868779159338277
25.52,-1.9298656870901638,0.01171215158064453,-0.024318490758136024,-0.31381664408193677,0.0,-0.007575899938455612
25.54,-1.9361624697250952,0.011865310024221075,-0.02449100155457668,-0.31493225089061483,0.0,-0.008625539822032773
25.56,-1.942451873028703,0.012019374614656277,-0.024673157393842546,-0.31456449979876616,0.0,-0.009107791963293399
25.58,-1.948737879093624,0.012174501711585656,-0.02485130860548788,-0.3143959949825411,0.0,-0.008907560582266572
25.6,-1.9550189744584823,0.012330627292606096,-0.025030607156527867,-0.3141517713601619,0.0,-0.008964927551999399
25.62,-1.9612950628987715,0.01248775441322476,-0.025202784450504553,-0.31390275182915384,0.0,-0.008608864698834227
25.64,-1.9675644228697375,0.012645793203677076,-0.025371519248451317,-0.3135675792585988,0.0,-0.008436739897338065
25.66,-1.9738244959317934,0.01280465485648673,-0.025538921750463805,-0.3131044225454661,0.0,-0.008370125100625162
25.68,-1.9800731780720113,0.012964274165399426,-0.025705466026458307,-0.31253602517652385,0.0,-0.008327213799725007
25.7,-1.9863042165996148,0.013124481202855389,-0.025870776095374453,-0.31165488696363863,0.0,-0.008265503445807175
25.72,-1.9925660676950148,0.01328651630197175,-0.026031678748154402,-0.31319735995976855,0.0,-0.008045132638997525
25.74,-1.998828558340091,0.013449576280710815,-0.026188354899950327,-0.31323065637136893,0.0,-0.007833807589796994
25.76,-2.005092226257617,0.0136136489494746,-0.02633822990915303,-0.3132908218479906,0.0,-0.007493750460134539
25.78,-2.011357448601569,0.013778701983659563,-0.02648039675497194,-0.31336980359971234,0.0,-0.007108342290945515
25.8,-2.017624215764401,0.013944687263240272,-0.02661829422286973,-0.31344824846451824,0.0,-0.006894873394889677
25.82,-2.023892788280584,0.014111585390338362,-0.02676480813798014,-0.3135396959535962,0.0,-0.007325695755520433
25.84,-2.0301744340135994,0.014279752590893575,-0.02692850523819776,-0.3141948174399662,0.0,-0.008184855010881007
25.86,-2.0364752257839136,0.01444946451895296,-0.027107178769373148,-0.31515384763391535,0.0,-0.008933676558769333
25.88,-2.042763803324258,0.014619971879477443,-0.027292528019298674,-0.3145444334307787,0.0,-0.009267462496276375
25.9,-2.0490450127417628,0.014791444541252155,-0.027475837306346545,-0.3141774761989008,0.0,-0.009165464352393415
25.92,-2.055323915191533,0.014964006069086983,-0.027659445083087757,-0.3140636617575161,0.0,-0.009180388837060913
25.94,-2.0615982778184527,0.01513759572781678,-0.027836029374492297,-0.31383817384006046,0.0,-0.008829214570226666
25.96,-2.06786556962618,0.015312097319538217,-0.028008316125589433,-0.3134860340139393,0.0,-0.008614337554856856
25.98,-2.074121510462624,0.015487361520134113,-0.028180574971609276,-0.3129197712237951,0.0,-0.008612942300992235
26.0,-2.080367117508078,0.01566341292362512,-0.02835410779177033,-0.3124043912259092,0.0,-0.008676641008052655
26.02,-2.0865926078450006,0.015839978467173506,-0.02852169420317966,-0.3113996841933446,0.0,-0.00837932057046656
26.04,-2.092853454119552,0.016018596847275433,-0.02868629858878732,-0.3131696848326704,0.0,-0.008230219280382959
26.06,-2.0991156618029034,0.01619828569828431,-0.028845411661137296,-0.313239258206094,0.0,-0.007955653617498575
26.08,-2.105379147428319,0.016379008646341606,-0.028997165777329942,-0.31330461600389864,0.0,-0.007587705809632279
26.1,-2.1116441861436273,0.016560727947446643,-0.029141551836347545,-0.31338367861419564,0.0,-0.007219302950880104
26.12,-2.1179107253074614,0.016743396335412802,-0.029283122038260515,-0.31346004861796223,0.0,-0.007078510095648643
26.14,-2.124179421504766,0.01692701581882455,-0.029436136168303137,-0.313569243265295,0.0,-0.007650706502130978
26.16,-2.1304587265727335,0.017111907703015943,-0.02960658730553347,-0.3141013257909047,0.0,-0.008522556861516987
26.18,-2.136757808810248,0.0172984565408731,-0.029792538253772167,-0.31509219882390754,0.0,-0.009297547411934627
26.2,-2.1430459234571053,0.017485850883762963,-0.029980777210495146,-0.31454531649577333,0.0,-0.009411947836148802
26.22,-2.1493274803967197,0.017674233288607018,-0.030169200928198015,-0.31421905383056664,0.0,-0.009421185885143605
26.24,-2.155605829366487,0.01786370354771836,-0.030353352905104086,-0.31406036348633914,0.0,-0.009207598845303517
26.26,-2.1618784558667836,0.018054157287112675,-0.030530107844822234,-0.3137758588509933,0.0,-0.008837746985907346
26.28,-2.1681434577316963,0.018245487919019872,-0.030701498686567495,-0.3133961382103606,0.0,-0.008569542087263099
26.3,-2.174393603730281,0.018437437081252846,-0.03087471638404114,-0.3126546396765501,0.0,-0.008660884873682051
26.32,-2.1806351667957786,0.018630204826415787,-0.03104696846540316,-0.31222695633208336,0.0,-0.008612604068101236
26.34,-2.1868542119021672,0.018823349385971525,-0.03121107897765823,-0.3111021811888471,0.0,-0.008205525612753374
26.36,-2.1931151199257,0.019018822557076195,-0.03137242457768174,-0.3131979367738605,0.0,-0.008067280001175473
26.38,-2.1993770473220615,0.019215338878616,-0.03152721029518645,-0.31325051229779066,0.0,-0.007739285875235684
26.4,-2.20564032810905,0.01941286809917216,-0.03167417654635072,-0.3133197408783569,0.0,-0.007348312558213517
26.42,-2.211905245768191,0.019611370594368183,-0.03181376909889143,-0.3134030811766835,0.0,-0.00697962762703542
26.44,-2.218171632458764,0.019810795258457987,-0.031951948901076964,-0.31347795916315574,0.0,-0.00690899010927725
26.46,-2.2244409266490885,0.020011179623320215,-0.032105655500930926,-0.31362478991032283,0.0,-0.00768532999269802
26.48,-2.2307260435948035,0.02021303678384031,-0.03227715612180042,-0.314417880115657,0.0,-0.008575031043475054
26.5,-2.237015700961123,0.020416119566387697,-0.032460324788255376,-0.31464675591153823,0.0,-0.009158433322747392
26.52,-2.2433031774326473,0.02062028480756881,-0.032642830348840454,-0.3145395198765928,0.0,-0.009125278029254731
26.54,-2.249584208265939,0.020825388286287563,-0.03282747239670915,-0.31421893548028,0.0,-0.009232102393434635
26.56,-2.255860847329702,0.021031508528558795,-0.033006949691329855,-0.31400112854505396,0.0,-0.008973864731035263
26.58,-2.2621315083642766,0.021238559118344158,-0.033181319477040894,-0.3137039199518297,0.0,-0.008718489285551675
26.6,-2.2683945964682857,0.02144645294826989,-0.033349859625670907,-0.31332687581462343,0.0,-0.008427007431500587
26.62,-2.274640264882649,0.021654822369288392,-0.033521889896803346,-0.3124571640952882,0.0,-0.008601513556622146
26.64,-2.280877040350223,0.0218639692163226,-0.033690259767143634,-0.3120140647332954,0.0,-0.008418493517013615
26.66,-2.287077903564036,0.02207295698413994,-0.033849723427549105,-0.310219198646374,0.0,-0.00797318302027401
26.68,-2.293338448367973,0.02228495567007631,-0.03400711331169971,-0.31320665975095646,0.0,-0.00786949420753001
26.7,-2.2996001249704094,0.022497979341620518,-0.03415777997927926,-0.31326495558128536,0.0,-0.0075333333789768635
26.72,-2.3058631803893404,0.022711994651494895,-0.03430087303573208,-0.31333554591467744,0.0,-0.007154652822641535
26.74,-2.312127888827904,0.022926963934227537,-0.03443747549008918,-0.3134197808560094,0.0,-0.006830122717854781
26.76,-2.318394088857527,0.02314284139012799,-0.034574714794725174,-0.31349587671616835,0.0,-0.0068619652317997125
26.78,-2.3246653964517274,0.023359756502706747,-0.034726326431192965,-0.31375289284379204,0.0,-0.007580581823389979
26.8,-2.3309581850678986,0.023578369817978916,-0.03490032452292717,-0.3148292408172671,0.0,-0.00869990458671005
26.82,-2.3372461698591955,0.023797911671411296,-0.03508334801725997,-0.31459081105855535,0.0,-0.00915117471664019
26.84,-2.3435314361159403,0.02401851036963545,-0.03526171279445178,-0.3144568162078484,0.0,-0.00891823885959125
26.86,-2.349811666016985,0.02424005386183675,-0.03544322125241499,-0.31420681536575107,0.0,-0.00907542289816015
26.88,-2.35608434543262,0.024462470969094166,-0.03562058462582824,-0.3138310708841967,0.0,-0.008868168670662865
26.9,-2.3623534244818676,0.024685873724299066,-0.0357924011773385,-0.3136529169191202,0.0,-0.008590827575512456
26.92,-2.368614140115666,0.02491005551089376,-0.03595851508752227,-0.3132364032193998,0.0,-0.008305695509188141
26.94,-2.374863926534861,0.025134885461314656,-0.036123752870672675,-0.31269145651967056,0.0,-0.008261889157520264
26.96,-2.381095951533274,0.025360107566789292,-0.03628755717715341,-0.31180466873366897,0.0,-0.008190215324036982
26.98,-2.387353351063668,0.025587273028277072,-0.03644457374488063,-0.3130760811283175,0.0,-0.00785082838636079
27.0,-2.393613633894821,0.02581552743289282,-0.03659796350499574,-0.31322213044121433,0.0,-0.007669488005755325
27.02,-2.3998750551498556,0.02604478506534143,-0.036744767203413735,-0.3132808452293043,0.0,-0.007340184920900183
27.04,-2.406137893123034,0.026275015215247947,-0.0368843096230991,-0.3133534162898607,0.0,-0.006977120984268239
27.06,-2.41240232243723,0.02650617920438696,-0.03701855136212533,-0.31343464798276305,0.0,-0.006712086951311168
27.08,-2.418668334855146,0.026738243921686496,-0.03715689400541999,-0.31351541291655266,0.0,-0.006917132164732554
27.1,-2.4249407167621246,0.026971413468571806,-0.03731124298593729,-0.31383571667588883,0.0,-0.0077174490258653606
27.12,-2.4312400746981493,0.02720655947115159,-0.03748858397026937,-0.31518726199152164,0.0,-0.008867049216605128
27.14,-2.437527450374381,0.02744237476362112,-0.03767305845738164,-0.3145898192338538,0.0,-0.009223724355612804
27.16,-2.4438104786216717,0.02767918769766135,-0.0378513887451617,-0.31437447543487557,0.0,-0.008916514389003777
27.18,-2.4500885270459194,0.027916934101922395,-0.03803015938375432,-0.3141274238662509,0.0,-0.008938531929630733
27.2,-2.456361719411138,0.028155619688279166,-0.038200921813522755,-0.31388657688793464,0.0,-0.008538121488421736
27.22,-2.4626279690345845,0.02839511270976502,-0.03836735868262298,-0.31354123034571757,0.0,-0.008321843455011227
27.24,-2.4688848108537838,0.02863528906650236,-0.038532685802997346,-0.3130724925349387,0.0,-0.008266356018718455
27.26,-2.4751320720388685,0.02887613202930836,-0.03870379650887826,-0.3125950961203641,0.0,-0.008555535294044734
27.28,-2.48135961126979,0.029117281865334226,-0.038868247265465526,-0.3116103260326994,0.0,-0.008222537829364291
27.3,-2.487618678989381,0.029360683441675525,-0.03902744882954539,-0.3131899305764332,0.0,-0.007960078203992787
27.32,-2.493878559770336,0.029605114732305614,-0.039181491545656075,-0.3132325575654909,0.0,-0.007702135805533839
27.34,-2.500139666386202,0.02985055984266571,-0.03932835035062409,-0.3132957841937921,0.0,-0.007342940248401566
27.36,-2.5064021860873047,0.030096981473001657,-0.03946798230390761,-0.31336830019402123,0.0,-0.006981597664176596
27.38,-2.5126662684862455,0.030344340618510258,-0.03960342870079696,-0.3134482207940595,0.0,-0.0067723198444667315
27.4,-2.518932218192298,0.030592623529429555,-0.039746157056737084,-0.3135433388011651,0.0,-0.0071364177970068225
27.42,-2.525204806325026,0.030842066169259837,-0.03990753927789621,-0.31387729892987354,0.0,-0.008069111057956439
27.44,-2.5315047846399903,0.031093616356084364,-0.040087129511779264,-0.3152499177855282,0.0,-0.008979511694152188
27.46,-2.537791191597351,0.03134575544106951,-0.04027097239471531,-0.314573070016038,0.0,-0.009192144146802238
27.48,-2.544071263648811,0.031598796854155536,-0.0404493158747046,-0.31425839260181443,0.0,-0.008917173999464349
27.5,-2.5503479617477036,0.03185282355500973,-0.04062675311139363,-0.3140918201314172,0.0,-0.008871861834451822
27.52,-2.5566190485112226,0.03210773771220807,-0.04079954233208719,-0.3138132821564634,0.0,-0.008639461034677626
27.54,-2.5628837057744795,0.03236347477736516,-0.04096688576489429,-0.3134937482334016,0.0,-0.008367171640354734
27.56,-2.569137355649325,0.03261981075511988,-0.04113278611919487,-0.3129450626333833,0.0,-0.008295017715029062
27.58,-2.575379765666425,0.032876723378244516,-0.04129992279926122,-0.31238472640922843,0.0,-0.00835683400331821
27.6,-2.5816015580574443,0.03313382912064326,-0.04146064312965624,-0.31135511847295333,0.0,-0.008036016519750944
27.62,-2.587859681505536,0.03339344371849654,-0.04161758504099559,-0.31317530566350427,0.0,-0.007847095566966932
27.64,-2.594119150836656,0.033654098219638995,-0.0417687878685641,-0.31324470097753404,0.0,-0.0075601413784261665
27.66,-2.600379890760452,0.0339157539193881,-0.041912764665401205,-0.3133102619553802,0.0,-0.0071988398418553375
27.68,-2.606642075364598,0.034178373186329505,-0.04204992365337268,-0.31338444798591497,0.0,-0.00685794939857353
27.7,-2.612905810231786,0.034441918110627384,-0.042184348322210366,-0.31346383528866106,0.0,-0.0067212334418841144
27.72,-2.619171668756682,0.034706396169058795,-0.04233019407217008,-0.31357188847775086,0.0,-0.00729228749798629
27.74,-2.6254500265999674,0.03497231912493175,-0.04249505522120541,-0.31419934845095215,0.0,-0.008243057451765899
27.76,-2.631746682175332,0.03524005703374545,-0.04267363588173707,-0.31511726001038964,0.0,-0.008929033026582666
27.78,-2.638032553872661,0.035508460978240904,-0.042854550653030794,-0.31457997263297666,0.0,-0.009045738564687126
27.8,-2.644310509029137,0.03577766474436697,-0.04303304257454994,-0.31418621713252914,0.0,-0.0089245960759569
27.82,-2.650585965521363,0.03604788355228164,-0.04320605011035473,-0.3140635779184274,0.0,-0.008650376790239318
27.84,-2.656855575520153,0.03631893732141718,-0.04337285792968048,-0.31377332456206053,0.0,-0.008340390966287057
27.86,-2.6631178443688635,0.03659072026634803,-0.04353420200506057,-0.3134081887199243,0.0,-0.00806720376900451
27.88,-2.669365141511116,0.036862863308107785,-0.04369766999136986,-0.3126610921540239,0.0,-0.008173399315464437
27.9,-2.675602565372838,0.03713559781398922,-0.04386117798261964,-0.31216918706638946,0.0,-0.008175399562488977
27.92,-2.681816728726838,0.037408333257722914,-0.04401650456674958,-0.3110072780999977,0.0,-0.007766329206497123
27.94,-2.6880748207319507,0.037683970627495,-0.044169781102201704,-0.3132079640752759,0.0,-0.0076638267726065416
27.96,-2.694333900562184,0.037960612743684265,-0.0443169568359477,-0.31325952172950433,0.0,-0.007358786687299417
27.98,-2.7005942908549527,0.03823823596385577,-0.04445690145021253,-0.31332715039624714,0.0,-0.006997230713240702
28.0,-2.7068562260164963,0.03851680574567191,-0.0445903210952375,-0.3134064178136633,0.0,-0.006670982251249433
28.02,-2.7131196186875606,0.03879627768495844,-0.04472337001345804,-0.31348122877131607,0.0,-0.006652445911026382
28.04,-2.719387154190407,0.03907677003097717,-0.0448725578259856,-0.31369044150090963,0.0,-0.007459390626378424
28.06,-2.725671275265784,0.03935894403289835,-0.04504213786239205,-0.3145226536251351,0.0,-0.008479001820322631
28.08,-2.731957953016457,0.039642301089145855,-0.045221097228691706,-0.3146530166792044,0.0,-0.008947968314982157
28.1,-2.73824196958094,0.03992666507611341,-0.045400692469482605,-0.3145223643073069,0.0,-0.008979762039545324
28.12,-2.7445205677715276,0.04021191379570267,-0.04557880239273388,-0.3142537273879091,0.0,-0.008905496162563843
28.14,-2.7507938837708372,0.040498042190401394,-0.045752093332925584,-0.3139918911590162,0.0,-0.008664547009584583
28.16,-2.7570614539279013,0.040784996896177594,-0.04592046608771155,-0.3137067845810987,0.0,-0.008418637739298972
28.18,-2.763321443686385,0.04107266076992383,-0.04608276886013915,-0.31332978744678963,0.0,-0.008115138621379721
28.2,-2.7695625868431617,0.04136047369153456,-0.046249150902096685,-0.31238879693912386,0.0,-0.008319102097876868
28.22,-2.7757955547479582,0.04164894887533091,-0.04641198399368437,-0.31198199801386456,0.0,-0.008141654579384323
28.24,-2.7819889914418243,0.041936605133821435,-0.04656630127909571,-0.3100056620610865,0.0,-0.007715864270567729
28.26,-2.788246495999456,0.04222820477698936,-0.046719086126795484,-0.3132147571582468,0.0,-0.0076392423849880806
28.28,-2.794505122875864,0.042520815026879745,-0.046865519444085554,-0.31327316808353756,0.0,-0.007321665864503251
28.3,-2.8007650908474684,0.042814406655010316,-0.04700483252836821,-0.31334244465766764,0.0,-0.006965654214132791
28.32,-2.8070266397898025,0.04310894667060471,-0.04713835115234955,-0.31342363096148296,0.0,-0.006675931199067333
28.34,-2.8132896579373616,0.04340439388202071,-0.04727359013419081,-0.3134991442228736,0.0,-0.006761949092062753
28.36,-2.819558483849759,0.04370096474651158,-0.047427578278943436,-0.3137918601462284,0.0,-0.00769940723763192
28.38,-2.8258496676167018,0.043999564278124986,-0.04760125622110652,-0.3149133010438064,0.0,-0.008683897108153621
28.4,-2.8321348429982764,0.04429897269716816,-0.04778221977983756,-0.3146151417944795,0.0,-0.009048177936552609
28.42,-2.8384177419982555,0.04459941224141618,-0.04795984146169589,-0.3145039100062431,0.0,-0.008881084092916942
28.44,-2.844694464158695,0.04490067385849786,-0.04813788454001879,-0.3141973887593688,0.0,-0.008902153916144183
28.46,-2.850966147575125,0.045202812844516015,-0.04831196415953228,-0.31394784934282577,0.0,-0.008703980975674397
28.48,-2.85723215708693,0.04550577181487074,-0.048479530544966974,-0.3136664603513834,0.0,-0.008378319271735081
28.5,-2.8634894513807274,0.045809360379837134,-0.04864339234751173,-0.3132327325486874,0.0,-0.008193090127237847
28.52,-2.869735028017499,0.0461134062615095,-0.04880512517552868,-0.312648650340706,0.0,-0.008086641400847243
28.54,-2.875962084605728,0.046417560068193905,-0.04896782799907378,-0.3117240097070169,0.0,-0.008135141177254742
28.56,-2.8822192931840966,0.04672420711849357,-0.04912363050638159,-0.31323589994867923,0.0,-0.007790125365390578
28.58,-2.8884763288491255,0.04703182290545518,-0.049276036149618146,-0.31322963934559844,0.0,-0.007620282161828071
28.6,-2.8947345397914614,0.04734045257194506,-0.049421944679972483,-0.31329082523196045,0.0,-0.007295426517716873
28.62,-2.9009941338318557,0.04765006600327419,-0.049560748519921635,-0.3133623223498628,0.0,-0.006940191997456984
28.64,-2.9072552712482116,0.047960626975500256,-0.04969442376315075,-0.3134417404557022,0.0,-0.006683762161456684
28.66,-2.913518065366246,0.048272109368201775,-0.049833508576118735,-0.3135267590089068,0.0,-0.006954240648398767
28.68,-2.9197849801513116,0.048584670498606965,-0.04999228260272138,-0.31373522030333034,0.0,-0.007938701330132216
28.7,-2.926076743091885,0.04889947238723909,-0.050167098261054394,-0.31498167061537735,0.0,-0.008740782916650846
28.72,-2.932360549397716,0.049214977441216314,-0.05034976635573594,-0.3145860976278266,0.0,-0.00913340473407762
28.74,-2.9386406695696867,0.04953144749740699,-0.05052875279271832,-0.31440444761032244,0.0,-0.008949321849118758
28.76,-2.9449152632140136,0.04984876498807738,-0.05070742110251081,-0.3141306089483746,0.0,-0.008933415489623854
28.78,-2.951184840916621,0.05016695186341515,-0.05088155009986591,-0.31388233247773345,0.0,-0.008706449867755815
28.8,-2.9574481496411367,0.05048591402472274,-0.05105150551923106,-0.31357125601266794,0.0,-0.008497770968256303
28.82,-2.963702117543362,0.05080546616142825,-0.05122012975698289,-0.31310632415419515,0.0,-0.008431211887592376
28.84,-2.9699432142618214,0.05112541579025312,-0.051386278092853434,-0.31246462205403636,0.0,-0.008307416793527657
28.86,-2.9761658193485987,0.05144545404759985,-0.05155138398143396,-0.31154148420456906,0.0,-0.008255294429026378
28.88,-2.9824210206400834,0.051768204289709886,-0.05171261179810626,-0.3131761122586279,0.0,-0.008061390833614951
28.9,-2.988677539440073,0.05209203393021434,-0.05186972393572591,-0.31324468523302734,0.0,-0.007855606880982881
28.92,-2.9949352500846516,0.05241691106329595,-0.05202008202469694,-0.3133069088883647,0.0,-0.007517904448551002
28.94,-3.0011943770309766,0.05274280537982823,-0.05216329042778301,-0.31338026914500505,0.0,-0.007160420154303486
28.96,-3.007454968304668,0.053069674946144424,-0.052302853592371114,-0.31345592516974213,0.0,-0.006978158229405558
28.98,-3.013717468864582,0.05339752060085322,-0.052453282197296926,-0.3135538073291189,0.0,-0.007521430246290271
29.0,-3.0199892101983763,0.053726796057968346,-0.05262171195816999,-0.31401895517898176,0.0,-0.008421488043653164
29.02,-3.026280877760363,0.054058180305215066,-0.05280489575937672,-0.31501942888447004,0.0,-0.009159190060336872
29.04,-3.032563537980054,0.054390244218175954,-0.052992855387102036,-0.31457147788053247,0.0,-0.00939798138626479
29.06,-3.0388386330247967,0.05472309105233569,-0.05318262452579144,-0.31419581806400304,0.0,-0.009488456934470974
29.08,-3.0451115853553072,0.05505701800556783,-0.05337032084557625,-0.314091698994713,0.0,-0.009384815989240304
29.1,-3.0513796201516423,0.055391863017296185,-0.05355465511309775,-0.31384861553759613,0.0,-0.00921671337607447
29.12,-3.057640773039693,0.05572749784039696,-0.05373240726441838,-0.31350712201647574,0.0,-0.008887607566030797
29.14,-3.06389248958257,0.05606374127958479,-0.05390342616943405,-0.3130376150835524,0.0,-0.008550945250784226
29.16,-3.0701278631396702,0.05640017518603156,-0.054073040537841364,-0.3122221611688934,0.0,-0.008480718420365959
29.18,-3.0763429609061195,0.05673657234661133,-0.054238896297744456,-0.311209749590891,0.0,-0.008292787995154823
29.2,-3.0825977444667982,0.057076157973068295,-0.054402545096327116,-0.3131997596927341,0.0,-0.008182439929132904
29.22,-3.088853660268041,0.05741683187124473,-0.05456108337066804,-0.3132592425497512,0.0,-0.007926913717046213
29.24,-3.0951107584439566,0.05775856509702331,-0.05471257145743281,-0.3133211578422738,0.0,-0.007574404338238807
29.26,-3.1013693191299323,0.05810132913148386,-0.054857192848926525,-0.31339698883110406,0.0,-0.007231069574685281
29.28,-3.107629223868541,0.05844507481476689,-0.05500041606791613,-0.31346677826855207,0.0,-0.007161160949480324
29.3,-3.1138919746370646,0.05878987646315786,-0.05515964397338729,-0.3136117638314038,0.0,-0.007961395273557942
29.32,-3.1201676264672358,0.05913639068826344,-0.055335676587487254,-0.31426055273343323,0.0,-0.008801630704998896
29.34,-3.126460149196477,0.05948494752823253,-0.05552148435209251,-0.3151084502544743,0.0,-0.009290388230262002
29.36,-3.1327419046729412,0.05983407873842584,-0.05570923136572279,-0.3145725054260874,0.0,-0.009387350681514072
29.38,-3.1390157344602754,0.06018395099350729,-0.05589623864667588,-0.3141788932889802,0.0,-0.009350364047654124
29.4,-3.1452865650232384,0.060534832341305585,-0.05607906537295722,-0.31403197954040535,0.0,-0.009141336314067267
29.42,-3.151552402623071,0.06088658347121831,-0.056257310264933996,-0.3137851561374131,0.0,-0.008912244598839113
29.44,-3.1578107851453177,0.06123903513999945,-0.05642993985899883,-0.3134149564618329,0.0,-0.008631479703241343
29.46,-3.1640586142957883,0.06159197446881506,-0.05660046357318221,-0.31288949831888346,0.0,-0.008526185709168873
29.48,-3.170289923007117,0.061945046546464495,-0.05676923856124326,-0.31206517006826606,0.0,-0.008438749403052708
29.5,-3.176497871278189,0.062297846118815475,-0.05693109284385408,-0.3108982521443256,0.0,-0.008092714130541946
29.52,-3.182752028436081,0.06265428729689557,-0.05709253532808285,-0.31321530960763583,0.0,-0.008072124211437336
29.54,-3.1890072393199382,0.06301180167593982,-0.057248253586245496,-0.31327096790459685,0.0,-0.007785912908131671
29.56,-3.195263730256668,0.0633703666570711,-0.05739680785461944,-0.3133378675131523,0.0,-0.007427713418697789
29.58,-3.201521748524516,0.06372995188764788,-0.05753871466008316,-0.31341703120111697,0.0,-0.0070953402731856055
29.6,-3.2077810348891043,0.06409050115820274,-0.05768113504470201,-0.31348309990498824,0.0,-0.007121019230942543
29.62,-3.2140430675679514,0.06445210343036664,-0.0578378425887993,-0.3136232193021773,0.0,-0.007835377204864737
29.64,-3.2203240589693762,0.06481578804735022,-0.058015913967133535,-0.3145755850562881,0.0,-0.008903568916711036
29.66,-3.2266065329886384,0.06518068100264306,-0.058200631364049564,-0.3146530894156481,0.0,-0.009235869845801327
29.68,-3.2328871015140965,0.06554662734114379,-0.05838495918426991,-0.31456103432257776,0.0,-0.009216391011017398
29.7,-3.2391604923666075,0.06591331576098329,-0.05857362634166775,-0.31420492192840177,0.0,-0.009433357869891808
29.72,-3.245430212382306,0.0662809765600841,-0.05876027549005623,-0.31402453542056896,0.0,-0.009332457419423458
29.74,-3.2516939340889315,0.06664945876557592,-0.058940397204919164,-0.31372754403230807,0.0,-0.009006085743146925
29.76,-3.2579495372559046,0.06701859405505005,-0.05911462984805403,-0.31332424038279616,0.0,-0.008711632156743435
29.78,-3.26419379283804,0.0673881514904666,-0.059283878109119205,-0.3127590944844687,0.0,-0.008462413053259546
29.8,-3.2704187042290633,0.0677576213236044,-0.059454837071050724,-0.31179332010041544,0.0,-0.008547948096574812
29.82,-3.276641066694231,0.06812800739619954,-0.059617479518231695,-0.31166881657739265,0.0,-0.00813212235904901
29.84,-3.2828944841701375,0.06850126270276714,-0.05977890178564681,-0.3132273521415778,0.0,-0.00807111337075561
29.86,-3.2891489853335463,0.06887559591517496,-0.05993413234586661,-0.313284655533081,0.0,-0.0077615280109900155
29.88,-3.2954047804929467,0.0692509811516578,-0.06008225555124604,-0.3133523861092735,0.0,-0.0074061602689723975
29.9,-3.301662013892555,0.06962738287821975,-0.06022505795726351,-0.3134272167383097,0.0,-0.007140120300872497
29.92,-3.3079206632132347,0.07000476677102942,-0.06037140360576771,-0.3135008370076548,0.0,-0.007317282425209839
29.94,-3.3141835733663676,0.07038332747362162,-0.06053912938323809,-0.31371703727946726,0.0,-0.008386288873519126
29.96,-3.320470981604814,0.07076442738355088,-0.060723498532996224,-0.31494737456530514,0.0,-0.009218457487906756
29.98,-3.326752016292522,0.0711463032687768,-0.060912923538007584,-0.31463163358087537,0.0,-0.009471250250567798
30.0,-3.3330280764430698,0.07152906996182606,-0.06109910195287747,-0.31438607377952615,0.0,-0.009308920743493938
30.02,-3.339299505309215,0.0719127261613849,-0.061287736302800815,-0.3141576519145239,0.0,-0.009431717496167275
30.04,-3.3455668855069853,0.0722973213639995,-0.06147266196780718,-0.3139584686438575,0.0,-0.009246283250318942
30.06,-3.351828184387245,0.07268270563724132,-0.0616505839163059,-0.3136573955209763,0.0,-0.008896097424935974
30.08,-3.3580807127807333,0.07306866677392194,-0.061823408220773465,-0.3132214763965267,0.0,-0.008641215223378594
30.1,-3.3643209748424776,0.07345495331450029,-0.06199242854601236,-0.31261033208563277,0.0,-0.008451016261943663
30.12,-3.370542872979667,0.0738411587540369,-0.06216214080235972,-0.3116936439482385,0.0,-0.008485612817367804
30.14,-3.3767968143363665,0.07423041865027143,-0.06232512879694177,-0.31330219341656873,0.0,-0.008149399729103004
30.16,-3.383049463719172,0.07462062119633871,-0.06248453678208187,-0.3132406516213143,0.0,-0.007970399257005104
30.18,-3.3893032310445204,0.07501189430152125,-0.06263731108725219,-0.31329977817751,0.0,-0.007638715258515886
30.2,-3.395558329663626,0.07540421006870059,-0.06278291146508516,-0.31336947201313853,0.0,-0.007280018891648217
30.22,-3.401814853579361,0.07579752977360209,-0.06292387986708936,-0.31344374255370167,0.0,-0.007048420100210179
30.24,-3.408073100409627,0.07619184349993259,-0.06307204487601221,-0.31353283999971143,0.0,-0.00740825044614322
30.26,-3.4143375636481528,0.07658748077157113,-0.06324139033451084,-0.3138472101100603,0.0,-0.008467272924930684
30.28,-3.4206263513709736,0.07698572351271848,-0.06342381746152656,-0.31506923169193607,0.0,-0.00912135635078679
30.3,-3.4269060011204653,0.07738453776978098,-0.06361102350755421,-0.3146150576018577,0.0,-0.009360302301382661
30.32,-3.4331798635418784,0.07778416373569325,-0.06379353770113676,-0.31432885086901036,0.0,-0.009125709679127599
30.34,-3.4394491767606934,0.07818464882576637,-0.06397698274500983,-0.3141045866545744,0.0,-0.009172252193652322
30.36,-3.4457143862221904,0.0785860257921079,-0.06415629044585515,-0.3139026643146802,0.0,-0.008965385042266754
30.38,-3.451972985605869,0.0789881061215666,-0.06432905112668791,-0.3135750900371439,0.0,-0.008638034041637412
30.4,-3.4582220698053097,0.07939065921711959,-0.06449915707034636,-0.3131018297872046,0.0,-0.008505297182923014
30.42,-3.464457974077891,0.07979342846689537,-0.064666388241371,-0.3124448958031118,0.0,-0.008361558551231333
30.44,-3.4706743919627665,0.08019598304223126,-0.06483213036578972,-0.3114719148876958,0.0,-0.00828710622093601
30.46,-3.4769246601890664,0.08060176994126664,-0.06499423506450423,-0.31317134251127454,0.0,-0.008105234935725764
30.48,-3.483176522535508,0.08100867807426293,-0.06515216583880039,-0.313254517236198,0.0,-0.00789653871480826
30.5,-3.489429511582935,0.08141665127260939,-0.06530344123564365,-0.3133141959671181,0.0,-0.007563769842163359
30.52,-3.4956838812578654,0.08182566471849813,-0.06544780076259213,-0.3133864707896855,0.0,-0.0072179763474240115
30.54,-3.5019396007449535,0.08223567338072155,-0.06558941624654083,-0.31345706805011203,0.0,-0.007080774197435212
30.56,-3.5081974481634375,0.08264671153378489,-0.06574399307401209,-0.3135666064662314,0.0,-0.00772884137356232
30.58,-3.514464482601964,0.08305932605135413,-0.065916360579384,-0.3140301394523517,0.0,-0.008618375268595584
30.6,-3.520755441820557,0.08347460481934783,-0.06610172069235003,-0.3152325504494464,0.0,-0.00926800564830166
30.62,-3.527033462193907,0.08389019824813146,-0.06628979332727016,-0.3145880548679842,0.0,-0.00940363174600635
30.64,-3.5333035382874147,0.08430645019227605,-0.06647876088335816,-0.31419388878279003,0.0,-0.009448377804399109
30.66,-3.539571169014333,0.08472372940935528,-0.06666480354035192,-0.31407529699905595,0.0,-0.009302132849688559
30.68,-3.545834158168135,0.08514186996734137,-0.06684564981043022,-0.3138465973484219,0.0,-0.009042313503912732
30.7,-3.552090122852619,0.08556067797007609,-0.06701982540391135,-0.31349838227916327,0.0,-0.0087087796740591
30.72,-3.5583358969596013,0.0859798965102313,-0.06719131630640929,-0.3129913672126543,0.0,-0.0085745451248962
30.74,-3.564567048716012,0.08639920700544208,-0.06735978569666523,-0.3122622035357918,0.0,-0.008423469512796402
30.759,-3.570774980228898,0.08681800554400791,-0.06752354876082962,-0.3111020969255497,0.0,-0.008188153208220061
30.78,-3.577024906759155,0.08724066532066796,-0.06768567611130626,-0.31321008492868235,0.0,-0.008106367523830912
30.8,-3.583275897581497,0.08766441517414401,-0.06784276054810644,-0.31326685987878194,0.0,-0.007854221840009428
30.82,-3.589528071641903,0.0880892318813835,-0.06799292034230682,-0.31332949795846554,0.0,-0.0075079897100186165
30.84,-3.5957817194260406,0.08851509211527146,-0.06813621204580121,-0.31340655523958494,0.0,-0.007164585174719324
30.86,-3.602036617063127,0.08894193790155748,-0.06827862380195437,-0.31347225465619044,0.0,-0.00712058780765879
30.88,-3.6082957290670112,0.08936996681494291,-0.068437149964508,-0.31368651480365417,0.0,-0.007926308127680495
30.9,-3.6145672536460816,0.08979984342230778,-0.06861479183592516,-0.3143120043978755,0.0,-0.008882093570857364
30.92,-3.6208550607548085,0.09023195834197294,-0.06880033216616667,-0.3151318832661812,0.0,-0.00927701651207561
30.94,-3.627131718300148,0.09066447712192505,-0.06898692648437284,-0.3145771067499968,0.0,-0.009329715910309426
30.96,-3.633401716070712,0.09109771249936915,-0.06917568965207616,-0.31424737443273015,0.0,-0.009438158385164874
30.98,-3.6396686309487136,0.09153192348557676,-0.06936172595296793,-0.31409696460114045,0.0,-0.0093018150445886
31.0,-3.6459294352101184,0.0919668814334997,-0.06954047136589488,-0.3137947514542239,0.0,-0.008937270646347223
31.02,-3.6521826563404627,0.0924024357005569,-0.06971189706509485,-0.31341857804116696,0.0,-0.008571284959998643
31.04,-3.658425132037262,0.09283831684355479,-0.0698794622679806,-0.312883745167231,0.0,-0.008378260144287974
31.06,-3.6646501674818452,0.09327402841743693,-0.0700458654133519,-0.3120132643892541,0.0,-0.008320157268564086
31.08,-3.6708507069248837,0.09370906228835461,-0.07020553645617489,-0.31078909188356196,0.0,-0.007983552141149949
31.1,-3.6770996401165665,0.09414849419255854,-0.07036543147315284,-0.31321824033949447,0.0,-0.007994750848898531
31.12,-3.6833497050233794,0.09458900998762428,-0.07051999417623497,-0.31327849233979577,0.0,-0.007728135154106461
31.14,-3.6896009956143714,0.09503058319792589,-0.07066790029910422,-0.31334334584078877,0.0,-0.00739530614346189
31.16,-3.695853704648939,0.0954731860411303,-0.07081021103704876,-0.31341772264732026,0.0,-0.007115536897228953
31.18,-3.7021076233614254,0.0959167689805808,-0.07095451923069186,-0.3134815189391571,0.0,-0.00721540968215465
31.2,-3.708366787507371,0.0963616317744421,-0.07111370405314794,-0.3137476641795753,0.0,-0.007959241122804156
31.22,-3.714644047211495,0.09680878499251845,-0.07129354103639798,-0.31465828843942606,0.0,-0.008991849162501769
31.24,-3.7209214718307195,0.09725708461417815,-0.0714783603910615,-0.31467059125704766,0.0,-0.009240967733174829
31.26,-3.727195179069815,0.09770628419213981,-0.07166269327784383,-0.31448840512298987,0.0,-0.009216644339116824
31.28,-3.7334608582695457,0.09815606986689786,-0.07184603353974116,-0.3140901263457572,0.0,-0.009167013094867005
31.3,-3.7397240964071443,0.09860683454482895,-0.0720232383962032,-0.3139718966847933,0.0,-0.008860242823102521
31.32,-3.7459818660043713,0.09905832031756934,-0.07219426717977476,-0.3137017681451925,0.0,-0.008551439178577877
31.34,-3.7522316485095817,0.09951030430724138,-0.07235831938205739,-0.31330524608340754,0.0,-0.008202610114130817
31.36,-3.7584621549441026,0.09996192173876048,-0.07252670806924623,-0.3123426353184137,0.0,-0.008419434359441945
31.38,-3.7646832374348382,0.10041390915368108,-0.07269102992835108,-0.31187401294345424,0.0,-0.008216092955243537
31.4,-3.7709115906027093,0.1008674536827123,-0.07284845983417065,-0.3122422369873388,0.0,-0.007871495290978274
31.42,-3.777159628171996,0.10132342047189358,-0.07300414973928745,-0.31323265786015625,0.0,-0.007784495255840195
31.44,-3.783408732673424,0.101780443238353,-0.07315400734608185,-0.3132897096890967,0.0,-0.0074928803397206565
31.46,-3.7896590929128706,0.10223849952630461,-0.07329735056801265,-0.3133561020858972,0.0,-0.007167161096540781
31.48,-3.795910826510892,0.10269755742652949,-0.07343622419419692,-0.31342824990891455,0.0,-0.006943681309211824
31.5,-3.802163972944353,0.10315759215795699,-0.07357954904736787,-0.3135022817796726,0.0,-0.00716624265854752
31.52,-3.8084238131318333,0.10361902139504701,-0.07374085420878874,-0.31384118640499187,0.0,-0.008065258071044837
31.54,-3.8147061564328517,0.10408312828839711,-0.07392094356258087,-0.31497314393574294,0.0,-0.009004467689604424
31.56,-3.820982300406544,0.10454791365790297,-0.07410386223828554,-0.31466652434846837,0.0,-0.009145933785233953
31.58,-3.8272539421204956,0.10501351911619454,-0.0742822588967452,-0.3144450597122143,0.0,-0.008919832922983489
31.6,-3.8335194551321816,0.1054797935028214,-0.07445964416035435,-0.31414194682988683,0.0,-0.00886926318045688
31.62,-3.839780581449844,0.1059468582324574,-0.07463282357843033,-0.31392615464227014,0.0,-0.008658970903799214
31.64,-3.8460361267146177,0.10641459600347274,-0.07479853125865021,-0.31365038331741296,0.0,-0.008285384010994384
31.66,-3.852282730312149,0.10688270610100296,-0.07495722130247749,-0.31320593691732734,0.0,-0.007934502191363577
31.68,-3.858507706245694,0.10735018885832134,-0.07512175882909426,-0.31212523729106273,0.0,-0.008226876330838179
31.7,-3.8647237456170003,0.10781802905097118,-0.0752800305986014,-0.3116810064452583,0.0,-0.00791358847535676
31.72,-3.870972289515484,0.10828931022655428,-0.07543334306584656,-0.3133145655636566,0.0,-0.0076656233622595
31.74,-3.8772193796059833,0.1087614449684175,-0.07558340833266088,-0.3132452945109032,0.0,-0.0075032633407157686
31.76,-3.883467565056755,0.10923460549599373,-0.07572765541025664,-0.31330377556013866,0.0,-0.007212353879786309
31.78,-3.8897170075579535,0.10970876786040412,-0.07586596983355218,-0.31337023440176753,0.0,-0.006915721164777976
31.8,-3.8959677764644876,0.11018390042051317,-0.07600123629068536,-0.31344003761713146,0.0,-0.006763322856659661
31.82,-3.902220222701529,0.11066001111918812,-0.07614451515488166,-0.3135273725868609,0.0,-0.007163943209813299
31.84,-3.908480849089079,0.11113764694584383,-0.07630800801789857,-0.3139409926538415,0.0,-0.008174643150847805
31.86,-3.9147619830640954,0.1116178802483821,-0.07648618340975383,-0.31497328472812586,0.0,-0.008908769592763233
31.88,-3.9210363404408226,0.1120987199225795,-0.07666663334131697,-0.31463775712385694,0.0,-0.00902249657815797
31.9,-3.9273054365357196,0.11258029431246064,-0.07684081393526204,-0.3143782742972302,0.0,-0.008709029697252176
31.92,-3.9335688758131964,0.11306253158343411,-0.07701369459178027,-0.3140988075755585,0.0,-0.008644032825912633
31.94,-3.9398279971568053,0.11354552491618218,-0.07717960126623905,-0.3138864546038014,0.0,-0.008295333722938341
31.96,-3.946080401871419,0.1140290434573019,-0.07733877802409281,-0.3135536433169354,0.0,-0.007958837892687741
31.98,-3.952322829671353,0.11451279005573879,-0.07749507451474563,-0.3130571657416894,0.0,-0.00781482453264202
32.0,-3.958547090268501,0.11499610750090639,-0.07765800260750096,-0.3121498667868173,0.0,-0.008146404637767052
32.02,-3.964756514631186,0.11547929070651453,-0.07781223332581105,-0.3114097659278258,0.0,-0.007711535915503775
32.04,-3.9710010451729563,0.11596617462335243,-0.07796284621417379,-0.3131741433914116,0.0,-0.007530644418137724
32.06,-3.9772471779402814,0.11645412994344904,-0.07810912619485216,-0.31325818002671785,0.0,-0.007313999033918156
32.08,-3.9834944363759464,0.11694309263859841,-0.0782493513352753,-0.3133182187458683,0.0,-0.007011257021157703
32.1,-3.9897429632412695,0.11743303618944916,-0.07838373719260949,-0.31338527673491734,0.0,-0.006719292866709657
32.12,-3.9959927893534224,0.11792392667434623,-0.07851659595707672,-0.31345374419646144,0.0,-0.006642938223360808
32.14,-4.002244952987434,0.11841583654710036,-0.0786624314921594,-0.3135742552784472,0.0,-0.007291776754134368
32.16,-4.008507991351139,0.11890952106370573,-0.07882869297658046,-0.3141232797293579,0.0,-0.008313074221053875
32.18,-4.014793978038542,0.11940606610881895,-0.0790050624456704,-0.3152783913307193,0.0,-0.008818473454497737
32.2,-4.021066237619047,0.11990263997038982,-0.07918296246741402,-0.31459428572860465,0.0,-0.008895001087179371
32.22,-4.0273314114800725,0.12039977443297734,-0.07935694392255144,-0.314243322056173,0.0,-0.008699072756872097
32.24,-4.033591494590614,0.12089760096126001,-0.07953039903689083,-0.31399232396328763,0.0,-0.008672755716969436
32.26,-4.039848350277938,0.121396262994196,-0.07969820523347848,-0.31383477705273777,0.0,-0.00839030982938303
32.28,-4.046098800125289,0.12189547003184656,-0.07985567426716658,-0.3135176668095952,0.0,-0.007873451684405825
32.3,-4.052338466617326,0.12239480466539975,-0.08000832113625451,-0.3129807222821741,0.0,-0.007632343454394982
32.32,-4.058562766729221,0.12289386580758528,-0.08016500540074555,-0.31221376453711863,0.0,-0.007834213224550331
32.34,-4.064764705783112,0.12339211205744909,-0.08031364280292086,-0.31109603562921767,0.0,-0.007431870108767382
32.36,-4.071008754998056,0.12389467541902567,-0.08046107801952998,-0.3132120708523384,0.0,-0.007371760830456047
32.38,-4.077253900011411,0.12439825370794728,-0.08060464146387844,-0.3132707588129917,0.0,-0.007178172217422589
32.4,-4.083500178820776,0.12490282599906288,-0.08074263438038927,-0.31333126304794284,0.0,-0.006899645825541432
32.42,-4.089747694491913,0.12540836595163282,-0.08087621961715694,-0.3133968040071079,0.0,-0.00667926183838498
32.44,-4.095996478232995,0.12591484873469144,-0.08101070201487917,-0.31346380593436646,0.0,-0.006724119886111201
32.46,-4.102248002503292,0.1264223998983045,-0.08116113874382401,-0.31360470295340837,0.0,-0.007521836447241688
32.48,-4.10851530781859,0.12693218135872938,-0.08132947100064314,-0.31440019502441957,0.0,-0.008416612840956045
32.5,-4.114799605371091,0.12744440982809033,-0.08150280550378182,-0.31525693383805803,0.0,-0.008666725156934455
32.52,-4.121068524275983,0.12795647864985188,-0.08167823563560009,-0.31448989933831734,0.0,-0.008771506590913044
32.54,-4.127328807375766,0.12846894765251896,-0.08184996598106013,-0.31406117623850494,0.0,-0.008586517273002045
32.56,-4.133587187447097,0.1289823428436439,-0.08201928079178804,-0.3139701249303279,0.0,-0.008465740536396172
32.58,-4.139841671804068,0.12949648457468702,-0.08218149409204943,-0.3137790476242297,0.0,-0.008110665013069644
32.6,-4.1460890739375476,0.1300110643941915,-0.08233387737286699,-0.31342792555884724,0.0,-0.007619164040876773
32.62,-4.152323670294482,0.13052554594589633,-0.08248435487599376,-0.3127893980018591,0.0,-0.007523875156337545
32.64,-4.1585429021747915,0.1310397018534402,-0.0826361622221201,-0.31202244101314525,0.0,-0.007590367306317749
32.66,-4.164734518685222,0.13155252111390234,-0.08278091976087207,-0.3106408642071067,0.0,-0.00723787693759847
32.68,-4.170977544548536,0.1320705082780611,-0.08292736984049953,-0.3132238920973233,0.0,-0.007322503981373136
32.7,-4.177221651817689,0.1325895059234103,-0.08307005936519647,-0.3132819582443764,0.0,-0.007134476234846896
32.72,-4.18346695526376,0.13310950029913476,-0.08320764748967543,-0.3133456928229987,0.0,-0.006879406223950991
32.74,-4.1897135374786,0.1336304665709095,-0.08334161577087368,-0.31341344587892017,0.0,-0.006698414059909667
32.76,-4.195961333103541,0.1341523768790832,-0.08347926972432353,-0.31347783231357707,0.0,-0.006882697672490898
32.78,-4.202212969219261,0.13467547458058543,-0.08363800467986829,-0.31367413556382584,0.0,-0.007936747777239716
32.8,-4.208484206880635,0.13520121486398579,-0.0838107550928284,-0.3146618210517059,0.0,-0.008637520648004772
32.82,-4.214756022736507,0.13572809470871297,-0.08398441131208455,-0.31469539439256017,0.0,-0.008682810962809675
32.84,-4.221023682772899,0.13625572154865848,-0.08415795796335394,-0.3144914641688163,0.0,-0.008677332563468192
32.86,-4.227285085935702,0.13678391603205428,-0.08433067667096646,-0.31418210873413666,0.0,-0.008635935380625211
32.88,-4.233543701462151,0.13731296404649418,-0.08449865603207105,-0.3140468122329923,0.0,-0.008398968055228058
32.9,-4.239795794678527,0.13784251846455112,-0.0846590121342094,-0.31372399281833446,0.0,-0.008017805106918852
32.92,-4.246039800785437,0.13837239636309642,-0.08481089818098365,-0.3133224491258472,0.0,-0.007594302338712641
32.94,-4.252265817939542,0.13890170015337075,-0.08496676591535594,-0.3124237991319259,0.0,-0.007793386718614959
32.96,-4.258479933816437,0.1394309677521178,-0.08511974001629621,-0.3118307246029506,0.0,-0.007648705047012471
32.98,-4.264704067899194,0.139962047670563,-0.08526632045497663,-0.3123375216008636,0.0,-0.007329021934022306
33.0,-4.270946157444125,0.14049558129639167,-0.085412007689643,-0.3132424780295192,0.0,-0.0072843617333166995
33.02,-4.277189302391978,0.14103012133410667,-0.08555292546535975,-0.31329934524278724,0.0,-0.007045888785839366
33.04,-4.283433617525348,0.1415656479598357,-0.08568857949961063,-0.3133618525430952,0.0,-0.0067827017125441985
33.06,-4.289679189377002,0.1421021358430964,-0.0858210674203454,-0.3134285684292927,0.0,-0.006624396036737282
33.08,-4.295926182107685,0.14263957954583067,-0.08596002740927745,-0.31350344460158347,0.0,-0.006947999446603742
33.1,-4.302180034848299,0.14317848890960816,-0.0861228716029112,-0.313851467272554,0.0,-0.00814220968168846
33.12,-4.308452409754081,0.14372002339142648,-0.08629826541677116,-0.31478542911675256,0.0,-0.008769690692997165
33.14,-4.314723060685394,0.14426251707974538,-0.08647444267443746,-0.3147036800875061,0.0,-0.008808862883315276
33.16,-4.320989316756163,0.14480574280636505,-0.08664759489205456,-0.3144879144518088,0.0,-0.008657610880854288
33.18,-4.3272479958513665,0.14534940354504183,-0.08682047325488434,-0.3141123645111898,0.0,-0.008643918141488805
33.2,-4.333503765528642,0.14589390122086526,-0.08698651775759997,-0.31397106544272024,0.0,-0.008302225135783168
33.22,-4.33975305125111,0.1464388800737426,-0.08714464526575069,-0.31365017930463057,0.0,-0.00790637540753476
33.24,-4.345993280235978,0.1469840633892972,-0.08729621252276874,-0.3131999466441077,0.0,-0.007578362850901964
33.26,-4.352208272247344,0.14752799104545458,-0.08745421154389306,-0.31193742560193966,0.0,-0.007899951056216109
33.28,-4.358417358750795,0.14807239041705939,-0.08760589001716983,-0.3116453348084019,0.0,-0.007583923663838814
33.3,-4.364659762784228,0.14862066512788896,-0.08775294602256949,-0.31332177260433647,0.0,-0.007352800269983288
33.32,-4.370900835342279,0.14916974777348005,-0.08789731782093028,-0.3132589919960159,0.0,-0.0072185899180405655
33.34,-4.377142899553493,0.1497198258285696,-0.08803666166046556,-0.31331274903687767,0.0,-0.0069671919767632234
33.36,-4.383386140949731,0.15027088434636812,-0.08817092571487213,-0.31337568756100925,0.0,-0.006713202720328289
33.38,-4.389630580493092,0.15082289356391695,-0.08830326802439475,-0.3134395451556386,0.0,-0.006617115476130835
33.4,-4.395876891138067,0.1513759013079381,-0.0884456719660527,-0.31353713591242127,0.0,-0.007120197082898102
33.42,-4.402132040446866,0.15193058932096698,-0.08861020422045858,-0.31398475945169896,0.0,-0.008226612720294011
33.44,-4.408404658037405,0.1524878665479261,-0.08878589102049306,-0.3148661991418934,0.0,-0.008784340001722905
33.46,-4.414672981404647,0.15304587223517285,-0.08896229383317679,-0.31465555844171156,0.0,-0.008820140634187157
33.48,-4.420932757036912,0.1536042300138139,-0.08913811394145395,-0.31423142099124296,0.0,-0.008791005413858886
33.5,-4.427186992981613,0.15416320205157136,-0.08931363221531077,-0.3139582655027277,0.0,-0.008775913692840863
33.52,-4.43344008958973,0.15472317857822712,-0.08948356966089557,-0.31390600066280905,0.0,-0.00849687227924108
33.54,-4.439687027621548,0.1552836737112658,-0.08964261280211054,-0.31360161657560004,0.0,-0.007952157060747039
33.56,-4.445924337892675,0.15584430501257293,-0.08979492061276095,-0.3131227669553919,0.0,-0.0076153905325217885
33.58,-4.452147618119243,0.1564046307693476,-0.08994698429930965,-0.3124227173721833,0.0,-0.007603184327433944
33.6,-4.458349038482615,0.1569639389971964,-0.09009574114878136,-0.3113295690140378,0.0,-0.00743784247358608
33.62,-4.46458738014109,0.15752751272650983,-0.0902425501517229,-0.3131873321042388,0.0,-0.007340450147076188
33.64,-4.470827236078409,0.15809214681189387,-0.09038678935436267,-0.3132675125546776,0.0,-0.0072119601319892025
33.66,-4.477068205951119,0.15865778927068988,-0.09052603679179151,-0.31332752968449007,0.0,-0.006962371871441338
33.68,-4.483310339944651,0.15922441359037295,-0.09066089692899995,-0.31338993248371266,0.0,-0.006743006860423038
33.7,-4.489553586177765,0.15979198778582876,-0.09079632806064777,-0.3134496131543625,0.0,-0.006771556582391104
33.72,-4.495799355700337,0.1603606442467756,-0.09094737175673698,-0.3135801616001084,0.0,-0.007552184804459997
33.74,-4.502056090084717,0.16093125190908392,-0.09111811914106767,-0.3141349959053207,0.0,-0.008537369216535265
33.76,-4.50833494098408,0.16150495760564826,-0.09129674450178066,-0.3152503245149014,0.0,-0.008931268035650365
33.78,-4.514601162622031,0.1620786380216026,-0.09147456954203895,-0.3146213709984822,0.0,-0.00889125201291394
33.8,-4.520861293628221,0.162652883389448,-0.09165039172614761,-0.31432068798103635,0.0,-0.008791109205433901
33.82,-4.52711508640828,0.16322765617382232,-0.09182443774839413,-0.31400751539400945,0.0,-0.008702301112325051
33.84,-4.53336579390788,0.16380324251461767,-0.09199129984600704,-0.3138576264855755,0.0,-0.00834310488064529
33.86,-4.539609591008899,0.1643792432259539,-0.09214774023059433,-0.3135154663575664,0.0,-0.00782201922936505
33.88,-4.5458431367648195,0.16495528172520815,-0.09229988582072185,-0.3130052437411324,0.0,-0.00760727950637554
33.9,-4.552060808104015,0.16553080736142858,-0.09245006223577677,-0.31221253434237006,0.0,-0.007508820752746509
33.92,-4.558251916513774,0.16610481199367508,-0.09259760584569349,-0.31088303531724887,0.0,-0.007377180495835028
33.94,-4.564489603751444,0.16668406340669545,-0.09274709601343414,-0.3132262531880485,0.0,-0.007474508387031614
33.96,-4.570728312062701,0.16726435032102413,-0.09289447660827127,-0.31328187904779686,0.0,-0.007369029741858596
33.98,-4.576968131961531,0.16784566822584923,-0.09303722914007809,-0.3133419971704715,0.0,-0.007137626590342463
34.0,-4.583209110675739,0.16842799274890674,-0.09317669519500309,-0.31340436005801536,0.0,-0.006973302746248375
34.02,-4.589451103738462,0.16901129005403978,-0.09331977082788201,-0.3134593799093139,0.0,-0.007153781643947645
34.04,-4.595696420247393,0.16959579929372198,-0.09348399093048372,-0.31363047264254396,0.0,-0.008211005130084584
34.06,-4.601956281926383,0.1701827068550024,-0.09366238732182641,-0.3143657452935142,0.0,-0.00891981956713434
34.08,-4.608236471747249,0.17077265055802043,-0.09384409338110887,-0.3153918901891701,0.0,-0.009085302964123312
34.1,-4.614500061586141,0.17136218309948575,-0.09402585188715347,-0.31456361156099555,0.0,-0.009087925302229368
34.12,-4.62075505526562,0.17195205355502813,-0.09420752138096608,-0.3141372832243826,0.0,-0.00908347469063098
34.14,-4.62700797233111,0.17254287426403805,-0.09438408792483027,-0.31403837718538474,0.0,-0.008828327193209322
34.16,-4.633255968795186,0.17313434309392606,-0.0945537544179608,-0.3137964913436677,0.0,-0.00848332465652568
34.18,-4.639496335650616,0.17372615795079877,-0.09471588258680219,-0.3134183438918462,0.0,-0.00810640844207002
34.2,-4.645725386263868,0.17431791861761473,-0.09487629968882517,-0.31285480749557565,0.0,-0.008020855101147995
34.22,-4.651936924128227,0.1749090210159759,-0.09503498636709397,-0.3119799860797406,0.0,-0.007934333913441238
34.24,-4.658109925104569,0.17549744462557945,-0.09518731395758764,-0.3100491227138189,0.0,-0.007616379524682819
34.26,-4.664346376447223,0.17609287508870947,-0.09534212760061134,-0.3132405736240008,0.0,-0.007740682151185615
34.28,-4.670583931017614,0.17668938535899098,-0.09549320234081443,-0.31330062049555035,0.0,-0.00755373701015449
34.3,-4.676822598918303,0.17728695323791172,-0.09563905833138088,-0.3133610718683973,0.0,-0.007292799528322025
34.32,-4.683062454559495,0.17788555336722292,-0.09578112350300688,-0.31342511281696817,0.0,-0.007103258581300213
34.34,-4.689303511507696,0.17848516354864455,-0.09592880225583421,-0.31348972949822956,0.0,-0.007383937641367779
34.36,-4.6952142907549,0.1790539232325512,-0.09608668196829875,-0.29690402021196494,0.0,-0.007893985623228137
34.38,-4.701072161186835,0.17961852522715546,-0.09623843002801544,-0.2942508343643529,0.0,-0.007587402985834217
34.4,-4.7069377743902,0.18018477187444756,-0.09637908627664199,-0.2946440798533456,0.0,-0.007032812431328058
34.42,-4.712804121262779,0.1807519221870983,-0.09650628940295153,-0.29468493813969404,0.0,-0.006360156315475538
34.44,-4.718667002621961,0.18131949021539367,-0.09659074918573506,-0.29451447884014625,0.0,-0.004222989139176563
34.46,-4.724531314669512,0.1818876966887046,-0.09667689628389467,-0.29458875736928974,0.0,-0.004307354907981484
34.48,-4.730393714866036,0.18245622769272804,-0.09675157039142519,-0.2944951763897896,0.0,-0.0037337053765262983
34.5,-4.7362589654938825,0.18302547723412968,-0.09681040930048353,-0.29464050115283863,0.0,-0.0029419454529171774
34.52,-4.742122143046029,0.18359487380856254,-0.09684876032477631,-0.2945380428186582,0.0,-0.0019175512146399763
34.54,-4.747984723028115,0.1841644393078308,-0.09688169668118353,-0.29450912084482395,0.0,-0.001646817820360572
34.56,-4.753847297340011,0.18473419917121134,-0.09690656256295194,-0.294509778549101,0.0,-0.0012432940884203277
34.58,-4.759709037588397,0.18530402510972563,-0.09692287430445325,-0.2944685905990625,0.0,-0.0008155870750648668
34.6,-4.765571256569138,0.1858739941131059,-0.09693672625418946,-0.2944931070626939,0.0,-0.0006925974868107637
34.62,-4.771436637059862,0.18644435251736516,-0.0969510944234622,-0.29465232482657366,0.0,-0.0007184084636390017
34.64,-4.777302698086103,0.18701486217958346,-0.09696520591836022,-0.2946869238626992,0.0,-0.0007055747448995746
34.66,-4.783169820279342,0.18758555862376947,-0.09697980358347678,-0.2947406370938968,0.0,-0.0007298832558275831
34.68,-4.789038634477374,0.1881565061313684,-0.09699564902773439,-0.29482605527434896,0.0,-0.0007922722128808266
34.7,-4.7949087377972095,0.18872767294602624,-0.09701258097887977,-0.2948912702832548,0.0,-0.0008465975572696498
34.72,-4.800780782539296,0.1892991290296207,-0.09703154949722574,-0.29498928585859646,0.0,-0.0009484259172977851
34.74,-4.806653352276021,0.18987074865382708,-0.09705206195827708,-0.29501620424761976,0.0,-0.001025623052565813
34.76,-4.81252805437624,0.19044269748293824,-0.09707653952124101,-0.29512391562459916,0.0,-0.0012238781481971697
34.78,-4.818404096211042,0.1910149219406771,-0.09710443392679756,-0.2951919226299367,0.0,-0.0013947202778266114
34.8,-4.824281428980264,0.19158743761291896,-0.09713588762397854,-0.2952575768508526,0.0,-0.0015726848590487954
34.82,-4.830159964373856,0.19216025709051068,-0.09717093081101119,-0.2953188976666964,0.0,-0.0017521593516338539
34.84,-4.836039631084474,0.19273339480587018,-0.09720894541327708,-0.29537674023489197,0.0,-0.0019007301132942405
34.86,-4.8419203758399005,0.19330686328601052,-0.09724890977059447,-0.2954319929196545,0.0,-0.0019982178658686997
34.88,-4.847802203556617,0.19388067467223957,-0.0972986887555669,-0.29548754963659635,0.0,-0.002488949248622102
34.9,-4.853684580684981,0.19445483526426882,-0.09734371360162847,-0.2955165861070759,0.0,-0.002251242303077935
34.92,-4.8595682777557245,0.19502939212936146,-0.09739229619153966,-0.2955841961755572,0.0,-0.0024291294955607846
34.94,-4.865452772851574,0.19560431553505006,-0.0974452180958949,-0.2956256900858188,0.0,-0.002646095217762899
34.96,-4.871338549943448,0.19617967865501723,-0.0975026443599894,-0.295691624395424,0.0,-0.0028713132047235505
34.98,-4.877231395759471,0.19675607441671925,-0.09756465129104144,-0.2960484077204574,0.0,-0.0031003465526022065
35.0,-4.883115886587684,0.19733202132602878,-0.09762982364891755,-0.2956304582991653,0.0,-0.0032586178938060085
35.02,-4.8890017170865425,0.1979084866267344,-0.09769831093456824,-0.2956996487325146,0.0,-0.0034243642825338423
35.04,-4.894886387520504,0.19848524520313682,-0.09777032069100308,-0.2956433517424006,0.0,-0.0036004878217427354
35.06,-4.900771272322445,0.19906245263269817,-0.0978446172799203,-0.2956562089186216,0.0,-0.003714829445860983
35.08,-4.90665722577073,0.19964020639484098,-0.09792187636131917,-0.29571205337728024,0.0,-0.003862954069942606
35.1,-4.912539780790008,0.2002180854369933,-0.0980016530384499,-0.2955435574589313,0.0,-0.003988833856536706
35.12,-4.91842941386547,0.20079713419284623,-0.0980821221253618,-0.2959014837121557,0.0,-0.004023454345594302
35.14,-4.9243127107915265,0.20137603800347167,-0.09816415105355096,-0.2955854882352345,0.0,-0.004101446409458215
35.16,-4.930189835267934,0.20195482122413275,-0.0982470537550973,-0.2952777596082592,0.0,-0.004145135077318163
35.18,-4.936061984504274,0.20253360602218165,-0.09833025287984246,-0.29503020394654117,0.0,-0.0041599562372576235
35.2,-4.941943044454779,0.20311376315592564,-0.09841287503247886,-0.2954803227004247,0.0,-0.004131107631820301
35.22,-4.947815276500757,0.2036935393329879,-0.09849542982664256,-0.2950391906903983,0.0,-0.0041277397081854175
35.24,-4.953683819633782,0.20427344049996962,-0.09857780656364956,-0.2948562525521905,0.0,-0.004118836850349701
35.26,-4.9595728539392105,0.20485585636625256,-0.09865876237115939,-0.2958882106971009,0.0,-0.00404779037549189
35.28,-4.965439965379352,0.2054365837232741,-0.09873633123880146,-0.2947890810148648,0.0,-0.0038784433821023186
35.3,-4.971327627149248,0.2060198063313794,-0.09881301974043119,-0.2958238907157757,0.0,-0.0038344250814873883
35.32,-4.97719345280532,0.20660132014698174,-0.0988866197732619,-0.2947289812063681,0.0,-0.003680001641534561
35.34,-4.983060153407863,0.20718335673730853,-0.0989605842213197,-0.2947750945736505,0.0,-0.0036982224028911568
35.36,-4.988929189252243,0.20776606338338044,-0.09903036508225643,-0.29489459463505086,0.0,-0.003489043046836041
35.38,-4.9948027455308095,0.20834963274520724,-0.09910012363507371,-0.29512377300700443,0.0,-0.0034879276408640593
35.4,-5.000671780645573,0.20893316636493023,-0.09916814308563865,-0.29489864641802993,0.0,-0.0034009725282477215
35.42,-5.0065390076912575,0.20951692324934923,-0.09923384884715354,-0.2948097916696565,0.0,-0.0032852880757449246
35.44,-5.012407641996473,0.21010120957114495,-0.09929928304077161,-0.29488243044555695,0.0,-0.00327170968090193
35.46,-5.018276128528536,0.21068586898907393,-0.09936401016551569,-0.2948769269202695,0.0,-0.003236356237204261
35.48,-5.024146564861952,0.21127110641017355,-0.09942764124627414,-0.2949768024088543,0.0,-0.003181554037921931
35.5,-5.030014681939617,0.2118564897273142,-0.09948985943401716,-0.2948621358583261,0.0,-0.0031109093871522033
35.52,-5.035882462853604,0.2124422082279732,-0.09955063648969387,-0.2948470748394968,0.0,-0.0030388527838357948
35.54,-5.041750406627904,0.2130283031772806,-0.09960997070655395,-0.2948570476855987,0.0,-0.002966710843003196
35.56,-5.04761850030491,0.21361476475331043,-0.09966789696430767,-0.2948663281144438,0.0,-0.002896312887686193
