t,x,y,yaw,v,vy,yaw_rate
10.561,-6.9048784522748e-05,-2.2224739407208241e-13,6.621321827832514e-09,-7.007870205627257e-06,0.0,6.931174020990023e-10
10.58,-6.918894266558309e-05,-2.2317542624258484e-13,6.635184486629209e-09,-7.007907141754393e-06,0.0,6.931329398346835e-10
10.6,-6.932910154713443e-05,-2.2410540627911762e-13,6.649047456187167e-09,-7.0079440775670945e-06,0.0,6.931484778979542e-10
10.62,-6.946926116742424e-05,-2.2503733424586576e-13,6.662910736514984e-09,-7.007981014490692e-06,0.0,6.931640163908945e-10
10.64,-6.960942152648282e-05,-2.259712102070709e-13,6.676774327625166e-09,-7.008017952928599e-06,0.0,6.93179555509025e-10
10.66,-6.974958262430552e-05,-2.2690703422674526e-13,6.6906382295220916e-09,-7.008054891134934e-06,0.0,6.931950948462516e-10
10.68,-6.988974446091268e-05,-2.278448063690692e-13,6.704502442214946e-09,-7.0080918303581764e-06,0.0,6.932106346427775e-10
10.7,-7.002990703630319e-05,-2.28784526698082e-13,6.718366965710796e-09,-7.0081287695252785e-06,0.0,6.932261747924682e-10
10.72,-7.017007035049048e-05,-2.297261952779224e-13,6.732231800018921e-09,-7.008165709364099e-06,0.0,6.932417154062295e-10
10.74,-7.03102344035332e-05,-2.3066981217303617e-13,6.7460969451499646e-09,-7.00820265213624e-06,0.0,6.932572565521756e-10
10.76,-7.045039919538257e-05,-2.3161537744714875e-13,6.759962401108608e-09,-7.008239592468165e-06,0.0,6.932727979321804e-10
10.78,-7.059056472609067e-05,-2.325628911646669e-13,6.7738281679056245e-09,-7.008276535404686e-06,0.0,6.932883398507725e-10
10.8,-7.073073099565468e-05,-2.3351235338962987e-13,6.787694245548686e-09,-7.0083134782006565e-06,0.0,6.933038821531134e-10
10.82,-7.087089800408019e-05,-2.344637641861354e-13,6.801560634044743e-09,-7.008350421275281e-06,0.0,6.933194248028692e-10
10.84,-7.101106575139203e-05,-2.354171236184144e-13,6.81542733340265e-09,-7.008387365592036e-06,0.0,6.933349678953604e-10
10.86,-7.115123423763863e-05,-2.3637243175086116e-13,6.829294343635931e-09,-7.008424312330045e-06,0.0,6.93350511663962e-10
10.88,-7.129140346278092e-05,-2.373296886472773e-13,6.843161664746335e-09,-7.008461257114626e-06,0.0,6.933660555202731e-10
10.9,-7.143157342683321e-05,-2.382888943718288e-13,6.8570292967424586e-09,-7.0084982026145605e-06,0.0,6.933815998061303e-10
10.92,-7.157174412982035e-05,-2.392500489887566e-13,6.8708972396354884e-09,-7.008535149357039e-06,0.0,6.933971446515098e-10
10.94,-7.171191557176773e-05,-2.402131525623085e-13,6.884765493433557e-09,-7.008572097368656e-06,0.0,6.934126899034323e-10
10.96,-7.185208775268953e-05,-2.4117820515665834e-13,6.898634058146024e-09,-7.00860904609049e-06,0.0,6.934282356233241e-10
10.98,-7.199226067258544e-05,-2.4214520683588206e-13,6.9125029337792545e-09,-7.008645994795867e-06,0.0,6.934437816614834e-10
11.0,-7.213243433149853e-05,-2.4311415766435736e-13,6.9263721203439056e-09,-7.008682945654551e-06,0.0,6.934593282325962e-10
11.02,-7.227260872943647e-05,-2.440850577062207e-13,6.940241617848694e-09,-7.008719896897119e-06,0.0,6.934748752394139e-10
11.04,-7.241278386640426e-05,-2.450579070255922e-13,6.954111426302067e-09,-7.008756848389291e-06,0.0,6.934904226686563e-10
11.06,-7.255295974239503e-05,-2.4603270568651154e-13,6.9679815457089665e-09,-7.0087937995386416e-06,0.0,6.935059703449898e-10
11.08,-7.26931363574503e-05,-2.470094537533566e-13,6.981851976082234e-09,-7.008830752763357e-06,0.0,6.935215186633215e-10
11.1,-7.283331371155435e-05,-2.479881512901099e-13,6.9957227174259314e-09,-7.008867705202348e-06,0.0,6.935370671849294e-10
11.12,-7.297349180476986e-05,-2.4896879836130317e-13,7.009593769753442e-09,-7.008904660775755e-06,0.0,6.935526163755369e-10
11.14,-7.311367063701934e-05,-2.4995139503049044e-13,7.0234651330650515e-09,-7.008941612473935e-06,0.0,6.935681655804334e-10
11.16,-7.325385020840913e-05,-2.5093594136251464e-13,7.037336807377681e-09,-7.008978569489557e-06,0.0,6.93583715631462e-10
11.18,-7.339403051889281e-05,-2.5192243742115116e-13,7.051208792693916e-09,-7.009015524184743e-06,0.0,6.935992658117305e-10
11.2,-7.353421156850541e-05,-2.5291088327074855e-13,7.065081089024395e-09,-7.009052480629774e-06,0.0,6.936148165240253e-10
11.22,-7.36743933572979e-05,-2.53901278975772e-13,7.078953696382125e-09,-7.0090894396247375e-06,0.0,6.936303678864448e-10
11.24,-7.381457588520674e-05,-2.5489362459988047e-13,7.092826614766433e-09,-7.009126395441839e-06,0.0,6.936459192154402e-10
11.26,-7.39547591523528e-05,-2.558879202080389e-13,7.106699844196461e-09,-7.009163357302479e-06,0.0,6.936614715014103e-10
11.28,-7.409494315866597e-05,-2.5688416586386354e-13,7.120573384672451e-09,-7.009200315658603e-06,0.0,6.936770237994505e-10
11.3,-7.423512790416898e-05,-2.578823616316294e-13,7.1344472362053826e-09,-7.009237275150836e-06,0.0,6.936925766466399e-10
11.32,-7.437531338886235e-05,-2.588825075754561e-13,7.148321398800153e-09,-7.009274234668452e-06,0.0,6.937081297385145e-10
11.34,-7.451549961281286e-05,-2.5988460375993845e-13,7.162195872471327e-09,-7.00931119752511e-06,0.0,6.937236835586725e-10
11.36,-7.465568657600942e-05,-2.608886502491191e-13,7.1760706572249845e-09,-7.009348159827729e-06,0.0,6.937392376829137e-10
11.38,-7.479587427843818e-05,-2.618946471070219e-13,7.189945753066936e-09,-7.009385121437919e-06,0.0,6.937547920975423e-10
11.4,-7.493606272020379e-05,-2.629025943985236e-13,7.203821160014714e-09,-7.0094220882803025e-06,0.0,6.937703473889585e-10
11.42,-7.507625190119081e-05,-2.63912492186923e-13,7.217696878064075e-09,-7.009459049350923e-06,0.0,6.937859024680372e-10
11.44,-7.521644182147409e-05,-2.649243405368877e-13,7.231572907228049e-09,-7.009496014164506e-06,0.0,6.938014581987015e-10
11.46,-7.535663248108118e-05,-2.6593813951274875e-13,7.245449247518096e-09,-7.009532980354254e-06,0.0,6.938170145023456e-10
11.48,-7.549682388002293e-05,-2.6695388917871975e-13,7.259325898942471e-09,-7.009569947087311e-06,0.0,6.938325712187205e-10
11.5,-7.563701601824385e-05,-2.679715895985351e-13,7.273202861502081e-09,-7.009606911046422e-06,0.0,6.93848127980562e-10
11.52,-7.577720889584937e-05,-2.689912408370977e-13,7.28708013521532e-09,-7.009643880275679e-06,0.0,6.938636856619424e-10
11.54,-7.591740251278826e-05,-2.700128429581771e-13,7.300957720082742e-09,-7.009680846944879e-06,0.0,6.938792433710564e-10
11.56,-7.605759686917001e-05,-2.7103639602671443e-13,7.314835616122361e-09,-7.009717819087268e-06,0.0,6.938948019809311e-10
11.58,-7.619779196491398e-05,-2.7206190010626816e-13,7.3287138233349326e-09,-7.009754787198728e-06,0.0,6.939103606285897e-10
11.6,-7.633798780004064e-05,-2.7308935526113494e-13,7.3425923417288845e-09,-7.009791756333362e-06,0.0,6.939259196976047e-10
11.62,-7.647818437460282e-05,-2.7411876155585183e-13,7.356471171316627e-09,-7.009828728109157e-06,0.0,6.939414793870702e-10
11.64,-7.66183816886153e-05,-2.7515011905468066e-13,7.370350312106022e-09,-7.009865700623829e-06,0.0,6.939570394697701e-10
11.66,-7.675857974206428e-05,-2.76183427821675e-13,7.3842297641028866e-09,-7.0099026724489215e-06,0.0,6.939725998432084e-10
11.68,-7.689877853497716e-05,-2.772186879211936e-13,7.398109527317892e-09,-7.009939645644413e-06,0.0,6.939881607502373e-10
11.7,-7.703897806728362e-05,-2.782558994168755e-13,7.411989601750474e-09,-7.0099766153227824e-06,0.0,6.940037216291661e-10
11.72,-7.717917833913175e-05,-2.7929506237397644e-13,7.4258699874224794e-09,-7.010013592406402e-06,0.0,6.940192836002516e-10
11.74,-7.731937935052301e-05,-2.803361768566731e-13,7.4397506843404535e-09,-7.0100505695629124e-06,0.0,6.940348458986762e-10
11.76,-7.7459581101408e-05,-2.813792429287655e-13,7.453631692506687e-09,-7.01008754424991e-06,0.0,6.940504083116406e-10
11.78,-7.759978359184123e-05,-2.8242426065482694e-13,7.46751301193531e-09,-7.010124521661165e-06,0.0,6.940659714311944e-10
11.8,-7.773998682177732e-05,-2.8347123009869005e-13,7.481394642628238e-09,-7.0101614968045495e-06,0.0,6.940815346463393e-10
11.82,-7.788019079126055e-05,-2.845201513248571e-13,7.495276584596253e-09,-7.010198474161296e-06,0.0,6.940970984007646e-10
11.84,-7.802039550032305e-05,-2.855710243977434e-13,7.509158837848942e-09,-7.010235453124972e-06,0.0,6.941126626344393e-10
11.86,-7.816060094896522e-05,-2.8662384938152936e-13,7.523041402394301e-09,-7.0102724321087035e-06,0.0,6.941282272680789e-10
11.88,-7.830080713724058e-05,-2.876786263407968e-13,7.536924278244818e-09,-7.010309413768111e-06,0.0,6.941437925257255e-10
11.9,-7.844101406508921e-05,-2.887353553392773e-13,7.550807465401732e-09,-7.010346392431722e-06,0.0,6.941593578458113e-10
11.92,-7.858122173258304e-05,-2.897940364416963e-13,7.564690963879355e-09,-7.010383374691428e-06,0.0,6.941749238810605e-10
11.94,-7.872143013967299e-05,-2.908546697118695e-13,7.57857477368078e-09,-7.010420354497269e-06,0.0,6.941904900713274e-10
11.96,-7.886163928647158e-05,-2.9191725521483664e-13,7.59245889482356e-09,-7.010457339929495e-06,0.0,6.942060571389139e-10
11.98,-7.900184917291114e-05,-2.9298179301427697e-13,7.60634332730817e-09,-7.010494321978473e-06,0.0,6.942216242305791e-10
12.0,-7.914205979902529e-05,-2.9404828317463806e-13,7.620228071144348e-09,-7.010531305707635e-06,0.0,6.942371918088138e-10
12.02,-7.9282271164817e-05,-2.951167257601375e-13,7.634113126339567e-09,-7.01056828958555e-06,0.0,6.942527597608892e-10
12.04,-7.942248327030328e-05,-2.9618712083510197e-13,7.64799849290347e-09,-7.010605274313463e-06,0.0,6.942683281951714e-10
12.06,-7.956269611550737e-05,-2.972594684639086e-13,7.661884170844767e-09,-7.0106422602045015e-06,0.0,6.942838970648452e-10
12.08,-7.970290970044292e-05,-2.983337687108637e-13,7.675770160171993e-09,-7.010679246777969e-06,0.0,6.942994663612313e-10
12.1,-7.984312402513474e-05,-2.994100216403619e-13,7.689656460894783e-09,-7.010716234591279e-06,0.0,6.94315036139541e-10
12.12,-7.998333908958143e-05,-3.004882273165992e-13,7.703543073020183e-09,-7.010753222334506e-06,0.0,6.943306062700518e-10
12.14,-8.012355489382695e-05,-3.0156838580412275e-13,7.717429996560512e-09,-7.010790212276197e-06,0.0,6.94346177016361e-10
12.16,-8.026377143784886e-05,-3.026504971669715e-13,7.731317231519947e-09,-7.010827201095655e-06,0.0,6.943617479717622e-10
12.18,-8.040398872164427e-05,-3.037345614693358e-13,7.745204777904606e-09,-7.01086418977007e-06,0.0,6.943773192330362e-10
12.2,-8.054420674528087e-05,-3.048205787759544e-13,7.75909263572994e-09,-7.0109011818303684e-06,0.0,6.943928912666601e-10
12.22,-8.068442550873303e-05,-3.059085491508472e-13,7.772980804998254e-09,-7.010938172608011e-06,0.0,6.944084634156613e-10
12.24,-8.082464501203858e-05,-3.069984726585277e-13,7.786869285722036e-09,-7.010975165278076e-06,0.0,6.944240361891145e-10
12.26,-8.096486525518641e-05,-3.0809034936313197e-13,7.800758077906587e-09,-7.011012157391387e-06,0.0,6.944396092276868e-10
12.28,-8.110508623820555e-05,-3.091841793291105e-13,7.814647181561975e-09,-7.011049150956821e-06,0.0,6.944551827692801e-10
12.3,-8.124530796108845e-05,-3.102799626206312e-13,7.828536596694629e-09,-7.0110861441453485e-06,0.0,6.944707566327341e-10
12.32,-8.138553042389163e-05,-3.113776993023645e-13,7.842426323317333e-09,-7.011123140158887e-06,0.0,6.944863311352161e-10
12.34,-8.152575362660288e-05,-3.124773894384472e-13,7.856316361435286e-09,-7.011160135563311e-06,0.0,6.945019058976518e-10
12.36,-8.166597756921306e-05,-3.1357903309304046e-13,7.870206711055539e-09,-7.01119713050861e-06,0.0,6.945174810127386e-10
12.38,-8.180620225178267e-05,-3.1468263033085545e-13,7.884097372191277e-09,-7.011234128480799e-06,0.0,6.945330567868833e-10
12.4,-8.194642767428191e-05,-3.157881812158961e-13,7.897988344846729e-09,-7.0112711249618465e-06,0.0,6.945486327725408e-10
12.42,-8.208665383679018e-05,-3.1689568581302903e-13,7.911879629036944e-09,-7.0113081254138135e-06,0.0,6.94564209510798e-10
12.44,-8.222688073926225e-05,-3.180051441861407e-13,7.92577122476385e-09,-7.011345123603421e-06,0.0,6.94579786345257e-10
12.46,-8.236710838171194e-05,-3.1911655639958493e-13,7.939663132036777e-09,-7.01138212248442e-06,0.0,6.945953636463705e-10
12.48,-8.250733676414919e-05,-3.2022992251768707e-13,7.953555350863894e-09,-7.011419121862276e-06,0.0,6.946109413559525e-10
12.5,-8.26475658865918e-05,-3.213452426048375e-13,7.967447881251819e-09,-7.011456122130793e-06,0.0,6.946265193962597e-10
12.52,-8.278779574912732e-05,-3.2246251672598437e-13,7.981340723219524e-09,-7.011493126776324e-06,0.0,6.94642098385149e-10
12.54,-8.292802635167025e-05,-3.2358174494470186e-13,7.99523387676416e-09,-7.011530127146321e-06,0.0,6.946576772318791e-10
12.56,-8.306825769429587e-05,-3.247029273258463e-13,8.009127341899598e-09,-7.011567131280706e-06,0.0,6.946732567719105e-10
12.58,-8.320848977701141e-05,-3.258260639337348e-13,8.023021118635296e-09,-7.011604135776782e-06,0.0,6.946888367849028e-10
12.6,-8.334872259977607e-05,-3.269511548323015e-13,8.036915206972839e-09,-7.011641138232815e-06,0.0,6.947044168772125e-10
12.62,-8.348895616265422e-05,-3.280782000863249e-13,8.050809606925796e-09,-7.01167814390767e-06,0.0,6.947199976477274e-10
12.64,-8.362919046563772e-05,-3.2920719976000505e-13,8.064704318501319e-09,-7.011715149175521e-06,0.0,6.947355787761359e-10
12.66,-8.376942550874245e-05,-3.30338153917737e-13,8.078599341707388e-09,-7.011752155236339e-06,0.0,6.947511603034921e-10
12.68,-8.39096612920055e-05,-3.3147106262408977e-13,8.092494676554869e-09,-7.011789163152953e-06,0.0,6.947667423740373e-10
12.7,-8.404989781544122e-05,-3.3260592594345195e-13,8.106390323052366e-09,-7.011826171786224e-06,0.0,6.947823248749103e-10
12.72,-8.419013507902506e-05,-3.337427439398993e-13,8.120286281204638e-09,-7.011863179192008e-06,0.0,6.947979076134753e-10
12.74,-8.43303730827975e-05,-3.3488151667803616e-13,8.134182551023654e-09,-7.011900188621726e-06,0.0,6.948134909508393e-10
12.76,-8.447061182676599e-05,-3.360222442222022e-13,8.148079132515788e-09,-7.011937198424843e-06,0.0,6.948290746066889e-10
12.78,-8.461085131093762e-05,-3.371649266367358e-13,8.161976025689703e-09,-7.011974208581195e-06,0.0,6.948446586958036e-10
12.8,-8.475109153534052e-05,-3.383095639861496e-13,8.175873230554602e-09,-7.012011220145007e-06,0.0,6.948602432448097e-10
12.82,-8.489133249997196e-05,-3.3945615633470695e-13,8.189770747118172e-09,-7.012048231571932e-06,0.0,6.948758281785256e-10
12.84,-8.503157420482294e-05,-3.4060470374662146e-13,8.203668575385934e-09,-7.012085242548933e-06,0.0,6.948914133880839e-10
12.86,-8.517181664994254e-05,-3.417552062865844e-13,8.217566715370717e-09,-7.012122255980235e-06,0.0,6.949069992391461e-10
12.88,-8.531205983534662e-05,-3.429076640190186e-13,8.23146516708128e-09,-7.01215927020431e-06,0.0,6.949225855281429e-10
12.9,-8.54523037610543e-05,-3.4406207700837604e-13,8.245363930525925e-09,-7.012196285383623e-06,0.0,6.949381722322571e-10
12.92,-8.55925484270626e-05,-3.4521844531892956e-13,8.259263005712327e-09,-7.0122333004153245e-06,0.0,6.949537593200491e-10
12.94,-8.573279383339364e-05,-3.4637676901516065e-13,8.273162392648304e-09,-7.0122703165520945e-06,0.0,6.949693467988947e-10
12.96,-8.587303998007749e-05,-3.4753704816161917e-13,8.287062091345581e-09,-7.012307334191799e-06,0.0,6.949849348639392e-10
12.98,-8.601328686708531e-05,-3.486992828223709e-13,8.300962101807714e-09,-7.012344350390774e-06,0.0,6.950005231066662e-10
13.0,-8.615353449443738e-05,-3.49863473061889e-13,8.314862424043124e-09,-7.012381367604023e-06,0.0,6.950161117703939e-10
13.02,-8.629378286218057e-05,-3.510296189448701e-13,8.328763058064413e-09,-7.012418387158849e-06,0.0,6.950317010645386e-10
13.04,-8.64340319703509e-05,-3.5219772053592565e-13,8.342664003882352e-09,-7.012455408516678e-06,0.0,6.950472908968084e-10
13.06,-8.657428181890396e-05,-3.533677778989992e-13,8.356565261499716e-09,-7.012492427652895e-06,0.0,6.950628808683049e-10
13.08,-8.671453240783815e-05,-3.5453979109839157e-13,8.370466830923545e-09,-7.012529446709619e-06,0.0,6.950784711913466e-10
13.1,-8.68547837372105e-05,-3.557137601988958e-13,8.384368712165895e-09,-7.012566468617596e-06,0.0,6.950940621175082e-10
13.12,-8.699503580704327e-05,-3.568896852650182e-13,8.398270905236942e-09,-7.012603491638672e-06,0.0,6.951096535523721e-10
13.14,-8.713528861732547e-05,-3.5806756636098886e-13,8.412173410141226e-09,-7.012640514109789e-06,0.0,6.95125245214314e-10
13.16,-8.727554216806329e-05,-3.592474035511835e-13,8.426076226887335e-09,-7.012677536891046e-06,0.0,6.951408373053769e-10
13.18,-8.741579645927896e-05,-3.6042919690011476e-13,8.439979355484655e-09,-7.0127145607834115e-06,0.0,6.951564298660367e-10
13.2,-8.755605149098377e-05,-3.616129464722062e-13,8.4538827959415e-09,-7.0127515852404574e-06,0.0,6.951720228421352e-10
13.22,-8.769630726320004e-05,-3.627986523319768e-13,8.467786548267266e-09,-7.012788610813472e-06,0.0,6.951876162883295e-10
13.24,-8.783656377602163e-05,-3.6398631454455433e-13,8.481690612479229e-09,-7.01282564107959e-06,0.0,6.9520321059817e-10
13.26,-8.797682102929975e-05,-3.651759331730155e-13,8.495594988567492e-09,-7.012862663905885e-06,0.0,6.952188044131731e-10
13.28,-8.811707902316079e-05,-3.6636750828276784e-13,8.509499676553333e-09,-7.0128996930518594e-06,0.0,6.952343992920185e-10
13.3,-8.825733775756598e-05,-3.675610399378226e-13,8.523404676440097e-09,-7.0129367202595805e-06,0.0,6.952499943382077e-10
13.32,-8.839759723256642e-05,-3.687565282029563e-13,8.537309988239262e-09,-7.012973750021792e-06,0.0,6.952655899582149e-10
13.34,-8.853785744816614e-05,-3.6995397314254834e-13,8.551215611959195e-09,-7.0130107799856125e-06,0.0,6.952811859966477e-10
13.36,-8.867811840438582e-05,-3.7115337482112246e-13,8.565121547609917e-09,-7.013047810984416e-06,0.0,6.952967825361348e-10
13.38,-8.881838010119297e-05,-3.7235473330274974e-13,8.579027795193838e-09,-7.013084840357542e-06,0.0,6.953123791961035e-10
13.4,-8.895864253861533e-05,-3.7355804865201787e-13,8.592934354720124e-09,-7.013121871118387e-06,0.0,6.95327976314247e-10
13.42,-8.909890571673092e-05,-3.7476332093394953e-13,8.606841226205253e-09,-7.0131589057794824e-06,0.0,6.953435742564814e-10
13.44,-8.923916963550114e-05,-3.7597055021257015e-13,8.620748409651812e-09,-7.013195938510749e-06,0.0,6.953591723279853e-10
13.46,-8.937943429491058e-05,-3.771797365521044e-13,8.634655905064688e-09,-7.0132329704718626e-06,0.0,6.953747706437357e-10
13.48,-8.951969969503515e-05,-3.7839088001756634e-13,8.648563712459375e-09,-7.013270006228761e-06,0.0,6.95390369734324e-10
13.5,-8.965996583584551e-05,-3.7960398067306545e-13,8.662471831840154e-09,-7.013307040517573e-06,0.0,6.954059690389016e-10
13.52,-8.980023271736513e-05,-3.808190385831692e-13,8.676380263215764e-09,-7.013344075981127e-06,0.0,6.954215687805875e-10
13.54,-8.994050033960629e-05,-3.820360538123507e-13,8.69028900659462e-09,-7.0133811120583315e-06,0.0,6.95437168942686e-10
13.56,-9.008076870261939e-05,-3.8325502642541645e-13,8.704198061989683e-09,-7.013418150655062e-06,0.0,6.954527697531232e-10
13.58,-9.02210378063787e-05,-3.8447595648651537e-13,8.718107429404038e-09,-7.01345518796608e-06,0.0,6.95468370717784e-10
13.6,-9.036130765089777e-05,-3.856988440601384e-13,8.732017108847777e-09,-7.013492225953456e-06,0.0,6.95483972186961e-10
13.62,-9.050157823620006e-05,-3.8692368921086607e-13,8.74592710033042e-09,-7.013529265114225e-06,0.0,6.954995741320856e-10
13.64,-9.064184956229695e-05,-3.881504920031762e-13,8.759837403859505e-09,-7.013566304844872e-06,0.0,6.955151764543854e-10
13.66,-9.078212162920969e-05,-3.893792525016351e-13,8.773748019442781e-09,-7.0136033456371295e-06,0.0,6.955307791636977e-10
13.68,-9.092239443697808e-05,-3.906099707709748e-13,8.787658947094497e-09,-7.013640388420092e-06,0.0,6.955463825857705e-10
13.7,-0.01846940545325464,-1.6189445105661463e-10,2.174048707301394e-06,-0.9189241529408831,0.0,0.00010826305241771495
13.72,-0.03510009270252036,-3.631781856691349e-08,1.1348946412682721e-06,-0.8315343624652513,0.0,-5.195770330165608e-05
13.74,-0.05328562922428752,-5.695648651406435e-08,-7.170197807399097e-07,-0.9092768260889433,0.0,-9.259572110040907e-05
13.76,-0.07145422124988537,-4.392924664351507e-08,-2.39382104477567e-06,-0.9084296012801262,0.0,-8.384006320178802e-05
13.78,-0.0896090573876831,-4.698178323180343e-10,-3.498929803648461e-06,-0.9077418068924868,0.0,-5.525543794363954e-05
13.8,-0.10772421875194069,6.29138601632426e-08,-3.757441722586717e-06,-0.9057580682184235,0.0,-1.2925595946912779e-05
13.82,-0.1256155386641286,1.3013945207376042e-07,-4.262718528367572e-06,-0.8945659956157118,0.0,-2.5263840289042688e-05
13.84,-0.14381434790390102,2.0771585341483502e-07,-4.1452912103314804e-06,-0.9099404619968869,0.0,5.871365901804452e-06
13.86,-0.1620007231325434,2.831036747983483e-07,5.773031324863164e-06,-0.9093187614399324,0.0,0.0004959161267597322
13.88,-0.18016527021341172,1.7823917549737887e-07,7.2365059832526296e-06,-0.9082273540585502,0.0,7.317373291947324e-05
13.9,-0.19830040715290623,4.700414852533033e-08,7.774138895982405e-06,-0.9067568469984674,0.0,2.6881645636488732e-05
13.92,-0.21635427329085824,-9.334911444340959e-08,9.937352632202615e-06,-0.902693306924879,0.0,0.00010816068681101052
13.94,-0.23374698409247577,-2.661866149146917e-07,1.1769009158462188e-05,-0.8696355401238153,0.0,9.158282631297859e-05
13.96,-0.25181284130314485,-4.788038538923427e-07,9.246365944917346e-06,-0.9032928605960115,0.0,-0.0001261321606772421
13.98,-0.2699921879278782,-6.468967454289158e-07,1.2350147270090007e-05,-0.9089673312755251,0.0,0.00015518906625863296
14.0,-0.28814221308362536,-8.710522290696283e-07,1.392178789251781e-05,-0.9075012578565677,0.0,7.858203112139042e-05
14.02,-0.3062457425768749,-1.1230857267968716e-06,1.6250066071378283e-05,-0.9051764747501965,0.0,0.00011641390894302347
14.04,-0.32410539104616104,-1.4133061944599068e-06,1.867645889381798e-05,-0.8929824235822087,0.0,0.00012131964112198479
14.06,-0.34230456706877077,-1.753202357387055e-06,2.2724649369651565e-05,-0.9099588012891884,0.0,0.00020240952379167932
14.08,-0.36050462267673616,-2.1667922396574234e-06,3.264172790292117e-05,-0.910002780633237,0.0,0.0004958539266634798
14.1,-0.37866611117964727,-2.7596146058920267e-06,3.260429320225862e-05,-0.9080744256293246,0.0,-1.8717350331269223e-06
14.12,-0.39679528631113187,-3.350703547603496e-06,3.328191558410845e-05,-0.90645875705603,0.0,3.3881119092490904e-05
14.14,-0.4148339708529721,-3.951065523995055e-06,3.449241442010671e-05,-0.9019342275915416,0.0,6.0524941799913e-05
14.16,-0.43253565075950184,-4.561639203505295e-06,3.512880220072641e-05,-0.8850839958529931,0.0,3.181938903098503e-05
14.18,-0.45058678048262035,-5.1957537693092185e-06,4.26449495738702e-05,-0.902556486712819,0.0,0.0003758073686571892
14.2,-0.4687556876043546,-5.970565897797596e-06,3.840118370018721e-05,-0.9084453569127589,0.0,-0.00021218829368414955
14.22,-0.48690174946715564,-6.667396153168508e-06,3.6254470920777494e-05,-0.9073030938090298,0.0,-0.00010733563897048574
14.24,-0.5049965267752572,-7.323412731190441e-06,3.680721587956877e-05,-0.9047388659996676,0.0,2.7637247939563642e-05
14.26,-0.5228144786197682,-7.979241931559282e-06,3.706455416855888e-05,-0.8908975928290298,0.0,1.2866914449505424e-05
14.28,-0.5408775088449691,-8.64874009409614e-06,3.776121866460868e-05,-0.9031515118804136,0.0,3.483322480249043e-05
14.3,-0.5590839054023067,-9.336235815919113e-06,2.9794358477369747e-05,-0.9103198285158959,0.0,-0.0003983430093619463
14.32,-0.577242820678452,-9.877269047376866e-06,2.811542965846493e-05,-0.907945764210262,0.0,-8.394644094524119e-05
14.34,-0.5953663835977785,-1.0386820805930216e-05,2.7626743384372762e-05,-0.9061781463244797,0.0,-2.443431370460802e-05
14.36,-0.6133892523930472,-1.0884733977314e-05,2.6778734380965368e-05,-0.9011434401073307,0.0,-4.240045017036969e-05
14.38,-0.6314934539117075,-1.1369541581077559e-05,3.314177547481603e-05,-0.9052100762575777,0.0,0.00031815205469253244
14.4,-0.6495888286160177,-1.1969254426880043e-05,4.01789298665603e-05,-0.9047687357123982,0.0,0.00035185771958721345
14.42,-0.6677574451018488,-1.26992499948295e-05,3.8875761583032806e-05,-0.9084308250248097,0.0,-6.515841417637469e-05
14.44,-0.6858997179876497,-1.3404544670467527e-05,3.858612274581619e-05,-0.9071136449755186,0.0,-1.4481941860830152e-05
14.46,-0.7039857848325509,-1.4102415866080274e-05,3.918559285511121e-05,-0.9043033429182664,0.0,2.9973505464750448e-05
14.48,-0.7217499977072701,-1.4798517079536836e-05,3.982421651394478e-05,-0.8882106444178904,0.0,3.193118294167856e-05
14.5,-0.7398121219757414,-1.5517827027486483e-05,3.698521635613667e-05,-0.9031062141397159,0.0,-0.000141950007890405
14.52,-0.7580243375536972,-1.6191409761268917e-05,3.414148298080727e-05,-0.9106107795206088,0.0,-0.00014218666876647022
14.54,-0.7761806238435573,-1.6811292300869695e-05,3.229733625224354e-05,-0.9078143150221004,0.0,-9.220733642818644e-05
14.56,-0.7942986451843879,-1.739645612854329e-05,3.110574807964147e-05,-0.9059010675140081,0.0,-5.957940863010375e-05
14.58,-0.8123043243186528,-1.795653624787723e-05,3.1840794324356893e-05,-0.9002839571487945,0.0,3.6752312235771306e-05
14.6,-0.8304562114562667,-1.8534506753020256e-05,3.276317088936959e-05,-0.9075943573407695,0.0,4.611882825063458e-05
14.62,-0.8485676596188525,-1.9127895224437334e-05,3.60709999876282e-05,-0.9055724086153243,0.0,0.00016539145491293073
14.64,-0.8667346452725618,-1.978319656401173e-05,3.53779518771457e-05,-0.908349283276399,0.0,-3.4652405524125076e-05
14.66,-0.8848731418931506,-2.042489942484641e-05,3.442741935624477e-05,-0.9069248315969934,0.0,-4.7526626045046294e-05
14.68,-0.9029502652900012,-2.104724813303025e-05,3.3872089580832495e-05,-0.9038561703781793,0.0,-2.7766488770613665e-05
14.7,-0.9206450677951356,-2.1646608068828517e-05,3.413929310320249e-05,-0.8847401257642555,0.0,1.336017611849934e-05
14.72,-0.9387239620214141,-2.2263808738041014e-05,3.706279645430707e-05,-0.9039447118406945,0.0,0.00014617516755522926
14.74,-0.956937214868809,-2.293884282140393e-05,3.949464410808532e-05,-0.9106626429952156,0.0,0.00012159238268891239
14.76,-0.9750908180893796,-2.365581292025254e-05,3.720642063046135e-05,-0.9076801617364404,0.0,-0.00011441117388119854
14.78,-0.9932032248857071,-2.4329710746457694e-05,3.691252934835813e-05,-0.9056203404432116,0.0,-1.4694564105161227e-05
14.8,-1.0111897346660048,-2.4993638316899008e-05,3.731800207192098e-05,-0.8993254896275713,0.0,2.0273636178142478e-05
14.82,-1.0293109507853746,-2.56698858979013e-05,3.3882724609965704e-05,-0.9060608065993963,0.0,-0.0001717638730977634
14.84,-1.0474361065232294,-2.6284015558514788e-05,2.8999290704177633e-05,-0.9062577874129467,0.0,-0.00024417169528940364
14.86,-1.0656026303385846,-2.6810831863868316e-05,2.6259530271374737e-05,-0.9083261911496916,0.0,-0.00013698802164014445
14.88,-1.0837372667216336,-2.7287038897038824e-05,2.438464334044682e-05,-0.906731819465077,0.0,-9.374434654639599e-05
14.9,-1.1018049112985355,-2.7727611966135855e-05,2.3480547156835464e-05,-0.9033822291136724,0.0,-4.5204809180567816e-05
14.92,-1.1196548023869395,-2.8146737175658523e-05,2.4330302352032794e-05,-0.8924945546662246,0.0,4.248775975986688e-05
14.94,-1.1377506359299079,-2.858701427715788e-05,3.0096578811338026e-05,-0.9047916774162218,0.0,0.00028831382296526164
14.96,-1.155955686136415,-2.9134924005627823e-05,2.9764804158635774e-05,-0.9102525107376178,0.0,-1.6588732635112805e-05
14.98,-1.1741064961058543,-2.9675179309848338e-05,2.7237155701252947e-05,-0.9075404988739718,0.0,-0.00012638242286914134
15.0,-1.1922130569452616,-3.016835052676744e-05,2.5304695176793687e-05,-0.9053280423061818,0.0,-9.662302622296282e-05
15.02,-1.2101774680823847,-3.062293447471997e-05,2.5062850459118065e-05,-0.898220557143734,0.0,-1.2092235883781265e-05
15.04,-1.2282741365480936,-3.1076488570379234e-05,2.0444005286330475e-05,-0.9048334235696236,0.0,-0.00023094225863937932
15.06,-1.2464116271980372,-3.1447291525159114e-05,1.3685804064898695e-05,-0.9068745326867025,0.0,-0.00033791006107158916
15.08,-1.2645753922807135,-3.169587725517699e-05,1.0551695597178645e-05,-0.9081882542188678,0.0,-0.00015670542338600238
15.1,-1.2827060160820236,-3.188718607852247e-05,8.232758309613836e-06,-0.9065311901159685,0.0,-0.0001159468643782405
15.12,-1.3007633840370447,-3.203584802460728e-05,6.66337771826698e-06,-0.9028683977816583,0.0,-7.846902956734277e-05
15.14,-1.3188240998062206,-3.215619339564135e-05,1.3586454059900162e-06,-0.9030357884788435,0.0,-0.00026523661561384817
15.16,-1.3369310683927644,-3.218079434532788e-05,-5.0286167619516235e-06,-0.9053484293280225,0.0,-0.00031936310839708197
15.18,-1.3551149177646222,-3.208935473557898e-05,-1.0761721620982678e-05,-0.9091924686043884,0.0,-0.0002866552429515527
15.2,-1.3732627967721722,-3.189405231368092e-05,-1.2393692052317735e-05,-0.907393950430045,0.0,-8.159852156675298e-05
15.22,-1.3913631569597855,-3.166972202346812e-05,-1.2840586342978997e-05,-0.905018009450167,0.0,-2.234471453306313e-05
15.24,-1.4093013896098001,-3.14393845982725e-05,-1.367418866411248e-05,-0.8969116325746692,0.0,-4.168011605667404e-05
15.26,-1.427398936423592,-3.1191915328767676e-05,-1.642030167257232e-05,-0.9048773407741937,0.0,-0.00013730565042299213
15.28,-1.4455493720917498,-3.089387969958112e-05,-2.004908341917134e-05,-0.9075217835302396,0.0,-0.0001814390873299509
15.3,-1.463710882291073,-3.052975806652797e-05,-2.270546578345175e-05,-0.9080755101486597,0.0,-0.00013281911821402023
15.32,-1.481837270642003,-3.0118189975977643e-05,-2.4806846710240247e-05,-0.9063194177801325,0.0,-0.00010506904633942479
15.34,-1.499883250249744,-2.967052612602047e-05,-2.625608201881584e-05,-0.9022989806646688,0.0,-7.246176542877976e-05
15.36,-1.5180127853308405,-2.9194515565858813e-05,-2.7231219750826237e-05,-0.9064767543672827,0.0,-4.875688660051993e-05
15.38,-1.5361268392099736,-2.8701247783975906e-05,-3.40281748408282e-05,-0.905702694292465,0.0,-0.0003398477545000986
15.4,-1.5543022277788554,-2.8082772483715293e-05,-4.196895286817294e-05,-0.908769428970226,0.0,-0.0003970389013672364
15.42,-1.5724469809202295,-2.732125619387322e-05,-4.741122004746872e-05,-0.9072376578677075,0.0,-0.00027211335896478947
15.44,-1.5905406612592372,-2.6463412733209206e-05,-5.4143931665389056e-05,-0.9046840179671707,0.0,-0.0003366355808960154
15.46,-1.6084470754847189,-2.5493889064065174e-05,-6.130341376202321e-05,-0.895320712586426,0.0,-0.0003579741048317072
15.48,-1.6265548414510411,-2.4383821193335253e-05,-7.023013815682235e-05,-0.9053883000173885,0.0,-0.0004463362197399564
15.5,-1.6447189960948951,-2.3108150101098173e-05,-7.367497741944932e-05,-0.9082077344324686,0.0,-0.00017224196313134923
15.52,-1.6628780937606824,-2.177027898819307e-05,-7.54003140737089e-05,-0.907954885753551,0.0,-8.626683271297871e-05
15.54,-1.6809999297906082,-2.0403886857354994e-05,-7.697110556685671e-05,-0.9060918040719547,0.0,-7.853957465739119e-05
15.56,-1.6990330496985073,-1.9015857678483156e-05,-7.856524821091114e-05,-0.9016559980659092,0.0,-7.970713220272094e-05
15.58,-1.7171497470482688,-1.759251485150867e-05,-8.39784495801624e-05,-0.9058348702837024,0.0,-0.00027066006846256324
15.6,-1.735269933270115,-1.6070809702917e-05,-9.09946223070618e-05,-0.9060093142870653,0.0,-0.00035080863634496894
15.62,-1.753446202533505,-1.441686694177848e-05,-9.71890885259292e-05,-0.9088134669319963,0.0,-0.0003097233109433709
15.64,-1.7715874938664227,-1.2653731366897512e-05,-0.00011448602432620311,-0.9070645709298212,0.0,-0.0008648467900136959
15.66,-1.789673800166846,-1.0583102054769465e-05,-0.0001314764524627724,-0.9043153209476223,0.0,-0.0008495214068284639
15.68,-1.8076746864552213,-8.216409370751167e-06,-0.00014889810313433653,-0.9000443221978824,0.0,-0.0008710825335782076
15.7,-1.825789632748078,-5.51912820943094e-06,-0.00016924429386735976,-0.9057473246833346,0.0,-0.0010173095366511605
15.72,-1.8439676529289868,-2.4426019906321216e-06,-0.00019400246070530683,-0.9089010220625526,0.0,-0.0012379083418973538
15.74,-1.862123740338398,1.0797236877641415e-06,-0.00023180280028252856,-0.9078043875540512,0.0,-0.0018900169788610853
15.76,-1.880240447531404,5.279227222218286e-06,-0.000274215831566788,-0.9058353839867312,0.0,-0.002120651564212972
15.78,-1.8982583781069295,1.0220029161938774e-05,-0.00032064742321344765,-0.9008965626474325,0.0,-0.0023215795823329846
15.8,-1.9163702904750792,1.6027567391287343e-05,-0.0003833136266978867,-0.9055956649617934,0.0,-0.0031333101742219514
15.82,-1.9344963670144284,2.2975539867675727e-05,-0.00045770870358926815,-0.9063038935487692,0.0,-0.003719753844569067
15.84,-1.9526675364268937,3.129264284295959e-05,-0.0005440666519919123,-0.9085585657935249,0.0,-0.004317897420132203
15.86,-1.970805024261851,4.116064609853977e-05,-0.0006516187589346105,-0.9068745259691453,0.0,-0.005377605347134914
15.88,-1.9888834858050801,5.294091244011376e-05,-0.0007794227235365928,-0.9039232690675278,0.0,-0.006390198230099108
15.9,-2.0069922063579932,6.70552635913835e-05,-0.0007914963184952039,-0.905436302671816,0.0,-0.0006036797479305562
15.92,-2.025110262743287,8.139564151322045e-05,-0.000804908495170436,-0.9059031030236037,0.0,-0.0006706088337615995
15.94,-2.0433008505435266,9.603740332780094e-05,-0.0008343168770004911,-0.909529684643972,0.0,-0.001470419091502759
15.96,-2.061454070637769,0.00011118294473852472,-0.0008687757395443003,-0.9076613206166448,0.0,-0.0017229431271904598
15.98,-2.0795648934563893,0.00012691719218511368,-0.000920968129053505,-0.9055414826693524,0.0,-0.0026096194754602264
16.0,-2.0975668682411865,0.0001434964419093457,-0.0009793091092680818,-0.9000991209639023,0.0,-0.002917049010728848
16.02,-2.1156831969993517,0.00016123793336035,-0.0010391036523071202,-0.9058168722684011,0.0,-0.0029897271519519143
16.04,-2.133815445622167,0.0001800792259100685,-0.0011039982094985475,-0.9066129205922108,0.0,-0.0032447278595713783
16.06,-2.151980790801191,0.00020013374261019726,-0.001165379434022114,-0.9082678124550349,0.0,-0.0030690612261783275
16.08,-2.1701151932158758,0.0002212672117997388,-0.0012463006736099349,-0.9067207364470496,0.0,-0.004046061979391031
16.1,-2.1881851755341857,0.00024378785459534764,-0.0013352667753119922,-0.903499817602902,0.0,-0.004448305085102868
16.12,-2.2063139611889584,0.0002679946341433107,-0.0014368610537630068,-0.9064400908014715,0.0,-0.005079713922550738
16.14,-2.224434709166348,0.0002940316490954892,-0.0015455378316280687,-0.9060383341589443,0.0,-0.005433838893253084
16.16,-2.242633171871513,0.0003221580840788833,-0.0016878239126412275,-0.9099242220202182,0.0,-0.007114304050657923
16.18,-2.260784276269042,0.0003527939812132181,-0.001893062705141389,-0.9075565125767412,0.0,-0.010261939625008074
16.2,-2.2788910193095173,0.0003870712221210244,-0.002081971898418305,-0.9053387742484152,0.0,-0.009445459663845834
16.22,-2.2968747597530297,0.00042451291845122733,-0.0022769871837774363,-0.8991889709903044,0.0,-0.009750764267956553
16.24,-2.314995733877426,0.0004657742155988106,-0.0024275709539929103,-0.9060510550069586,0.0,-0.007529188510773698
16.26,-2.3331321454206737,0.0005098017279570826,-0.0026577572285329584,-0.9068232491614441,0.0,-0.01150931372700235
16.28,-2.3512946643020087,0.0005580734074608319,-0.002912622285660828,-0.908129151428776,0.0,-0.012743252856393543
16.3,-2.3694256318943587,0.0006108822170631883,-0.0031696294003091745,-0.9065522249231183,0.0,-0.012850355732417275
16.32,-2.3874827863334156,0.0006681168963296406,-0.0034304918099961113,-0.9028622572746945,0.0,-0.013043120484346851
16.34,-2.4056041694703096,0.0007302823966269638,-0.003657615211394704,-0.9060744883059278,0.0,-0.01135617006992961
16.36,-2.4237307589544095,0.0007965827817137899,-0.003905546148732481,-0.906335536744186,0.0,-0.012396546866888838
16.38,-2.4419278961351547,0.0008676529020994431,-0.004153996466775969,-0.9098637982369593,0.0,-0.01242251590217438
16.4,-2.460073873023471,0.0009430316595509443,-0.004508263474285266,-0.9073066725043597,0.0,-0.017713350375464853
16.42,-2.478172018120325,0.0010246234188130818,-0.004790941332174133,-0.9049164507869797,0.0,-0.014133892894443348
16.44,-2.4961740473277314,0.0011108707444885664,-0.005039765717747685,-0.9001117905370153,0.0,-0.012441219278677737
16.46,-2.514297581968379,0.0012022098863711053,-0.005282228252008656,-0.9061882402536208,0.0,-0.012123126713048485
16.48,-2.5324401300432746,0.00129804385769516,-0.005553206671884318,-0.907140059196994,0.0,-0.013548920993783032
16.5,-2.550600698851777,0.0013988942862485617,-0.005864811181178146,-0.9080424415429282,0.0,-0.015580225464691434
16.52,-2.5687189026007333,0.001505155348499959,-0.006133132207853933,-0.9059257675191301,0.0,-0.013416051333789212
16.54,-2.586771987819554,0.0016158786952078152,-0.006391395581458856,-0.9026712380173373,0.0,-0.01291316868024627
16.56,-2.6049191459309293,0.001731865940738439,-0.00669188587570349,-0.9073764386410732,0.0,-0.015024514712231691
16.58,-2.6230406774013577,0.0018531349714333454,-0.007026928420713896,-0.9060968615599705,0.0,-0.01675212725052029
16.6,-2.6412283256881484,0.0019809403776726506,-0.007382306548913068,-0.9094048664179482,0.0,-0.017768906409958526
16.62,-2.6593726097798984,0.00211488947829681,-0.007772102805166095,-0.9072389260328414,0.0,-0.019489812812651313
16.64,-2.6774491645270415,0.0022553851490737997,-0.008185530267485431,-0.9038550361644972,0.0,-0.020671373115966937
16.66,-2.69553574655849,0.0024034367203708425,-0.008593882841353047,-0.9043593987570396,0.0,-0.02041762869338067
16.68,-2.713655503651908,0.0025591596235934404,-0.008993712641931396,-0.9060213114864493,0.0,-0.019991490028917418
16.7,-2.731810483840005,0.002722444700988335,-0.009371925909161503,-0.9077857231289479,0.0,-0.018910663361505334
16.72,-2.749974240162502,0.0028926790635686777,-0.009731063910947236,-0.9082277020126202,0.0,-0.017956900089286743
16.74,-2.768104158839422,0.003069108029847495,-0.010128931107625283,-0.9065388552233903,0.0,-0.01989335983390235
16.76,-2.786144527671928,0.0032518439322290903,-0.01056130111423703,-0.9020647150050709,0.0,-0.021618500330587282
16.78,-2.8042638424954465,0.0034432145873467645,-0.01099392280838473,-0.9060162697234121,0.0,-0.021631084707384986
16.8,-2.82238715191381,0.003642468879901684,-0.011389784379437377,-0.9062202361275781,0.0,-0.019793078552632383
16.82,-2.8405654363491433,0.0038495245736699657,-0.01173054325053908,-0.9089731803967026,0.0,-0.017037943555085214
16.84,-2.8587038828201496,0.004062308164659654,-0.012086433167396975,-0.9069847259438147,0.0,-0.0177944958428948
16.86,-2.8767792447909697,0.004280785457723688,-0.012448739214629342,-0.903834114624676,0.0,-0.01811530236161847
16.88,-2.8948922711304155,0.004506281447585975,-0.01281353861003071,-0.9057214963978979,0.0,-0.018239969770068153
16.9,-2.913013293716383,0.004738488578730025,-0.013150969852601491,-0.9061255151921533,0.0,-0.016871562128539158
16.92,-2.9311717808052746,0.004977304062717716,-0.013464692093965334,-0.908002871956961,0.0,-0.015686112068192048
16.94,-2.949326338654352,0.00522176436781887,-0.01378237197431714,-0.9078101832655586,0.0,-0.015883994017590396
16.96,-2.967441074499041,0.005471444204856461,-0.014110589587918363,-0.9058228231060057,0.0,-0.016410880680061114
16.98,-2.9854656068860734,0.005725797865453601,-0.014419740287350095,-0.9013163478432985,0.0,-0.015457534971586636
17.0,-3.003584602441317,0.005987087185746758,-0.014797178195945022,-0.9060439724978007,0.0,-0.01887189542974643
17.02,-3.0217105035686025,0.006255318952003074,-0.015149029196766908,-0.9063942850059247,0.0,-0.017592550041093977
17.04,-3.039881066165704,0.006530606394485309,-0.015546062340742576,-0.90863239028659,0.0,-0.019851657198783557
17.06,-3.0580208570961136,0.0068126314354459705,-0.015963559820946886,-0.9070991581997784,0.0,-0.02087487401021542
17.08,-3.076094561736484,0.00710117661156834,-0.016436991602511417,-0.9038003896685377,0.0,-0.023671589078226814
17.1,-3.0942201194626144,0.007399133085619871,-0.01692585348698757,-0.9064003267647747,0.0,-0.02444309422380764
17.12,-3.1123408318574697,0.007705870901132723,-0.017410981409498427,-0.9061654178246487,0.0,-0.024256396125543266
17.14,-3.130509975540521,0.008022245493508676,-0.01787358238482308,-0.908594897435121,0.0,-0.023130048766232335
17.16,-3.1486611796600434,0.008346707087827296,-0.018364700848398967,-0.9077051921119057,0.0,-0.024555923178794323
17.18,-3.1667676567183483,0.00867926450961545,-0.01883968916618553,-0.9054765401457114,0.0,-0.02374941588932801
17.2,-3.18478083669827,0.009018667377475075,-0.01928444951672311,-0.9008188598377639,0.0,-0.02223801752687944
17.22,-3.2029019033316333,0.00936816549818076,-0.019720545244846857,-0.906221833861834,0.0,-0.021804786406187254
17.24,-3.221028576606967,0.009725679725596834,-0.020136156658145523,-0.9065099288666177,0.0,-0.020780570664933544
17.26,-3.2391892356048655,0.010091415032461514,-0.020568517734585616,-0.9082170687019592,0.0,-0.021618053822004414
17.28,-3.2573176007564655,0.010464341224603707,-0.02101795083591374,-0.9066100278158865,0.0,-0.022471655066406495
17.3,-3.2753864831120802,0.01084416803729834,-0.021460262209403454,-0.9036437046600391,0.0,-0.022115568674485386
17.32,-3.2935082791586625,0.01123312624463767,-0.022006059507189254,-0.906298488966221,0.0,-0.027289864889290208
17.34,-3.3116271855452037,0.011631916352447308,-0.022587484046745168,-0.9061647231523827,0.0,-0.029071226977795562
17.36,-3.329802571009485,0.012042522413682987,-0.02312188541480463,-0.9090011470189893,0.0,-0.026720068402973505
17.38,-3.3479498260674787,0.0124621959572379,-0.023653799943921364,-0.9076053547977757,0.0,-0.02659572645583638
17.4,-3.3660583248321703,0.012890610666948018,-0.024166285014796722,-0.9056782909432196,0.0,-0.025624253543767878
17.42,-3.384046948175308,0.013325413511950723,-0.024637217187411894,-0.8996938691790034,0.0,-0.02354660863075861
17.44,-3.4021656912806115,0.013771899262484465,-0.025213423686695588,-0.9062121733366462,0.0,-0.028810324964184546
17.46,-3.4202933047346504,0.014229055338958282,-0.025775525290684033,-0.906668849714853,0.0,-0.028105080199422414
17.48,-3.438454255316843,0.014697267074397948,-0.02631855385359271,-0.9083492559005651,0.0,-0.027151428145433826
17.5,-3.4565830926127457,0.01517450204835264,-0.026843279730865196,-0.9067558862804238,0.0,-0.02623629386362446
17.52,-3.474643667893063,0.0156594236002585,-0.027351235463321796,-0.9033542056794633,0.0,-0.02539778662283014
17.54,-3.4927622868058688,0.01615511382555822,-0.027831752006878714,-0.9062699102736109,0.0,-0.02402582717784558
17.56,-3.510879207309072,0.016659469696622325,-0.02827597416273617,-0.9061969755026754,0.0,-0.022211107792873025
17.58,-3.529063304944667,0.017173779847766617,-0.02873544415884284,-0.9095684715187925,0.0,-0.02297349980533311
17.6,-3.547204198589471,0.017695210011427345,-0.029203108804872934,-0.9074192962016698,0.0,-0.02338323230150492
17.62,-3.565297218646246,0.01822373269847846,-0.0297433734516956,-0.9050368929021704,0.0,-0.02701323234113342
17.64,-3.583293083489281,0.01875914832480807,-0.030321236080549034,-0.900191398178327,0.0,-0.028893131442671364
17.66,-3.6014080553194354,0.01930858505247948,-0.030858885145481123,-0.9061651134382186,0.0,-0.026882453246604796
17.68,-3.61953925424265,0.019868271306504603,-0.03144644872212902,-0.9069917627742283,0.0,-0.02937817883239381
17.7,-3.6376918178454902,0.020439293203306598,-0.032025636593466834,-0.908077132409169,0.0,-0.028959393566891978
17.72,-3.655817015126093,0.021019962717739822,-0.03258579201416633,-0.9067248115411985,0.0,-0.028007771034974153
17.74,-3.67386217404101,0.02160818672646308,-0.03311616566566127,-0.9027371817824802,0.0,-0.026518682574747602
17.76,-3.691975163857895,0.02220823886912562,-0.03372800325155649,-0.9061463219046129,0.0,-0.030591879294760715
17.78,-3.7100891948972907,0.02281942074022402,-0.0343698504520158,-0.9062169494328474,0.0,-0.032092360022965574
17.8,-3.728272006010798,0.023444607433273423,-0.03502231553898452,-0.9096777978914421,0.0,-0.03262325434843645
17.82,-3.746407686927334,0.024080020785507302,-0.03564268737683002,-0.9073404438723726,0.0,-0.031018591892274544
17.84,-3.764491001306493,0.024724831786004545,-0.036232066980329006,-0.9047403497162438,0.0,-0.02946898017494971
17.86,-3.782523222781671,0.02537846248799578,-0.036795733342406,-0.9022031983212693,0.0,-0.028183318103848894
17.88,-3.800633498974359,0.026045144287973134,-0.0373308239275572,-0.9061271549813713,0.0,-0.026754529257560493
17.9,-3.818765268675691,0.026722332793888665,-0.037827844794217344,-0.9072205585945966,0.0,-0.02485104333300627
17.92,-3.8369091554673833,0.02740900448866019,-0.038330820960568425,-0.9078437997890203,0.0,-0.02514880831755453
17.94,-3.8550222090920525,0.028103632932228572,-0.038841417709057705,-0.9063184047076882,0.0,-0.025529837424463388
17.96,-3.8730567622258714,0.02880447302128675,-0.03942213746681114,-0.9024082828284605,0.0,-0.02903598788767231
17.98,-3.8911675348135013,0.029518808476961287,-0.04003367197307205,-0.9062427363351392,0.0,-0.03057672531304564
18.0,-3.9092775769474053,0.030244207535703064,-0.040659400495309354,-0.9062282133742617,0.0,-0.031286426111865516
18.02,-3.927453580013762,0.03098364044228332,-0.041293182795072644,-0.9095518793498776,0.0,-0.031689114988165006
18.04,-3.9455820309142298,0.03173264764496368,-0.041891239800872164,-0.9071958771956637,0.0,-0.029902850289975563
18.06,-3.9636573560446515,0.032490288665012836,-0.042475282384302114,-0.9045598356185792,0.0,-0.02920212917149747
18.08,-3.9817142111111514,0.03325772025892572,-0.043088881541697724,-0.9036577977087299,0.0,-0.03067995786978059
18.1,-3.9998196595724718,0.03403834696004464,-0.04375165509808247,-0.9061134614826523,0.0,-0.03313867781923839
18.12,-4.017953725140624,0.03483224897131299,-0.04441169479796732,-0.9075717801275508,0.0,-0.03300198499424142
18.14,-4.036094448763499,0.03563843936492044,-0.04504704292677237,-0.9079314353411502,0.0,-0.03176740644025208
18.16,-4.054197891258978,0.03645449798268843,-0.04563923405296875,-0.90609130590515,0.0,-0.029609556309819374
18.18,-4.0722174170037535,0.037277466813184855,-0.04621219392550918,-0.9019154419381618,0.0,-0.02864799362702135
18.2,-4.090318660598507,0.03811456096751362,-0.04675186141278777,-0.9060294508180079,0.0,-0.0269833743639298
18.22,-4.108423915893092,0.038961632602313924,-0.047254991585847055,-0.9062529994937524,0.0,-0.025156508652964222
18.24,-4.1265899788313645,0.039820709298046854,-0.0477610647400435,-0.909318227363801,0.0,-0.02530365770982172
18.26,-4.144709991996017,0.04068679907143231,-0.04825575701875367,-0.9070349891028707,0.0,-0.02473461393550876
18.28,-4.162780737463887,0.04155949407017898,-0.048761850417547464,-0.9045902916864947,0.0,-0.025304669939689425
18.3,-4.180849491471046,0.0424412589238505,-0.049331050454024854,-0.9045128255425843,0.0,-0.028460001823869825
18.32,-4.198946351950492,0.043334720941085376,-0.049957233623120934,-0.9059451329809909,0.0,-0.031309158454804
18.34,-4.217082009871066,0.04424148270900006,-0.05059154286632899,-0.9079156143549987,0.0,-0.03171546216040248
18.36,-4.235215396580417,0.045159662215155334,-0.051205930964699026,-0.9078308861737151,0.0,-0.03071940491850205
18.38,-4.253309116672016,0.04608697862795766,-0.0517821319701949,-0.9058733665399702,0.0,-0.028810050274793286
18.4,-4.271313739583844,0.04702013058464027,-0.05238390643229654,-0.9014394305378834,0.0,-0.030088723105082323
18.42,-4.289410705783589,0.04796898843951862,-0.053022497301331524,-0.9060912162462802,0.0,-0.031929543451748366
18.44,-4.307512091849924,0.04892966958374234,-0.0536708431413439,-0.906343044579949,0.0,-0.03241729200061886
18.46,-4.325657476121038,0.04990448383995106,-0.0543074628302574,-0.9085775051976772,0.0,-0.03183098444567531
18.48,-4.343769165437636,0.05088905185365769,-0.05490157828935403,-0.9069215292330665,0.0,-0.02970577295483186
18.5,-4.361827596827564,0.051881485564525695,-0.05546505436587212,-0.9042840661750001,0.0,-0.028173803825904554
18.52,-4.379928387099656,0.05288647766906617,-0.055993524156243646,-0.9064334195135788,0.0,-0.026423489518576156
18.54,-4.398022017757343,0.053900663953528834,-0.056491273288858425,-0.9061016005343804,0.0,-0.024887456630738776
18.56,-4.4161570436668365,0.05492622583667764,-0.056981961243367255,-0.9082000631938775,0.0,-0.02453439772544191
18.58,-4.4342796851134825,0.05596000860971386,-0.05747143893556138,-0.9076051451836449,0.0,-0.024473884609705444
18.6,-4.452359116654223,0.057000205052352974,-0.057942313258557296,-0.9054665281991267,0.0,-0.023543716149796425
18.62,-4.470333639998524,0.0580428576124219,-0.05849481494133811,-0.9002369324458808,0.0,-0.02762508413904079
18.64,-4.488424506130795,0.059102288085766154,-0.05900284165876975,-0.9060930282586988,0.0,-0.025401335871581446
18.66,-4.50652237745625,0.06017135480320863,-0.05952046734630872,-0.906470973279146,0.0,-0.025881284376948668
18.68,-4.524667886529064,0.06125266119482408,-0.06228732895220278,-0.9088849253675524,0.0,-0.13834308029470266
18.7,-4.542765796714127,0.06238139177383867,-0.06608041248482269,-0.9066537180569626,0.0,-0.18965417663099585
18.72,-4.560806147938097,0.0635752438299441,-0.07078663823771728,-0.903990535094353,0.0,-0.2353112876447282
18.74,-4.5789048487151085,0.06485853414562816,-0.07627374949492229,-0.9072069827913278,0.0,-0.2743555628602505
18.76,-4.5969896178740175,0.06624060849586726,-0.08243042386311175,-0.9068751361689914,0.0,-0.3078337184094733
18.78,-4.615094442467472,0.06773638622095365,-0.08920512840010499,-0.9083254160302203,0.0,-0.33873522684966184
18.8,-4.633170905516316,0.0693531903075354,-0.09653473548727501,-0.9074312257833056,0.0,-0.3664803543585028
18.82,-4.651190686780525,0.07109814889283654,-0.10433307490949835,-0.905203564501319,0.0,-0.38991697111116647
18.84,-4.669122548101284,0.0729758532544421,-0.1125170104899026,-0.9014951803761019,0.0,-0.4091967790202122
18.86,-4.687127338504484,0.07501029108024337,-0.12116810081660635,-0.9059682868762865,0.0,-0.43255451633518655
18.88,-4.705134626962099,0.07720294115767588,-0.13015526417528114,-0.9070145422728985,0.0,-0.44935816793374284
18.9,-4.723147620766791,0.07956075629045187,-0.13948291927836362,-0.9083325905308685,0.0,-0.46638275515412575
18.92,-4.741092377208416,0.08208010290530374,-0.14907028818887097,-0.9060372386317823,0.0,-0.479368445525362
18.94,-4.758966363625173,0.08476449688869402,-0.15885627698214064,-0.9037219725729558,0.0,-0.48929943966348527
18.96,-4.776849440735748,0.08762947613404316,-0.16889621536431854,-0.9055558417611083,0.0,-0.5019969191088949
18.98,-4.794732540373649,0.09067891530573208,-0.17913920467716374,-0.9070616460871385,0.0,-0.5121494656422613
19.0,-4.812620655372955,0.0939181017765454,-0.18957205659691562,-0.908951301254796,0.0,-0.5216425959875951
19.02,-4.830443546784733,0.09733788871301621,-0.2001799887672085,-0.907400684602583,0.0,-0.530396608514642
19.04,-4.848183667697538,0.10093731360263083,-0.2108931715165179,-0.9050797610389459,0.0,-0.5356591374654698
19.06,-4.865854020430374,0.10472011858037256,-0.22170747928704862,-0.9035360800799356,0.0,-0.5407153885265358
19.08,-4.883535452973855,0.10870574282110956,-0.23268545160958562,-0.9062536308589317,0.0,-0.5488986161268491
19.1,-4.901196327162292,0.1128909784242525,-0.24375311603554772,-0.9075002398809702,0.0,-0.553383221298105
19.12,-4.9188211620183635,0.11727424408707032,-0.25493036942785813,-0.908085653414171,0.0,-0.5588626696155242
19.14,-4.93636314948894,0.1218456932304942,-0.2661589285726614,-0.9063932254942981,0.0,-0.5614279572401586
19.16,-4.9537869600958375,0.12659589842381777,-0.2773995284770392,-0.9029861923690832,0.0,-0.5620299952188945
19.18,-4.97120460602216,0.13155541503984555,-0.2887669888603587,-0.9054987502467907,0.0,-0.5683730191659738
19.2,-4.988583316854887,0.13671811681358867,-0.3002028989062871,-0.9064671530344806,0.0,-0.5717955022964183
19.22,-5.005948142188379,0.142093547444955,-0.31171207028678655,-0.9088900006812056,0.0,-0.5754585690249794
19.24,-5.023218575301659,0.14765836229657972,-0.3232414542920776,-0.9072417321931338,0.0,-0.5764692002645502
19.26,-5.040388390783387,0.15341009103827322,-0.3347875658895372,-0.9053796816731364,0.0,-0.5773055798729785
19.28,-5.057471006362344,0.15935284180497086,-0.3463431669147902,-0.9043395956352838,0.0,-0.5777800512626492
19.3,-5.074544677264,0.1655145573604316,-0.35802674610191126,-0.9075750335983924,0.0,-0.5841789593560494
19.32,-5.091514744334158,0.1718639367697484,-0.3696988175877902,-0.9059494953488192,0.0,-0.583603574293944
19.34,-5.1084460860796135,0.1784251146268849,-0.3814545223158684,-0.9079088447834105,0.0,-0.587785236403917
19.36,-5.125270387108099,0.18517334624552514,-0.39329480436766895,-0.9063604899209706,0.0,-0.5920141025900241
19.38,-5.141953519897612,0.1920953726859691,-0.40513666574088697,-0.9031076482274241,0.0,-0.5920930686609043
19.4,-5.158611019744062,0.19923912999664287,-0.4170157104039782,-0.9062361304432408,0.0,-0.5939522331545595
19.42,-5.175173562302082,0.20657630093957327,-0.4288724230016047,-0.9057481623387763,0.0,-0.5928356298813275
19.44,-5.191698747445992,0.21413255726460556,-0.440767590489568,-0.9085410745944504,0.0,-0.5947583743981598
19.46,-5.208106887960722,0.22187258203027127,-0.4526295132521276,-0.9071039886973246,0.0,-0.5930961381279858
19.48,-5.224377486611923,0.22978501137124085,-0.46444691286888556,-0.9046255006137995,0.0,-0.5908699808378928
19.5,-5.24057209034186,0.23789850022057013,-0.47625901855664354,-0.9056681115036914,0.0,-0.5906052843879024
19.52,-5.256659809910591,0.24619759399208302,-0.4880326819270523,-0.9051100462796209,0.0,-0.5886831685204376
19.54,-5.272684973807767,0.25470477285771115,-0.4998370809048691,-0.9071631195423606,0.0,-0.590219948890845
19.56,-5.28861717015617,0.2634052013673096,-0.5116782553098722,-0.9076512776594385,0.0,-0.5920587202501535
19.58,-5.304411476845023,0.272274717612471,-0.5235043630487016,-0.9057157973182316,0.0,-0.5913053869414706
19.6,-5.320044574891859,0.2812985231378128,-0.5352770691877194,-0.9025281445766379,0.0,-0.5886353069508957
19.62,-5.335637428599336,0.29054551800808603,-0.5471472756128277,-0.9064270528752341,0.0,-0.5935103212554182
19.64,-5.351123654634606,0.2999795255554824,-0.5590136533730086,-0.9066748248680763,0.0,-0.5933188880090314
19.66,-5.36657073275229,0.30964285211875614,-0.5709309244440499,-0.9110325222546963,0.0,-0.5958635535520658
19.68,-5.3818336139205405,0.31944593698605694,-0.5828547949422027,-0.9069950585196538,0.0,-0.5961935249076376
19.7,-5.396936246211763,0.32940244260759766,-0.5947282587532943,-0.9044632473401576,0.0,-0.5936731905545867
19.72,-5.411906544611536,0.33952873276634876,-0.6065955788120078,-0.9036752549415445,0.0,-0.5933660029356771
19.74,-5.426804212481286,0.3498656797391065,-0.6184985559059492,-0.9066324788398982,0.0,-0.5951488546970637
19.76,-5.4415853049689895,0.36038456664855084,-0.6303925913413381,-0.9070938167352585,0.0,-0.5947017717694384
19.78,-5.456246171899219,0.3710828387182652,-0.6422984204408553,-0.9074608041446118,0.0,-0.5952914549758732
19.8,-5.470750647190683,0.3819339629197264,-0.6541627172885478,-0.9057133927411072,0.0,-0.5932148423846197
19.82,-5.485052051065826,0.3929001891030366,-0.665956832898287,-0.901094153659126,0.0,-0.589705780486963
19.84,-5.499302943777772,0.40409703318739615,-0.6778231841392172,-0.9061694937163368,0.0,-0.5933175620465005
19.86,-5.513445838088792,0.41548301616801425,-0.6896843075895849,-0.9078299233992249,0.0,-0.5930561725183797
19.88,-5.5274585607953615,0.42704078703611775,-0.7015810809825951,-0.9082104176494377,0.0,-0.5948386696505124
19.9,-5.541310518293325,0.43874561861130645,-0.7134779393619567,-0.9067521832465076,0.0,-0.594842918968082
19.92,-5.554988921599941,0.45058556554164775,-0.7253291215658197,-0.9045483131538051,0.0,-0.5925591101931547
19.94,-5.568498228948394,0.4625621177415712,-0.7371751398727838,-0.9026892981979988,0.0,-0.5923009153482085
19.96,-5.581919088086894,0.47474722186324797,-0.7490803523786074,-0.9063611621086425,0.0,-0.5952606252911682
19.98,-5.595223057227253,0.487118318628361,-0.7610058061062093,-0.90834964366621,0.0,-0.5962726863800931
20.0,-5.608368628230795,0.499637735879135,-0.7729368665586399,-0.9076643725906434,0.0,-0.5965530226215485
20.02,-5.621335260901841,0.5122851675685067,-0.7848446223839771,-0.9056642467868051,0.0,-0.595387791266836
20.04,-5.634085596457911,0.5250213952650832,-0.7966808620493663,-0.901086223304165,0.0,-0.5918119832694748
20.06,-5.646771262301899,0.5379965972337661,-0.8086141939023775,-0.9073064311926577,0.0,-0.5966665926505659
20.08,-5.659294325591815,0.5511150619956056,-0.8205375122629152,-0.9068092851736695,0.0,-0.5961659180268771
20.1,-5.6716783984544215,0.5644015532234692,-0.832475570328893,-0.9081521208124373,0.0,-0.5969029032988845
20.12,-5.683882170809845,0.5778120715950458,-0.8443830635533969,-0.9066063957106667,0.0,-0.5953746612251939
20.14,-5.695890140263445,0.591327271016058,-0.8562440488670977,-0.9039523574120463,0.0,-0.593049265685035
20.16,-5.707733389690658,0.6049798209845048,-0.8681133737452168,-0.9036795306358696,0.0,-0.5934662439059578
20.18,-5.719456574102867,0.6188225296148744,-0.8800512860851657,-0.9069917791633532,0.0,-0.5968956169974519
20.2,-5.731005522718886,0.6327943374893742,-0.8919609862472172,-0.9063520693105165,0.0,-0.5954850081025602
20.22,-5.74240596990516,0.646925892566086,-0.9039521292115198,-0.9078422838428188,0.0,-0.599557148215137
20.24,-5.753611018551832,0.6611612073495565,-0.9159741128378696,-0.9058108275997472,0.0,-0.6010991813174887
20.26,-5.764579866853802,0.6754465105225954,-0.9279454018856181,-0.900535285007298,0.0,-0.5985644523874263
20.28,-5.7754441378262795,0.6899518437744471,-0.9399859464432334,-0.9061416507791246,0.0,-0.6020272278807578
20.3,-5.786142934253773,0.7046005725131248,-0.9520084827093446,-0.9069860785264527,0.0,-0.6011268133055556
20.32,-5.796675673772229,0.7193920707878961,-0.9640289253014374,-0.9079193562428798,0.0,-0.6010221296046433
20.34,-5.807012624247971,0.7342842797983843,-0.9759928101340994,-0.906408343890886,0.0,-0.5981942416331095
20.36,-5.817135076211076,0.7492464775022224,-0.9878922101748143,-0.9032322429393754,0.0,-0.5949700020357311
20.38,-5.827102495617186,0.7643640418675078,-0.9997838840853468,-0.9053869365578532,0.0,-0.5945836955266313
20.4,-5.836909007853692,0.7796295223685817,-1.0116542030981104,-0.907197025421445,0.0,-0.5935159506381711
20.42,-5.846535405325174,0.7950131724341536,-1.023528138903191,-0.907364614720719,0.0,-0.5936967902540446
20.44,-5.8559824409601235,0.8105165650956183,-1.0354671875000707,-0.9077467519958068,0.0,-0.5969524298439844
20.46,-5.865217607429754,0.8260876249487883,-1.0473819892690617,-0.9051881084514751,0.0,-0.5957400884495314
20.48,-5.874256670877357,0.8417504128137112,-1.0592572906521152,-0.9041952108247674,0.0,-0.593765069152674
20.5,-5.883109964960526,0.8575209743206472,-1.0710934637483616,-0.9042834544089678,0.0,-0.5918086548123316
20.52,-5.8918093081665885,0.8734562674372639,-1.0829634788184093,-0.9077611730644853,0.0,-0.5935007535023796
20.54,-5.9003187171548115,0.8894933696090255,-1.094862551272925,-0.9077426499239403,0.0,-0.5949536227257958
20.56,-5.908623620994355,0.9056052112613661,-1.1067467596756106,-0.9063151620906424,0.0,-0.5942104201342738
20.58,-5.9167101712893,0.921762072632646,-1.1185755985348669,-0.9033776411936479,0.0,-0.5914419429628097
20.6,-5.924618924006024,0.9380420288035852,-1.1304410461045282,-0.904965941986203,0.0,-0.5932723784830701
20.62,-5.932349458719734,0.9544475780728205,-1.1423410146137458,-0.9067844476296014,0.0,-0.5949984254608804
20.64,-5.939897223520198,0.970972414890629,-1.1542658074248908,-0.9083487564508629,0.0,-0.5962396405572415
20.66,-5.947235310562364,0.9875587518751556,-1.1661802382255326,-0.9068545859214239,0.0,-0.5957215400320927
20.68,-5.954360538715823,1.0041969519080736,-1.1780687776080463,-0.9049842216500779,0.0,-0.5944269691256976
20.7,-5.961299632414339,1.020948057240593,-1.189958325320573,-0.9065739782526525,0.0,-0.5944773856263315
20.72,-5.96804756373774,1.037801675094414,-1.201900086391083,-0.9077155555403575,0.0,-0.5970880535254965
20.74,-5.974589265954165,1.0547230550099305,-1.2138167774344415,-0.907092837219026,0.0,-0.5958345521679227
20.76,-5.980933203463609,1.0717328287236039,-1.2257438102700224,-0.9077140861996416,0.0,-0.5963516417790556
20.78,-5.987060383989758,1.0887796782663763,-1.2376193670552476,-0.9057281884400238,0.0,-0.5937778392612493
20.8,-5.9929671539284755,1.1058473984655672,-1.2494494958381615,-0.9030462389972177,0.0,-0.5915064391457033
20.82,-5.998685388066235,1.1230252147264714,-1.2613552277476652,-0.9052286633050586,0.0,-0.5952865954751804
20.84,-6.00420559828588,1.140291445495228,-1.2732785953841623,-0.9063600910082907,0.0,-0.5961683818248636
20.86,-6.009535137778433,1.1576731065995804,-1.285221970909201,-0.9090188858726088,0.0,-0.5971687762519291
20.88,-6.014648113340872,1.175087911254709,-1.2972261819862017,-0.9074937193699802,0.0,-0.6002105538500331
20.9,-6.0195359352589755,1.1925067465137402,-1.3092420315127065,-0.9045808765449891,0.0,-0.6007924763252295
20.92,-6.024213318553218,1.2099801078501917,-1.3212662889312998,-0.9044283704023457,0.0,-0.6012128709296831
20.94,-6.028689070044434,1.2275429994399536,-1.333306354016942,-0.9062112231770968,0.0,-0.6020032542821062
20.96,-6.032959829505367,1.245186538148797,-1.3453317724505998,-0.9076533541826317,0.0,-0.6012709216828942
20.98,-6.0370178463147335,1.2628789889849925,-1.3573377771277138,-0.9075934070610853,0.0,-0.6003002338556829
21.0,-6.040855642938623,1.2805842045164522,-1.3692846916018175,-0.9058191595757108,0.0,-0.5973457237051997
21.02,-6.044465316861031,1.2982540619779943,-1.381155037637767,-0.9017394420470622,0.0,-0.5935173017974728
21.04,-6.047877219602474,1.3160292135298484,-1.3930306013717342,-0.9049821724880073,0.0,-0.593778186698349
21.06,-6.051083887734313,1.333877531294002,-1.4048998859137658,-0.9067044274706616,0.0,-0.5934642271015815
21.08,-6.054083677976063,1.3517936474926222,-1.4168020818291909,-0.9082757856743652,0.0,-0.5951097957712678
21.1,-6.056864858044317,1.3697109451262701,-1.4286932322578905,-0.906593234401155,0.0,-0.5945575214349736
21.12,-6.059425289001554,1.3876076222644464,-1.4405422949707254,-0.9039453236713243,0.0,-0.5924531356417433
21.14,-6.0617747669018875,1.4055431567387793,-1.4523870113229125,-0.9044382832511842,0.0,-0.5922358176093492
21.16,-6.063917645306236,1.423555709973941,-1.4642831537687186,-0.9069785029224263,0.0,-0.5948071222903216
21.18,-6.065841481837166,1.4415493123003278,-1.4761376847999859,-0.9048078134027877,0.0,-0.5927265515633475
21.2,-6.067557580842594,1.4596244752376697,-1.4880565604530138,-0.9078222719892499,0.0,-0.5959437826514116
21.22,-6.0690550334885875,1.4776814994470604,-1.4999839013321001,-0.9059504508049965,0.0,-0.5963670439543093
21.24,-6.070331938066408,1.4956835598537828,-1.511872700059819,-0.902364483160962,0.0,-0.594439936385945
21.26,-6.071399018102522,1.5137721406852496,-1.5238152597045598,-0.9060014021788018,0.0,-0.5971279822370313
21.28,-6.072250657405533,1.531886089094825,-1.535761544729911,-0.9066978775854583,0.0,-0.5973142512675614
21.3,-6.072886859625519,1.5500378189484343,-1.5477243504843599,-0.9081437798376568,0.0,-0.5981402877224536
21.32,-6.073305096675757,1.5681620936329708,-1.5596599258223205,-0.9064549838115532,0.0,-0.5967787668980424
21.34,-6.073506550367857,1.5862510044463323,-1.5715520220292436,-0.9045016279750537,0.0,-0.5946048103461455
21.36,-6.073492874533091,1.6043480249658844,-1.58343392374611,-0.9048512843467008,0.0,-0.594095085843332
21.38,-6.073263801521175,1.6224733709216534,-1.5953050736116774,-0.9063396720616124,0.0,-0.5935574932783529
21.4,-6.072818463808466,1.6406402949254488,-1.6071967736242847,-0.9086190805805722,0.0,-0.5945850006303521
21.42,-6.072157807057492,1.658781966094266,-1.6191047219813322,-0.9076848298557394,0.0,-0.5953974178523903
21.44,-6.071283301759185,1.6768704352122537,-1.6309751012104985,-0.9054798100305224,0.0,-0.5935189614582987
21.46,-6.070199402914307,1.694860002103333,-1.642773184951583,-0.9011095294615215,0.0,-0.5899041870542507
21.48,-6.0688943458198565,1.7129603007247596,-1.6546804838787665,-0.9073642931653647,0.0,-0.5953649463591677
21.5,-6.0673742319669,1.7310393609274883,-1.6665808802269135,-0.9071427174648956,0.0,-0.5950198174073498
21.52,-6.065637497587059,1.749115551070136,-1.678505500269561,-0.9079714978721423,0.0,-0.5962310021323833
21.54,-6.063688063359483,1.7671445609764154,-1.6904073623672717,-0.9067048748192109,0.0,-0.595093104885527
21.56,-6.061531047747821,1.7850920614991672,-1.702254103661372,-0.9038327989223615,0.0,-0.5923370647050237
21.58,-6.059163157255129,1.8030007379882418,-1.7141188467479505,-0.9032269910932064,0.0,-0.5932371543289224
21.6,-6.0565736625707896,1.8209444623190552,-1.7260460017140111,-0.9064804542576261,0.0,-0.5963577483030339
21.62,-6.0537715530908915,1.838848272072782,-1.7379532017327797,-0.9060880493017457,0.0,-0.595360000938415
21.64,-6.0507508912771595,1.856750469678121,-1.7499064876917068,-0.9077624646535305,0.0,-0.5976642979463509
21.66,-6.047523985134253,1.8745737200968782,-1.761882073327318,-0.9056505655395658,0.0,-0.5987792817805674
21.68,-6.044102622795857,1.8922601169503623,-1.7738162881558426,-0.9007140971328335,0.0,-0.5967107414262248
21.7,-6.040450243393832,1.9100025142046797,-1.7857859494853947,-0.9057214467295479,0.0,-0.5984830664776123
21.72,-6.036580912724774,1.9277221228729935,-1.7977508513751947,-0.9068575565995639,0.0,-0.5982450944899836
21.74,-6.032495521375205,1.9454129152100517,-1.809731469794719,-0.9078195800819143,0.0,-0.599030920976242
21.76,-6.028205415977178,1.9630250262293827,-1.8216641649015226,-0.9063545924242624,0.0,-0.5966347553401806
21.78,-6.0237179156364595,1.9805360919232566,-1.833548363855376,-0.9038460613443978,0.0,-0.5942099476926683
21.8,-6.019008881807905,1.998043713879297,-1.8454314245486583,-0.906493003494914,0.0,-0.5941530346641262
21.82,-6.014091828904298,2.015495251769431,-1.8572715407054265,-0.9065505832380052,0.0,-0.5920058078384043
21.84,-6.0089588207462645,2.0329201979729112,-1.8691530980732665,-0.9082627964204617,0.0,-0.5940778683919998
21.86,-6.003627363518138,2.050256201483666,-1.8810342768959194,-0.906864727922841,0.0,-0.5940589411326501
21.88,-5.998102856532238,2.0674885195884616,-1.8928915189056768,-0.9048107049296613,0.0,-0.592862100487867
21.9,-5.992366827212034,2.084676859445786,-1.9047452331507722,-0.9060091878854488,0.0,-0.5926857122547705
21.92,-5.98641666555567,2.101827113028816,-1.9166795894136082,-0.9076558016383234,0.0,-0.5967178131417848
21.94,-5.980266657853854,2.1188929187362433,-1.9285913535098633,-0.9070065038025371,0.0,-0.5955882048127524
21.96,-5.973909503156658,2.1358957701883083,-1.9405228842506692,-0.9076210295947897,0.0,-0.5965765370403207
21.98,-5.967360177553948,2.1527951353936796,-1.952430752185086,-0.9062039094415016,0.0,-0.5953933967208428
22.0,-5.960631779360362,2.1695612584058996,-1.9642789515141883,-0.9032915131788068,0.0,-0.5924099664551108
22.02,-5.953668058849788,2.1863359787896877,-1.9762192669220893,-0.9081363434304246,0.0,-0.5970157703950354
22.04,-5.946534216993548,2.2029572209323174,-1.9881021911668475,-0.9043746319885303,0.0,-0.5941462122379265
22.06,-5.939173828887655,2.219559163131651,-2.0000383773061343,-0.9080195453009321,0.0,-0.5968093069643227
22.08,-5.931625454708757,2.2360509889914666,-2.01196493881128,-0.9068603433483097,0.0,-0.5963280752572984
22.1,-5.923900438584894,2.252410307140864,-2.023850930864314,-0.9045760946807645,0.0,-0.5942996026517078
22.12,-5.915988704875776,2.2686619061439823,-2.035722211435617,-0.9037560517669518,0.0,-0.5935640285651418
22.14,-5.907861598043292,2.284864308824735,-2.0476650677567694,-0.906321849697818,0.0,-0.5971428160576256
22.16,-5.899532096731565,2.300986838567084,-2.059602355892142,-0.9073540618124083,0.0,-0.5968644067686244
22.18,-5.89100795273324,2.317014019997075,-2.0715531689870366,-0.9076502292926666,0.0,-0.5975406547447301
22.2,-5.882307829087424,2.3329108815236124,-2.0834727773822483,-0.9060937559745071,0.0,-0.5959804197605714
22.22,-5.873442379538734,2.348661100583663,-2.095330392493534,-0.9036946333523701,0.0,-0.5928807555642907
22.24,-5.864341993846256,2.364389440023321,-2.1072731533196314,-0.908567115408857,0.0,-0.597138041304868
22.26,-5.8550878562543565,2.3799517513009114,-2.1191634552337533,-0.9052963532325257,0.0,-0.5945150957060987
22.28,-5.845616977362486,2.395455903789432,-2.1310995462075235,-0.908400092706651,0.0,-0.596804548688488
22.3,-5.835978688426462,2.4108188601048597,-2.143020660512167,-0.9068035073322162,0.0,-0.5960557152321956
22.32,-5.826181437354171,2.42602935605452,-2.1548971052798724,-0.9046343399519887,0.0,-0.593822238385261
22.34,-5.816210716166951,2.4411126208816842,-2.1667667500570054,-0.9040466786062996,0.0,-0.5934822388566569
22.36,-5.806033902985852,2.4561174148892126,-2.17869206124121,-0.9065199525263552,0.0,-0.596265559210245
22.38,-5.795666360093308,2.471017778154199,-2.1906143133504052,-0.9076160684139678,0.0,-0.5961126054597542
22.4,-5.785123274883338,2.4857915716210117,-2.20253630121437,-0.9074987866999032,0.0,-0.5960993931982373
22.42,-5.7744289925748875,2.500405577675621,-2.2144103803466804,-0.9054513336687147,0.0,-0.5937039566155017
22.44,-5.7635991025923135,2.5148420337769988,-2.2262241997721812,-0.9023549492877923,0.0,-0.5906909712750371
22.46,-5.752554078274155,2.5292085234089527,-2.2381345982661465,-0.9060747575859107,0.0,-0.5955199246982521
22.48,-5.7413306173146985,2.543452743711112,-2.250054334161705,-0.9067302354130589,0.0,-0.5959867947779295
22.5,-5.729920722725858,2.5575837832839556,-2.261990590098801,-0.9081188990679048,0.0,-0.5968127968547859
22.52,-5.718362318560835,2.5715542456340352,-2.2739113263968673,-0.9066015181944574,0.0,-0.5960368149033319
22.54,-5.706666965111341,2.5853519995351006,-2.285788393304975,-0.9043772788816681,0.0,-0.5938533454053753
22.56,-5.694815121774619,2.5990023236258524,-2.297668333873398,-0.9038771186682046,0.0,-0.5939970284211464
22.58,-5.682765972416164,2.612551348644061,-2.309603890215395,-0.9065843579148894,0.0,-0.596777817099832
22.6,-5.670539530293933,2.6259736463433287,-2.3215378608685677,-0.9078049935091106,0.0,-0.5966985326586329
22.62,-5.658159449639589,2.6392430062111285,-2.333480164440683,-0.9073895364026932,0.0,-0.5971151786057817
22.64,-5.645640971410011,2.6523435022670343,-2.3453899624760974,-0.9060012335742514,0.0,-0.5954899017707096
22.66,-5.633019828350179,2.665240366068358,-2.357235460439815,-0.9022504475569266,0.0,-0.5922748981858615
22.68,-5.620176109308497,2.6780573730480746,-2.369158185572966,-0.9072441605485336,0.0,-0.5961362566575653
22.7,-5.607184935692675,2.6907160116827815,-2.3810743033364483,-0.9069340163437344,0.0,-0.5958058881741107
22.72,-5.594027904183262,2.703234118705129,-2.393006991787507,-0.9080342526064509,0.0,-0.5966344225529187
22.74,-5.58074458526898,2.7155737658272967,-2.4049242685387644,-0.9065228244205119,0.0,-0.5958638375629036
22.76,-5.567355468343122,2.727717678125149,-2.4167820024732234,-0.9038017730014781,0.0,-0.5928866967229585
22.78,-5.553819582696084,2.7397052650765272,-2.428657088693353,-0.9040498343102247,0.0,-0.5937543110064871
22.8,-5.540108217032402,2.751560741472861,-2.4405575439869214,-0.9063027487369223,0.0,-0.5950227646784316
22.82,-5.526226904488092,2.763277393712895,-2.4524738526087537,-0.908254889426325,0.0,-0.5958154310916075
22.84,-5.512223339952677,2.7748143105629444,-2.464392313112235,-0.9071938465709554,0.0,-0.5959230251740485
22.86,-5.498113476901103,2.786159224220401,-2.476280854800863,-0.905255904743692,0.0,-0.5944270844314355
22.88,-5.483878638635862,2.797328611819567,-2.488138808170535,-0.9046903334538792,0.0,-0.5928976684836093
22.9,-5.469471526133272,2.8083596858776354,-2.500053110039578,-0.9072616567684767,0.0,-0.5957150934521461
22.92,-5.454948434320842,2.8192075575817572,-2.5119503214141576,-0.9063615673412985,0.0,-0.5948605687289726
22.94,-5.440270104219084,2.829901705463591,-2.523876047863791,-0.9080448412588571,0.0,-0.5962863224816547
22.96,-5.425493902017463,2.840399716133297,-2.5357801461606626,-0.9062896605451812,0.0,-0.5952049148435934
22.98,-5.410640556760813,2.8506886875753836,-2.5476258825825706,-0.9034445177338066,0.0,-0.5922868210954036
23.0,-5.395670230869554,2.860798389204399,-2.559481463156886,-0.9032119412383645,0.0,-0.5927790287157816
23.02,-5.380531199424945,2.870762748954564,-2.5713737573109587,-0.906199120380777,0.0,-0.5946147077036427
23.04,-5.36523990869622,2.880568708464799,-2.583289263906732,-0.9082681515757907,0.0,-0.5957753297886655
23.06,-5.349850930250762,2.890180488266736,-2.5951971401719303,-0.9072030761573101,0.0,-0.595393813259913
23.08,-5.334386518886977,2.8995852739860872,-2.6070697234372235,-0.9049834435713014,0.0,-0.5936291632646695
23.1,-5.318816523642333,2.9088028488761437,-2.6189204191163262,-0.9046939244463191,0.0,-0.5925347839551429
23.12,-5.303112781849994,2.91785001857729,-2.630815039193851,-0.9061715978248847,0.0,-0.5947310038762069
23.14,-5.287282037017256,2.926721252572725,-2.6427003870468813,-0.9073467839820397,0.0,-0.5942673926515277
23.16,-5.271338241430722,2.9354084691793503,-2.6546042936713747,-0.9078440808800963,0.0,-0.5951953312246754
23.18,-5.255316740570079,2.9438922685013162,-2.6664858187121214,-0.9064537229817373,0.0,-0.5940762520373277
23.2,-5.239252268043012,2.952155949005567,-2.6783096952221777,-0.9032658703964359,0.0,-0.5911938255028212
23.22,-5.2230734230129885,2.9602379983319653,-2.6901247476678978,-0.9042601227244611,0.0,-0.5907526222860048
23.24,-5.206764993296845,2.9681454141659858,-2.701938202027358,-0.9062175580103344,0.0,-0.5906727179730112
23.26,-5.190325226669522,2.975877997514031,-2.7137946113236784,-0.9083759849249303,0.0,-0.59282046481602
23.28,-5.1738155620227575,2.983405721178983,-2.7256507613395438,-0.9072425947954676,0.0,-0.592807500793275
23.3,-5.15726093159405,2.99071813188716,-2.737472443260981,-0.9048855438619934,0.0,-0.5910840960718678
23.32,-5.140615319042929,2.9978367685221157,-2.749288685828615,-0.9051952893472001,0.0,-0.5908121283817043
23.34,-5.123841881473958,3.0047767906166496,-2.7611936908714676,-0.9076234276295274,0.0,-0.5952502521426111
23.36,-5.107001118764094,3.0115109974199683,-2.773082348609084,-0.9068638678432211,0.0,-0.5944328868808032
23.38,-5.090066207278869,3.018050419392481,-2.7849902516098064,-0.9076828558849582,0.0,-0.5953951500361239
23.4,-5.0730855765657115,3.0243761937900104,-2.796878117821366,-0.9060315131730804,0.0,-0.5943933105779726
23.42,-5.0560752947164875,3.0304837396234916,-2.808708883506234,-0.9036755566824275,0.0,-0.5915382842434135
23.44,-5.038958241822211,3.0364019634990695,-2.820602243024405,-0.9055645664817465,0.0,-0.5946679759085381
23.46,-5.02176254635815,3.0421193421057695,-2.832505756263516,-0.9060634092395055,0.0,-0.5951756619555468
23.48,-5.004462068181056,3.0476437481551444,-2.8444295838626066,-0.9080550745335921,0.0,-0.5961913799545153
23.5,-4.987118606591409,3.0529548463469602,-2.8563482386104306,-0.9069225765117415,0.0,-0.5959327373912066
23.52,-4.969740317770391,3.058050873420771,-2.868226390633571,-0.9055031947537853,0.0,-0.5939076011570201
23.54,-4.952342440716992,3.0629289881597175,-2.8800754636226604,-0.903440824530783,0.0,-0.5924536494544524
23.56,-4.9348429645459175,3.0676126661985252,-2.891976764468237,-0.9057710889529653,0.0,-0.5950650422788185
23.58,-4.9172612423017785,3.0720948239953016,-2.903887042672551,-0.9072027000418073,0.0,-0.595513910215716
23.6,-4.899618466115447,3.076369426458203,-2.9158129681828835,-0.9076615252626437,0.0,-0.5962962755166233
23.62,-4.881956825856688,3.080426235377753,-2.927711377551593,-0.9060784116724783,0.0,-0.5949204684354681
23.64,-4.8642922661079675,3.0842630382656764,-2.9395522408907753,-0.9038220614657567,0.0,-0.5920431669591094
23.66,-4.846526831861558,3.087902024071299,-2.9514593530016695,-0.906715048481343,0.0,-0.595355605544717
23.68,-4.828720094843274,3.0913290743476307,-2.9600418073942936,-0.9066760127449438,0.0,-0.4291227196311978
23.7,-4.810869056981388,3.094606028315862,-2.9665840021768495,-0.9074662253444944,0.0,-0.3271097391278021
23.72,-4.793004052228498,3.0977648744906605,-2.9713208097664126,-0.9071062561475681,0.0,-0.23684037947816478
23.74,-4.775150587024673,3.100834540189049,-2.9744255254619927,-0.9057718632250163,0.0,-0.15523578477901126
23.76,-4.757416127345673,3.103827086369478,-2.976123033631788,-0.8992585734205035,0.0,-0.08487540848975475
23.78,-4.73954140491488,3.1068121032035076,-2.9765582670231976,-0.9061126136928341,0.0,-0.021761669570494458
23.8,-4.721659988693721,3.1097902388291936,-2.9758303972631057,-0.9063861454690587,0.0,0.036393488004603666
23.82,-4.703749673921369,3.1127865871001412,-2.9740654717508295,-0.9079612852506052,0.0,0.08824627561381206
23.84,-4.685870459163611,3.115810180705421,-2.97141660602733,-0.9066537909311302,0.0,0.13244328617495849
23.86,-4.668068924486827,3.118869161936305,-2.967975538266952,-0.903122365767258,0.0,0.17205338801890568
23.88,-4.650211534204081,3.122001041926875,-2.963818051008005,-0.9064974627455757,0.0,0.2078743629473418
23.9,-4.63235474139687,3.1252093963381946,-2.959023019477032,-0.9071364111701388,0.0,0.23975157654864385
23.92,-4.614506010289482,3.128504727225041,-2.953660215368624,-0.9075191565439052,0.0,0.26814020542041056
23.94,-4.596677965215254,3.1318952051522126,-2.9477719262291724,-0.9073788235121508,0.0,0.2944144569725698
23.96,-4.578913082763999,3.1353821818108725,-2.94140654106524,-0.9051934250823883,0.0,0.3182692581966226
23.98,-4.561176005275832,3.1389811022866563,-2.9345957119520056,-0.9049256135344179,0.0,0.3405414556617107
24.0,-4.543441412048229,3.1427054547710016,-2.9273977211238,-0.906072014765109,0.0,0.3598995414102888
24.02,-4.5257159838903505,3.146561300868762,-2.919897483106781,-0.906998280744973,0.0,0.3750119008509386
24.04,-4.508009435434259,3.150552357542102,-2.912105235508063,-0.9075384173655255,0.0,0.3896123799358896
24.06,-4.490372186096081,3.1546724673829236,-2.9040440522169595,-0.9056045899252877,0.0,0.40305916455519697
24.08,-4.472843770139275,3.1589164483571945,-2.895746445078901,-0.9017437835449037,0.0,0.4148803569029161
24.1,-4.455273238101856,3.1633252808201404,-2.8871816012383777,-0.9057612816911528,0.0,0.4282421920261762
24.12,-4.437770637284275,3.167876760414201,-2.878504257930968,-0.9042358678391402,0.0,0.43386716537049247
24.14,-4.420234465441847,3.1725997990582453,-2.8696599553846918,-0.9080534358179276,0.0,0.44221512731380846
24.16,-4.402767996596965,3.177470148975571,-2.860651853212362,-0.9066391815745009,0.0,0.45040510861648236
24.18,-4.38538913824738,3.182485221645889,-2.8515732211225213,-0.9043998996897119,0.0,0.45393160449202563
24.2,-4.36805480272774,3.1876583758591286,-2.842415736762806,-0.9044897904639246,0.0,0.4578742179857757
24.22,-4.350735607520682,3.1930002155261428,-2.8331561909113083,-0.9062143422616219,0.0,0.46297729257487835
24.24,-4.333451716142995,3.1985069392860903,-2.823797167921869,-0.9069962895790413,0.0,0.4679511494719587
24.26,-4.316216627250685,3.204176328286958,-2.814321461654642,-0.9071800548526346,0.0,0.4737853133613447
24.28,-4.299067463501962,3.2099981048971706,-2.804737871769956,-0.9055204307188807,0.0,0.47917949423430933
24.3,-4.282042351065554,3.2159603336726277,-2.7951175274958637,-0.9019459870790961,0.0,0.4810172137046101
24.32,-4.2649903265927565,3.2221167806083413,-2.7853996090583055,-0.906467563530466,0.0,0.48589592187790054
24.34,-4.248012356689104,3.2284336504122204,-2.775651285035503,-0.9057514920888726,0.0,0.48741620114012885
24.36,-4.231057954012852,3.2349305990772126,-2.7658222957382725,-0.907829984171121,0.0,0.4914494648615158
24.38,-4.2141908301675475,3.2415849588300323,-2.755916671425398,-0.9066150927113277,0.0,0.49528121564373806
24.4,-4.197444655404269,3.2483840602089913,-2.7459525708393073,-0.903689864892316,0.0,0.4982050293045305
24.42,-4.180682611665035,3.255384951917801,-2.735891331705432,-0.9082656481372187,0.0,0.5030619566937541
24.44,-4.164034875393044,3.262535653864922,-2.7258695478351327,-0.9059244743883252,0.0,0.5010891935149643
24.46,-4.147423840262859,3.269868636377625,-2.7158183561494385,-0.9078809401951773,0.0,0.5025595842847117
24.48,-4.130899511523537,3.277362690089778,-2.705730203826052,-0.9072131520842164,0.0,0.504407616169321
24.5,-4.114483853334007,3.2850080489978186,-2.6955830500127784,-0.9054354568772732,0.0,0.5073576906636772
24.52,-4.098196005174273,3.292795969314841,-2.68540901106627,-0.9026983169072175,0.0,0.5087019473254224
24.54,-4.081909961947323,3.3007876049859615,-2.675214886373322,-0.907057667254427,0.0,0.5097062346474027
24.56,-4.065703855349041,3.308946040567743,-2.6650402685689607,-0.9071906665869169,0.0,0.5087308902180514
24.58,-4.0495723688870875,3.3172737048794216,-2.654861028215207,-0.9077098219698603,0.0,0.5089620176876772
24.6,-4.0335472716722425,3.325754141472993,-2.6446334551389064,-0.9065339838677025,0.0,0.5113786538150299
24.62,-4.0176681098369,3.33436637492713,-2.634376977900122,-0.903214185093349,0.0,0.5128238619392569
24.64,-4.001776517819689,3.3431974740592354,-2.6240508098846447,-0.9090255891923041,0.0,0.5163084007738403
24.66,-3.9860356464006497,3.3521587900106944,-2.6138074070415835,-0.9056492375812535,0.0,0.5121701421530521
24.68,-3.9703621163709326,3.361295608322279,-2.6035689680233784,-0.9071121656820471,0.0,0.5119219509102636
24.7,-3.954778262831329,3.3705952162411337,-2.5932954862171926,-0.9073852525088926,0.0,0.5136740903092902
24.72,-3.939331006001824,3.380029855895812,-2.5829777570012973,-0.9050278572650508,0.0,0.515886460794764
24.74,-3.9240002811647794,3.389611891103267,-2.5726263524479362,-0.9039448583100617,0.0,0.5175702276680512
24.76,-3.908720457907622,3.3993835081777477,-2.562300922645597,-0.9068592765973347,0.0,0.5162714901169665
24.78,-3.8935425064412237,3.409312265723088,-2.5520096435773896,-0.9068495425241371,0.0,0.5145639534103696
24.8,-3.8784440054134266,3.419412436455727,-2.541720547521446,-0.9082650798567257,0.0,0.5144548027971669
24.82,-3.863482529810696,3.4296453237943147,-2.5314117928772792,-0.9063080815805981,0.0,0.515437732208343
24.84,-3.8486812933819428,3.4399941722481158,-2.521083173271557,-0.9030161462282931,0.0,0.5164309802861058
24.86,-3.8339056102681717,3.450554034283646,-2.510700745709022,-0.9080631829449134,0.0,0.5191213781267595
24.88,-3.8192474179585485,3.461261575110966,-2.500373156144149,-0.9076260688667566,0.0,0.5163794782436496
24.9,-3.8047130170071526,3.4721106488532905,-2.4900824157238692,-0.9068506107434967,0.0,0.5145370210139799
24.92,-3.790286308823906,3.483112314562906,-2.479772927443337,-0.9071473934685123,0.0,0.5154744140266146
24.94,-3.776010317553266,3.4942336666321157,-2.469426678020359,-0.904832026686023,0.0,0.5173124711489115
24.96,-3.761839355707432,3.5055107158021266,-2.4590364260505626,-0.905521945646437,0.0,0.5195125984898169
24.98,-3.747762811654543,3.51695350990955,-2.448684658499141,-0.9070372504172873,0.0,0.5175883775710673
25.0,-3.7338133220762706,3.528534888706999,-2.4383719883639303,-0.9065271567144769,0.0,0.5156335067605479
25.02,-3.7199669224717624,3.540273990086669,-2.4280577286260376,-0.9076470723936251,0.0,0.5157129868946381
25.04,-3.7062650974481812,3.5521355766161924,-2.4177128906465173,-0.9061418817908753,0.0,0.5172418989760085
25.06,-3.692740629678595,3.5640906061161894,-2.407356222191278,-0.9025435706883718,0.0,0.5178334227619609
25.08,-3.679273464063366,3.576245745287853,-2.396962995230551,-0.9070721553306867,0.0,0.5196613480363378
25.1,-3.6659614998673877,3.5885142536943864,-2.3866414188915597,-0.9051583967408501,0.0,0.5160788169495716
25.12,-3.6527374979615845,3.600956553963143,-2.376327098943822,-0.9078615841396034,0.0,0.5157159973868987
25.14,-3.6396556282403605,3.6135220064080382,-2.3659948616732516,-0.9069535690265625,0.0,0.5166118635285135
25.16,-3.626739037839126,3.6261878712175912,-2.3556237334267736,-0.9045198159343141,0.0,0.518556412323906
25.18,-3.6139479897580635,3.6389935287931703,-2.3452172096743653,-0.9049803546970517,0.0,0.5203261876204193
25.2,-3.6012702533780345,3.651952700003891,-2.3348566366404606,-0.9064561740513009,0.0,0.5180286516952257
25.22,-3.5887209051786173,3.6650493620820543,-2.3245318128038845,-0.9069298454398471,0.0,0.5162411918287929
25.24,-3.576295477244177,3.678287643417167,-2.314210227866095,-0.907804152972394,0.0,0.5160792468894803
25.26,-3.5640328686045533,3.6916257094681386,-2.3038605028880506,-0.9059188382916268,0.0,0.517486248902213
25.28,-3.5519584291612674,3.705035034840774,-2.293500453201738,-0.9022223877996774,0.0,0.5180024843156467
25.3,-3.5399666372564527,3.7186332744142256,-2.283107948410345,-0.9065252238429066,0.0,0.5196252395696456
25.32,-3.5281091262029434,3.7323643002055693,-2.272759587691259,-0.9071130547878805,0.0,0.517418035954281
25.34,-3.5163817797689543,3.7462321484714836,-2.2624325328318315,-0.9080857199477651,0.0,0.5163527429713672
25.36,-3.5048169972854772,3.7601977492281735,-2.2520801092151044,-0.9066176128685717,0.0,0.5176211808363591
25.38,-3.4934307181450532,3.774241241440121,-2.2417081601778905,-0.9039732105691598,0.0,0.518597451860689
25.4,-3.482162976345203,3.7884370110763874,-2.231293263363792,-0.9062034551275363,0.0,0.5207448407049231
25.42,-3.4710420796458763,3.802751434427215,-2.2209383736707315,-0.906334732954405,0.0,0.5177444846530321
25.44,-3.4600504265920886,3.8172059849568187,-2.210603987296969,-0.9079516339923042,0.0,0.5167193186881269
25.46,-3.4492184057720734,3.8317603618514298,-2.200289186001713,-0.9071418877932318,0.0,0.5157400647628024
25.48,-3.43855391467686,3.8464025843705563,-2.1899378257379567,-0.9057124966283528,0.0,0.5175680131878121
25.5,-3.4280892269129284,3.861087520999795,-2.1795831941139934,-0.9016055869965086,0.0,0.5177315811981894
25.52,-3.4177225637467408,3.8759583360715415,-2.1692008731315013,-0.9063785717062106,0.0,0.5191160491246121
25.54,-3.4075069039790042,3.8909417655848473,-2.1588631139123686,-0.9067288244981953,0.0,0.5168879609566202
25.56,-3.3974296911951316,3.906055482890665,-2.1485433276406387,-0.9082602439439105,0.0,0.5159893135865123
25.58,-3.387528060434657,3.9212431256190388,-2.1382122042593457,-0.9065136283607399,0.0,0.5165561690646211
25.6,-3.3778105244270087,3.936490414309598,-2.127842037975839,-0.904033072505075,0.0,0.5185083141753307
25.62,-3.368223708207421,3.951882475493813,-2.117433906453087,-0.9066733048992701,0.0,0.5204065761376273
25.64,-3.3588003041087777,3.967369056047508,-2.107091005258718,-0.906414256910732,0.0,0.5171450597184173
25.66,-3.3494987632934787,3.98301757099193,-2.096743000767001,-0.9102124497946484,0.0,0.5174002245858706
25.68,-3.3403894268019134,3.9987101997774164,-2.0864259900690283,-0.9072466719636498,0.0,0.5158505348986161
25.7,-3.3314589777201555,4.0144668528072245,-2.0760720182303305,-0.9055730720152348,0.0,0.5176985919348912
25.72,-3.322736661143848,4.030234657035284,-2.0657271852548544,-0.900975105970954,0.0,0.5172416487738045
25.74,-3.314131619804997,4.046177636290154,-2.0553671975053502,-0.9058494962803605,0.0,0.5179993874752081
25.76,-3.305708060806153,4.062178789857697,-2.045075839739138,-0.9041477502309656,0.0,0.5145678883106201
25.78,-3.29741502881278,4.078333163364269,-2.0347755955899505,-0.9079346934567628,0.0,0.5150122074593999
25.8,-3.289300371567714,4.094549030246209,-2.0244574583707133,-0.9066449152475464,0.0,0.515906860961843
25.82,-3.2813789053088076,4.110795575234995,-2.0141159446489367,-0.9037420148522023,0.0,0.5170756860888202
25.84,-3.2735894202409623,4.127199939179093,-2.003715551171331,-0.9079912362360731,0.0,0.5200196738802992
25.86,-3.2659934649448115,4.1436357442186935,-1.9934014062159586,-0.9053096489059607,0.0,0.5157072477686209
25.88,-3.2585217427058906,4.1602506186341826,-1.9830666066478102,-0.9108796367496317,0.0,0.5167399784074136
25.9,-3.25124696414372,4.176885032727119,-1.9727566768495575,-0.9077804461210589,0.0,0.5154964899126315
25.92,-3.2441627922746634,4.193549519660759,-1.9624120757887293,-0.9053875079652196,0.0,0.5172300530414318
25.94,-3.237288547811042,4.2101963991802736,-1.9520773878284594,-0.9005190651547502,0.0,0.5167343980134942
25.96,-3.230543629860537,4.227020884723404,-1.9417201544751874,-0.9063073870796526,0.0,0.5178616676635962
25.98,-3.2239786033699307,4.243900755433033,-1.931415513672979,-0.9055793835939264,0.0,0.5152320401104115
26.0,-3.2175718095365884,4.260889949661123,-1.9211180968487398,-0.9078542390476747,0.0,0.5148708412119612
26.02,-3.211350325393259,4.277916770208748,-1.9107895427597097,-0.9063932409648636,0.0,0.5164277044515178
26.04,-3.205325007369824,4.29495047071913,-1.9004326919321872,-0.9033983207325147,0.0,0.5178425413761233
26.06,-3.199444154736541,4.3121399841872705,-1.8900194873665883,-0.908382905175129,0.0,0.5206602282799305
26.08,-3.193756956899606,4.32934641406906,-1.87968863081616,-0.9060980196885295,0.0,0.5165428275214169
26.1,-3.188230144775139,4.346666057240746,-1.869363957427609,-0.9090045267402277,0.0,0.51623366942755
26.12,-3.182893163720506,4.364007007275903,-1.8590381684909896,-0.9071823340697719,0.0,0.5162894468309689
26.14,-3.1777477814371844,4.381360796455107,-1.8486731761444375,-0.9050261843142422,0.0,0.5182496173276123
26.16,-3.1727918470953593,4.398734372074377,-1.8382858188111717,-0.9033305250556806,0.0,0.5193678666632847
26.18,-3.167998066096847,4.416226271167597,-1.8279079960765543,-0.9068446258167285,0.0,0.5188911367308908
26.2,-3.163386856199886,4.433763977984963,-1.8175762400240427,-0.9066896066539457,0.0,0.5165878026255749
26.22,-3.1589488644532286,4.451381020096959,-1.807252461541088,-0.9083720927010654,0.0,0.5161889241477252
26.24,-3.15470302537745,4.469001252838134,-1.796903871095233,-0.9062281049914579,0.0,0.5174295222927512
26.26,-3.150654713251126,4.486599455389495,-1.7865321103411145,-0.9028919704356362,0.0,0.5185880377059103
26.28,-3.1467627325757492,4.504359199905831,-1.7760993901804203,-0.9090600074569137,0.0,0.5216360080347051
26.3,-3.1430654538169494,4.522114347742185,-1.765744264311463,-0.9068008945064229,0.0,0.5177562934478848
26.32,-3.1395464930530323,4.5399358668422805,-1.7554122359919215,-0.9082808319747158,0.0,0.5166014159770542
26.34,-3.1362162095981816,4.55776944267824,-1.745064649802993,-0.9070931801454687,0.0,0.5173793094464413
26.36,-3.1330789211931735,4.575589460824422,-1.7346884741758224,-0.9047038538472886,0.0,0.5188087813585261
26.38,-3.130125093420962,4.59345079895061,-1.7242765461525464,-0.9051967992733805,0.0,0.5205964011637867
26.4,-3.127351784564384,4.611378180134759,-1.7138914862063717,-0.9070311986581925,0.0,0.5192529973087379
26.42,-3.124766477305388,4.629321745501703,-1.7035574734394952,-0.906442705995837,0.0,0.5167006383438346
26.44,-3.1223636991674883,4.647313792444844,-1.6932344740370109,-0.9075889708234944,0.0,0.5161499701242129
26.46,-3.120150188152336,4.665301968567051,-1.682861350547625,-0.9061927378015577,0.0,0.518656174469306
26.48,-3.1181320596684587,4.6832350672799485,-1.6724919547773394,-0.9023149007192045,0.0,0.5184697885142615
26.5,-3.116286637122394,4.701318994827925,-1.6620601341706889,-0.9088922102399807,0.0,0.5215910303325245
26.52,-3.114637328722216,4.719340670972657,-1.6517270757603304,-0.9048494754163652,0.0,0.5166529205179368
26.54,-3.1131692211231985,4.737441342888943,-1.6414054681044505,-0.9080055943430628,0.0,0.5160803827939897
26.56,-3.111889117285211,4.75554063886205,-1.631065871450664,-0.9072254137729128,0.0,0.5169798326893105
26.58,-3.110799304235452,4.773601057007512,-1.6206890834957175,-0.9046634679154758,0.0,0.5188393977473341
26.6,-3.1098958547227555,4.791693858438528,-1.6102643508535743,-0.9057671950398706,0.0,0.5212366321071392
26.62,-3.1091800867668087,4.80981982947152,-1.599877942872085,-0.9070048920149563,0.0,0.519320399074478
26.64,-3.1086524357717065,4.827958513146949,-1.5895292801710101,-0.9073178344024413,0.0,0.5174331350537398
26.66,-3.1083123575361977,4.846110400212732,-1.5791876404834408,-0.9077536246901214,0.0,0.5170819843784862
26.68,-3.1081603069965262,4.864229967239048,-1.5688144756465945,-0.9060102490973536,0.0,0.5186582418423186
26.7,-3.108196052842435,4.882266538320075,-1.5584553497137899,-0.9018303251256066,0.0,0.5179562966402281
26.72,-3.10842024308873,4.900431944781512,-1.5480429998573444,-0.9083394921170108,0.0,0.5206174928222645
26.74,-3.1088323000195865,4.918538563665618,-1.537715925603759,-0.9055653459697603,0.0,0.5163537126792863
26.76,-3.1094330067186813,4.936690930055191,-1.5274018575029364,-0.9081151552523711,0.0,0.5157034050411216
26.78,-3.110220151394017,4.954818828395165,-1.5170585427423435,-0.9072489941636304,0.0,0.5171657380296355
26.8,-3.1111915218129504,4.9728775412950945,-1.5067004945059606,-0.9042409414708688,0.0,0.5179024118191528
26.82,-3.1123512131381497,4.990945842121245,-1.496303813473148,-0.9052739622816033,0.0,0.5198340516406393
26.84,-3.1137014886494705,5.009038626303136,-1.485945013140211,-0.9071550079906073,0.0,0.5179400166468437
26.86,-3.115241599393779,5.027145745306204,-1.4756108628762779,-0.9086249221983903,0.0,0.5167075131966608
26.88,-3.116966770290218,5.045215285580949,-1.4652955032390365,-0.9075853959305046,0.0,0.515767981862056
26.9,-3.1188744919094953,5.063230675233305,-1.4549434872845102,-0.9058058099047388,0.0,0.5176007977263168
26.92,-3.12095805857314,5.081134738063901,-1.444609327027258,-0.9012445781858918,0.0,0.5167080128626145
26.94,-3.123241334721,5.099132980973356,-1.4342303260701215,-0.9071247127533307,0.0,0.5189500478568316
26.96,-3.1257088310072643,5.11708867521955,-1.42390938353564,-0.9062222323822366,0.0,0.5160471267240658
26.98,-3.1283672581449764,5.1350567826220335,-1.413606726377652,-0.908185166243229,0.0,0.5151328578994212
27.0,-3.1312067887441923,5.152972122206004,-1.403265208401546,-0.9069486292409992,0.0,0.5170758988052885
27.02,-3.1342215685019497,5.170798791793155,-1.3929080043686064,-0.9039898306358988,0.0,0.5178602016469674
27.04,-3.137426660687649,5.188625780213097,-1.3825070101852506,-0.9056408394661467,0.0,0.520049709167795
27.06,-3.1408229588906136,5.206449769964221,-1.3721472827072296,-0.9072340548773016,0.0,0.5179863739010446
27.08,-3.144415990224844,5.224298556900839,-1.361794294518451,-0.9103420638385478,0.0,0.5176494094389492
27.1,-3.1481835970687975,5.242061961889694,-1.3514721475551807,-0.9079281608814853,0.0,0.5161073481634979
27.12,-3.152124512309263,5.259741369624546,-1.3411151395233032,-0.9056658749059717,0.0,0.5178504015938813
27.14,-3.156226544774822,5.277285886145229,-1.3307607628144056,-0.9008839135718407,0.0,0.5177188354448942
27.16,-3.1605373016773908,5.294898468221916,-1.3203607968313134,-0.9066224027690456,0.0,0.5199982991546136
27.18,-3.1650240003204626,5.31243793333212,-1.3100269715740924,-0.9052117170388806,0.0,0.5166912628610513
27.2,-3.169706149031897,5.329984223291386,-1.2997030307037,-0.9080126759723943,0.0,0.5161970435196209
27.22,-3.1745632418174097,5.347459832794911,-1.2893450759209288,-0.9069017006362557,0.0,0.5178977391385643
27.24,-3.1795832968660127,5.3648226814694056,-1.27896355279891,-0.9036999872529841,0.0,0.5190761561009334
27.26,-3.184793202349096,5.3821653393136835,-1.2685512431793893,-0.9054155071655613,0.0,0.5206154809760483
27.28,-3.1901936433498372,5.399485665740016,-1.2581792440539221,-0.9071362501261984,0.0,0.5185999562733551
27.3,-3.1957951433894642,5.41681620561239,-1.2478132903248709,-0.9106651620681872,0.0,0.5182976864525484
27.32,-3.201555363725747,5.434026134430861,-1.2374816263163133,-0.907416371159564,0.0,0.5165832004278761
27.34,-3.2074804528395195,5.451139161036764,-1.227111075556194,-0.9054865551465486,0.0,0.5185275380059644
27.36,-3.2135471756895613,5.468090584574925,-1.2167583127145125,-0.9002164824492495,0.0,0.5176381420840881
27.38,-3.2198276453342984,5.485082676025529,-1.2063725708085422,-0.9057807003135047,0.0,0.5192870952985147
27.4,-3.2262681500562107,5.501966422746451,-1.1960665948828169,-0.903522280313544,0.0,0.5152987962862656
27.42,-3.232915198856453,5.518866510052078,-1.185753433733481,-0.9080146043575374,0.0,0.5156580574667794
27.44,-3.239725816962616,5.535671566306108,-1.175405073659911,-0.9066344835283563,0.0,0.5174180036784995
27.46,-3.2466848645353528,5.552345088908014,-1.165037193702771,-0.9033751976281739,0.0,0.5183939978569955
27.48,-3.253848531204752,5.569020350195699,-1.1546105455930782,-0.9074448456556704,0.0,0.5213324054846449
27.5,-3.261168422083158,5.585580985978385,-1.1442611826721854,-0.9053113552785907,0.0,0.5174681460446443
27.52,-3.2687112087636425,5.602179185464128,-1.1338860404043647,-0.9115835906210158,0.0,0.5187571133910486
27.54,-3.27639196270333,5.618625791127924,-1.123526836171694,-0.9075858347043816,0.0,0.5179602116335374
27.56,-3.28422221282402,5.634949291870457,-1.1131356292166374,-0.9052202680067191,0.0,0.5195603477528286
27.58,-3.2921963041853157,5.651139071207924,-1.1027461707858361,-0.9023512177003779,0.0,0.5194729215400562
27.6,-3.3003796413945925,5.667327179133807,-1.0923355876633094,-0.9069479672241151,0.0,0.5205291561263481
27.62,-3.3087172402036154,5.6834025731371245,-1.0819917443614686,-0.9054471909809516,0.0,0.5171921650920326
27.64,-3.317244975339651,5.69943656261015,-1.0716509446287539,-0.9080350832587198,0.0,0.5170399866357327
27.66,-3.325923231953002,5.715354322613147,-1.0612738925977048,-0.9064866537354305,0.0,0.5188526015524575
27.68,-3.334732491792955,5.731120846615626,-1.0509019519148424,-0.9030314751554205,0.0,0.5185970341431205
27.7,-3.343757994371007,5.746888076198732,-1.0404624901408344,-0.9083848654518561,0.0,0.5219730887004076
27.72,-3.352916301630864,5.7625068440028295,-1.0301123262461842,-0.905290698593892,0.0,0.5175081947324933
27.74,-3.3623014582251414,5.77813939792511,-1.0197445430339924,-0.9116714134381282,0.0,0.518389160609598
27.76,-3.3718020122349004,5.793598682075338,-1.0094135224831136,-0.9072623558401159,0.0,0.5165510275439275
27.78,-3.3814375683728226,5.8089205141454405,-0.9990435413282905,-0.9049896132987914,0.0,0.5184990577411646
27.8,-3.391215830493141,5.8241172655699565,-0.9886447038307258,-0.9035425611892692,0.0,0.519941874878239
27.82,-3.4011824313640178,5.8392583688987045,-0.9782550378383644,-0.906347260892856,0.0,0.5194832996180635
27.84,-3.4112960802917267,5.854280666378418,-0.9679211350293867,-0.9054768304627643,0.0,0.516695140448884
27.86,-3.4215928901088617,5.869239001260256,-0.95759457872028,-0.9079868870851844,0.0,0.5163278154553383
27.88,-3.432024428602841,5.884062942897719,-0.9472327813657963,-0.9063198125141594,0.0,0.5180898677241906
27.9,-3.442565814757038,5.898717953748405,-0.9368548529913947,-0.9026214116195397,0.0,0.5188964187200691
27.92,-3.4533267682912485,5.9133553421868665,-0.9264091078805339,-0.90836564948243,0.0,0.5222872555430419
27.94,-3.4642020690343176,5.927829006109781,-0.9160519819286028,-0.9052059345884593,0.0,0.5178562975965583
27.96,-3.475305098173826,5.942291391241454,-0.9056796752221311,-0.911643899460777,0.0,0.5186153353235835
27.98,-3.4865051165834613,5.956571004048584,-0.8953290007992126,-0.9073970386464209,0.0,0.5175337211459198
28.0,-3.4978190141610472,5.970692335902392,-0.8849503598879817,-0.9047324075679414,0.0,0.5189320455615417
28.02,-3.5092587917541094,5.984670964413498,-0.8745451107510759,-0.9031480587786046,0.0,0.5202624568452999
28.04,-3.5208802264106756,5.998573862339216,-0.864150399019737,-0.9060191971059165,0.0,0.519735586566943
28.06,-3.5326501706092976,6.012360625480523,-0.8537984264390889,-0.9063752318344224,0.0,0.5175986290323922
28.08,-3.5445821583038493,6.026047701868259,-0.8434543215463707,-0.9078937030107865,0.0,0.5172052446359221
28.1,-3.556631798202449,6.039584460955471,-0.8330807392170053,-0.9061424670976795,0.0,0.518679116468265
28.12,-3.568768085920808,6.052937045710182,-0.8227076853116092,-0.9021931600474609,0.0,0.5186526952698123
28.14,-3.5811277260544756,6.066255155176437,-0.8122655771307793,-0.9084777707639797,0.0,0.5221054090414984
28.16,-3.5935889820431983,6.079404672011464,-0.8019040794175433,-0.9058044681540347,0.0,0.5180748856617983
28.18,-3.6062262322747416,6.092466141681756,-0.7915641047939912,-0.9087107396781925,0.0,0.5169987311776156
28.2,-3.61897478926005,6.105372889779469,-0.781214680424864,-0.9070692526834349,0.0,0.5174712184563534
28.22,-3.631819796611369,6.1181108705113765,-0.7708290224498893,-0.9045031329159305,0.0,0.5192828987487246
28.24,-3.644794341284657,6.130712762112838,-0.7604159794723139,-0.9043595543451174,0.0,0.5206521488787766
28.26,-3.657941161762589,6.143218590054392,-0.750017630042977,-0.9072411768415417,0.0,0.5199174714668412
28.28,-3.671217502016922,6.155587218842209,-0.7396690702328279,-0.9072543588206701,0.0,0.5174279905074587
28.3,-3.684631409064709,6.167827179375829,-0.7293245781096682,-0.9079503512737226,0.0,0.5172246061579786
28.32,-3.698141639287822,6.179901297955489,-0.7189517078925326,-0.9059672457616799,0.0,0.5186435108567834
28.34,-3.7117116396562526,6.191777964661659,-0.7085833238757716,-0.9016652955069475,0.0,0.5184192008380484
28.36,-3.7255076858318943,6.203602119301766,-0.6981484801259803,-0.9084898500170626,0.0,0.5217421874895644
28.38,-3.7393744598865757,6.215238120801232,-0.6878026910764052,-0.9051021400637201,0.0,0.5172894524787658
28.4,-3.753409115420867,6.226769677491451,-0.6774796989148629,-0.9082240302727524,0.0,0.5161496080771075
28.42,-3.767544912793237,6.238141946760929,-0.6671265812771332,-0.9071235799082099,0.0,0.5176558818864855
28.44,-3.781752438389662,6.249331620828133,-0.6567537961586534,-0.9042435917706702,0.0,0.5186392559239839
28.46,-3.7960678284862244,6.260367590512051,-0.6463565360202023,-0.9037740598196121,0.0,0.519863006922558
28.48,-3.810554976095491,6.271297726045719,-0.6359660843148072,-0.9073936695792812,0.0,0.51952258526975
28.5,-3.8251721567334656,6.282089480371767,-0.6256123433392151,-0.9084656449708999,0.0,0.5176870487796104
28.52,-3.839890050516902,6.292721921518621,-0.6152700464757023,-0.9078342389470249,0.0,0.5171148431756437
28.54,-3.8546827951525486,6.303177320033427,-0.6048906078933823,-0.905732648134743,0.0,0.5189719291159997
28.56,-3.8695060177965246,6.313425215552135,-0.594533948271878,-0.9010373079335209,0.0,0.5178329810752091
28.58,-3.88456710837031,6.323608654840067,-0.584096778294387,-0.90903641979125,0.0,0.5218584988745527
28.6,-3.8996928329085687,6.333607356873943,-0.5737370207756344,-0.9065891919297228,0.0,0.5179878759376361
28.62,-3.9149508539821145,6.343467907563788,-0.563403177645078,-0.9083469422359649,0.0,0.5166921565278209
28.64,-3.9302857121579553,6.353154945759686,-0.5530322573690482,-0.9069131494828071,0.0,0.5185460138014842
28.66,-3.945670605480959,6.362651810768512,-0.5426506910418583,-0.9039986000488098,0.0,0.5190783163595009
28.68,-3.959137175297954,6.3707726707255805,-0.534933136936379,-0.7862837736439616,0.0,0.3858777052739599
28.7,-3.972716578397364,6.37881932192143,-0.5275108715312861,-0.7892223767797075,0.0,0.37111327025464613
28.72,-3.9863300322308692,6.386750223785899,-0.5204011467841435,-0.787758417379362,0.0,0.3554862373571253
28.74,-4.000025950493924,6.394599280669408,-0.513537272459753,-0.7892811144149459,0.0,0.34319371621952227
28.76,-4.01375196697546,6.402340918182255,-0.5068515984733711,-0.7879347686066933,0.0,0.3342836993190925
28.78,-4.0274895870654595,6.40996849116972,-0.5003082821407084,-0.7856558970316646,0.0,0.327165816633142
28.8,-4.041179671952603,6.4174528995274756,-0.4939441920017774,-0.78011985086082,0.0,0.3182045069465477
28.82,-4.055062708225025,6.424928431153908,-0.4876717442206108,-0.7883880219142639,0.0,0.3136223890583336
28.84,-4.068972932936347,6.432306431023146,-0.4815825805678965,-0.7872884375976148,0.0,0.30445818263571034
28.86,-4.082980891005109,6.439627326393193,-0.4756331254112258,-0.7902822253400668,0.0,0.29747275783353844
28.88,-4.0969986344673135,6.446847486811676,-0.4697758411280397,-0.7883968674481375,0.0,0.29286421415930247
28.9,-4.111022125776663,6.453966988003226,-0.4639708515560475,-0.7863612492358225,0.0,0.29024947859961253
28.92,-4.125018101185738,6.460970631740664,-0.458247360690762,-0.7825253242745384,0.0,0.2861745432642689
28.94,-4.139162420819318,6.467947569196255,-0.452543046524632,-0.7885737666130288,0.0,0.2852157083064999
28.96,-4.153321806559571,6.474831797079078,-0.4469560546588935,-0.787211531425861,0.0,0.27934959328693176
28.98,-4.167565621493071,6.481658947881161,-0.4414522701526585,-0.7897725177767543,0.0,0.27518922531174633
29.0,-4.181827598589978,6.488398529095422,-0.43601186348815846,-0.7887108875505592,0.0,0.27202033322499947
29.02,-4.196095279214287,6.495046092430687,-0.430575344152721,-0.7870146261246503,0.0,0.27182596677187426
29.04,-4.210345849382377,6.50159162962742,-0.42515891146912776,-0.7840963067593747,0.0,0.2708216341796552
29.06,-4.224691282932644,6.508086877962982,-0.41973710362577243,-0.7873685837740798,0.0,0.2710903921677711
29.08,-4.239073347276295,6.514504978565287,-0.41438466781561145,-0.7874576022336283,0.0,0.26762179050804297
29.1,-4.253500980681025,6.520851032875343,-0.40910348510824734,-0.7880815487109446,0.0,0.26405913536820674
29.12,-4.267975416616267,6.5271266525340765,-0.4038686367925648,-0.7888166734807811,0.0,0.26174241578412355
29.14,-4.2824592971416635,6.533316496519948,-0.39862531034679566,-0.7875547022959476,0.0,0.26216632228845643
29.16,-4.296932183235223,6.539412096054212,-0.3933716877418193,-0.7852081978037354,0.0,0.2626811302488214
29.18,-4.3113792231683785,6.545407643473522,-0.3881258691523267,-0.7820862351546983,0.0,0.26229092947463256
29.2,-4.325949996511558,6.55136513442421,-0.3828872814648999,-0.7870818481038513,0.0,0.2619293843713395
29.22,-4.340562365102294,6.557250477564453,-0.3777061945001212,-0.7876524927116357,0.0,0.2590543482389348
29.24,-4.35524366046405,6.563075360981751,-0.37256536201680945,-0.7897304925166373,0.0,0.2570416241655825
29.26,-4.369924002493829,6.568812694043042,-0.36738917079789557,-0.7880822177404353,0.0,0.2588095609456956
29.28,-4.384599554274621,6.5744607650087605,-0.3621992349118937,-0.7862450726466784,0.0,0.2594967943000898
29.3,-4.399218535985422,6.580000127521818,-0.3570257995666198,-0.7816635518428253,0.0,0.25867176726370217
29.32,-4.4139794673000665,6.585506118102778,-0.35181445772202313,-0.7877198511419995,0.0,0.2605670922298238
29.34,-4.428763905251765,6.590933279571378,-0.34665283930666985,-0.787454263995491,0.0,0.25808092076766254
29.36,-4.443631518999795,6.59630405567411,-0.34152493599558514,-0.7903973280988047,0.0,0.25639516555424186
29.38,-4.458489752716751,6.601585467688995,-0.33642603117292597,-0.7884485114112899,0.0,0.2549452411329525
29.4,-4.4733410228205175,6.606779265149808,-0.33130411028669926,-0.7866634537065041,0.0,0.25609604431133576
29.42,-4.488158524227774,6.611876228288209,-0.3261739431228759,-0.7834816226119834,0.0,0.25650835819117096
29.44,-4.503093966433415,6.616928223749492,-0.3209982239532673,-0.788337002840237,0.0,0.25878595848042946
29.46,-4.518033524655675,6.621895591302818,-0.3158745544885202,-0.787186668278481,0.0,0.2561834732373568
29.48,-4.533023812367699,6.626794674149943,-0.31079237403409515,-0.7885266933215668,0.0,0.25410902272125047
29.5,-4.548046742306612,6.6316200603742415,-0.30572345163752285,-0.7889435597099657,0.0,0.25344611982861454
29.52,-4.5630635064834975,6.636359629910361,-0.3006273314787914,-0.7873479626758246,0.0,0.25480600793657054
29.54,-4.578056735856759,6.641007887004213,-0.2955139440182139,-0.7848618047939678,0.0,0.2556693730288743
29.56,-4.593073658740084,6.645579454395569,-0.29037780737703983,-0.7848681438583335,0.0,0.25680683205870536
29.58,-4.608162189527837,6.650088273807524,-0.28525181704416114,-0.787390014260056,0.0,0.2562995166439335
29.6,-4.623284565849561,6.654522896370121,-0.2801773312730437,-0.787959616491441,0.0,0.2537242885558719
29.62,-4.638451333019546,6.658887077959515,-0.27513152092376153,-0.789108527602126,0.0,0.2522905174641047
29.64,-4.6536135019567535,6.66316721590366,-0.27004012557482865,-0.7877355960303828,0.0,0.25456976744664395
29.66,-4.668760969078357,6.6673600550301,-0.2649245340072943,-0.7858524991056923,0.0,0.25577957837671966
29.68,-4.6838256934084885,6.671447137822118,-0.2598232660988131,-0.7804648693113313,0.0,0.2550633954240589
29.7,-4.699058459059269,6.675496499098343,-0.2546702201375335,-0.7880902171023758,0.0,0.2576522980639805
29.72,-4.714297071126408,6.679463454411104,-0.24956899205479385,-0.7873246347381068,0.0,0.25506140413697953
29.74,-4.7295999866035,6.683363905308946,-0.2444971751442563,-0.7896086677992804,0.0,0.2535908455268791
29.76,-4.744904825516135,6.6871822863143455,-0.2394473096462471,-0.7886984969620793,0.0,0.2524932749004617
29.78,-4.760186402913506,6.690912992978347,-0.23436740181679136,-0.7865188808361304,0.0,0.2539953914727868
29.8,-4.775415144684681,6.69454893036486,-0.2292860674771287,-0.782838771094951,0.0,0.25406671698312927
29.82,-4.790768939230605,6.698132358854371,-0.2241516094848015,-0.7883209478028416,0.0,0.2567228996163647
29.84,-4.806120363634463,6.701632218204258,-0.21906481829021288,-0.7872662298999291,0.0,0.25433955972942845
29.86,-4.821532630153299,6.705063569472703,-0.21401385040635712,-0.7894810491314685,0.0,0.25254839419278835
29.88,-4.836946597130252,6.708413675866415,-0.2089552508379962,-0.7886913065575801,0.0,0.2529299784180423
29.9,-4.852344486997823,6.7116788057320775,-0.20385858579755187,-0.7870134773520382,0.0,0.2548332520222182
29.92,-4.867706345421158,6.714854567952635,-0.19875494324195742,-0.7843343673142884,0.0,0.2551821277797223
29.94,-4.883117041786132,6.717958500170534,-0.1936138430524331,-0.7860088384788303,0.0,0.2570550094762147
29.96,-4.898573871097063,6.720989120202759,-0.1884876692907056,-0.7875567124451704,0.0,0.25630868808637586
29.98,-4.914063405028219,6.7239437801694715,-0.18340953938624638,-0.7884409884755355,0.0,0.253906495222961
30.0,-4.92957968469695,6.726821959567221,-0.17834806690622443,-0.7890482421942118,0.0,0.2530736240010963
30.02,-4.9450835158376005,6.7296167329893555,-0.17325206573686253,-0.7876857535192462,0.0,0.254800058468099
30.04,-4.960560490134876,6.732325305566203,-0.16814567602456942,-0.7856097930947729,0.0,0.25531948561465323
30.06,-4.975964397983624,6.734940095260382,-0.16304505260481333,-0.7812130025759656,0.0,0.25503117098780476
30.08,-4.991488669906872,6.737493921239243,-0.157880835974706,-0.7866464356323581,0.0,0.25821083150536633
30.1,-5.007035276515095,6.739969031907938,-0.15269687570596185,-0.7871199874434013,0.0,0.25919801343720583
30.12,-5.022639568489966,6.742370451720199,-0.14757145099674043,-0.7893996851274475,0.0,0.2562712354610725
30.14,-5.038232805505488,6.744688419195321,-0.14249144186816567,-0.7882290495756201,0.0,0.25400045642873736
30.16,-5.053797023854238,6.746921319734793,-0.13742004862564644,-0.7861786336875705,0.0,0.2535696621259613
30.18,-5.069346839378081,6.749071729518611,-0.13241032826903867,-0.7848901596145376,0.0,0.2504860178303866
30.2,-5.0849512047608805,6.751150069041073,-0.1274381330003894,-0.787108178985815,0.0,0.24860976343246402
30.22,-5.100569441584858,6.753151273234322,-0.1225047044795133,-0.7872962271485214,0.0,0.24667142604380451
30.24,-5.116242032222384,6.755080901895033,-0.11759397427885977,-0.7895466484947427,0.0,0.2455365100326766
30.26,-5.131903891633842,6.756931178815263,-0.11268043502542976,-0.7885387829806009,0.0,0.24567696267149805
30.28,-5.147541109894566,6.758700682778409,-0.10771954771959605,-0.786850905840985,0.0,0.24804436529168877
30.3,-5.163126226025991,6.760386028122864,-0.1027291375934501,-0.783798816278898,0.0,0.24952050630729625
30.32,-5.1787625336091185,6.761998007062295,-0.09768670239357506,-0.785958953978118,0.0,0.2521217599937516
30.34,-5.194411547968178,6.76353158894338,-0.09266795105230151,-0.7861989630431235,0.0,0.2509375670636782
30.36,-5.21010747728956,6.764990276365195,-0.08768901360236085,-0.7881782258099674,0.0,0.2489468724970321
30.38,-5.225829013902283,6.766372426839395,-0.08271413543038936,-0.7891087589783419,0.0,0.2487439085985757
30.4,-5.241523888518955,6.767673583521732,-0.07770854203788176,-0.7874358671426124,0.0,0.2502796696253802
30.42,-5.257177060426694,6.768892423045744,-0.07266897802744912,-0.7850276437147194,0.0,0.2519782005216329
30.44,-5.272812977815686,6.77003067350555,-0.06761119753036995,-0.7838646673766768,0.0,0.2528890248539576
30.46,-5.288536717428479,6.771095397246395,-0.06253228863735544,-0.787987347701761,0.0,0.25394544465072527
30.48,-5.304262065653629,6.7720800229850004,-0.057509719510774035,-0.7878071855589819,0.0,0.2511284563290707
30.5,-5.320023849333671,6.7729874793948,-0.05250842969654853,-0.7893942328015532,0.0,0.25006449071127385
30.52,-5.335761389009523,6.7738145931850715,-0.04748500841968527,-0.7879629944849729,0.0,0.251171063843163
30.54,-5.351463836334955,6.774560784957063,-0.04242882568391381,-0.7860083558215933,0.0,0.2528091367885731
30.56,-5.367067338361674,6.775223220779142,-0.03737344142735981,-0.7808778661164034,0.0,0.25276921282769993
30.58,-5.382863170778437,6.775813840409782,-0.03224278978210092,-0.7903435222840667,0.0,0.25653258226294434
30.6,-5.398600250240961,6.77632142366096,-0.027188013315960352,-0.7872631560772538,0.0,0.25273882330702857
30.62,-5.4143760575163675,6.776750442232913,-0.022173946216152735,-0.7890819858003296,0.0,0.2507033549903809
30.64,-5.43014007578276,6.777100050026821,-0.017168940821030612,-0.7883947258713874,0.0,0.25025026975610587
30.66,-5.445870000858116,6.777370142718715,-0.012126116094725746,-0.7866121867516983,0.0,0.2521412363152433
30.68,-5.461531489673962,6.777560065059301,-0.0070649288773465815,-0.7831320170065833,0.0,0.2530593608689583
30.7,-5.477257090287118,6.77767116715768,-0.0019532124237124646,-0.786299653950022,0.0,0.25558582268170577
30.72,-5.493006000023869,6.777701928162957,0.0031221209884762383,-0.7874469889074586,0.0,0.25376667060943514
30.74,-5.508801103153956,6.777652613779726,0.008155632326536745,-0.7897590056442183,0.0,0.2516755669030253
30.76,-5.524584213195459,6.777523889683247,0.013178881870493831,-0.7891817478806689,0.0,0.2511624771978543
30.78,-5.540326973748936,6.777316405689315,0.01823190515001464,-0.7872063888394574,0.0,0.25265116397604054
30.8,-5.556013617770481,6.7770303765904405,0.023308682207528214,-0.7844625760737244,0.0,0.25383885287567853
30.82,-5.571719883516556,6.776664217920413,0.02841805300112045,-0.7855266638662942,0.0,0.2554685396796117
30.84,-5.5874681675307505,6.776216561837243,0.033520503774014686,-0.7877322599724875,0.0,0.25512253864471174
30.86,-5.603217662378381,6.7756884330148415,0.03856045806918208,-0.7879173624318262,0.0,0.2519977147583703
30.88,-5.618993951853522,6.775079790370747,0.043583888147433705,-0.7894012849489833,0.0,0.25117150391258086
30.899,-5.634732509913896,6.774393408154602,0.04860753253066802,-0.7876759015711831,0.0,0.2511822191617155
30.92,-5.650422339416539,6.773630163057531,0.0536720528450413,-0.7854191443112382,0.0,0.25322601571866393
30.94,-5.666004064618035,6.772793055909498,0.05872505034023046,-0.7802097612697498,0.0,0.25264987475945794
30.96,-5.68179159273223,6.771864865285032,0.06384126387944263,-0.7907394984946459,0.0,0.2558106769606083
30.98,-5.697508451218852,6.770860115782474,0.06887377513013834,-0.7874470811606484,0.0,0.25162556253478685
31.0,-5.713256260063689,6.769773786491098,0.07386973333068023,-0.7892616719802843,0.0,0.24979791002709403
31.02,-5.728980461559973,6.7686101265537415,0.07887718478177234,-0.7883600337814356,0.0,0.25037257255460615
31.04,-5.74465547463713,6.767371155118613,0.08393033575130675,-0.7861950858185774,0.0,0.2526575484767204
31.06,-5.760246385646528,6.766059523432686,0.08898491625470853,-0.7822993093798563,0.0,0.2527290251700887
31.08,-5.775889165221384,6.76466386630508,0.09409374330043122,-0.785245839921142,0.0,0.25544135228613296
31.1,-5.791568905788582,6.763184131231169,0.09915754724236825,-0.7874704441176947,0.0,0.2531901970968523
31.12,-5.807285433947241,6.761620591129399,0.10417258161902171,-0.7897055068374778,0.0,0.2507517188326751
31.14,-5.822971851914448,6.7599805596766185,0.10921528239434886,-0.7885959228401351,0.0,0.2521350387663562
31.16,-5.838615677223058,6.758265189147558,0.1143051338851082,-0.7868795434154084,0.0,0.2544925745379672
31.18,-5.854194840633594,6.756476614355654,0.11939889825630097,-0.7840748248069536,0.0,0.25468821855963925
31.2,-5.869798103135594,6.754604698131602,0.1245320429355766,-0.7857573910822688,0.0,0.2566572339637813
31.22,-5.885481081763507,6.752641505709478,0.12967109834354615,-0.7902688516097973,0.0,0.2569527703984761
31.24,-5.901126507840545,6.750601298200223,0.1347430644826223,-0.7888944856774078,0.0,0.253598306953807
31.26,-5.916755360365628,6.748482580909431,0.13979296349114215,-0.7885905056001826,0.0,0.2524949504259921
31.28,-5.9323550463246395,6.7462875373498115,0.14486711672173253,-0.7876681062611467,0.0,0.2537076615295191
31.3,-5.9478930896407745,6.744020705979435,0.14995195534649214,-0.7851262869051897,0.0,0.25424193123798333
31.32,-5.963347472617722,6.741685763893306,0.1550332114460528,-0.7814888158888283,0.0,0.2540628049780308
31.34,-5.978882056073794,6.739257904854639,0.16017961245656911,-0.7861580354250116,0.0,0.2573200505258169
31.36,-5.994421051991958,6.736747366305867,0.16535651061322254,-0.7870247739899875,0.0,0.25884490783267033
31.38,-6.01000804519389,6.734146204509547,0.1705692812594853,-0.7901272045811919,0.0,0.26063853231313794
31.4,-6.02554141319546,6.731470691610687,0.1757776051939999,-0.78810514962179,0.0,0.26041619672572947
31.42,-6.041019698817274,6.72872158336911,0.18098624412534936,-0.7860262748699485,0.0,0.26043194656747515
31.44,-6.056459278387876,6.725896316105832,0.18618987895180364,-0.7847973503171202,0.0,0.260181741322712
31.46,-6.071903350226264,6.722987090566443,0.19141862684352773,-0.7857845572870762,0.0,0.26143739458620546
31.48,-6.087344607842085,6.719994708600499,0.1966604572620483,-0.7864267076280071,0.0,0.26209152092603116
31.5,-6.102846593040601,6.716906161192204,0.20192683486012428,-0.7903332686093583,0.0,0.2633188799037976
31.52,-6.118298270919117,6.7137429426332,0.20718288007886512,-0.788606842655825,0.0,0.26280226093704057
31.54,-6.133688344015152,6.710507963072066,0.2123921352076776,-0.7863196593343008,0.0,0.26046275644062467
31.56,-6.1490216541215545,6.707201418558253,0.2175075316695431,-0.784288906336412,0.0,0.2557698230932724
31.58,-6.164377266262936,6.703807770412675,0.2225147059309471,-0.7863073062940097,0.0,0.2503587130702015
31.6,-6.179720269220077,6.700336241571649,0.22742429005494647,-0.7865418810160578,0.0,0.24547920619996758
31.62,-6.195112108315161,6.696774137871294,0.23227009222563758,-0.789932423535476,0.0,0.24229010853455427
31.64,-6.210473694081115,6.69314052088373,0.23710992339955736,-0.7892741755199277,0.0,0.24199155869599442
31.66,-6.225783503166411,6.689440818151476,0.24193939760297895,-0.7875246893514711,0.0,0.2414737101710742
31.68,-6.241000636260136,6.6856856371852285,0.24673096205212788,-0.7836812548501799,0.0,0.2395782224574483
31.7,-6.256275580978066,6.681838449351636,0.2514992829388782,-0.7875988673854988,0.0,0.2384160443375161
31.72,-6.271510688332073,6.677923947427155,0.2562202338221035,-0.786498285765601,0.0,0.23604754416126553
31.74,-6.286757393770351,6.6739296408874615,0.26092036505003924,-0.788061722605942,0.0,0.23500656139678616
31.76,-6.302014793062611,6.669855804198026,0.2656349237457245,-0.7895954320657522,0.0,0.23572793478426943
31.78,-6.3172243271879225,6.665717832077146,0.270389303173861,-0.7881191876585062,0.0,0.23771897140681852
31.8,-6.332366373069451,6.661520800638793,0.2751734771809277,-0.7856472274068672,0.0,0.23920870035333663
31.82,-6.3473660174363955,6.657285862368064,0.279978988664986,-0.7793010222174713,0.0,0.24027557420291343
31.84,-6.362486547233922,6.652938232587737,0.2848205440910702,-0.7866579721592086,0.0,0.24207777130421226
31.86,-6.377609809102344,6.648510432579229,0.28963659686271154,-0.7879061848599382,0.0,0.2408026385820673
31.88,-6.392732854942521,6.64400350684091,0.2944418554727,-0.7890166270346057,0.0,0.24026293049942637
31.9,-6.407817683335728,6.639428932429091,0.2992819428366303,-0.7881604828678164,0.0,0.2420043681965145
31.92,-6.42284285024826,6.634792922333081,0.30419045265215605,-0.786206446106509,0.0,0.24542549077628487
31.94,-6.437776529324568,6.630104737676663,0.30912849500722017,-0.7826139631497957,0.0,0.24690211775321186
31.96,-6.452759640241424,6.62531962884255,0.3141410449275331,-0.7864332128367729,0.0,0.2506274960156445
31.98,-6.4677340725566195,6.620454442486818,0.31913389912051765,-0.7872478349261669,0.0,0.249642709649235
32.0,-6.482722378767781,6.61550187946305,0.32409928978242064,-0.7892673874928775,0.0,0.24826953309514452
32.02,-6.49767251370371,6.6104794550530155,0.32910683005373853,-0.7885608434943451,0.0,0.25037701356589515
32.04,-6.512571523018581,6.605391037926709,0.334159729220448,-0.7871983031865202,0.0,0.2526449583354726
32.06,-6.527386903917533,6.600247444529411,0.339234436538587,-0.7841429464991518,0.0,0.25373536590695045
32.08,-6.542216506805775,6.5950144372461645,0.3443545310759657,-0.7862911150608656,0.0,0.25600472686893233
32.1,-6.557089361352357,6.58968037898219,0.34948954148771405,-0.7900221198283973,0.0,0.25675052058742326
32.12,-6.571914679132703,6.584277290025695,0.35456481489391023,-0.7889604197297425,0.0,0.2537636703098027
32.14,-6.58671185496325,6.578799224270791,0.3596453050075635,-0.7889322166307488,0.0,0.2540245056826692
32.16,-6.601456637273984,6.573255216233461,0.364767023056527,-0.7876303550983056,0.0,0.2560859024481694
32.18,-6.616129514830574,6.567652303303023,0.36990220363353765,-0.7853119907029731,0.0,0.2567590288505342
32.2,-6.630699139820804,6.562002921636693,0.3750344362311426,-0.7813281729974549,0.0,0.2566116298802477
32.22,-6.645329996094385,6.5562432458748185,0.3802172521045974,-0.7861867147505818,0.0,0.2591407936727472
32.24,-6.659986741700964,6.550385462716652,0.38535365373001074,-0.7891986684353502,0.0,0.256820081270662
32.26,-6.674618162708565,6.544450463690276,0.3904805550439256,-0.7894661077981106,0.0,0.2563450656957471
32.28,-6.689192299391392,6.5384515044956935,0.39564248317983497,-0.7880243832965822,0.0,0.25809640679546686
32.3,-6.703702860775604,6.532390933591422,0.4008114519072031,-0.7862679431508907,0.0,0.2584484363684065
32.32,-6.718097007494952,6.526291413206855,0.4059609515867339,-0.7816578674520612,0.0,0.2574749839765423
32.34,-6.732555569346296,6.520076580377968,0.41115666757122366,-0.7868833425294652,0.0,0.25978579922449196
32.36,-6.747008117485747,6.513775167297505,0.416297031896889,-0.7883272710837966,0.0,0.2570182162832666
32.38,-6.761441668770712,6.507393539760209,0.4213800283384281,-0.7890699790267148,0.0,0.2541498220769503
32.4,-6.775832662049944,6.500943081948262,0.4264982363941718,-0.7885256710257136,0.0,0.25591040278719207
32.42,-6.790163253704061,6.494431411556967,0.43163769568209,-0.7870319377920965,0.0,0.25697296439590345
32.44,-6.804396814390546,6.487875366996072,0.4367728662054476,-0.7835431865894354,0.0,0.25675852616787503
32.46,-6.818636169945301,6.481227807629165,0.4419454252261466,-0.785731016556078,0.0,0.2586279510349522
32.48,-6.832862746105127,6.474496370710671,0.44715142865244456,-0.7869366432867602,0.0,0.2603001713149002
32.5,-6.847075116724274,6.467680876410057,0.4523771208637271,-0.7881028504861001,0.0,0.2612846105641222
32.52,-6.861268912274386,6.46078283023288,0.45761581742402496,-0.7890609500869312,0.0,0.2619348280148948
32.54,-6.875397522062094,6.45382473235465,0.4628562520312623,-0.7874527614662978,0.0,0.2620217303618633
32.56,-6.889441207484223,6.446816776112328,0.4680812087695532,-0.7847556163067915,0.0,0.2612478369145492
32.58,-6.903466060776762,6.439726450536412,0.4733176463510909,-0.7857627292156107,0.0,0.261821879076884
32.6,-6.917488478102324,6.432544916413696,0.47858011870873846,-0.7877223813119817,0.0,0.26312361788237454
32.62,-6.931461981006328,6.425295358916298,0.48384062682252865,-0.7871068341024401,0.0,0.2630254056895126
32.64,-6.945477212592343,6.417930323575609,0.4891249493447365,-0.7916287987106513,0.0,0.26421612611038786
32.66,-6.959402912874696,6.41051816537146,0.4943149405154873,-0.7887731258055695,0.0,0.25949955853754664
32.68,-6.973212430483402,6.403075615332387,0.499349366104347,-0.7843696954709385,0.0,0.2517212794429807
32.7,-6.987013820889753,6.395547536846319,0.5042793214138279,-0.7860507980418782,0.0,0.24649776547405033
32.72,-7.0008036311140485,6.387937326507569,0.5091240852104301,-0.7875185194998795,0.0,0.24223818983010903
32.74,-7.014560201630525,6.3802582808322255,0.513902577051255,-0.7877356391246095,0.0,0.23892459204123903
32.76,-7.028307929651223,6.3724977766986,0.5186448921588962,-0.7893437941402818,0.0,0.2371157553820589
32.78,-7.042000965769842,6.3646822863388115,0.5234093496816685,-0.7883227887574503,0.0,0.23822287613862034
32.8,-7.055635721130561,6.356813699985803,0.5281848760326159,-0.7871168987853802,0.0,0.23877631754736908
32.82,-7.069143657878731,6.3489320708630705,0.5329462089861681,-0.781959770098244,0.0,0.23806664767760138
32.84,-7.082705865563804,6.34093197536167,0.5377252136641845,-0.7872976014897486,0.0,0.23895023390082484
32.86,-7.096249400907748,6.332855400805066,0.5424656535767911,-0.7884453154484671,0.0,0.23702199563032392
32.88,-7.109768498175148,6.324706275630837,0.5471729119078521,-0.7892626812897272,0.0,0.23536291655304872
32.9,-7.123249334426868,6.316493451604511,0.5518975662525756,-0.7892772398420776,0.0,0.23623271723617223
32.92,-7.136663925845602,6.3082338312470645,0.5566607147115328,-0.7876747288391212,0.0,0.23815742294785922
32.94,-7.149983731536414,6.299944817698282,0.5614429901877624,-0.7844185254901779,0.0,0.23911377381149174
32.96,-7.163303014401082,6.291567501078179,0.5662553304752606,-0.7867380913977745,0.0,0.24061701437490118
32.98,-7.17659418727274,6.283118328463765,0.5710448114788397,-0.7874703076504994,0.0,0.2394740501789509
33.0,-7.189868626902185,6.274590249645484,0.575800626354137,-0.7888898462500796,0.0,0.23779074376487652
33.02,-7.203094426686399,6.266004285994672,0.5805382808424935,-0.7884170085449302,0.0,0.23688272441782138
33.04,-7.216254377310154,6.257372173567753,0.5852687809152645,-0.7869206843301009,0.0,0.2365250036385501
33.06,-7.229350829127455,6.248692827722608,0.5900402327204838,-0.7855700072280595,0.0,0.23857259026096764
33.08,-7.242415076899312,6.2399448256061545,0.5948718254676639,-0.7861331167079003,0.0,0.24157963735901045
33.1,-7.255470743917085,6.231110908515369,0.5997514608384686,-0.7881759518753553,0.0,0.24398176854022222
33.12,-7.268477308526029,6.2222173837656785,0.604630066820238,-0.7878221648950734,0.0,0.2439302990884852
33.14,-7.281457447107348,6.213248684399011,0.6095207814791634,-0.7888624181692053,0.0,0.2445357329462642
33.16,-7.294379243552946,6.2042266113003794,0.6144812855990178,-0.7879889377055623,0.0,0.24802520599271152
33.18,-7.3072271755707785,6.195160979385588,0.6194804328749933,-0.7862172714163018,0.0,0.24995736379877914
33.2,-7.319961628864054,6.186079723341461,0.6244953233525962,-0.7820414183686406,0.0,0.25074452388013585
33.22,-7.332717725466308,6.176886183338275,0.6295810816146146,-0.7861920540113052,0.0,0.2542879131009257
33.24,-7.345450550523554,6.167610660170943,0.6346548008181355,-0.7876550069131624,0.0,0.2536859601760485
33.26,-7.358155815153762,6.1582561754229195,0.6397050542921945,-0.7888759950471077,0.0,0.25251267370294556
33.28,-7.370806180280754,6.148843222474354,0.644797424575376,-0.788408874027464,0.0,0.25461851415907416
33.3,-7.383387271493935,6.139381896333288,0.6499173728531498,-0.7870840940808205,0.0,0.25599741388869085
33.32,-7.395864004544179,6.129898655574271,0.6550537906563213,-0.7835826741648367,0.0,0.25682089015856896
33.34,-7.4083267751945225,6.120324634854057,0.6602292903509525,-0.7857838841471323,0.0,0.25877498473156524
33.36,-7.420800926908448,6.110638800595792,0.6654081115447255,-0.7896515786418112,0.0,0.2589410596886479
33.38,-7.433221542543462,6.100891012632932,0.6705352467455997,-0.7894476913032997,0.0,0.25635676004371394
33.4,-7.445582112078896,6.091087526678201,0.6756704392589281,-0.7888155933183849,0.0,0.2567596256664158
33.42,-7.457874537933175,6.081234833776915,0.6808345781154085,-0.7876853603913979,0.0,0.25820694282401896
33.44,-7.470075085650651,6.071351869843909,0.6860107570248357,-0.7850578652359296,0.0,0.2588089454713624
33.46,-7.482182317783845,6.061440266768279,0.6911885770039924,-0.782344146549168,0.0,0.25889099895783596
33.48,-7.4943260137204435,6.051393346548484,0.6963971487291418,-0.7880513259037841,0.0,0.26042858625747106
33.5,-7.506424643224184,6.041277100544442,0.7015542643454784,-0.788535460653297,0.0,0.2578557808168286
33.52,-7.518484396297059,6.031087226630563,0.7067013611630358,-0.7894161997316043,0.0,0.2573548408778733
33.54,-7.530470163033922,6.020853668457842,0.7118829264654081,-0.7880106552974796,0.0,0.25907826511860976
33.56,-7.542369866655499,6.010586509103278,0.7170687054538039,-0.7858395311598126,0.0,0.25928894941979735
33.58,-7.554139703846201,6.00032444694126,0.7222381288845665,-0.7807672305378954,0.0,0.2584711715381262
33.6,-7.565941922076381,5.989926273700046,0.727458804518123,-0.7864705364905431,0.0,0.2610337816778274
33.62,-7.577726083356198,5.979434227771678,0.7326416689561671,-0.7889066561256141,0.0,0.25914322190220673
33.64,-7.591232097585708,5.967283054022645,0.736713870317994,-0.9083824137538938,0.0,0.2036100680913424
33.66,-7.604675760217691,5.955088554263941,0.7399095647348941,-0.9075211971733659,0.0,0.15978472084500436
33.68,-7.618041933491854,5.942886257731465,0.7423044247363159,-0.9049179916730645,0.0,0.11974300007108715
33.7,-7.631247364332949,5.930772597115789,0.7439638021084751,-0.8959968990051238,0.0,0.08296886860796697
33.72,-7.644586839937764,5.918495150170431,0.744970803306709,-0.9064729903691855,0.0,0.05035005991167846
33.74,-7.6579088364653645,5.906208988259616,0.74535691272524,-0.9061254962478397,0.0,0.019305470926557187
33.76,-7.671253342657172,5.893892528711233,0.7450952483747407,-0.9079799299958798,0.0,-0.013083217524959589
33.78,-7.684574578685392,5.881604000063836,0.7443991780221784,-0.9061777773117029,0.0,-0.03480351762812054
33.8,-7.697840145914671,5.869383904980542,0.7432827827968241,-0.9018120615727953,0.0,-0.05581976126771791
33.82,-7.711169752453869,5.857132298395096,0.7417848244105181,-0.9052351551038621,0.0,-0.07489791931529971
33.84,-7.724550476628905,5.844870634024068,0.7399793577863844,-0.9074582533044492,0.0,-0.09027333120668692
33.86,-7.737967863475057,5.832619866400306,0.7378514290072677,-0.9084431423466958,0.0,-0.10639643895583627
33.88,-7.7513942964020215,5.820413126393604,0.7354204297009138,-0.9072948841659634,0.0,-0.12154996531769058
33.9,-7.764813537777679,5.808272379924744,0.7327555399913364,-0.9048118090510605,0.0,-0.1332444854788797
33.92,-7.778287496258347,5.796147269799293,0.7298833908554857,-0.9063192769288008,0.0,-0.14360745679252682
33.94,-7.79180411084696,5.7840538526441705,0.7268707827177311,-0.906848400264484,0.0,-0.15063040688773893
33.96,-7.805333439783668,5.772022248678124,0.7237030528351407,-0.9052654796707915,0.0,-0.15838649412951644
33.98,-7.818948217321085,5.7599916744413475,0.720337738770804,-0.9084284284685709,0.0,-0.16826570321683773
34.0,-7.83257746957721,5.74802974830121,0.7168475706647994,-0.906703085418801,0.0,-0.1745084053002281
34.02,-7.846160790129668,5.736191805243946,0.7132710956169139,-0.9008932970361548,0.0,-0.17882375239427079
34.04,-7.859868146801303,5.7243317551850605,0.7095897636224009,-0.9063007424728197,0.0,-0.18406659972565428
34.06,-7.873639129997862,5.712505019962443,0.7058244737643475,-0.907622779884057,0.0,-0.18826449290266975
34.08,-7.887469082699537,5.700717831126508,0.7019658840211951,-0.9085777517425038,0.0,-0.19292948715762862
34.1,-7.9013279928855145,5.688997980829012,0.6980220029380823,-0.9075024552841481,0.0,-0.19719405415563823
34.12,-7.915182962505066,5.677374870669258,0.6940393692477644,-0.9042356896081908,0.0,-0.19913168451588936
34.14,-7.929110780892732,5.665784839892148,0.6900089295350733,-0.9059703892156171,0.0,-0.20152198563456128
34.16,-7.9430796934245995,5.654255582323255,0.6859468518643247,-0.905613462539111,0.0,-0.2031038835374197
34.18,-7.957065455901413,5.642807610343242,0.6818453793994605,-0.9036835930139212,0.0,-0.2050736232432096
34.2,-7.971170131393931,5.631358590312748,0.6776429048099054,-0.9083252864584248,0.0,-0.21012372947774874
34.22,-7.985282554401875,5.620001331321301,0.6734173033910188,-0.9057425337174282,0.0,-0.2112800709443287
34.24,-7.999342409389683,5.608783935743212,0.6692063494834947,-0.8993184722798853,0.0,-0.21054769537620413
34.26,-8.013552471557514,5.597544299673591,0.6649651320071984,-0.9058908402659469,0.0,-0.21206087381481428
34.28,-8.027861672145079,5.586324575995841,0.660686482650251,-0.9091691548609914,0.0,-0.21393246784737185
34.3,-8.042223364665057,5.575162589907615,0.6563706981988909,-0.9094615790017676,0.0,-0.2157892225680007
34.32,-8.05658970612589,5.564096113030218,0.6520246807436959,-0.9067230523253229,0.0,-0.21730087275975532
34.34,-8.070960633959485,5.553125287889614,0.6476884799160958,-0.903994705548787,0.0,-0.21681004138000726
34.36,-8.085399480403638,5.542201384866912,0.643344946094997,-0.9052788850503342,0.0,-0.21717669105493972
34.38,-8.099886756054445,5.5313394626712,0.6390060484279928,-0.9053487029429941,0.0,-0.21694488335021295
34.4,-8.114419720504603,5.520541469793603,0.6346419038737404,-0.9052675100408042,0.0,-0.2182072277126245
34.42,-8.129037678241302,5.509779020292397,0.6302246482483312,-0.9076274120721509,0.0,-0.22086278127045864
34.44,-8.143671394124965,5.499104326604886,0.6258073003809695,-0.905669263426169,0.0,-0.22086739336807676
34.46,-8.158239318403165,5.488575902876418,0.6214242067311058,-0.8987103593226918,0.0,-0.21915468249318784
34.48,-8.17298535166749,5.478016839525197,0.617020425469282,-0.9068342129183048,0.0,-0.22018906309118919
34.5,-8.187805974054822,5.467502787977607,0.6126168461044222,-0.908564978266879,0.0,-0.220178968242984
34.52,-8.202681682097877,5.457047825725243,0.6081754732434853,-0.9091107268652777,0.0,-0.22206864304685442
34.54,-8.217569038302445,5.446683151082318,0.6037372081177367,-0.907000351730036,0.0,-0.22191325628743402
34.56,-8.232442130884936,5.436426111965469,0.5993203939281109,-0.9033489558469374,0.0,-0.22084070948129153
34.58,-8.24738905786456,5.426215274534528,0.5949103824485502,-0.905085392622286,0.0,-0.22050057397803088
34.6,-8.262407756691456,5.416052257822806,0.5905065173452148,-0.906708639993761,0.0,-0.2201932551667705
34.62,-8.277454689191266,5.405966457170167,0.5860858048536055,-0.9057228500742577,0.0,-0.22103562458045506
34.64,-8.292581693792288,5.395923616312869,0.5816184164149723,-0.9078613890406977,0.0,-0.2233694219316599
34.66,-8.30770940647962,5.38597738695027,0.5771608462380854,-0.9052281061753226,0.0,-0.22287850884435498
34.68,-8.32281909107742,5.376139197465402,0.5727325582169022,-0.9015161409885317,0.0,-0.22141440105915772
34.7,-8.3380636737719,5.366309025129628,0.5682984305205584,-0.9069586397403132,0.0,-0.22170638481719454
34.72,-8.353375843563747,5.356531124882406,0.5638626473844103,-0.9083912661663939,0.0,-0.22178915680740582
34.74,-8.368740998109132,5.346815068570305,0.5593977242796505,-0.9089688174842341,0.0,-0.22324615523798713
34.76,-8.384110603876126,5.337191991762646,0.5549445744667144,-0.9066812955483516,0.0,-0.2226574906468048
34.78,-8.399451853796108,5.327681503184308,0.5505197600638194,-0.9025011663511434,0.0,-0.22124072014474933
34.8,-8.414868938495434,5.318218179340784,0.5461043202471758,-0.9044901862286567,0.0,-0.22077199083217436
34.82,-8.430360433128634,5.308803101093119,0.541693873256163,-0.9064078888393794,0.0,-0.2205223495506446
34.84,-8.44589600151862,5.299454814013159,0.5372636364244454,-0.9065654368677454,0.0,-0.22151184158587986
34.86,-8.461494001387463,5.290162834011789,0.5328061038890047,-0.9077974612410474,0.0,-0.22287662677203046
34.88,-8.477088154930657,5.28096707603394,0.5283754092293158,-0.9051789733470752,0.0,-0.22153473298445253
34.9,-8.492706696016091,5.271849959226617,0.5239521076135671,-0.9042409033489975,0.0,-0.2211650807874375
34.92,-8.508412357151098,5.26277489094865,0.5195487650669283,-0.9069518398700132,0.0,-0.22016712733193755
34.94,-8.52417020391442,5.253761988429173,0.5151395628456941,-0.9076647873002665,0.0,-0.22046011106169844
34.96,-8.539980068013941,5.244811615356771,0.5106894906632706,-0.9083790246649837,0.0,-0.2225036091211846
34.98,-8.555789318606255,5.235954256876621,0.5062505778793254,-0.9060700904682402,0.0,-0.2219456391972508
35.0,-8.57157361211157,5.227202711447371,0.5018403769255932,-0.9024043839406258,0.0,-0.22051004768660915
35.02,-8.587459858695935,5.218486014871008,0.49741769215344533,-0.9060265307148264,0.0,-0.2211342386074005
35.04,-8.603409674345244,5.209825995195451,0.49299232452544844,-0.9074587594320295,0.0,-0.22126838139984467
35.06,-8.619401901423199,5.201234363867949,0.4885421462465012,-0.9076996416499702,0.0,-0.22250891394736025
35.08,-8.635441680145535,5.192708949074491,0.48406615162368566,-0.9082362011916482,0.0,-0.22379973114077753
35.1,-8.651448644330797,5.184292646411841,0.47962522722016604,-0.90423593842759,0.0,-0.222046220175981
35.12,-8.667523582893025,5.175931514873246,0.4752039468627868,-0.9059693294823525,0.0,-0.22106401786896085
35.14,-8.683653695558982,5.167632087582206,0.47080339616096734,-0.9070019679908603,0.0,-0.22002753509097478
35.16,-8.699827151953741,5.159400170170602,0.46638849506484736,-0.9073934593447299,0.0,-0.22074505480599196
35.18,-8.716073111736916,5.151221453349194,0.46192479394810587,-0.9094264925233628,0.0,-0.22318505583707485
35.2,-8.732296042249862,5.14314489444477,0.45747713754363967,-0.906110200478546,0.0,-0.2223828202233105
35.22,-8.748475722714014,5.135179467268703,0.4530425683465787,-0.9017068398588504,0.0,-0.2217284598530489
35.24,-8.7647454531143,5.127259148913165,0.4486034437170212,-0.9047590427166731,0.0,-0.2219562314778733
35.26,-8.781117540589799,5.119378709934564,0.4441577018368564,-0.9084967897588614,0.0,-0.2222870940082447
35.28,-8.7975317608417,5.111567679716834,0.4396762672045956,-0.9088988111173771,0.0,-0.2240717316130318
35.3,-8.81394988274065,5.1038448397326786,0.4351868749510393,-0.9071893188712012,0.0,-0.22446961267781715
35.32,-8.83035260755582,5.096218985023182,0.4307075044081091,-0.9044377278350336,0.0,-0.2239685271465098
35.34,-8.846809715077745,5.088657312465139,0.42623467064523046,-0.9055596058007751,0.0,-0.22364168814393592
35.36,-8.86328157187136,5.0811779108373365,0.4217840278641645,-0.9045213028715169,0.0,-0.22253213905329616
35.38,-8.879843425370996,5.073746374213689,0.4173122482633247,-0.9076380445034807,0.0,-0.22358898004198796
35.4,-8.896451358839913,5.066383203045389,0.4128096753548675,-0.9083498001343949,0.0,-0.22512864542285765
35.42,-8.913057914639381,5.059109934601279,0.40833251731347897,-0.9064741162615955,0.0,-0.2238579020694305
35.44,-8.929599407513985,5.0519532550426645,0.4038853087881259,-0.9011645921046803,0.0,-0.22236042626764915
35.46,-8.94627965120818,5.044824442465827,0.3994362080795017,-0.9069874564366688,0.0,-0.2224550354312126
35.48,-8.962999183545643,5.037766646260034,0.39499414795537846,-0.9074073628558394,0.0,-0.2221030062061587
35.5,-8.979790463443484,5.030766278334742,0.39052103781972713,-0.9096046279800695,0.0,-0.22365550678257098
35.52,-8.996568526593363,5.023859351711789,0.3860434331097975,-0.9072059281609699,0.0,-0.22388023549647704
35.54,-9.013323524032137,5.017049495653227,0.381590158702292,-0.9043009437013417,0.0,-0.22266372037527613
35.56,-9.03012321445063,5.010308489971222,0.3771399869671384,-0.9050839129081413,0.0,-0.22250858675767723
35.58,-9.046972053672526,5.003634660981844,0.37269989436743384,-0.9061227517626689,0.0,-0.22200462998522882
35.6,-9.06384665490937,4.997037156187941,0.3682510910347683,-0.9059238880944134,0.0,-0.22244016663327726
35.62,-9.080790991938201,4.9904991411733,0.36376248276133916,-0.9080971832330509,0.0,-0.2244304136714567
35.64,-9.09771333552609,4.984056728616629,0.3592976363736974,-0.9053595860994756,0.0,-0.2232423193820874
35.66,-9.114552557719264,4.9777318967294475,0.3548919691038711,-0.8993927152143443,0.0,-0.2202833634913117
35.68,-9.131561474284414,4.971428693988791,0.3504753955466711,-0.9069641772280875,0.0,-0.22082867786000537
35.7,-9.148610994161732,4.965195946557011,0.3460577163292151,-0.9076525609993372,0.0,-0.22088396087279752
35.72,-9.165733120777945,4.959022267333499,0.3415966996696634,-0.9100570518056388,0.0,-0.22305083297758918
35.74,-9.182828187808644,4.952944383118954,0.3371312847337648,-0.9071686630796574,0.0,-0.22327074679492506
35.76,-9.199881427393658,4.946967010088388,0.33268762129568935,-0.9035236143709837,0.0,-0.2221831719037752
35.78,-9.216997637052826,4.941052836175575,0.3282485556673137,-0.9054585663734344,0.0,-0.2219532814187827
35.8,-9.234179077023331,4.935201368468665,0.323821679026437,-0.9075262445035233,0.0,-0.2213438320438331
35.82,-9.251364893473875,4.929433186753088,0.31937582302451273,-0.9063997564205643,0.0,-0.22229280009621233
35.84,-9.268603637003233,4.92373238900157,0.31488856772833546,-0.9078454899853292,0.0,-0.22436276480886538
35.86,-9.285826832206524,4.918122343345614,0.3104212931170835,-0.9056918146817554,0.0,-0.22336373056259406
35.88,-9.302968720145595,4.912623361292514,0.30598998724595317,-0.9001154450068798,0.0,-0.2215652935565133
35.9,-9.320250517935795,4.907163839612205,0.30156436826209343,-0.9061828069422837,0.0,-0.22128094919298583
35.92,-9.337597236188751,4.901768123092511,0.2971229053434786,-0.9083259201799946,0.0,-0.22207314593074423
35.94,-9.354990933834141,4.896442405195672,0.29264305044746336,-0.909538329175777,0.0,-0.2239927448007594
35.96,-9.372355430689751,4.891210595510758,0.28817261319484805,-0.9067766864389163,0.0,-0.22352186263077217
35.98,-9.389678596996628,4.886075597539246,0.2837206892151686,-0.9034106140941,0.0,-0.2225961989839735
36.0,-9.407058649228626,4.881007800204212,0.27926792037631143,-0.9051916722660726,0.0,-0.22263844194285826
36.02,-9.424472125371327,4.876014279066131,0.2748242089933576,-0.9057654286967652,0.0,-0.22218556914769197
36.04,-9.441919410416267,4.871094862822756,0.2703581642789641,-0.9063779725022588,0.0,-0.22330223571967456
36.06,-9.459412154004415,4.866246857881878,0.2658684028456909,-0.9076056827547275,0.0,-0.22448807166365614
36.08,-9.476883438949404,4.861489162583575,0.26139616908668545,-0.9053748701235729,0.0,-0.22361168795027592
36.1,-9.494249205964678,4.8568435234632465,0.25696888592023764,-0.8988212097868532,0.0,-0.22136415832238499
36.12,-9.511792462806017,4.852233532246349,0.2525310954793129,-0.9069425004114751,0.0,-0.22188952204624104
36.14,-9.529381869398296,4.847694765423776,0.2480921789859153,-0.9082780804057129,0.0,-0.2219458246698823
36.16,-9.54699068613569,4.843234263760211,0.24362073522934452,-0.9082490049289608,0.0,-0.2235721878285379
36.18,-9.564581269954118,4.83886198887421,0.23915351529183168,-0.9062911049324667,0.0,-0.22336099687564231
36.2,-9.582124377903282,4.8345846333675855,0.23471175542893302,-0.9028516027649649,0.0,-0.22208799314492822
36.22,-9.599742311478595,4.830371851468092,0.23026467807202605,-0.9057305266977058,0.0,-0.22235386784535166
36.24,-9.617362548491924,4.826241270254971,0.22583287543951128,-0.9048956480778345,0.0,-0.22159013162573823
36.26,-9.635046142122299,4.822178428503927,0.22135880506644054,-0.9072157499435795,0.0,-0.22370351865353688
36.28,-9.652753800225474,4.818193380093652,0.21687848313149968,-0.9075265372582089,0.0,-0.224016096747041
36.3,-9.6704175916265,4.814301268107379,0.21241300965979176,-0.9043755613303759,0.0,-0.22327367358539882
36.32,-9.688077289458795,4.810492665015528,0.20798567424733366,-0.9032862019305232,0.0,-0.22136677062290194
36.34,-9.705820562794147,4.806748168804104,0.20357128867285276,-0.9067041972583991,0.0,-0.22071927872404468
36.36,-9.723625690687008,4.803072642317356,0.1991359744574004,-0.9090270543773092,0.0,-0.22176571077261933
36.38,-9.741437149123648,4.799478100076256,0.19466676158747406,-0.9085273600216976,0.0,-0.22346064349631592
36.4,-9.759213031397852,4.7959733432980665,0.1902174314708366,-0.9059046731039673,0.0,-0.22246650583187058
36.42,-9.7769362324111,4.792560823877283,0.18577928471813834,-0.9024371764189233,0.0,-0.22190733763491377
36.44,-9.79474933682593,4.7892129126253655,0.18134513051720058,-0.9062494119230492,0.0,-0.22170771004688467
36.46,-9.81257789462795,4.78594387643551,0.17693222724292026,-0.9062892348893531,0.0,-0.22064516371401952
36.48,-9.830456417439787,4.782747162019959,0.17246024594845977,-0.9081031893292604,0.0,-0.22359906472302402
36.5,-9.848334374347905,4.779632989316579,0.16799190782514953,-0.9073579983046371,0.0,-0.22341690616550966
36.52,-9.86617044981023,4.776608164481192,0.16353586632146636,-0.9045373861573522,0.0,-0.22280207518416467
36.54,-9.884023356973588,4.773662265209507,0.1590853889230709,-0.9047162769376939,0.0,-0.22252386991977274
36.56,-9.901935771773859,4.770788376450629,0.1546433751550615,-0.9070747496421697,0.0,-0.22210068840046845
36.58,-9.919921563810565,4.767984606832478,0.15017454643707318,-0.9101508655977067,0.0,-0.223441435899415
36.6,-9.93787415192323,4.765268133292154,0.14568913359914065,-0.9078472454635443,0.0,-0.2242706418966268
36.62,-9.955798116767253,4.762638172745769,0.1412037683288057,-0.9057941380431338,0.0,-0.22426826351674817
36.64,-9.973643127922509,4.760101508374729,0.1367581741454969,-0.9012201302435968,0.0,-0.22227970916543963
36.66,-9.99162158963385,4.757627363030397,0.13231315904984475,-0.9073952841665094,0.0,-0.22225075478261228
36.68,-10.009585272057715,4.755236563422291,0.12788680735248364,-0.9061040351300517,0.0,-0.22131758486805228
36.7,-10.027613340175849,4.752918359443872,0.1233961317144158,-0.9088252166364025,0.0,-0.22453378190339202
36.72,-10.045613996091882,4.750685805208815,0.11890989670875339,-0.9069287621140592,0.0,-0.22431175028312125
36.74,-10.06357166010744,4.74854033970889,0.11443653449081902,-0.904268653535912,0.0,-0.22366811089672065
36.76,-10.081568900832407,4.746471760109889,0.10998825691373733,-0.9057865301352225,0.0,-0.2224138788540851
36.78,-10.099604010333225,4.74448007194066,0.105557155364255,-0.907237560496051,0.0,-0.22155507747411535
36.8,-10.11768398686041,4.74256448105439,0.10110280207455233,-0.9090586335148066,0.0,-0.2227176644851346
36.82,-10.13575046605295,4.740731660229662,0.09661620851097724,-0.9079604927942767,0.0,-0.22432967817875338
36.84,-10.15378709063244,4.7389835873199475,0.09214208227951867,-0.9060568209542698,0.0,-0.22370631157292833
36.86,-10.171717096281485,4.737326787775171,0.0876960816358383,-0.9003195089888504,0.0,-0.22230003218402025
36.88,-10.189779108570868,4.735738746985229,0.08324709329571624,-0.9065844713708943,0.0,-0.22244941700610127
36.9,-10.20784675282933,4.734231183998041,0.07881066269895215,-0.9065215320259945,0.0,-0.22182152983820438
36.92,-10.225988263335939,4.732798472054813,0.07430431888228839,-0.9098998117563561,0.0,-0.22531719083318788
36.94,-10.244074997051412,4.731452070826536,0.06980935821721401,-0.9068389227998606,0.0,-0.2247480332537198
36.96,-10.262113689746604,4.730190751651956,0.06532978482144136,-0.9041368262212371,0.0,-0.22397866978863276
36.98,-10.280214854906369,4.72900652118987,0.06087548545456344,-0.906993084219005,0.0,-0.22271496834389634
37.0,-10.298326147350195,4.7279026235160355,0.05644323186224217,-0.9072451488712121,0.0,-0.2216126796160634
37.02,-10.316438875472848,4.726879195546668,0.051997018299414846,-0.9070809292086596,0.0,-0.2223106781413665
37.04,-10.334570796591349,4.725935539107671,0.04750866649496196,-0.9078230154088202,0.0,-0.22441759022264454
37.06,-10.352661404388899,4.72507543124888,0.0430349171498803,-0.9055521465016543,0.0,-0.22368746725408256
37.08,-10.370637351486128,4.724301359934769,0.03859787991290324,-0.8996302857865024,0.0,-0.22185186184885353
37.1,-10.38876756735416,4.723601224318871,0.034141571411791756,-0.90718647104949,0.0,-0.22281542505557406
37.12,-10.406901901605213,4.722981848974681,0.029692228971426825,-0.90724542509996,0.0,-0.22246712201824612
37.14,-10.425085205928731,4.722441787418708,0.02519465954989382,-0.9095661364159918,0.0,-0.2248784710766506
37.16,-10.443214115729004,4.7219849390395074,0.020711296419038575,-0.9067332587205957,0.0,-0.22416815654276198
37.18,-10.461282017166086,4.721610675861274,0.016250796111943903,-0.9035888656721218,0.0,-0.22302501535473374
37.2,-10.479403870222956,4.721316155395143,0.011793028799646848,-0.9062123102779778,0.0,-0.22288836561485248
37.22,-10.497545437306165,4.721102201453382,0.007355863080478827,-0.9071414340164647,0.0,-0.22185828595840093
37.24,-10.515703818282043,4.720968628479997,0.0028960849804565672,-0.9079436125172421,0.0,-0.22298890500111304
37.26,-10.533885065412337,4.720915973896047,-0.0016075581316973456,-0.9090661688211094,0.0,-0.22518215560769558
37.28,-10.551992030211904,4.720945081919625,-0.0060938259814224995,-0.9053494097996071,0.0,-0.2243133924862577
37.3,-10.569960023272516,4.721054577097933,-0.010518249106568128,-0.8984163341962437,0.0,-0.2212211562572813
37.32,-10.588082969215147,4.721245205787931,-0.014947828771457936,-0.906197424594924,0.0,-0.22147898324449025
37.34,-10.606240773886201,4.721516645759952,-0.019385053723240446,-0.907991671396992,0.0,-0.22186124758912532
37.36,-10.624401480329093,4.72186873613398,-0.023877198369039652,-0.9082059597585124,0.0,-0.22460723228996038
37.38,-10.64252855913139,4.722301642263089,-0.02835780504441052,-0.9066123670308984,0.0,-0.22403033376854337
37.4,-10.660592421332158,4.7228140311015,-0.03281555813370453,-0.9035563899531253,0.0,-0.22288765446470027
37.42,-10.678696859750634,4.723408351701746,-0.03727136681015194,-0.905709538737784,0.0,-0.22279043382237035
37.44,-10.696807637845097,4.724083677895157,-0.04169992215337316,-0.9061682358348361,0.0,-0.22142776716106116
37.46,-10.71496010343788,4.72484107335566,-0.046161774543573536,-0.908412977368665,0.0,-0.22309261951001852
37.48,-10.733109322727163,4.725679469124399,-0.050655327697214855,-0.9084286822248924,0.0,-0.22467765768206704
37.5,-10.751173430079033,4.726595295861501,-0.055138149219923716,-0.9043654032418221,0.0,-0.2241410761354424
37.52,-10.769188450455712,4.727589618599321,-0.05957233063123092,-0.9021219940771239,0.0,-0.22170907056536143
37.54,-10.787295742983709,4.728669590075781,-0.06399300835140555,-0.9069735126844077,0.0,-0.2210338860087309
37.56,-10.805439311851515,4.729832239119993,-0.0684381109054615,-0.9090391136536079,0.0,-0.2222551277027974
37.58,-10.823554866852094,4.731073972754854,-0.07293192949783811,-0.907903127264881,0.0,-0.2246909296188303
37.6,-10.841635457220203,4.732394968081746,-0.07742174981966339,-0.9064391550361045,0.0,-0.224491016091265
37.62,-10.859627302501249,4.733790718108742,-0.08189063791437202,-0.9022951495421775,0.0,-0.2234444047354307
37.64,-10.877713547798622,4.735275131955684,-0.08635517608695863,-0.9073529542380198,0.0,-0.22322690862933045
37.66,-10.89576135427415,4.736837539130179,-0.09079146437426529,-0.9057654701369947,0.0,-0.22181441436533253
37.68,-10.913852846279848,4.738484620350666,-0.09527996569538072,-0.9083156933840596,0.0,-0.2244250660557725
37.7,-10.931927980087323,4.740212049001849,-0.0997889157685653,-0.9078745396570955,0.0,-0.225447503659229
37.72,-10.949934234402381,4.742014861605739,-0.10427918236726864,-0.9048139694756294,0.0,-0.22451332993516748
37.74,-10.967904091514441,4.743895565577414,-0.10874083528524953,-0.903400260207123,0.0,-0.22308264589904392
37.76,-10.985935579144464,4.745864089710393,-0.11318491834149748,-0.9069311349460215,0.0,-0.22220415281239686
37.78,-11.004008431795405,4.747918444222596,-0.11764793502793632,-0.9094618950297495,0.0,-0.22315083432194188
37.8,-11.022047065027719,4.750050497872557,-0.12216099975091686,-0.9082096972289144,0.0,-0.22565323614902805
37.82,-11.040046928632904,4.752260383092207,-0.126688914977003,-0.9067506306715609,0.0,-0.2263957613043089
37.84,-11.057929073866397,4.754538051314528,-0.13118231498429297,-0.9013308086972276,0.0,-0.22467000036449955
37.86,-11.075882569307758,4.7569068360035,-0.13566148396604344,-0.9054544983952653,0.0,-0.2239584490875218
37.88,-11.093868610610084,4.759361928775915,-0.1401393322841045,-0.9076413970425135,0.0,-0.223892415903053
37.9,-11.111871305382147,4.76190146085851,-0.14465726063482948,-0.9090465365626372,0.0,-0.22589641753625037
37.92,-11.12982609622453,4.7645170213844255,-0.1491709913486521,-0.9072150669197275,0.0,-0.2256865356911297
37.94,-11.147708681222912,4.767204548219761,-0.15367432150986704,-0.9041704025168441,0.0,-0.22516650806074645
37.96,-11.165545238066471,4.769967351912472,-0.15814804918047867,-0.902463079962201,0.0,-0.2236863835305819
37.98,-11.183431595679965,4.772819865443509,-0.1626020349440459,-0.9056194318290226,0.0,-0.22269928817836318
38.0,-11.201402374076588,4.775767978628771,-0.16709050457396782,-0.9105496245862146,0.0,-0.2244234814960938
38.02,-11.219313426313297,4.7787889119025655,-0.17159729938190954,-0.9082012856064001,0.0,-0.22533974039708413
38.04,-11.237158732501555,4.781881532732469,-0.17608260345254584,-0.9055650950514593,0.0,-0.2242652035318118
38.06,-11.254876667490946,4.7850340012470465,-0.18051121487942726,-0.8998100883292564,0.0,-0.2214305713440716
38.08,-11.272690340578094,4.788284955986541,-0.1849892551819331,-0.9053944659291122,0.0,-0.2239020151252917
38.1,-11.290534116025816,4.791624038842048,-0.18951207622671817,-0.9076753226575871,0.0,-0.22614105223925554
38.12,-11.308383041346035,4.795047711075892,-0.19405234965545556,-0.9087156687483902,0.0,-0.22701367143686865
38.14,-11.326182495844439,4.798545755487869,-0.1985875602037719,-0.9069962722482956,0.0,-0.2267605274158168
38.16,-11.343918588191379,4.802114966296137,-0.20311174349074101,-0.9045831049895426,0.0,-0.22620916434845756
38.18,-11.361655931527682,4.805768002309947,-0.20762119540329482,-0.9054805640489062,0.0,-0.22547259562768748
38.2,-11.379351063406585,4.809495602644598,-0.21210115594617407,-0.9041746187361173,0.0,-0.22399802714396227
38.22,-11.39716860033922,4.813332431807323,-0.21662537750545846,-0.91129835999216,0.0,-0.2262110779642208
38.24,-11.414903665230382,4.817235541963159,-0.22114950298813166,-0.9079741124920442,0.0,-0.22620627413366048
38.26,-11.432569784921451,4.821207357655687,-0.2256577747796827,-0.9053550475291915,0.0,-0.22541358957754962
38.28,-11.45012613874588,4.825237729531496,-0.23011388930581259,-0.9006517876874376,0.0,-0.2228057263064904
38.3,-11.467796351826061,4.829377215469158,-0.23459732424183388,-0.9074301269617229,0.0,-0.22417174680106947
38.32,-11.485426639535916,4.833590818726237,-0.2390513514177217,-0.9063408535704048,0.0,-0.22270135879438907
38.34,-11.503074970538568,4.8378919195269035,-0.24356051418758326,-0.9082442613039741,0.0,-0.2254581384930775
38.36,-11.520676025768466,4.842265671740785,-0.2480501716452598,-0.9068170345146144,0.0,-0.22448287288382843
38.38,-11.538202868388897,4.846704624992996,-0.25252471365554147,-0.9040112253405259,0.0,-0.22372710051407949
38.4,-11.555745805402944,4.851231281404988,-0.2570148517462197,-0.9058770023450181,0.0,-0.22450690453391065
38.42,-11.573303823842473,4.855846014462341,-0.2614746955698633,-0.9077166032323454,0.0,-0.22299219118217944
38.44,-11.590876722763108,4.860548543628021,-0.26595312031744023,-0.9095610988670743,0.0,-0.22392123737884656
38.46,-11.608390903730022,4.86531951398498,-0.27047586352037495,-0.9076187154978738,0.0,-0.22613716014673804
38.48,-11.625844646406952,4.870158922218112,-0.2749923884130931,-0.9056116793076929,0.0,-0.2258262446359043
38.5,-11.643161159028647,4.8750446099795886,-0.27945723349670215,-0.8996270814620733,0.0,-0.22324225418045793
38.52,-11.660587557909935,4.880045407394681,-0.2839282192622366,-0.9064868349244253,0.0,-0.22354928827671938
38.54,-11.677993357486596,4.885124631906671,-0.2883828673989346,-0.9065875310002788,0.0,-0.2227324068348989
38.56,-11.695418495100357,4.890293842471812,-0.29288874357919525,-0.9087851213643624,0.0,-0.22529380901303864
38.58,-11.71278618717973,4.895531269683982,-0.2973847423829021,-0.9070107110264478,0.0,-0.2247999401853349
38.6,-11.730061039184394,4.900825546276703,-0.30185883714942546,-0.903396198275181,0.0,-0.22370473832617158
38.62,-11.747365537201507,4.90621371930935,-0.3063413406227754,-0.9061981850759765,0.0,-0.2241251736674909
38.64,-11.764682619820169,4.911691080263265,-0.3087779747587886,-0.9081338467442719,0.0,-0.12183170680066367
38.66,-11.782001331897325,4.917215413688278,-0.31000356007019686,-0.9089225046753406,0.0,-0.06127926557041978
38.68,-11.79928983432198,4.922753464400312,-0.31019539086311265,-0.9076925715466283,0.0,-0.009591539645783149
38.7,-11.816526693393998,4.928278618201275,-0.3094012515361006,-0.9050367881926991,0.0,0.03970696635059972
38.72,-11.83367887319496,4.933761611706866,-0.30771924226290887,-0.900361718570517,0.0,0.08410046365958976
38.74,-11.850943077415023,4.939248427019956,-0.3052845990236415,-0.9057564375040215,0.0,0.12173216196336566
38.76,-11.868231614858052,4.944696668614162,-0.3021420492421983,-0.9063344628058845,0.0,0.1571274890721567
38.78,-11.885542781942545,4.950092296766904,-0.2983623969567,-0.9066274165690695,0.0,0.18898261427491622
38.8,-11.902870120897862,4.955421196023862,-0.29406309266823827,-0.9064130440412617,0.0,0.21496521442308578
38.82,-11.920158881082251,4.960656977657317,-0.2893278289367934,-0.9032090539107629,0.0,0.23676318657224835
38.84,-11.937547689012895,4.965833293743127,-0.2841648530178887,-0.9071450951598347,0.0,0.2581487959452313
38.86,-11.954945965891556,4.9709147909504825,-0.2786274131371083,-0.9062583133616928,0.0,0.2768719940390198
38.88,-11.972423296113556,4.975914510332383,-0.2727655090114687,-0.9089200536716461,0.0,0.29309520628198316
38.9,-11.989902558036263,4.980804119862972,-0.2665672270023703,-0.9075142956507911,0.0,0.30991410045491574
38.92,-12.007352183023427,4.985569017810515,-0.26008765887231106,-0.9044247683516335,0.0,0.32397840650295767
38.94,-12.024824850967537,4.990218763937571,-0.25331132911021703,-0.9040385281214419,0.0,0.3388164881047124
38.96,-12.04237087991351,4.99476094208888,-0.2462770954985234,-0.9062208810923329,0.0,0.3517116805846731
38.98,-12.05999712317378,4.999191827703787,-0.23907156577078675,-0.9087315318654963,0.0,0.3602764863868373
39.0,-12.077647498124799,5.003493804622598,-0.23170352012674994,-0.9083539251326589,0.0,0.36840228220184057
39.02,-12.095289907702666,5.007656372266361,-0.22417012318521937,-0.9063409748849061,0.0,0.376669847076527
39.04,-12.112882764338643,5.011667582051956,-0.21650831455181477,-0.9022172805899661,0.0,0.38309043167023316
39.06,-12.13055790648613,5.015555335223036,-0.20865439312722392,-0.9048829684731217,0.0,0.3926960712295383
39.08,-12.148321843358394,5.019316602105552,-0.20070260165718892,-0.9078884592328947,0.0,0.3975895735017519
39.1,-12.166132386276205,5.022940007673353,-0.19272264506781964,-0.908769094621879,0.0,0.3989978294684636
39.12,-12.183944637733182,5.026415973623584,-0.184622901971163,-0.9074120360312229,0.0,0.40498715483283204
39.14,-12.201728318866396,5.0297370683196325,-0.17646200791675107,-0.9045564999323806,0.0,0.4080447027205962
39.16,-12.21953408451911,5.0329121340516,-0.1682183348518095,-0.9043317047434435,0.0,0.41218365324707695
39.18,-12.23737569252808,5.03594205332374,-0.15997315866359715,-0.9048527326883126,0.0,0.4122588094106195
39.2,-12.255311145815972,5.038835973156425,-0.1516974399195092,-0.9083711474944631,0.0,0.41378593720439844
39.22,-12.273268620184684,5.0415811659845895,-0.14336754796347365,-0.9083046974539827,0.0,0.4164945978017788
39.24,-12.291212080838555,5.044171447407378,-0.13496943716808382,-0.9064730250899291,0.0,0.4199055397694911
39.26,-12.309071172968856,5.046596623208871,-0.12655820549872368,-0.9011501669903993,0.0,0.4205615834680052
39.28,-12.327062180101729,5.048885767583083,-0.11807011087118323,-0.9068027895042297,0.0,0.4244047313770227
39.3,-12.345075878118505,5.05102258561921,-0.10958562017679992,-0.9069995969667867,0.0,0.4242245347191657
39.32,-12.36313699689802,5.0530097856648135,-0.10108767087178468,-0.9085056075624166,0.0,0.4248974652507641
39.34,-12.38118751335098,5.054840711153795,-0.09249039703067499,-0.9071568667612089,0.0,0.42986369205548347
39.36,-12.39920630450873,5.0565120448153245,-0.08382641958744068,-0.9048068730325696,0.0,0.4331988721617147
39.38,-12.417198223461032,5.05802378555702,-0.07511350953099577,-0.902765899411701,0.0,0.43564550282224557
39.4,-12.435285422212266,5.059384939390676,-0.06634833262673426,-0.9069171660431815,0.0,0.4382588452130762
39.42,-12.453416269956273,5.0605896591927895,-0.05760169237091414,-0.9085413993291209,0.0,0.43733201279100603
39.44,-12.471543979783533,5.061635002347299,-0.04880788477198496,-0.907891246091727,0.0,0.43969037994645943
39.46,-12.489646848845105,5.062519267374255,-0.039965516464871925,-0.9062226449641486,0.0,0.44211841535565205
39.48,-12.507668620709756,5.063239900510592,-0.031107735512030454,-0.9018087009709301,0.0,0.4428890476420735
39.5,-12.525809874400998,5.063804415936229,-0.022166605223774335,-0.9075017398823332,0.0,0.44705651441280575
39.52,-12.543952377984866,5.064206639531747,-0.013266289671902843,-0.9073480866120216,0.0,0.44501577759357447
39.54,-12.562123279318492,5.0644477141152,-0.004372297839522805,-0.9086250219853286,0.0,0.44469959161900185
39.56,-12.580265119126226,5.0645270361476635,0.004574121213063474,-0.9071006608893214,0.0,0.4473209526293139
39.58,-12.598356577386868,5.064444283047521,0.01353593715183898,-0.9045823761163281,0.0,0.44809079693877524
39.6,-12.616414598441501,5.064199835879924,0.022518372979094557,-0.9029837745321366,0.0,0.4491217913627789
39.62,-12.634549848695242,5.06379139051054,0.031518979330954607,-0.906992460533136,0.0,0.45003031759300255
39.64,-12.65271525568933,5.063218645746716,0.0404723418976563,-0.9087216953299938,0.0,0.4476681283350844
39.66,-12.67085714621617,5.062483999787579,0.04946123077824443,-0.9078379488833611,0.0,0.44944444402940664
39.68,-12.688953330625605,5.061588209624127,0.058485262975836685,-0.9059171184457573,0.0,0.4512016098796129
39.7,-12.706950390312421,5.060534445105177,0.06748409444726068,-0.9013941660453726,0.0,0.44994157357119824
39.72,-12.725077865833107,5.059309268409848,0.07656673252620315,-0.9084415593309282,0.0,0.45413190394712377
39.74,-12.743178511318687,5.057920646484997,0.08558056318273945,-0.9076916296914987,0.0,0.4506915328268151
39.76,-12.761281275442554,5.056367608382884,0.09457692711818134,-0.9084629825575992,0.0,0.44981819677209367
39.78,-12.779337383346274,5.054654807248615,0.10361985886162252,-0.9068582032990774,0.0,0.4521465871720603
39.8,-12.797325677654332,5.052784162850813,0.11266327467283051,-0.9042649536728078,0.0,0.4521707905603998
39.82,-12.815277427829768,5.05075305899971,0.12171965674504558,-0.9033143378902844,0.0,0.4528191036107522
39.84,-12.833272895695142,5.0485517749056275,0.13077847638384354,-0.9064801643673267,0.0,0.4529409819398992
39.86,-12.851292854953247,5.046181624421838,0.13978077515228687,-0.9087581429890631,0.0,0.45011493842216505
39.88,-12.86927165930716,5.043652036791206,0.14882015487036526,-0.9077943318523726,0.0,0.45196898590392104
39.9,-12.887193138850758,5.0409650937781825,0.15787831697413957,-0.9060892502768394,0.0,0.4529081051887149
39.92,-12.904982763576568,5.038132927458753,0.16690180408286842,-0.9006829546877674,0.0,0.45117435543644485
39.94,-12.922904709169442,5.035113634852351,0.1760175362343025,-0.9087247406077538,0.0,0.4557866075717037
39.96,-12.940778519148024,5.0319346320396745,0.1850493675107337,-0.9077157347340091,0.0,0.45159156382155935
39.98,-12.958636238707154,5.028591828769003,0.19406990812379799,-0.9083948502151522,0.0,0.4510270306532113
40.0,-12.976437854244885,5.025093035015631,0.20312724724951695,-0.9071095213393986,0.0,0.45286695628594903
40.02,-12.994143822966839,5.021446174503397,0.21217063370418396,-0.903881795339506,0.0,0.4521693227333513
40.04,-13.011812393267235,5.0176401393055565,0.22123198403145225,-0.9036928133874275,0.0,0.4530675163634147
40.06,-13.029521054653696,5.013657224615508,0.23028506565154575,-0.9075520612181647,0.0,0.45265408100467674
40.08,-13.047215027618746,5.0095089774681805,0.23927171175040138,-0.9086867360142107,0.0,0.449332304942781
40.1,-13.06485381179975,5.005206085365105,0.24829452133542862,-0.9078017237188696,0.0,0.45114047925135964
40.12,-13.082414230541488,5.0007540620245745,0.25732746807329326,-0.9057991198518813,0.0,0.45164733689323555
40.14,-13.09981783361224,4.996174096638697,0.26631451469009915,-0.899807594405826,0.0,0.4493523308402914
40.16,-13.117343781039983,4.9913931165779655,0.2753990418138515,-0.9083179558683198,0.0,0.45422635618761825
40.18,-13.134819681984947,4.986454785705311,0.2843943380350846,-0.908011874435075,0.0,0.44976481106165284
40.2,-13.152257053571866,4.9813575268841825,0.2933955325226625,-0.9083556232966371,0.0,0.45005972437889363
40.22,-13.169612781523913,4.976114110559299,0.30243331118159433,-0.9065245549645856,0.0,0.4518889329465947
40.24,-13.18687232104905,4.970729058021005,0.31144985761398286,-0.9040056629523419,0.0,0.45082732161942735
40.26,-13.204095332226617,4.965184507835966,0.3204956242583549,-0.9046741827545158,0.0,0.4522883322186014
40.28,-13.22134555112731,4.959458477957102,0.32952063310645746,-0.9087869253784335,0.0,0.4512504424051284
40.3,-13.23853455249551,4.953580022592838,0.33848422094457187,-0.9083198851528282,0.0,0.4481793919057182
40.32,-13.255655391430157,4.947552933556597,0.34749387699763257,-0.9075364015796994,0.0,0.45048280265303553
40.34,-13.272681880051389,4.941386092084344,0.3565016174353563,-0.9054436046944685,0.0,0.4503870218861847
40.36,-13.289528739451564,4.935112084818372,0.36545683251913036,-0.8988601654633607,0.0,0.44776075418870726
40.38,-13.306479632809282,4.928625898569598,0.374514222314379,-0.9074736878809344,0.0,0.45286948976242913
40.4,-13.323388358272718,4.921979659605058,0.3834789866938013,-0.9084017409323938,0.0,0.44823821897111926
40.42,-13.340234737908467,4.915182948282253,0.3924425157685194,-0.9082893146423002,0.0,0.4481764537359012
40.44,-13.3569886234131,4.908248297126909,0.40142319413679345,-0.9066174305470341,0.0,0.44903391841370593
40.46,-13.373620058389445,4.901188721555998,0.41038749915133793,-0.9033856272570175,0.0,0.4482152507272267
40.48,-13.3901680346192,4.893988829786266,0.4193751285892968,-0.9023219475281397,0.0,0.4493814718979425
40.5,-13.406776030936182,4.886584598599812,0.4283717593093045,-0.9091866985489873,0.0,0.4498315360003877
40.52,-13.423311087129504,4.879033835782624,0.43727551480059473,-0.9088758199524675,0.0,0.4451877745645101
40.54,-13.439747648994034,4.871350458791134,0.44612297903762843,-0.9071863754487293,0.0,0.4423732118516862
40.56,-13.456076389315765,4.863540711531392,0.45499549384921467,-0.9050136915477665,0.0,0.4436257405793108
40.58,-13.47238343186067,4.855562797964212,0.46391275483552574,-0.907698657934922,0.0,0.4458630493155557
40.6,-13.488603601621973,4.847447336482579,0.4727503615900779,-0.9068553111513423,0.0,0.4418803377276063
40.62,-13.504788321917916,4.839169972321155,0.48153095389216455,-0.9089278416336615,0.0,0.439029615104333
40.64,-13.520897100407826,4.830752196501049,0.49025940061913204,-0.9087789805483127,0.0,0.4364223363483707
40.66,-13.536889848363778,4.822216524774431,0.4989652311768171,-0.906401785919486,0.0,0.43529152788425374
40.68,-13.552740561475495,4.813578525600208,0.5076203797602696,-0.9025798245638054,0.0,0.43275742917263066
40.7,-13.568554091233311,4.804782428338505,0.5162926736470329,-0.9047638510112108,0.0,0.43361469433814986
40.72,-13.58436501477412,4.795807364757528,0.5250112044711885,-0.9090339233161906,0.0,0.43592654120778734
40.74,-13.600081675161897,4.786703724256233,0.5336470132866401,-0.9081432763082361,0.0,0.43179044077257767
40.76,-13.615703512455417,4.777473927965994,0.5423135205057205,-0.9072361048598686,0.0,0.433325360954026
40.78,-13.631198653828578,4.768136884253172,0.5509783704973991,-0.9045437958846899,0.0,0.43324249958393346
40.8,-13.646645969197367,4.758645247963425,0.5596900056547492,-0.9065190449732173,0.0,0.43558175786750225
40.82,-13.662006086991907,4.74902186111669,0.5684418896313903,-0.9062874724170393,0.0,0.4375941988320533
40.84,-13.677320853121136,4.739239209705641,0.577134633720075,-0.9086285410209056,0.0,0.43463720443422904
40.86,-13.692543902994263,4.729327774232765,0.5858270168593668,-0.90826455475905,0.0,0.43461915696458225
40.88,-13.70764330281692,4.719308889114399,0.594538597559682,-0.9060490246385949,0.0,0.4355790350157639
40.9,-13.722580677395294,4.709208998236877,0.603238843329573,-0.9015721754697668,0.0,0.43501228849454865
40.92,-13.737527277051198,4.698912253659517,0.6119966695401684,-0.907501777085374,0.0,0.4378913105297711
40.94,-13.752406889625469,4.688468327436415,0.6207654355424116,-0.9089533339423603,0.0,0.4384383001121584
40.96,-13.767187930594819,4.677898919556178,0.6294803981526075,-0.9085586869823171,0.0,0.4357481305097956
40.98,-13.781857799983163,4.667214571959633,0.6382295579475721,-0.9074143918779063,0.0,0.4374579897482287
41.0,-13.796378855540226,4.656442917371756,0.6469657445133656,-0.9040044206914161,0.0,0.43680932828968966
41.02,-13.810868117445493,4.645497328755813,0.655743607522477,-0.9079435840250499,0.0,0.43889315045555677
41.04,-13.825231751056862,4.634447282795866,0.6645460870484963,-0.9061146260801995,0.0,0.4401239763009751
41.06,-13.839530097965934,4.623245741532966,0.6732865626136414,-0.908181219521496,0.0,0.43702377825724853
41.08,-13.85373161215573,4.611918364043136,0.6820292811894718,-0.908284765478431,0.0,0.43713592879152446
41.1,-13.86780518719488,4.600490294715946,0.6907959030275661,-0.9064577802215711,0.0,0.4383310919047181
41.12,-13.881671712770503,4.58902718411602,0.6994893009662786,-0.8995602205598882,0.0,0.4346698969356169
41.14,-13.895529102116775,4.577367358584804,0.7082875310946148,-0.9055092088330481,0.0,0.43991150641681054
41.16,-13.909319825447986,4.565554839829208,0.7171070028309887,-0.9079092043663879,0.0,0.4409735868186931
41.18,-13.923017609103672,4.553610887376709,0.7258727217935529,-0.9086903725493176,0.0,0.4382859481282068
41.2,-13.936589839776504,4.541565368191036,0.7346669206730192,-0.9073312210666947,0.0,0.4397099439733044
41.22,-13.950001636559069,4.5294497224332,0.7434435115083646,-0.9036940370863843,0.0,0.4388295417672876
41.24,-13.963362012463342,4.517165872790126,0.7522381832054524,-0.907458823249241,0.0,0.43973358485438047
41.26,-13.97662855156909,4.504751233325135,0.7609861090570821,-0.9084661976238501,0.0,0.43739629258149215
41.28,-13.989780215253841,4.492226507599768,0.7696675423182908,-0.9080680208173545,0.0,0.43407166306041794
41.3,-14.002819122132033,4.479591500647551,0.7783448278410339,-0.9078222475528377,0.0,0.4338642761371513
41.32,-14.015724074830658,4.466867321811476,0.7870618072306013,-0.906149175365394,0.0,0.4358489694783689
41.34,-14.028422169036741,4.454126906947611,0.7957592251267435,-0.8993883579549261,0.0,0.43487089480711844
41.36,-14.041105299405162,4.441178193964347,0.8045416379730366,-0.9062711568086165,0.0,0.4391206423146513
41.38,-14.053696897978469,4.428095031200406,0.8133061826626365,-0.9079062486555184,0.0,0.4382272344799912
41.4,-14.066176294354714,4.414898895491134,0.8220877664729739,-0.9081207678125355,0.0,0.43907919051687233
41.42,-14.078519327834883,4.401615205582835,0.8309427191908123,-0.90665166005531,0.0,0.44274763589190985
41.44,-14.0907080304945,4.388262422293337,0.839817747401235,-0.9039652843180299,0.0,0.4437514105211478
41.46,-14.102775496035271,4.374804503054842,0.8487348080442131,-0.9037965960429512,0.0,0.445853032148892
41.48,-14.114768831064271,4.361186883563671,0.8576778544844427,-0.9073032096881603,0.0,0.4471523220114851
41.5,-14.12664965273439,4.347451283729156,0.8665902985172518,-0.9080482178429163,0.0,0.4456222016404522
41.52,-14.138400718614106,4.333618428129195,0.8755550482746597,-0.9075178281428208,0.0,0.44823748787039963
41.54,-14.150005354388432,4.319707099276846,0.8845410979182126,-0.905804396507575,0.0,0.44930248217763846
41.56,-14.161412132034629,4.305780427405128,0.8934989114960005,-0.9000927253515301,0.0,0.44789067888939565
41.58,-14.172792842981162,4.291628856004052,0.9025554370906907,-0.90800269103167,0.0,0.4528262797345096
41.6,-14.184046699982323,4.277372547990912,0.9115593010550448,-0.9081459348145665,0.0,0.45019319821770565
41.62,-14.195172808262077,4.263014113302006,0.9205696719393714,-0.9082330815495473,0.0,0.4505185442163326
41.64,-14.20615144719707,4.248579211921116,0.9296227581179429,-0.9067757312877519,0.0,0.45265430892857633
41.66,-14.216961789051409,4.234095312006931,0.9386693446252858,-0.9036686999832539,0.0,0.452329325367141
41.68,-14.227651887433503,4.219498879952821,0.9477509493800045,-0.9046187486023004,0.0,0.4540802377359311
41.7,-14.238239804063866,4.204763079142056,0.9568309843746586,-0.9072593401366081,0.0,0.4540017497326983
41.72,-14.248700635211263,4.189921603235436,0.9658657758351982,-0.9078799416513476,0.0,0.45173957302697826
41.74,-14.259022281129218,4.174992978015116,0.9749420516905543,-0.9074693182477177,0.0,0.4538137927678143
41.76,-14.269187749875345,4.160001162305899,0.984025285337226,-0.9056645254833651,0.0,0.4541616823335939
41.78,-14.279143577903483,4.145027497526301,0.9930638496239578,-0.8990677792269307,0.0,0.4519282143365887
41.8,-14.289059961164124,4.129816743761247,1.0021987948638182,-0.9078844737534456,0.0,0.4567472619930192
41.82,-14.29884485908689,4.114503714804656,1.0112760224993915,-0.9086158197834697,0.0,0.45386138177865
41.84,-14.308486955867114,4.0991079271903095,1.0203555946469085,-0.9082955281532866,0.0,0.4539786073758441
41.86,-14.31797254271951,4.08365183335937,1.029456207192153,-0.9067347937036966,0.0,0.45503062726221977
41.88,-14.327282324944859,4.0681678585027345,1.0385401079267975,-0.9033624998365297,0.0,0.4541950367322382
41.9,-14.3364702480457,4.052567391684153,1.0476603573614494,-0.90525203101761,0.0,0.4560124717325921
41.92,-14.345544647516334,4.03683325852282,1.0567636848366042,-0.9081680352380239,0.0,0.45516637375774294
41.94,-14.354473485877248,4.021020631893304,1.0658175561891499,-0.9079693213426938,0.0,0.452693567627287
41.96,-14.363253981388029,4.005136521387977,1.0749132588708923,-0.9074718562582293,0.0,0.4547851340871129
41.98,-14.371870117899697,3.9892092888446897,1.08401225919458,-0.9054205443820622,0.0,0.45495001618439873
42.0,-14.380272517131234,3.9733336691789116,1.0930492834444874,-0.898103018337206,0.0,0.45185121249535765
42.02,-14.38862766934831,3.9571962622475043,1.1021932265077725,-0.9086039718165669,0.0,0.45719715316427223
42.04,-14.396833537595697,3.940985852596861,1.1112608473109413,-0.9084515049455543,0.0,0.4533810401584248
42.06,-14.404889177669055,3.924707568851351,1.1203436000669458,-0.908124246305039,0.0,0.45413763780022376
42.08,-14.41278498926639,3.9083808726298,1.1294407852619732,-0.9067867035464071,0.0,0.4548592597513691
42.1,-14.420497676956442,3.8920555667822754,1.138512543645399,-0.9027751137734957,0.0,0.453587919171291
42.12,-14.428079454195588,3.875623028075624,1.1476214175887987,-0.9048641810371648,0.0,0.4554436971699677
42.14,-14.435546486905887,3.8590438447048436,1.1567086966191011,-0.9091560629762815,0.0,0.45436395151514253
42.16,-14.442851152790253,3.842423432492357,1.1657457557244202,-0.9077392877296608,0.0,0.4518529552659409
42.18,-14.450001732368497,3.82574606114303,1.1748241585469812,-0.9072837255073143,0.0,0.4539201411280634
42.2,-14.456984402733676,3.809043243577393,1.183893178563507,-0.9051820259755599,0.0,0.45345100082628964
42.22,-14.46376891686179,3.792391652507353,1.1929119989490062,-0.8990343668603569,0.0,0.4509410192749443
42.24,-14.470481700333263,3.7754812424646995,1.2020205188734658,-0.9097024647454037,0.0,0.45542599622299745
42.26,-14.477030300376015,3.7585359524914175,1.2110371260915145,-0.9083322833613061,0.0,0.450830360902436
42.28,-14.483424321437868,3.7415363626592595,1.2200745508712132,-0.9081155760708894,0.0,0.45187123898492076
42.3,-14.48965211630749,3.7245133977142015,1.2291221748221595,-0.9063205344396013,0.0,0.45238119754731887
42.32,-14.495699087593277,3.707509451092008,1.2381374708343447,-0.9023581085987067,0.0,0.4507648006092672
42.34,-14.501594583419324,3.6904457075420725,1.2471856948256344,-0.9026741036677012,0.0,0.4524111995644728
42.36,-14.507362995518642,3.6732471728869345,1.2562093024764636,-0.9070063015651358,0.0,0.4511803825414629
42.38,-14.512990507565766,3.6559526472834376,1.2651814881888837,-0.9093534896982192,0.0,0.44860928562100993
42.4,-14.518450823323937,3.6386457353037764,1.274050069663357,-0.9073922118503621,0.0,0.44342907372367096
42.42,-14.52374024294817,3.621347315664802,1.282913049892,-0.9044518809302254,0.0,0.4431490114321393
42.44,-14.528880652102904,3.6039874623787607,1.2918184636676433,-0.9052462543293707,0.0,0.4452706887821756
42.46,-14.533874891025294,3.586552399131861,1.3006935985984396,-0.9068128980628967,0.0,0.44375674653980923
42.48,-14.538721808011108,3.569046208070787,1.309522954387238,-0.9082391338934483,0.0,0.4414677894399205
42.5,-14.543412301988162,3.5515041418465914,1.3183830082360402,-0.9079163248378912,0.0,0.44300269244010515
42.52,-14.547938885518418,3.5339534062384734,1.3272914231023358,-0.9062536604649291,0.0,0.44542074331478937
42.54,-14.552287591479095,3.516448984141149,1.3361855752506517,-0.9018259761363594,0.0,0.4447076074158041
42.56,-14.556486665526865,3.4988805320212504,1.3451379552507223,-0.9031648973856193,0.0,0.4476190000035101
42.58,-14.56055067104145,3.481177718060216,1.3540811045842382,-0.9081654075133586,0.0,0.44715746667582074
42.6,-14.56445330081697,3.463452422722019,1.3629768232923354,-0.9074918925135019,0.0,0.44478593540484346
42.62,-14.56819725128545,3.4456971327518913,1.371926955438137,-0.9072864583936022,0.0,0.44750660729008745
42.64,-14.571771090527797,3.4279638811552746,1.3808844563857754,-0.9044895509609762,0.0,0.4478750473819206
42.66,-14.575183417608507,3.4102124656754254,1.389869271424323,-0.9038206786248906,0.0,0.4492407519273808
42.68,-14.578442451448414,3.3923964738672714,1.3988932278165414,-0.9055811196103047,0.0,0.4511978196109178
42.7,-14.581551140447965,3.3744909955152385,1.4078667777462763,-0.9086667462703956,0.0,0.4486774964867438
42.72,-14.584496419616734,3.356574226485462,1.4167561096080132,-0.9078618863135856,0.0,0.4444665930868412
42.74,-14.587277184785266,3.338665033752366,1.4255930290812329,-0.9061896038822509,0.0,0.4418459736609806
42.76,-14.589891059842866,3.320790240870042,1.4343968523815196,-0.9032449327324338,0.0,0.44019116501434097
42.78,-14.59235217904466,3.3028588129276324,1.4431873936064046,-0.9049768170777369,0.0,0.43952706124424745
42.8,-14.594656958698696,3.2848956843299226,1.4519184164704921,-0.9055191857044155,0.0,0.4365511432043733
42.82,-14.596813763782677,3.2668382038955115,1.4606535066900663,-0.9092914931547421,0.0,0.4367545109787061
42.84,-14.598808947477366,3.248797000582791,1.469380936852057,-0.9075596054068198,0.0,0.4363715080995368
42.86,-14.60064114617979,3.2307927020766694,1.478090254984493,-0.9048642395170341,0.0,0.4354659066217894
42.88,-14.602315865299321,3.2127796572822764,1.4868029097698163,-0.9045364377598769,0.0,0.43563273926617324
42.9,-14.603839526288091,3.194682093600739,1.4955060871212242,-0.9080795036999916,0.0,0.4351588675703849
42.92,-14.605205454549335,3.176574217797973,1.5041458215808154,-0.9079660319957739,0.0,0.4319867229795656
42.94,-14.606415248383913,3.158449795760194,1.5127813790686622,-0.9082376827209333,0.0,0.43177787439234644
42.96,-14.607465145850943,3.140373087052762,1.521425805882451,-0.90535860627794,0.0,0.43222134068944174
42.98,-14.608351607282344,3.1224323997089565,1.5300365383776071,-0.8981287160501358,0.0,0.4305366247578057
43.0,-14.609090610847263,3.104311739669832,1.5387347058825387,-0.9067861469531796,0.0,0.4349083752465749
43.02,-14.609673005906616,3.0861530979068563,1.5474223780311196,-0.9083989413815551,0.0,0.43438360742905024
43.04,-14.610097503645067,3.0679952576114435,1.556091672021704,-0.9081400807745272,0.0,0.4334646995292207
43.06,-14.610364276222027,3.049854515581277,1.5648044389632256,-0.9071351732416613,0.0,0.43563834707607396
43.08,-14.610472538487912,3.0317865922012004,1.5735162363076287,-0.9034123864361899,0.0,0.4355898672201808
43.1,-14.610423301553162,3.0136842203750254,1.5822705954867566,-0.9051219393109999,0.0,0.43771795895637244
43.12,-14.610214823082934,2.99551580141938,1.591039171222415,-0.9084807518880249,0.0,0.43842878678294134
43.14,-14.60984735447689,2.977365268616818,1.5997621445880683,-0.9077126117242605,0.0,0.4361486682826366
43.16,-14.609321176621041,2.959204873709101,1.608501682957248,-0.9084008013264578,0.0,0.43697691845902215
43.18,-14.608638062214217,2.94109628864038,1.6172630383427875,-0.9060732565360005,0.0,0.4380677692769358
43.2,-14.607804251741673,2.923164951353389,1.625972713082779,-0.8975356494367726,0.0,0.435483736999575
43.22,-14.606803752210492,2.905050607987307,1.634778218426324,-0.9070976172609772,0.0,0.4402752671772588
43.24,-14.605642825183471,2.8869307554880774,1.6435643770689523,-0.9078502163847068,0.0,0.4393079321314007
43.26,-14.604322729913319,2.8688216486636255,1.6523057740640203,-0.9078579204667551,0.0,0.4370698497534167
43.28,-14.60284513830218,2.8507339552635353,1.6610706987987507,-0.9073972800060852,0.0,0.43824623673652946
43.3,-14.601216715689716,2.8327443909863885,1.6698277225712643,-0.9031558324652378,0.0,0.43785118862568306
43.32,-14.599425713961727,2.81471836027178,1.6786274263540786,-0.9057392981891517,0.0,0.4399851891407118
43.34,-14.59747114391292,2.796662450982822,1.687402482410489,-0.9080696618745379,0.0,0.4387528028205236
43.36,-14.595359531422433,2.77863567302889,1.6961308186166835,-0.9075015574509437,0.0,0.43641681030971324
43.38,-14.593089003433892,2.7606148836550912,1.7048786738404633,-0.908163183301274,0.0,0.43739276118899906
43.4,-14.59066683968288,2.7426585225386786,1.7136483594378153,-0.9059494767641952,0.0,0.438484279867587
43.42,-14.588111546113387,2.7248926698325273,1.7223638020466707,-0.8974339078770027,0.0,0.435772130442781
43.44,-14.58537378974644,2.706968246185269,1.731163270266801,-0.9066149582528792,0.0,0.4399734110065101
43.46,-14.582471967064654,2.6890287386081626,1.7399370179887848,-0.9086342869735551,0.0,0.43868738609918023
43.48,-14.579415682944852,2.6711319034352865,1.7486784650231317,-0.9077962076177168,0.0,0.43707235171734543
43.5,-14.576205655784905,2.653276832266778,1.7574573576536539,-0.9070664815768623,0.0,0.43894463152612145
43.52,-14.572853914051551,2.635529563399428,1.766229239088013,-0.9030500053943746,0.0,0.4385940717179567
43.54,-14.569330930375887,2.6177330893814394,1.7750669074764014,-0.9070913700558728,0.0,0.44188341941940623
43.56,-14.565647266866035,2.5999513560601843,1.783877304696951,-0.9079639540780909,0.0,0.44051986102748814
43.58,-14.561809251489299,2.582212783708104,1.7926432553318752,-0.9074515291767122,0.0,0.4382975317462038
43.6,-14.557813048723569,2.564495939231804,1.8014371149392572,-0.9080972067216015,0.0,0.4396929803690987
43.62,-14.553674098233248,2.5468698367578053,1.8102406357324847,-0.9052767526911528,0.0,0.4401760396613915
43.64,-14.549410001507606,2.5294031799845786,1.8194734139376119,-0.8989808392276026,0.0,0.4616389102563675
43.66,-14.544946937258906,2.5118274406996206,1.8288770140346855,-0.9066773873611765,0.0,0.47018000485366723
43.68,-14.540310890146936,2.494264490774539,1.8383496663176544,-0.9082264900553983,0.0,0.47363261414844676
43.7,-14.535511023608683,2.476754772042536,1.8479168685711835,-0.9077843478201667,0.0,0.4783601126764446
43.72,-14.530552730221682,2.4593229592149086,1.8576042778310558,-0.9061633017411835,0.0,0.4843704629936105
43.74,-14.525447507068357,2.442013584642493,1.8673517977697478,-0.9023272016478174,0.0,0.4873759969346172
43.76,-14.520153661789035,2.42468887178883,1.8772202376370284,-0.9057738035835255,0.0,0.4934219933640344
43.78,-14.514674413470782,2.407370795466856,1.887138099072646,-0.9082096806723395,0.0,0.49589307178087916
43.8,-14.509029773949191,2.3901265318563816,1.8970718548562473,-0.9072301014575178,0.0,0.4966877891800644
43.82,-14.503215369521179,2.3729428968584036,1.9070943829335583,-0.9070344681932303,0.0,0.501126403865543
43.84,-14.497241928601667,2.3558552779807043,1.9171621971241541,-0.905081094886528,0.0,0.5033907095297835
43.86,-14.491108001929726,2.338859816515387,1.9272673709697474,-0.9034251031987113,0.0,0.5052586922796588
43.88,-14.484762559888226,2.3218195487320963,1.9374673114492662,-0.9091690723241193,0.0,0.5099970239759537
43.9,-14.47825266373187,2.304868383141037,1.9476337325221997,-0.9079107374379256,0.0,0.5083210536466858
43.92,-14.471572772414522,2.287989323748088,1.9578284794257985,-0.907639237255499,0.0,0.5097373451799244
43.94,-14.464729424576111,2.271199532842303,1.9680620185012205,-0.9065435570029924,0.0,0.5116769537711049
43.96,-14.457750348781556,2.2545658086337523,1.9782819453777531,-0.9019261056099404,0.0,0.5109963438266255
43.98,-14.450578525651764,2.2379507165503907,1.9885752559422372,-0.9048429863014966,0.0,0.5146655282242096
44.0,-14.443209185111998,2.22134978138383,1.9988733402438994,-0.9081550368678737,0.0,0.5149042150831027
44.02,-14.435675489212032,2.204839221954866,2.0091435772379804,-0.9074072219385824,0.0,0.5135118497040543
44.04,-14.427975850636535,2.1884137832488877,2.019459981154249,-0.9070273850291556,0.0,0.5158201958134123
44.06,-14.420125507877287,2.1721067350281746,2.029781982243634,-0.9049139504814111,0.0,0.5161000544692451
44.08,-14.412117154894883,2.1559015979357614,2.0401201716848236,-0.9037978004989689,0.0,0.5169094720594853
44.1,-14.403893429761613,2.1396849292254108,2.0505298798548757,-0.9091342023167205,0.0,0.520485408502596
44.12,-14.395519844989403,2.1235903073561566,2.0608637979603643,-0.9071297799263115,0.0,0.5166959052744275
44.14,-14.386972481217276,2.1075682506346083,2.071218372099059,-0.9079698908025308,0.0,0.5177287069347326
44.16,-14.378273878017398,2.091661524208337,2.08158842943551,-0.9064899933661299,0.0,0.518502866822522
44.18,-14.369457338025606,2.075928915488355,2.091923025900742,-0.9017293864609838,0.0,0.516729823261632
44.2,-14.360468333935994,2.0602702352648734,2.102310461260908,-0.9027686038851701,0.0,0.5193717680082709
44.22,-14.351275141046658,2.044634297156769,2.112673418303517,-0.9069142131715509,0.0,0.5181478521304823
44.24,-14.341898536535444,2.0290581297397146,2.1230316656999912,-0.9090347952138998,0.0,0.5179123698237114
44.26,-14.332386390119243,2.0136209707126946,2.1333254553473577,-0.9066239687278633,0.0,0.5146894823683118
44.28,-14.322738307103721,1.9983181731599668,2.1436377706237737,-0.9045179915487922,0.0,0.5156157638208276
44.3,-14.312939555974651,1.9831259506082355,2.1539789606191464,-0.9039070053810879,0.0,0.5170594997686321
44.32,-14.302930278849225,1.9679540974752021,2.1643741339426743,-0.9088051992367794,0.0,0.5197586661763925
44.34,-14.292778394406795,1.9529086933115174,2.1747162842815615,-0.9075033666343423,0.0,0.517107516944361
44.36,-14.282471546628637,1.937969218729408,2.1850302383390567,-0.9074951954578706,0.0,0.5156977028747713
44.38,-14.272026394071512,1.9231584357799054,2.1952950103937514,-0.9061739671813769,0.0,0.5132386027347232
44.4,-14.261510399079427,1.9085675276361271,2.205491172013735,-0.8992785318433606,0.0,0.5098080809991815
44.42,-14.250753082503332,1.8939581616495051,2.215726303029276,-0.9071293105856175,0.0,0.5117565507770409
44.44,-14.239831098724972,1.879438784395383,2.2258668983636367,-0.9084355308747339,0.0,0.5070297667180186
44.46,-14.228781845526305,1.8650561619443695,2.2359207268728767,-0.9068431849232175,0.0,0.5026914254620239
44.48,-14.217583334407596,1.850778698697543,2.2459927519123632,-0.907265958857034,0.0,0.5036012519743269
44.5,-14.20629120436121,1.8366767085316584,2.2560729844620995,-0.9032971930975519,0.0,0.5040116274868124
44.52,-14.194830278893663,1.822655960313918,2.266227997513975,-0.9054476698820539,0.0,0.5077506525937896
44.54,-14.183195204233773,1.8087135395400704,2.2763776408611043,-0.9079730989630702,0.0,0.5074821673564485
44.56,-14.171425436994772,1.7948972239326264,2.286497795157747,-0.9074937986354853,0.0,0.5060077148321057
44.58,-14.159515782428235,1.7811999560420695,2.296664428032497,-0.9075447916768439,0.0,0.5083316437375099
44.6,-14.147489452716597,1.767649220900578,2.3068682798701636,-0.9058904862176711,0.0,0.5101925918833343
44.62,-14.135410463892295,1.7543157122699964,2.317041382538645,-0.8995615924151347,0.0,0.5086551334240575
44.64,-14.123149140266417,1.7410545948258425,2.327311411009416,-0.9030466390588142,0.0,0.5135014235385754
44.66,-14.110700638767021,1.7278653914835203,2.3375807940760134,-0.9068079653178899,0.0,0.5134691533298514
44.68,-14.09809972470529,1.7147864247121263,2.3478376603125493,-0.9080782000994526,0.0,0.5128433118267945
44.7,-14.085382844023721,1.7018552022058169,2.3581331506551315,-0.906829049183173,0.0,0.5147745171291132
44.72,-14.072577499566783,1.689099412171782,2.368418008413098,-0.9037242749495428,0.0,0.5142428878982948
44.74,-14.059630969831188,1.6764655800296875,2.378755601812402,-0.9044699370201451,0.0,0.5168796699652352
44.76,-14.046490986539478,1.6639055167543775,2.3891251231728026,-0.9088651582966398,0.0,0.5184760680200302
44.78,-14.033261130974878,1.6515195127146192,2.3994390363986535,-0.9061486830717748,0.0,0.5156956612925517
44.8,-14.019884030934753,1.63925209023249,2.4097500570368293,-0.9075192282240883,0.0,0.5155510319087636
44.82,-14.006409801365354,1.6271489806899118,2.4200384110350814,-0.9055938977937222,0.0,0.5144176999126375
44.84,-13.99282117796409,1.6151934177147527,2.430352202886903,-0.904967087791532,0.0,0.5156895925910823
44.86,-13.97907144188379,1.6033454371779081,2.440656602239381,-0.9075101722286596,0.0,0.5152199676239165
44.88,-13.965196175271316,1.5916362415412253,2.4508872955142396,-0.9077834075721404,0.0,0.5115346637429148
44.9,-13.951197871665284,1.5800663268309305,2.4611089630144845,-0.908041064944429,0.0,0.51108337501225
44.92,-13.937100853925998,1.5686553311666065,2.471372033733172,-0.9068306501119674,0.0,0.5131535359343778
44.94,-13.922941571920282,1.5574324954617627,2.481629307200437,-0.9033788078310918,0.0,0.5128636733632519
44.96,-13.908637433512187,1.546331823448906,2.491944917172286,-0.9053083656066597,0.0,0.5157804985924546
44.98,-13.894166961947228,1.5353393484286153,2.5022629642382195,-0.908610277269668,0.0,0.51590235329669
45.0,-13.879605353236771,1.5245127567136152,2.51253655572459,-0.9072699934415456,0.0,0.5136795743185081
45.02,-13.864929837350132,1.5138338235586122,2.5228515118092742,-0.9074833054497381,0.0,0.5157478042342201
45.04,-13.850174872228532,1.5033281370571163,2.533175831342413,-0.9056467918114922,0.0,0.5162159766569409
45.06,-13.835398744622164,1.4930356048457356,2.5434665185871213,-0.9003751528695653,0.0,0.5145343622354015
45.08,-13.820480463691544,1.4828704461666573,2.553822060172892,-0.9026150299210326,0.0,0.517777079288522
45.1,-13.805377998638187,1.4728071965733025,2.5641856999425614,-0.9074048752707286,0.0,0.5181819884834766
45.12,-13.790122564648723,1.4628687599578414,2.5745892375546444,-0.9103581555718294,0.0,0.5201768806041429
45.14,-13.774812027545149,1.453119791668191,2.58492558441697,-0.9075446670997848,0.0,0.516817343116291
45.16,-13.759490748087474,1.443585111135599,2.5952268909514666,-0.9022911629273799,0.0,0.5150653267248346
45.18,-13.7440293960401,1.4341828160643715,2.6055933725671867,-0.9047880411169411,0.0,0.5183240807860084
45.2,-13.728410645566642,1.4249052101230695,2.6159125144728606,-0.9083217193734124,0.0,0.5159570952836955
45.22,-13.712720041809108,1.4158026395680665,2.6261555904802805,-0.9069893011838217,0.0,0.5121538003709981
45.24,-13.69692863491697,1.4068565109201492,2.636443879130785,-0.9074714174812066,0.0,0.5144144325252202
45.26,-13.68108814722051,1.398096613276655,2.646731526378507,-0.9050647175564587,0.0,0.5143823623861075
45.28,-13.665178724056704,1.3895111159687656,2.657036540644214,-0.9039088856583426,0.0,0.5152507132853482
45.3,-13.649208180147573,1.3811039719542126,2.6673629820738984,-0.902411135839581,0.0,0.5163220714842021
45.32,-13.633092461359224,1.3728317986893463,2.6776803650554766,-0.9057389836331519,0.0,0.5158691490789216
45.34,-13.616824925735632,1.3646926480603887,2.688021759064023,-0.9095032823273475,0.0,0.5170697004273401
45.36,-13.600532209185609,1.356750489183262,2.6982878254948455,-0.9062705172973062,0.0,0.5133033215411067
45.38,-13.584225550811194,1.3490076943955276,2.7085020656682155,-0.9025768367081681,0.0,0.5107120086684962
45.4,-13.567738672311261,1.341384706070437,2.7187475661409986,-0.9081947941878941,0.0,0.5122750236391491
45.42,-13.551174629192566,1.3339310627175487,2.7288809474554503,-0.9081909541363989,0.0,0.5066690657225817
45.44,-13.534559980776356,1.3266561897791276,2.7389259558840497,-0.9068769462617882,0.0,0.5022504214299754
45.46,-13.517864893412968,1.3195450816778642,2.7489806987496155,-0.907322710642423,0.0,0.5027371432782802
45.48,-13.501133940419974,1.3126166017949052,2.7590243540801747,-0.9054399780525653,0.0,0.5021827665279559
45.5,-13.484472379905531,1.305912093017082,2.7690063448092044,-0.8979950399756761,0.0,0.4990995364514768
45.52,-13.467559487400155,1.299301832005582,2.779050346604091,-0.9079392649546115,0.0,0.5022000897443268
45.54,-13.450586142168525,1.292863704050018,2.7890205918812505,-0.9076672572097965,0.0,0.49851226385796826
45.56,-13.433559899059524,1.2865989656865098,2.79895211562672,-0.9071106618958054,0.0,0.49657618727347325
45.58,-13.416485783744863,1.280508447589268,2.808916398432839,-0.9063937120137245,0.0,0.4982141403059521
45.6,-13.399451741751005,1.2746228818437575,2.8188626824515364,-0.9011083048019545,0.0,0.49731420093487083
45.62,-13.382204566175156,1.2688550481023233,2.8289212006299014,-0.9093032654359521,0.0,0.5029259089182516
45.64,-13.36493124956084,1.2632710062256782,2.838916134904569,-0.9076742126701007,0.0,0.4997467137333855
45.66,-13.347625532549156,1.2578669271560412,2.848881991239058,-0.9064931217049722,0.0,0.4982928167244376
45.68,-13.330239321067918,1.2526272927444289,2.8588867627088055,-0.9079291250390668,0.0,0.500238573487371
45.7,-13.312847005376614,1.2475750642081684,2.868904779252777,-0.9055628888825741,0.0,0.5009008271985868
45.72,-13.295429565324772,1.242704206568501,2.87894761947544,-0.9042848999422054,0.0,0.5021420111331439
45.74,-13.277879258785623,1.237985705582264,2.8890143066277987,-0.9086769381568194,0.0,0.5033343576179276
45.76,-13.260305814901491,1.233450172101621,2.8990285685279416,-0.9074648669545486,0.0,0.5007130950071476
45.78,-13.242668641618607,1.2290860995489845,2.909049838124258,-0.9084533706458482,0.0,0.5010634798158298
45.8,-13.225021197309054,1.2249067049630336,2.9190956954048017,-0.90677950705209,0.0,0.5022928640271859
45.82,-13.207449252634564,1.2209311805460952,2.9291037448604875,-0.9008024672937912,0.0,0.5004024727842986
45.84,-13.189663834547673,1.217094051115936,2.9392299455341244,-0.9097316345897403,0.0,0.5063100336818519
45.86,-13.171873500468298,1.2134439902388132,2.949291668210327,-0.9080458841139372,0.0,0.5030861338101419
45.88,-13.154071822351337,1.209977879077763,2.9593103265931195,-0.9067988618770857,0.0,0.5009329191396265
45.9,-13.136213789643135,1.2066861362261785,2.969372306108183,-0.9079439729523877,0.0,0.5030989757531711
45.92,-13.118383977798464,1.2035847568873295,2.9794332065589635,-0.9048767101375885,0.0,0.5030450225390138
45.94,-13.100577567823217,1.2006717008153271,2.9895011878695112,-0.902155934255849,0.0,0.5033990655273919
45.96,-13.082627021958777,1.1979203284518478,2.9996050160134877,-0.9080090125019227,0.0,0.5051914071988146
45.98,-13.064664393462282,1.1953525783305763,3.009667380717548,-0.9072614881999908,0.0,0.503118235203013
46.0,-13.046655394813643,1.1929628563621737,3.0197403214993512,-0.9083430015871783,0.0,0.5036470390901661
46.02,-13.028656631476194,1.1907587453879636,3.029832633325456,-0.9066608887342502,0.0,0.5046155913052306
46.04,-13.010774297579843,1.1887518528588017,3.039873112015795,-0.8997297972227033,0.0,0.502023934516944
46.06,-12.992691527438918,1.1869061114952317,3.0500236570531967,-0.9088362574615768,0.0,0.5075272518700831
46.08,-12.974606648736023,1.1852454532292498,3.060122905585152,-0.9080482139936614,0.0,0.5049624265977737
46.1,-12.956539429247696,1.183770256180412,3.0701777822112577,-0.906367235689114,0.0,0.5027438313052816
46.12,-12.938430008154223,1.1824747710922425,3.08027804268091,-0.9077849607071243,0.0,0.5050130234826263
46.14,-12.920375011039528,1.1813663465871218,3.0903689860045183,-0.9044494536666903,0.0,0.504547166180406
46.16,-12.902309246507953,1.1804401416497101,3.1004900734493877,-0.9044745763376318,0.0,0.5060543722434665
46.18,-12.884187231118341,1.179694860314324,3.1105979367701613,-0.906866701960931,0.0,0.5053931660386907
46.2,-12.866052972014357,1.1791326140322886,3.120678105342005,-0.9071486566876347,0.0,0.504008428592201
46.22,-12.847895796969532,1.1787528095393398,3.130766190254054,-0.9080573454651132,0.0,0.5044042456024213
46.24,-12.829762949973814,1.1785564872656458,3.1408728029490414,-0.9066954872023306,0.0,0.5053306347493683
46.26,-12.811791595886401,1.1785435505726563,-3.1322722602060065,-0.8985679371828242,0.0,0.5020122012269421
46.28,-12.79363799722303,1.1787127541531153,-3.122131686539278,-0.907719359552266,0.0,0.5070286833364257
46.3,-12.775486240551151,1.1790660494938336,-3.112029908392361,-0.9077597257436508,0.0,0.5050889073458328
46.32,-12.757361720248364,1.179602016215562,-3.1019671291668027,-0.9066221601816554,0.0,0.5031389612779262
46.34,-12.739223791838647,1.1803211175535182,-3.0918640301626987,-0.9076088829036425,0.0,0.5051549502052034
46.36,-12.721166936677394,1.1812198010218313,-3.081774276583019,-0.9039602456561804,0.0,0.504487678983994
46.38,-12.703107424893497,1.1823013820656703,-3.071649978263758,-0.904593532238517,0.0,0.5062149159630589
46.4,-12.684986865823019,1.1835708531957705,-3.061526551127784,-0.9082486140601534,0.0,0.506171356798696
46.42,-12.666904734186398,1.1850217206268592,-3.0514469428593483,-0.907012266767513,0.0,0.5039804134217836
46.44,-12.648811303174737,1.1866571983265857,-3.0413533848741614,-0.9083598310692087,0.0,0.5046778992593408
46.46,-12.630774722180323,1.1884712519057452,-3.0312508510803,-0.9063788451250969,0.0,0.5051266896930765
46.48,-12.612929474591176,1.1904483591783526,-3.0212193277231068,-0.8977218593268814,0.0,0.5015761678596687
46.5,-12.594879559424415,1.1926316427677746,-3.011057237585662,-0.9090739309307337,0.0,0.5081045068722503
46.52,-12.576879317425771,1.1949947491634254,-3.00095273101281,-0.9077347958612434,0.0,0.5052253286425858
46.54,-12.558925935652184,1.1975364917325857,-2.9908882531556555,-0.9066206102831422,0.0,0.5032238928577205
46.56,-12.540981972761037,1.200261386305853,-2.9807868530278623,-0.9074839594646792,0.0,0.5050700063896534
46.58,-12.523156331803202,1.2031528185464448,-2.9707096693193265,-0.9029311379606876,0.0,0.5038591854267833
46.6,-12.50531213245743,1.2062321199824302,-2.9605799940616913,-0.9053970781172345,0.0,0.5064837628817569
46.62,-12.487447772178198,1.2095015822042783,-2.950460750536489,-0.908053896261501,0.0,0.5059621762601012
46.64,-12.469642851654042,1.2129467250442303,-2.9403807209975863,-0.9067582423931778,0.0,0.5040014769451349
46.66,-12.451840665489307,1.2165778739620592,-2.930277342984565,-0.9084369470515009,0.0,0.5051689006510689
46.68,-12.434118167142692,1.2203796670113534,-2.920165895782413,-0.906284417326377,0.0,0.505572360107599
46.7,-12.416654701744346,1.2243110074919525,-2.910156202796742,-0.8950252254735992,0.0,0.500484649283565
46.72,-12.398963674630425,1.2284800585717677,-2.8999971367286297,-0.9087813643165564,0.0,0.507953303405606
46.74,-12.381342841264097,1.2328219804760767,-2.88989320985431,-0.9073946968478532,0.0,0.5051963437159686
46.76,-12.363768578544988,1.2373412540742394,-2.8798100198397925,-0.9073016917972597,0.0,0.5041595007258786
46.78,-12.346236393572363,1.2420386740563012,-2.869692254039099,-0.9075286006542527,0.0,0.5058882900346697
46.8,-12.32885475302461,1.2468847654042383,-2.8596088205998815,-0.9022278391346698,0.0,0.5041716719608921
46.82,-12.311455701353239,1.2519253302773183,-2.849462917661367,-0.9057238725223504,0.0,0.5072951469257291
46.84,-12.29407203111314,1.2571531849555737,-2.839336821474203,-0.9076376693833391,0.0,0.5063048093581789
46.86,-12.276759769399668,1.2625513155678931,-2.8292472140138107,-0.9067169069553096,0.0,0.5044803730196159
46.88,-12.259478708572912,1.2681316389797457,-2.8191323306399667,-0.9079855074268955,0.0,0.50574416869221
46.9,-12.242291939864856,1.2738741191232752,-2.809009777583341,-0.9060368326164278,0.0,0.5061276528312849
46.92,-12.225320511871974,1.2797362766979823,-2.7989548038601755,-0.8977670348541067,0.0,0.5027486861582737
46.94,-12.2082219579208,1.2858354605026305,-2.788810637108183,-0.907690187101378,0.0,0.5072083375996195
46.96,-12.191200880472405,1.2921023559687497,-2.778700565415361,-0.9069055302063344,0.0,0.5055035846411025
46.98,-12.174231057057508,1.2985459386972327,-2.7685958023909847,-0.907599395536931,0.0,0.5052381512188188
47.0,-12.157330774549878,1.3051592706366668,-2.758461592248824,-0.9074079955825467,0.0,0.5067105071080471
47.02,-12.140605426699246,1.3119003859703393,-2.7483702823155793,-0.9016372561437503,0.0,0.5045654966622161
47.04,-12.123861495088416,1.3188462169909454,-2.7382167075987014,-0.9063716323271328,0.0,0.5076787358439018
47.06,-12.107161611413897,1.32597336549242,-2.7280938435899964,-0.9078578640191594,0.0,0.50614320043524
47.08,-12.090554194862579,1.3332606551539639,-2.718010036397904,-0.906795008698522,0.0,0.5041903596046298
47.1,-12.073998142332849,1.3407253908111196,-2.7079055107545487,-0.9080544501823467,0.0,0.5052262821677604
47.12,-12.057576208149262,1.3483302452417725,-2.697805518448738,-0.9048670250947016,0.0,0.5049996152905408
47.14,-12.041232825805535,1.3561001393766867,-2.6876764933556454,-0.9048168340899856,0.0,0.5064512546546333
47.16,-12.024920532146464,1.364058813010173,-2.677550494060932,-0.9075122732284622,0.0,0.506299964735671
47.18,-12.008694012025359,1.3721800773777952,-2.66745262243924,-0.9072691030910065,0.0,0.5048935810845822
47.2,-11.99254613515073,1.3804669285397517,-2.6573687936245958,-0.9075045864051603,0.0,0.5041914407322204
47.22,-11.97648661607334,1.388914097214158,-2.6472519671146264,-0.9072800168786785,0.0,0.5058413254984789
47.24,-11.96062815688988,1.3974614379301045,-2.637180691907438,-0.9007604578742189,0.0,0.5035637603594167
47.26,-11.944730314186849,1.4062377635232455,-2.6270207976970217,-0.9079720446235745,0.0,0.5079947105208128
47.28,-11.928922796054044,1.4151749620856178,-2.6169076426895956,-0.9079525698821199,0.0,0.5056577503713041
47.3,-11.913240818722194,1.4242516826044735,-2.6068420431909685,-0.9059680849981004,0.0,0.50327997493135
47.32,-11.89761826618584,1.4335051760892825,-2.5967351429479635,-0.9078701578757731,0.0,0.5053450121502518
47.34,-11.882135937723184,1.4428882698768393,-2.5866280713647654,-0.9051863670698428,0.0,0.5053535791599035
47.36,-11.866814024143608,1.4523871956694623,-2.576528645032457,-0.9013748206958228,0.0,0.504971316615432
47.38,-11.851462670746756,1.4621203614698215,-2.5663691750474924,-0.908843451332945,0.0,0.5079734992482317
47.4,-11.836238880004807,1.4719909021552384,-2.556263382482585,-0.9071815942482874,0.0,0.5052896282453538
47.42,-11.8210979457146,1.4820264958068157,-2.546157714157437,-0.9082414754897469,0.0,0.5052834162573923
47.44,-11.80607942272138,1.4922008831360387,-2.5360334997800864,-0.9070201078572249,0.0,0.5062107188675494
47.46,-11.791273095259829,1.5024517349124809,-2.525960447509343,-0.9004266975180365,0.0,0.5036526135371749
47.48,-11.77642915162814,1.5129513839746467,-2.515776422712957,-0.9091002323306082,0.0,0.509201239819309
47.5,-11.761714004142082,1.5235864078375012,-2.505650916285906,-0.9077985708568682,0.0,0.5062753213525748
47.52,-11.74712751926782,1.534354951008307,-2.495564348544896,-0.9065415917217636,0.0,0.5043283870504708
47.54,-11.732628121862298,1.545286862321314,-2.4854385852426257,-0.9079361349769319,0.0,0.5062881651135078
47.56,-11.718289349271327,1.5563271542234831,-2.475322885209733,-0.9048320903635968,0.0,0.505785001644647
47.58,-11.704085018126126,1.5674946059524852,-2.4651934795568335,-0.9034309622241837,0.0,0.5064702826449585
47.6,-11.689917115719807,1.578867508706636,-2.4550438116316693,-0.9083947044792385,0.0,0.5074833962582149
47.62,-11.675886989819992,1.5903659060327542,-2.444945720253929,-0.9069972075948354,0.0,0.5049045688870142
47.64,-11.661953152946019,1.602022572215706,-2.4348365414452258,-0.9083359462930398,0.0,0.5054589404351767
47.66,-11.648160508786605,1.6138001647214955,-2.4247124448951602,-0.9068471730956972,0.0,0.5062048275032764
47.68,-11.634599007351865,1.6256198711136296,-2.414647753980786,-0.8994717621481076,0.0,0.5032345457187273
47.7,-11.62101169965978,1.6377048390591131,-2.4044667152313646,-0.9092048456793462,0.0,0.5090519374710525
47.72,-11.607571634661584,1.6499061742993062,-2.3943450347340867,-0.9076176628946487,0.0,0.5060840248638897
47.74,-11.594271738417225,1.6622281092238558,-2.384258558192151,-0.9065281578576662,0.0,0.5043238270967696
47.76,-11.581078227491806,1.6747011238680876,-2.3741369285946923,-0.9078061809306286,0.0,0.5060814798729445
47.78,-11.568059972060762,1.6872604066418282,-2.364028860400587,-0.9044481166140621,0.0,0.50540340970529
47.8,-11.55518002937388,1.6999401015683493,-2.3539026038549857,-0.903697387191957,0.0,0.5063128272800456
47.82,-11.54238699030569,1.712791915828415,-2.3437841920216265,-0.906684865837398,0.0,0.5059205916679577
47.84,-11.529749758993471,1.7257467688443457,-2.333705381435305,-0.9048865010360336,0.0,0.5039405293160774
47.86,-11.517192813395177,1.7388815969624862,-2.323584824475149,-0.9085711205673884,0.0,0.506027848007799
47.88,-11.504793316138187,1.7521173475236358,-2.313455297579879,-0.906824990203539,0.0,0.5064763447634779
47.9,-11.492643240316411,1.7653530522056813,-2.303397809369056,-0.8983432263133533,0.0,0.50287441054116
47.92,-11.480503641907973,1.778847291054011,-2.2932474946622246,-0.9075576174738539,0.0,0.507515735341575
47.94,-11.46850249303118,1.7924630825015766,-2.2831375013433948,-0.9074929078325621,0.0,0.5054996659414956
47.96,-11.456650381470388,1.8061870357367935,-2.273067664904907,-0.9066689595049019,0.0,0.503491821924394
47.98,-11.44492397122587,1.8200451156860744,-2.2629569748097222,-0.9076825947204186,0.0,0.5055345047592235
48.0,-11.4333965808796,1.8339507097301988,-2.2528728129902786,-0.9031144361531392,0.0,0.5042080909721753
48.02,-11.421992746047154,1.8479930855472075,-2.2427450967159457,-0.9044829565445319,0.0,0.5063858137166551
48.04,-11.410690193714869,1.8622024285143648,-2.2326255503888413,-0.9078175983950926,0.0,0.505977316355221
48.06,-11.399544733078358,1.876509086621728,-2.2225460835318573,-0.9067824422111964,0.0,0.503973342849206
48.08,-11.388522742247096,1.890955270232162,-2.2124425537188195,-0.9085379777295997,0.0,0.505176490651893
48.1,-11.377669992047593,1.9054816607833143,-2.2023283948807744,-0.9066396877169944,0.0,0.5057079419022475
48.12,-11.367104065742362,1.919926565781613,-2.192321307704859,-0.8948380846519786,0.0,0.5003543587957586
48.14,-11.35652087197946,1.9347031517734252,-2.1821648357128516,-0.9087786911516704,0.0,0.5078235996004024
48.16,-11.34610142729772,1.9495677332794845,-2.17205970457442,-0.9076351288184731,0.0,0.5052565569215443
48.18,-11.335843340088958,1.964521363433576,-2.161986671885805,-0.9066964872104635,0.0,0.5036516344307832
48.2,-11.325726234339381,1.979592705670658,-2.1518713984026596,-0.9076083758639868,0.0,0.5057636741572155
48.22,-11.315810218976168,1.994692330537883,-2.1417794960117638,-0.9032248222541234,0.0,0.5045951195448155
48.24,-11.306028357287467,2.009920418607792,-2.131638673208261,-0.9049578503469111,0.0,0.5070411401751362
48.26,-11.296374005080564,2.0252905658495552,-2.1215134830819573,-0.9075350444588961,0.0,0.5062595063151694
48.28,-11.286887929163866,2.0407378767165447,-2.1114296843627267,-0.9063733354952996,0.0,0.504189935961533
48.3,-11.27754244650305,2.056306133575902,-2.1013230163193333,-0.907894084960551,0.0,0.5053334021696779
48.32,-11.26836875226031,2.0719442301910314,-2.0912007621064403,-0.9065135572667984,0.0,0.5061127106446435
48.34,-11.259449297796765,2.0875077800411916,-2.0811583142311014,-0.8969124147117955,0.0,0.5021223937669403
48.36,-11.250572597187592,2.1033637296215897,-2.0710043332837964,-0.9085798682573545,0.0,0.5076990473652573
48.38,-11.241869447735205,2.1192868647361167,-2.0608932537154265,-0.907318910673192,0.0,0.5055539784184938
48.4,-11.233329124131401,2.135294589216448,-2.050800101002442,-0.9071719383555408,0.0,0.5046576356492333
48.42,-11.224947714001644,2.1513936255572985,-2.0406716668067197,-0.9075062077848728,0.0,0.5064217097861043
48.44,-11.21677534612691,2.167487012182498,-2.0305759995729162,-0.9024753317239721,0.0,0.5047833616901702
48.46,-11.208713779014811,2.183767270821935,-2.020396353418936,-0.908344215688439,0.0,0.5089823076989943
48.48,-11.200821996450737,2.200121200276165,-2.010267819827025,-0.907925162985056,0.0,0.5064266795955488
48.5,-11.19310637014732,2.216532710917605,-2.000181104372503,-0.9067366910907567,0.0,0.5043357727261079
48.52,-11.18554511199832,2.233046457188395,-1.9900694354490707,-0.9081250474079063,0.0,0.5055834461716361
48.54,-11.178167719125014,2.249598794454727,-1.979950435680326,-0.9060984971093244,0.0,0.5059499884372448
48.56,-11.171027176521754,2.266065852260621,-1.969900854436251,-0.8974287457113651,0.0,0.5024790622037151
48.58,-11.163965903749666,2.282809118212533,-1.9597437602289525,-0.9085682801780536,0.0,0.5078547103649188
48.6,-11.157086202216881,2.2995960418828747,-1.9496330776931823,-0.9070985330906608,0.0,0.5055341267885315
48.62,-11.150373541834021,2.316459288847555,-1.939531234543326,-0.9075088258626238,0.0,0.5050921574927997
48.64,-11.145486016012505,2.329107888110192,-1.9333819682679594,-0.6780025294252009,0.0,0.30746331376833724
48.66,-11.140718750034683,2.3416745656589577,-1.9279958758406548,-0.6720271748931615,0.0,0.2693046213652397
48.68,-11.136021528707861,2.354260600313885,-1.9232170488434963,-0.6716996287928303,0.0,0.2389413498579223
48.7,-11.131378287070781,2.366885851469503,-1.9189770235723536,-0.6726006609473887,0.0,0.21200126355711255
48.72,-11.126803541433542,2.3794895626334274,-1.9152277905764048,-0.6704137393227391,0.0,0.1874616497974621
48.74,-11.1222756086806,2.392111656635408,-1.9119112891144419,-0.6704838402415367,0.0,0.1658250730981218
48.76,-11.11777381907512,2.4047930452219903,-1.9089972912272204,-0.6728367672323828,0.0,0.14569989436106878
48.78,-11.113309080478489,2.4174872752219234,-1.9064675668978603,-0.6728249512827583,0.0,0.12648621646800845
48.8,-11.108890958272866,2.430151227702903,-1.9042611105607445,-0.6706256337635993,0.0,0.11032281685579311
48.82,-11.104501434547018,2.4428230349018345,-1.9023326884241174,-0.6705270617705926,0.0,0.09642110683134714
48.84,-11.100126379854341,2.455532262118099,-1.9006358716721838,-0.6720594467726576,0.0,0.0848408375966734
48.86,-11.09578362783556,2.4682175487264435,-1.8991645287690688,-0.6704028479810963,0.0,0.07356714515578591
48.88,-11.091456883204344,2.480917023701096,-1.897878925306288,-0.6708155181113138,0.0,0.06428017313899737
48.9,-11.087140002273115,2.4936411103737903,-1.896803860627437,-0.6718218562771143,0.0,0.05375323394257109
48.92,-11.082841929757537,2.506354665988471,-1.8959390083903462,-0.6710214670871902,0.0,0.04324261185454137
48.94,-11.07854688595307,2.5190955712004595,-1.895212667606957,-0.6722686719295486,0.0,0.03631703916947185
48.96,-11.074281906136218,2.5317777171811513,-1.894611098734093,-0.6690046328571458,0.0,0.030078443643179048
48.98,-11.070008778321544,2.5445094367188177,-1.8941192589567384,-0.6714839977734801,0.0,0.02459198886773597
49.0,-11.065740413105317,2.557247732590305,-1.893719478028414,-0.6717200371595491,0.0,0.019989046416226248
49.02,-11.061481674263637,2.5699741863107093,-1.8933978581628197,-0.6710057392064868,0.0,0.016080993279693666
49.04,-11.057223437271457,2.5827127529363714,-1.8931463727676714,-0.6715721516672915,0.0,0.012574269757439761
49.06,-11.052977816363118,2.595424209211501,-1.8929880843039857,-0.6700865942769212,0.0,0.00791442318425554
49.08,-11.04873005918269,2.6081487642879666,-1.8929775956814576,-0.6707416472791092,0.0,0.0005244311264227351
49.1,-11.044479839373839,2.620881141024677,-1.8930295978113305,-0.671151595746215,0.0,-0.0026001064936328868
49.12,-11.040228237189076,2.633615454064701,-1.8931021638232512,-0.6712653159124459,0.0,-0.003628300596072452
49.14,-11.035974856537527,2.6463520170119486,-1.8932361172688406,-0.6714001837134338,0.0,-0.006697672279437463
49.16,-11.03172354892038,2.6590766987749412,-1.8934030474381633,-0.670803887930439,0.0,-0.008346508466165371
49.18,-11.027471559829312,2.671796355208212,-1.893587748460256,-0.6705763771022034,0.0,-0.009235051104625651
49.2,-11.02320862735241,2.684540919277279,-1.8937882973202538,-0.6719309983420666,0.0,-0.010027442999887887
49.22,-11.01895191512717,2.69725840848608,-1.8940753477463121,-0.6705485268503534,0.0,-0.01435252130292659
49.24,-11.014685998249918,2.709991253572432,-1.8943892846305366,-0.671422726001762,0.0,-0.01569684421123551
49.26,-11.010416039426795,2.722722892520312,-1.894710518833795,-0.6714297778814016,0.0,-0.016061710162904072
49.28,-11.006141603409986,2.735454313551343,-1.895027179628891,-0.6714906639916272,0.0,-0.015833039754785134
49.3,-11.001861953341436,2.748187899451922,-1.8953600040410847,-0.6716762884691361,0.0,-0.016641220609692437
49.32,-10.997584442415596,2.7609011073044476,-1.8957373460593976,-0.6706764376772767,0.0,-0.01886710091565316
49.34,-10.993301839676406,2.77361357551955,-1.8961540716338632,-0.6707226221428989,0.0,-0.020836278723257655
49.36,-10.988998511359176,2.7863699924051883,-1.8965672095198052,-0.6731359564866232,0.0,-0.020656894297106775
49.38,-10.984705414908845,2.7990787411522726,-1.8969569347488275,-0.6707141191453302,0.0,-0.019486261451122294
49.4,-10.980403529614602,2.8117971575837273,-1.8973204465418754,-0.67131276914847,0.0,-0.01817558965239938
49.42,-10.976096142987826,2.824516603020715,-1.8976674754690441,-0.6714496849672463,0.0,-0.017351446358433845
49.44,-10.971782263535488,2.837240685261687,-1.8980085903571868,-0.671773445449292,0.0,-0.01705574440713754
49.46,-10.96747067688139,2.849943752904875,-1.8983348443073922,-0.6707415803109326,0.0,-0.01631269751024798
49.48,-10.963143727696071,2.8626784299662225,-1.8986471349836431,-0.6724851097034624,0.0,-0.015614533812570783
49.5,-10.958809734285094,2.875420773922661,-1.8989617065404254,-0.6729614186388735,0.0,-0.0157285778390932
49.52,-10.954479771023733,2.8881381448700214,-1.8992737449920172,-0.6717144215689775,0.0,-0.015601922579603899
49.54,-10.950161526944594,2.9008081366456615,-1.8995744387958895,-0.669283055817583,0.0,-0.015034690193617908
49.56,-10.945825518095685,2.913517734435827,-1.899904424455518,-0.6714440570993179,0.0,-0.016499282981448125
49.58,-10.94148645276163,2.926222570791244,-1.900263076242993,-0.671268118547139,0.0,-0.01793258937372187
49.6,-10.937140241048413,2.9389334249190693,-1.9007126797701235,-0.6716683871430708,0.0,-0.022480176356529068
49.62,-10.932785432462218,2.951650741339687,-1.9012491606587816,-0.6721132619665005,0.0,-0.026824044432896092
49.64,-10.928432378130628,2.9643407183407473,-1.9018236875407435,-0.6707916932647979,0.0,-0.028726344098096518
49.66,-10.924064276275008,2.9770507646478057,-1.9023894977833176,-0.6719851020458889,0.0,-0.028290512128700505
49.68,-10.919696799161683,2.9897356380643947,-1.9029313622214057,-0.6707847455225416,0.0,-0.027093221904421434
49.7,-10.915334308175598,3.0023837604634815,-1.903444828021921,-0.6689662320064323,0.0,-0.025673290025742767
49.72,-10.910949644670737,3.015075022725475,-1.9039473582916364,-0.6713669113338131,0.0,-0.025126513485784277
49.74,-10.906556390445001,3.0277704765349966,-1.9044492607466479,-0.6717053485748968,0.0,-0.025095122750562526
49.76,-10.902156711419066,3.0404638780380546,-1.9049841921440394,-0.6717135126843291,0.0,-0.026746569869583015
49.78,-10.897757616451328,3.0531336877421658,-1.9055520816355245,-0.6705895064671774,0.0,-0.028394474574271918
49.8,-10.893348790907854,3.0658082884309157,-1.9061407964822856,-0.6709754937626945,0.0,-0.029435742338064775
49.82,-10.888919507713643,3.078517583819918,-1.9067143042864398,-0.6729501075477992,0.0,-0.028675390207704595
49.84,-10.884497438078638,3.091182802642553,-1.9072700415645771,-0.670750452258643,0.0,-0.02778686390684045
49.86,-10.880065127783608,3.1038547187889387,-1.9078049228795624,-0.6712354902946727,0.0,-0.02674406574926845
49.88,-10.875623760374944,3.116530769044818,-1.9083207438612901,-0.6715802158869753,0.0,-0.02579104908638919
49.9,-10.871182465416492,3.129185691054275,-1.9088320243242363,-0.6705821202011729,0.0,-0.025564023147330944
49.92,-10.866724627730607,3.141866995804594,-1.909330034663579,-0.6721008239173969,0.0,-0.024900516967131667
49.94,-10.86226342946156,3.154537688175851,-1.9098481134451426,-0.6716560413685895,0.0,-0.02590393907816894
49.96,-10.857790035131979,3.1672220378691422,-1.9103674041881513,-0.6725027583021946,0.0,-0.02596453715043183
49.98,-10.853315465155138,3.179888746376163,-1.9108833377283445,-0.6716905553889401,0.0,-0.025796677009663004
50.0,-10.848835247720762,3.192550637439755,-1.9113894565601304,-0.6715575804901992,0.0,-0.025305941589303833
50.02,-10.844349042560772,3.205209073928644,-1.9118840367652554,-0.6714946967042377,0.0,-0.024729010256237256
50.04,-10.839857409520459,3.217862945647646,-1.912384972535808,-0.6713703092366209,0.0,-0.025046788527624625
50.06,-10.835358386787389,3.230517523297324,-1.9128832030389766,-0.6715272538110614,0.0,-0.024911525158433
50.08,-10.83085904562663,3.2431530475618033,-1.9133860732222647,-0.6706350429241572,0.0,-0.02514350916440825
50.1,-10.826356094444819,3.2557786154744157,-1.9139223264747278,-0.6702267050441965,0.0,-0.02681266262315036
50.12,-10.821830892256603,3.2684451001129156,-1.9144511826360562,-0.6725274863185532,0.0,-0.02644280806643244
50.14,-10.817305651519185,3.2810905800908965,-1.914966464772309,-0.6715392162880685,0.0,-0.025764106812620733
50.16,-10.812776125415864,3.2937275050732966,-1.9154693649669778,-0.6712087598718259,0.0,-0.025145009733460965
50.18,-10.808236563010835,3.3063724060676782,-1.915961042145299,-0.6717535783061849,0.0,-0.024583858916052585
50.2,-10.80369579415018,3.3190011392120184,-1.916487148699041,-0.6710131941267119,0.0,-0.026305327687103152
50.22,-10.799148898602715,3.3316260468900847,-1.9170463401833917,-0.6709369437571208,0.0,-0.027959574217512554
50.24,-10.794581828837064,3.34428476185892,-1.9176279790158532,-0.6728692126010374,0.0,-0.029081941623100273
50.26,-10.790006167027817,3.3569442213813017,-1.9182018647074173,-0.6730501400182226,0.0,-0.02869428457819447
50.28,-10.785441401087786,3.369550899241959,-1.9187543048865394,-0.6703831269685653,0.0,-0.02762200895612715
50.3,-10.780862987455992,3.3821734809253146,-1.919291558816502,-0.6713632394925508,0.0,-0.026862696498107724
50.32,-10.77627627387754,3.3947977820654303,-1.9198150965847953,-0.6715856623079869,0.0,-0.026176888414660746
50.34,-10.771690694116797,3.4073984047322803,-1.9203372826255238,-0.6704536399604335,0.0,-0.026109302036432736
50.36,-10.76709842464991,3.4199969342003644,-1.9208633344687358,-0.6704697674293119,0.0,-0.02630259216059836
50.38,-10.762495537319907,3.4326039773250825,-1.9214286543309294,-0.6710516152301751,0.0,-0.02826599310966953
50.4,-10.75788239077843,3.4452169822271532,-1.92200052282569,-0.6715076575751088,0.0,-0.028593424738042713
50.42,-10.753266265483928,3.4578157925196793,-1.9225514856198176,-0.6708923787046717,0.0,-0.02754813970636842
50.44,-10.748640171554566,3.470420307464292,-1.9230797520866212,-0.6713317772015733,0.0,-0.026413323340182916
50.46,-10.744007173263661,3.4830230472765233,-1.923586938949205,-0.6713674923958105,0.0,-0.025359343129184864
50.48,-10.73936758407409,3.4956239776435787,-1.924090994291642,-0.6713963694483416,0.0,-0.025202767121864176
50.5,-10.734724014582861,3.5082161391418833,-1.9246109865854562,-0.6710537773145514,0.0,-0.025999614690698742
50.52,-10.730067450990921,3.520823338686309,-1.9251531211920896,-0.6719841233964237,0.0,-0.02710673033166405
50.54,-10.725402265771288,3.533432843353864,-1.9257079084772124,-0.6722416996411621,0.0,-0.027739364256168034
50.56,-10.720728292517865,3.546044596366006,-1.9262478492209003,-0.6724997026263171,0.0,-0.026997037184410946
50.58,-10.716071246630987,3.558589882376751,-1.9267693592614183,-0.6690894512018973,0.0,-0.026075502025876288
50.6,-10.711391959201293,3.571174962744054,-1.9272702679019864,-0.6713419000426761,0.0,-0.025045432028390706
50.62,-10.706702579113658,3.583767873381944,-1.927759527110098,-0.6718848188867445,0.0,-0.024462960405588957
50.64,-10.702016304924351,3.5963336409211903,-1.928258794386541,-0.6705588706961849,0.0,-0.024963363822148817
50.66,-10.697321741483682,3.6089024650838035,-1.9287775619756333,-0.670846977203363,0.0,-0.025938379454618927
50.68,-10.692621146123905,3.6214675483781518,-1.9293261773958097,-0.670777375382963,0.0,-0.027430771008826235
50.7,-10.687899696074766,3.6340673102487178,-1.929867331151415,-0.6727668425269577,0.0,-0.027057687780268302
50.72,-10.68318823884312,3.6466197280710717,-1.930392098217733,-0.6703749369430697,0.0,-0.0262383533158934
50.74,-10.678462834623874,3.6591892507051456,-1.9308951465439497,-0.6714207776866945,0.0,-0.025152416310832287
50.76,-10.673731977005504,3.671754086424835,-1.9313800624931459,-0.6712974572945746,0.0,-0.024245797459821392
50.78,-10.668998326742498,3.6843078757223373,-1.931864450364411,-0.6708298415741305,0.0,-0.024219393563248905
50.8,-10.664262179165947,3.6968498822296585,-1.9323655369081272,-0.670322722829366,0.0,-0.02505432718581823
50.82,-10.659518702823755,3.7093922763498424,-1.9328890696073573,-0.6704703909848703,0.0,-0.02617663496150737
50.84,-10.654753484202836,3.7219722509007247,-1.9334195592668213,-0.6726125708868435,0.0,-0.02652448297321263
50.86,-10.649988965587864,3.7345302628151504,-1.9339386400916432,-0.6715733408855401,0.0,-0.02595404124109476
50.88,-10.645230608108912,3.747052433298216,-1.9344460372474763,-0.6697886224482692,0.0,-0.025369857791642834
50.9,-10.640454995609712,3.759600833677937,-1.9349320122648075,-0.6713211355832298,0.0,-0.024298750866562076
50.92,-10.635670460954758,3.772154322596929,-1.935408910941257,-0.6717176786115522,0.0,-0.02384493382246639
50.94,-10.630886678690663,3.7846878731897236,-1.935900086717803,-0.6707728065679434,0.0,-0.02455878882729364
50.96,-10.62609461263165,3.7972246402736682,-1.9364104375464353,-0.6710708346199712,0.0,-0.02551754143160336
50.98,-10.621286397552309,3.8097844324851327,-1.9369374297184423,-0.672434592812504,0.0,-0.0263496086003722
51.0,-10.616474697242722,3.822333518049109,-1.9374547006623606,-0.6719970393559699,0.0,-0.025863547195916207
51.02,-10.611674245574854,3.834833919814697,-1.937946090887139,-0.6695229281299329,0.0,-0.024569511238926298
51.04,-10.606854781629977,3.847365426312364,-1.9384182885732786,-0.6713156631142947,0.0,-0.023609884306957714
51.06,-10.602027329131879,3.859900035007428,-1.938875577161194,-0.6716038876446727,0.0,-0.022864429395790357
51.08,-10.597202187554126,3.8724115811189916,-1.939337811919754,-0.670486348382896,0.0,-0.02311173792798438
51.1,-10.592372165474275,3.8849185592278723,-1.9398228337777141,-0.6703611241485378,0.0,-0.024251092898019196
51.12,-10.587531673695699,3.8974345808704087,-1.9403361202801468,-0.6709716059844,0.0,-0.025664325121619754
51.14,-10.582676044489888,3.909970613076212,-1.9408500523068897,-0.6721778753597506,0.0,-0.02569660133716133
51.16,-10.577825968040178,3.9224732277948258,-1.9413458453487011,-0.6705196051759709,0.0,-0.024789652090564426
51.18,-10.572964038378315,3.934987992751679,-1.9418218820135116,-0.6713004207547463,0.0,-0.02380183324050778
51.2,-10.568093545698844,3.94750714052423,-1.9422805661313547,-0.6716598095236636,0.0,-0.022934205892152556
51.22,-10.563219881285073,3.9600174557489987,-1.9427384998351411,-0.6713058018539791,0.0,-0.022896685189309707
51.24,-10.558339661902332,3.9725276567571948,-1.9431902791104039,-0.6714195232661218,0.0,-0.02258896376313498
51.26,-10.553454593942716,3.9850335965769728,-1.9436411692746554,-0.6713092054820375,0.0,-0.02254450821258765
51.28,-10.548556761568443,3.9975555513271988,-1.9441216964796413,-0.67228735064177,0.0,-0.024026360249310298
51.3,-10.543660029898833,4.010056980570617,-1.9445955737716778,-0.6713116157425991,0.0,-0.023693864601809993
51.32,-10.53875854902418,4.022553093908209,-1.9450516149555659,-0.6711508088919294,0.0,-0.02280205919440464
51.34,-10.533849677157727,4.0350512805032155,-1.9454968643543393,-0.6713823261839403,0.0,-0.02226246993867896
51.36,-10.528930134245822,4.047560265114839,-1.9459314974408208,-0.6720799775248331,0.0,-0.021731654324053648
51.38,-10.524012511419457,4.060048428879854,-1.9463844128318635,-0.671076091967648,0.0,-0.022645769552158742
51.4,-10.519088896597035,4.072535217289991,-1.946855079625777,-0.6711219481567702,0.0,-0.02353333969566617
51.42,-10.51415035716015,4.085042602082715,-1.9473527643646462,-0.6723537873079836,0.0,-0.02488423694346905
51.44,-10.509209436979845,4.097537807881372,-1.9478433110919129,-0.6718311919279375,0.0,-0.024527336363320607
51.46,-10.504269326546959,4.110013066292995,-1.9483134137385736,-0.6708888945382003,0.0,-0.023505132333030566
51.48,-10.49932027385156,4.122493763572135,-1.9487697214007158,-0.6713064262231165,0.0,-0.022815383107122875
51.5,-10.494363778713248,4.134976603366374,-1.9492080608973938,-0.671543247648171,0.0,-0.021916974833896385
51.52,-10.489408534593208,4.147440361051852,-1.9496500490074273,-0.6706334690639724,0.0,-0.02209940550167794
51.54,-10.484448780229753,4.159899420089581,-1.9501094159569492,-0.6704985373798993,0.0,-0.022968347476095413
51.56,-10.479476257467903,4.172373874707134,-1.9505933935437616,-0.671449924831512,0.0,-0.024198879340617936
51.58,-10.474488248622752,4.184869593227301,-1.9510822103384609,-0.6727243372558838,0.0,-0.02444083973496457
51.6,-10.469506850225981,4.19733105676709,-1.9515577864817497,-0.6710111838502315,0.0,-0.023778807164443187
51.62,-10.46451825907867,4.209793314870294,-1.9520146460463785,-0.6711816420796803,0.0,-0.022842978231460226
51.64,-10.459522209323639,4.222257697556992,-1.9524574758432363,-0.67141892458285,0.0,-0.022141489842861222
51.66,-10.454521068122865,4.234718801031401,-1.9528943070411575,-0.6713615142194667,0.0,-0.021841559896077917
51.68,-10.449513628268026,4.2471798481587895,-1.9533287528299161,-0.6714762643065683,0.0,-0.021722289437941304
51.7,-10.444503760904974,4.259631298112949,-1.9537525909348958,-0.6710763312700021,0.0,-0.021191905248955627
51.72,-10.43947374773744,4.27211753322655,-1.954208892000044,-0.6730659324644287,0.0,-0.022815053257415997
51.74,-10.434439551407907,4.284597719014156,-1.9546593166817885,-0.6728636005489005,0.0,-0.022521234087239998
51.76,-10.42942637421622,4.297009678886744,-1.955106381057082,-0.6693069053767207,0.0,-0.02235321876464904
51.78,-10.424391433273968,4.309459491618734,-1.9555482059793767,-0.6714694098646244,0.0,-0.022091246114755315
51.8,-10.419347938320206,4.321914620226185,-1.9559944848264044,-0.6718762348393547,0.0,-0.02231394235138354
51.82,-10.414305972165856,4.334350018160728,-1.9564508271159593,-0.6709332017646057,0.0,-0.022817114477756
51.84,-10.40924947929822,4.346804918827441,-1.9568905320157772,-0.6721098696235733,0.0,-0.02198524499088695
51.86,-10.404196003430872,4.3592367017744005,-1.957367859197696,-0.670982200922956,0.0,-0.02386635909593839
51.88,-10.399119921560837,4.371707030330504,-1.957839773149713,-0.673193325591678,0.0,-0.023595697600864142
51.9,-10.394052496825175,4.384139286400312,-1.9583104896434238,-0.6712670564627504,0.0,-0.023535824685527156
51.92,-10.388980713838096,4.396565497197013,-1.9587708594481514,-0.6710694774613164,0.0,-0.02301849023638165
51.94,-10.383901115182685,4.408994499281224,-1.9592217409189923,-0.6713464368516988,0.0,-0.022544073542031688
51.96,-10.378820538962449,4.421409905429468,-1.9596786135718696,-0.6707357239544308,0.0,-0.022843632643883695
51.98,-10.373725926085116,4.433843403869623,-1.9601230573783526,-0.6718388270843111,0.0,-0.022222190324135062
52.0,-10.368630519597046,4.446263103190576,-1.9605665820329097,-0.6712154991162876,0.0,-0.02217623272785751
52.02,-10.363535213894615,4.458666887716898,-1.9610418298516077,-0.6704774619192149,0.0,-0.02376239093490131
52.04,-10.358420031124567,4.471102242371682,-1.9615185787875116,-0.6723152909186948,0.0,-0.023837446795209934
52.06,-10.353314473148906,4.4834973983354525,-1.9619924406490532,-0.6702734770394592,0.0,-0.02369309307708422
52.08,-10.348194216347439,4.495911531871146,-1.9624577936155043,-0.6714308250948204,0.0,-0.023267648322541887
52.1,-10.34306578779747,4.508329081235057,-1.962922815254792,-0.6717445786854103,0.0,-0.02325108196439407
52.12,-10.337934663208934,4.520736801822316,-1.963400610664095,-0.6713418833101663,0.0,-0.023889770465136063
52.14,-10.332798450922956,4.533140040716747,-1.9638665868194243,-0.6712320979343414,0.0,-0.023298807766464567
52.16,-10.327664674975406,4.545521072000011,-1.964377962816273,-0.6701596658946627,0.0,-0.025568799842449877
52.18,-10.32250435836612,4.557948146025337,-1.9648786807416638,-0.6727946126772434,0.0,-0.0250358962695425
52.2,-10.317359010335712,4.5703216759912,-1.9653739343936723,-0.67003516730488,0.0,-0.024762682600423472
52.22,-10.312195595043406,4.582721329086859,-1.965861828145927,-0.6715881445751296,0.0,-0.024394687612722857
52.24,-10.307026054893512,4.595118643190162,-1.9663471699818846,-0.6715979867772405,0.0,-0.02426709179789613
52.26,-10.301859127350891,4.607492781634481,-1.96684299350864,-0.670478266743019,0.0,-0.024791176337768388
52.28,-10.296671021862492,4.619900333039334,-1.9673243419990076,-0.6724280080849216,0.0,-0.02406742451839171
52.3,-10.29148553707503,4.632284864295068,-1.9678395840381535,-0.6713156241762253,0.0,-0.025762101957274075
52.32,-10.28628287527078,4.644692470655432,-1.9683510205275556,-0.6727116496745787,0.0,-0.025571824470111738
52.34,-10.281081424505693,4.657079420246255,-1.9688567847939826,-0.6717358301952151,0.0,-0.025288213321354207
52.36,-10.275881380743556,4.669445494851711,-1.9693523098688317,-0.670746331104097,0.0,-0.02477625374243335
52.38,-10.270670443303409,4.681820310840018,-1.9698335711047295,-0.6713604466856394,0.0,-0.024063061794904004
52.4,-10.26545882835428,4.694180101751787,-1.970327020828373,-0.6706812986818628,0.0,-0.024672486182183245
52.42,-10.260232137944765,4.706558580281172,-1.970821400024581,-0.6718352166628536,0.0,-0.024718959810387943
52.44,-10.255005809667189,4.718919145028822,-1.9713548183603378,-0.6710031075670599,0.0,-0.026670916787837787
52.46,-10.249770946568537,4.731281506821172,-1.971901227280335,-0.6712521522248043,0.0,-0.027320445999840383
52.48,-10.244521713289366,4.743658964716283,-1.9724385114914766,-0.6722274800326218,0.0,-0.026864210557111554
52.5,-10.239280913086791,4.75599808965087,-1.9729613221048403,-0.6702984240520087,0.0,-0.02614053066818102
52.52,-10.234024918886496,4.76835502952781,-1.9734656358646088,-0.6714153672575597,0.0,-0.025215687988418427
52.54,-10.228758032088324,4.780720261090256,-1.9739635644330666,-0.6720101341082156,0.0,-0.024896428422882855
52.56,-10.223490856853905,4.7930691113122865,-1.974455736007652,-0.6712623122822727,0.0,-0.024608578729268808
52.58,-10.218219953069966,4.805409868992956,-1.974950403930829,-0.6709633500284402,0.0,-0.024733396158848127
52.6,-10.212948138817254,4.817735875003395,-1.9754895462080846,-0.6703030092512089,0.0,-0.026957113862789407
52.62,-10.2076634987177,4.8300734675435955,-1.9760239582592316,-0.6710879425787377,0.0,-0.026720602557338657
52.64,-10.202370726728928,4.842411822485278,-1.9765393756994405,-0.671283170487827,0.0,-0.02577087201044201
52.66,-10.19707034339683,4.854750363777344,-1.9770307876425703,-0.6714418528123189,0.0,-0.024570597156489637
52.68,-10.191760862435515,4.8670933543092305,-1.9775014569089884,-0.6718258765274983,0.0,-0.02353346332091789
52.7,-10.186461988903908,4.8793957307793825,-1.9779629356066517,-0.6697509378815898,0.0,-0.023073934883159335
52.72,-10.18114969431677,4.89171361780561,-1.9784422380564244,-0.6707287353532781,0.0,-0.02396512248862998
52.74,-10.175815253156987,4.904066571539981,-1.9789422437338382,-0.6727773191232723,0.0,-0.025000283870691056
52.76,-10.170468935912606,4.916430038318063,-1.9794383267675368,-0.6734953950293654,0.0,-0.024804151684951672
52.78,-10.165126531697656,4.928767652123103,-1.979926141776858,-0.6722313537730854,0.0,-0.024390750466052477
52.8,-10.159818843837115,4.941008713542495,-1.980402840262804,-0.6671115631929195,0.0,-0.023834924297276613
52.82,-10.154469007217033,4.953330884867013,-1.9808723404118502,-0.6716707861972397,0.0,-0.023475007452327647
52.84,-10.1491175759229,4.9656409047375885,-1.9813306417912577,-0.671145301163945,0.0,-0.02291506897038096
52.86,-10.14375384121425,4.9779637769470595,-1.98181899203258,-0.6719799653184158,0.0,-0.02441751206610332
52.88,-10.138393057421224,4.990263451954434,-1.982340898309844,-0.6708576752237106,0.0,-0.02609531386321084
52.9,-10.133029827265142,5.002551226731102,-1.982888492060967,-0.670361183745745,0.0,-0.027379687556154907
52.92,-10.127652116549815,5.014853798518625,-1.983428200037255,-0.6713289899984112,0.0,-0.026985398814394126
52.94,-10.122267186340736,5.027154792135584,-1.9839498248511473,-0.6714013652822185,0.0,-0.026081240694647498
52.96,-10.11687512836591,5.039454599295891,-1.9844494576821143,-0.671490032287554,0.0,-0.024981641548324808
52.98,-10.111476614666486,5.051752419353929,-1.984930614042365,-0.6715287193090733,0.0,-0.024057818012541133
53.0,-10.106076381614065,5.064038091727453,-1.9854071331611454,-0.6710071957327411,0.0,-0.023825955939003742
53.02,-10.100655822727733,5.076354071233283,-1.9859018311594165,-0.6728034813899878,0.0,-0.024734899913567913
53.04,-10.095226913636305,5.088672491592789,-1.9864125547821863,-0.6730834533631318,0.0,-0.025536181138485915
53.06,-10.089790344951204,5.1009912396834025,-1.9869303195923154,-0.6732529866027531,0.0,-0.025888240506468662
53.08,-10.084364834898556,5.113267717987539,-1.9874371684145145,-0.6710962652320008,0.0,-0.025342441109933625
53.1,-10.078995068772828,5.125401425327498,-1.987922364169835,-0.6634403553763781,0.0,-0.02425978776603149
53.12,-10.073553890122156,5.137680396581618,-1.9883986871560355,-0.6715272894083198,0.0,-0.023816149310015446
53.14,-10.068114195988983,5.14994024851989,-1.9888702170795165,-0.6706232955445535,0.0,-0.023576496174057698
53.16,-10.062662335606008,5.162211908370318,-1.989352565716857,-0.671409742854634,0.0,-0.024117431867006826
53.18,-10.057207683230805,5.174473908551089,-1.989863138289311,-0.6710251131059567,0.0,-0.02552862862272011
53.2,-10.051736414034396,5.186756372345415,-1.990385449536359,-0.6722977455683363,0.0,-0.02611556235238897
53.22,-10.046267447815001,5.199016434293734,-1.9908931853680774,-0.6712278124554772,0.0,-0.025386791585926907
53.24,-10.040794436450467,5.21126883970431,-1.991384975801605,-0.6709606764584456,0.0,-0.02458952167638524
53.26,-10.035313102046231,5.223523689986437,-1.9918637474351801,-0.6712420991870229,0.0,-0.02393858167874452
53.28,-10.029824458907571,5.235779134556856,-1.992327140795278,-0.6714185079407956,0.0,-0.023169668004888403
53.3,-10.024328649751183,5.248035351722833,-1.9928106356225752,-0.6716002857038854,0.0,-0.02417474136486404
53.32,-10.018830932005791,5.260279964450767,-1.9933108452735417,-0.6711099784407331,0.0,-0.025010482548327957
53.34,-10.013324071812491,5.272528538973353,-1.9938389528452454,-0.6714780097365655,0.0,-0.026405378585193543
53.36,-10.007811989287628,5.28477143726813,-1.9943646609542913,-0.671326322322351,0.0,-0.026285405452295088
53.38,-10.00229337320497,5.297011653773287,-1.9948669710260902,-0.6713382596740929,0.0,-0.02511550358994527
53.4,-9.996767437477494,5.309251692582592,-1.9953434103343712,-0.6714806693372942,0.0,-0.023821965414040115
53.42,-9.991233546773495,5.321493795884083,-1.9958097954510061,-0.6717384899798845,0.0,-0.02331925583176324
53.44,-9.98570673401859,5.333705064832486,-1.9962682911675047,-0.6701879373690679,0.0,-0.022924785824929964
53.46,-9.980170131419303,5.345923048379972,-1.9967359626128203,-0.6706957028136454,0.0,-0.023383572265766428
53.48,-9.974605412497782,5.358187817848339,-1.9972211713400645,-0.6734067618975208,0.0,-0.024260436362204915
53.5,-9.969034126691128,5.370451243000809,-1.9977198297567922,-0.6734812952295867,0.0,-0.02493292083639448
53.52,-9.963475116660225,5.38267146147619,-1.9982055161863888,-0.6712606276806866,0.0,-0.024284321479804714
53.54,-9.957949012429712,5.394803706835221,-1.9986773968741092,-0.6665755872709141,0.0,-0.02359403438601959
53.56,-9.952377107861434,5.407021217754749,-1.9991391706328006,-0.6714046722856069,0.0,-0.023088687934595856
53.58,-9.946804735028216,5.4192248257308195,-1.9995997524524187,-0.6707819813955805,0.0,-0.02302909098089268
53.6,-9.941222658085321,5.431434798899769,-2.0000647248838566,-0.6712730960325798,0.0,-0.023248621571893655
53.62,-9.935639188472488,5.443632816067415,-2.0005258823606002,-0.6707584433676784,0.0,-0.02305787383719047
53.64,-9.933279710626177,5.448781212521545,-2.000235760785997,-0.2831656836382548,0.0,0.014506078730186564
53.66,-9.930893846032024,5.4539911753794845,-1.9997743645634072,-0.28651379915610803,0.0,0.023069811129479027
53.68,-9.928570064954787,5.459071758835719,-1.9991652738294858,-0.2793397874931753,0.0,0.03045453669605815
53.7,-9.92625648352178,5.464138198432936,-1.9984047743355207,-0.2784846011873812,0.0,0.03802497469825026
53.72,-9.923947639848278,5.4692044561507025,-1.9975085844497216,-0.2783780090609924,0.0,0.04480949428996275
53.74,-9.92164275368314,5.474274064950822,-1.9964923207961482,-0.27844853034488704,0.0,0.050813182678656206
53.76,-9.919340410600375,5.479351770098493,-1.9953695225150776,-0.2787645657066212,0.0,0.0561399140535278
53.78,-9.917045870971945,5.484427410109793,-1.9941528606562418,-0.27850957627500167,0.0,0.060833092941802294
53.8,-9.914749489718194,5.4895236333803625,-1.992847288073724,-0.27948550269232786,0.0,0.065278629125878
53.82,-9.912474479244045,5.494590079363283,-1.9914735977454987,-0.2776893388092819,0.0,0.06868451641128001
53.84,-9.910202312428735,5.499668850799063,-1.99002972726803,-0.27819355372425764,0.0,0.07219352387342419
53.86,-9.907936343524401,5.504753450183049,-1.9885238715247981,-0.2783332803090636,0.0,0.07529278716162334
53.88,-9.905680551784673,5.509835783099638,-1.9869596452565044,-0.2780229498084111,0.0,0.07821131341467336
53.9,-9.903433791106174,5.514919198459971,-1.9853451584593031,-0.277889570117835,0.0,0.08072433986005806
53.92,-9.90119341355588,5.520010386139652,-1.983687512403781,-0.2781163585515945,0.0,0.0828823027761022
53.94,-9.89896072524651,5.5251069999711255,-1.981994408401278,-0.27821021563719656,0.0,0.08465520012514208
53.96,-9.896736401198028,5.530208001343051,-1.9802781457805432,-0.27824374417516806,0.0,0.08581313103674691
53.98,-9.894508862236812,5.535340398948085,-1.9785303086563963,-0.279747363704735,0.0,0.0873918562073492
54.0,-9.892287008767367,5.540484295419634,-1.9767570334390965,-0.2801620234332869,0.0,0.08866376086497368
54.02,-9.890069633448164,5.545642934554093,-1.9749598888050568,-0.2807503830174939,0.0,0.08985723170200283
54.04,-9.887864878818942,5.550797726550836,-1.973147718137886,-0.2803249164129399,0.0,0.09060853335853461
54.06,-9.885676212028061,5.555940661083181,-1.9713236171238515,-0.2794639418846637,0.0,0.09120505070174204
54.08,-9.88350647847724,5.561065028542352,-1.9694898849636335,-0.27823949008979143,0.0,0.09168660801087256
54.1,-9.88135467822525,5.566173110056431,-1.967647549014621,-0.27714049270604235,0.0,0.09211679745064183
54.12,-9.87922041489917,5.571265765852633,-1.9657987861554913,-0.2760897634993567,0.0,0.09243814295648296
54.14,-9.877073897003902,5.576414343719986,-1.9639264474621483,-0.27890586732308464,0.0,0.09361693466712989
54.16,-9.874947934322647,5.581540620777956,-1.9620665177641377,-0.2774816831664752,0.0,0.09299648490055475
54.18,-9.872821829037411,5.586694309387305,-1.9602078997531753,-0.27875091912870714,0.0,0.09293090054811184
54.2,-9.870711221128067,5.591837526862878,-1.9583625820158714,-0.27797190392206833,0.0,0.09226588686518804
54.22,-9.868608790276168,5.596987857562805,-1.9565052981311037,-0.2781461927010169,0.0,0.0928641942383992
54.24,-9.866516394860295,5.6021409360740115,-1.954636336279202,-0.2780842350755859,0.0,0.09344809259505812
54.26,-9.864432391746316,5.607300992049571,-1.9527526583575643,-0.2782500972595232,0.0,0.09418389608191455
54.28,-9.862357177565151,5.612467291274828,-1.9508588356784218,-0.2783754729793703,0.0,0.09469113395711777
54.3,-9.860294605085524,5.617630367298251,-1.948960830033718,-0.2779908238474694,0.0,0.09490028223518314
54.32,-9.858237572882404,5.622808079049938,-1.947060287541479,-0.27856812662362845,0.0,0.09502712461195746
54.34,-9.856189364195691,5.6279922742895945,-1.9451571486384334,-0.27870701061869274,0.0,0.09515694515227083
54.36,-9.854146261087818,5.633192484677125,-1.9432421036132255,-0.27935845424823497,0.0,0.0957522512603946
54.38,-9.852107486537143,5.6384110187268375,-1.9413139625578513,-0.28013255476866594,0.0,0.09640705276870924
54.4,-9.85008020578221,5.643629798201087,-1.939381943800339,-0.2799353785258916,0.0,0.09660093787562432
54.42,-9.848067100374225,5.648841898454556,-1.9374499690375215,-0.2793679582372874,0.0,0.09659873814085322
54.44,-9.846084536109174,5.654004579373754,-1.9355269129146155,-0.27651326974713364,0.0,0.09615280614530476
54.46,-9.844113669414497,5.6591664385919636,-1.933599487548876,-0.2762657512107053,0.0,0.09637126828699974
54.48,-9.842128264500259,5.664396603646443,-1.9316509150989891,-0.279716191748821,0.0,0.09742862249434417
54.5,-9.840159625545395,5.669613215684223,-1.9297118713954458,-0.2787856725484711,0.0,0.09695218517715273
54.52,-9.838200641627166,5.674834871702558,-1.9277765207221242,-0.2788517059553984,0.0,0.09676753366609214
54.54,-9.836251711591347,5.680060458111846,-1.9258462368649862,-0.278859649310645,0.0,0.09651419285687975
54.56,-9.834317595119485,5.685277057937839,-1.9239259903723376,-0.2781803384105191,0.0,0.09601232463245431
54.58,-9.832394140064824,5.690495623827834,-1.9220090791750266,-0.2780877078167896,0.0,0.09584555986554359
54.6,-9.830479934692105,5.69571993426739,-1.920092121438975,-0.2781977793665673,0.0,0.095847886802593
54.62,-9.828574343668528,5.700951759103329,-1.9181751470959654,-0.2784028926892505,0.0,0.09584871715045709
54.64,-9.826680190487734,5.706183346527074,-1.9162607390855648,-0.2781965278566305,0.0,0.09572040052003403
54.66,-9.824795830098905,5.7114191786840465,-1.9143478465811892,-0.2782299069608423,0.0,0.0956446252187814
54.68,-9.82291966022714,5.716663717146897,-1.9124281923668036,-0.2785013333721828,0.0,0.09598271071928217
54.7,-9.821046149075277,5.721932693922952,-1.9104939566527033,-0.27960758351105813,0.0,0.09671178570501582
54.72,-9.81917688701295,5.727222109517327,-1.908545880496023,-0.28049981277922814,0.0,0.09740380783401409
54.74,-9.817316769538907,5.732518468365214,-1.9065959758654194,-0.2806753198218202,0.0,0.09749523153018283
54.76,-9.815486886677936,5.737761416495402,-1.9046511813875506,-0.2776552555810744,0.0,0.09723972389341351
54.78,-9.813675160355768,5.742984972960666,-1.9026988276146175,-0.27644119814277845,0.0,0.09761768864664307
54.8,-9.811867769734583,5.748229076596622,-1.9007382599522549,-0.277341323111938,0.0,0.09802838311814903
54.82,-9.8100630865165,5.753498840288792,-1.8987613221140527,-0.27851073089265715,0.0,0.09884689191009315
54.84,-9.808262940738045,5.7587894546790865,-1.8967729538315983,-0.2794240748865856,0.0,0.0994184141227343
54.86,-9.80647876228035,5.76406753291507,-1.8947945845688223,-0.27857405942613434,0.0,0.09891846313879771
54.88,-9.804706968784949,5.769343355416267,-1.8928235797031925,-0.2782694523949925,0.0,0.09855024328146676
54.9,-9.80294606562576,5.774621196542077,-1.8908579741067335,-0.27819232055059134,0.0,0.09828027982296403
54.92,-9.801193196109322,5.779909560218062,-1.8888963102826781,-0.278564812526343,0.0,0.09808319120275337
54.94,-9.799442877137587,5.785225121584845,-1.8869304233337179,-0.279816051839634,0.0,0.09829434744804107
54.96,-9.79770367989123,5.790542069742453,-1.8849681976184454,-0.27970853031516996,0.0,0.09811128576361226
54.98,-9.795980257509463,5.795845990940909,-1.8830130168920676,-0.27884478113012034,0.0,0.09775903631890433
55.0,-9.794272457824343,5.801137008536577,-1.8810640497089595,-0.27799031890593895,0.0,0.09744835915538258
55.02,-9.792583799531457,5.806403816423135,-1.8791281157321142,-0.27654489754845296,0.0,0.09679669884228426
55.04,-9.79089308177619,5.811712374094326,-1.8771775493277,-0.278564674161761,0.0,0.09752832022068819
55.06,-9.789209000167848,5.8170359845009685,-1.8752180512728742,-0.2791816551336563,0.0,0.09797490274130295
55.08,-9.787525976742652,5.822392728729802,-1.8732482568590725,-0.2807457772740793,0.0,0.0984897206901016
55.1,-9.785857508673748,5.8277399569584105,-1.8712844169881615,-0.28007425544746456,0.0,0.09819199354555351
55.12,-9.784213035235208,5.833046916218616,-1.869324049336552,-0.277795380989064,0.0,0.0980183825804623
55.14,-9.78258556046299,5.838335667500107,-1.8673593810202396,-0.2766747379671192,0.0,0.09823341581564127
55.16,-9.780969856292712,5.843623100323981,-1.8653957134036194,-0.2764391697681618,0.0,0.0981833808309866
55.18,-9.779353471166033,5.848950168234322,-1.8634157684228654,-0.2783449002547533,0.0,0.0989972490377202
55.2,-9.777745375940864,5.854287929550785,-1.861435412117202,-0.27873673118530023,0.0,0.09901781528314016
55.22,-9.77614747704025,5.859630127052282,-1.8594575096676265,-0.27880259612123215,0.0,0.09889512247878575
55.24,-9.774557047816133,5.864985913155962,-1.857480758072568,-0.2793470507509807,0.0,0.09883757975292455
55.26,-9.772985600819691,5.870316366220774,-1.8555206544336413,-0.2778631656894195,0.0,0.09800518194634023
55.28,-9.771422498876886,5.875657085585393,-1.8535613730220297,-0.2782380770816066,0.0,0.09796407058057956
55.3,-9.769871000841434,5.880996944191867,-1.8516023242350719,-0.2780343328221491,0.0,0.09795243934789652
55.32,-9.7683295550921,5.886341259503492,-1.849633903876026,-0.2781086170375753,0.0,0.09842101795231548
55.34,-9.766798053861686,5.891690618677212,-1.8476571239223323,-0.27821367502434136,0.0,0.09883899768467536
55.36,-9.765274092337394,5.897053685294886,-1.845670228269775,-0.2787693592969431,0.0,0.09934478262783855
55.38,-9.763762292121,5.902414441665215,-1.8436967707720984,-0.27849258857425563,0.0,0.0986728748838678
55.4,-9.762254856762992,5.9078003849853875,-1.8417157583151589,-0.2796459672813355,0.0,0.09905062284695255
55.42,-9.76076117203699,5.91317822178821,-1.8397383344504339,-0.2790708814015018,0.0,0.09887119323626226
55.44,-9.759269007162306,5.918592081119825,-1.8377535595803585,-0.2807865242303619,0.0,0.09923874350374787
55.46,-9.757788227077302,5.924006563790377,-1.8357788791373006,-0.2806658700744279,0.0,0.09873402215290782
55.48,-9.756334491829328,5.929363708445751,-1.8338175321207133,-0.2775443434381257,0.0,0.09806735082936383
55.5,-9.754883494372828,5.934752559267328,-1.8318422490137376,-0.27903900621585936,0.0,0.09876415534878692
55.52,-9.75344372296061,5.940142099385265,-1.8298695797294968,-0.2789268918654792,0.0,0.09863346421202542
55.54,-9.752020600532846,5.945511775844382,-1.8279080812058073,-0.2777530500282589,0.0,0.09807492618448761
55.56,-9.750632427384827,5.950791380503132,-1.8259866747984042,-0.2729526059665204,0.0,0.09607032037015004
55.58,-9.74922246491002,5.956196060576374,-1.8240268490959013,-0.2792783596811557,0.0,0.0979912851251651
55.6,-9.747825624037233,5.961593729996028,-1.822077621943854,-0.27877410024853844,0.0,0.09746135760235473
55.62,-9.746445724102463,5.966969114540973,-1.820147986559596,-0.2774837059901847,0.0,0.09648176921289363
55.64,-9.745071257019527,5.972366559655299,-1.8182185068654266,-0.27848506927767464,0.0,0.09647398470846758
55.66,-9.74370627342719,5.977770341621182,-1.8162904173501604,-0.27867561672196245,0.0,0.09640447576330066
55.68,-9.7423525881796,5.9831732456642435,-1.8143665933440043,-0.27849522369368573,0.0,0.09619120030781113
55.7,-9.74100997446974,5.988576028501038,-1.8124475165091967,-0.2783553212867745,0.0,0.09595384174039083
55.72,-9.739678037034034,5.993980138643358,-1.8105328076121665,-0.27829150078181786,0.0,0.09573544485148441
55.74,-9.738356100021226,5.999388218187329,-1.8086159542511486,-0.2783650562649729,0.0,0.09584266805090576
55.76,-9.737043018430159,6.004805065369008,-1.8066912092308716,-0.27868627816265434,0.0,0.09623725101383017
55.78,-9.735737868542676,6.01023481706137,-1.8047557581418459,-0.27922043115390466,0.0,0.09677255445130298
55.8,-9.734436617066692,6.015694832793922,-1.8028080073590131,-0.28064669605867176,0.0,0.09738753914163893
55.82,-9.733146137546257,6.021156802375745,-1.8008616187954858,-0.2806173956895031,0.0,0.09731942817636047
55.84,-9.731880975385142,6.026558578937802,-1.7989262256803575,-0.2773978429995095,0.0,0.09676965575642826
55.86,-9.730617628143643,6.032000016455664,-1.7969712778954023,-0.2793084697668568,0.0,0.09774738924776182
55.88,-9.729366133093794,6.037438646103662,-1.7950178104395464,-0.27903822456734717,0.0,0.09767337279281092
55.9,-9.72813708649415,6.042827872545205,-1.7930811111751033,-0.2763797983858582,0.0,0.09683496322214546
55.92,-9.726910935052212,6.048252848793256,-1.7911328045083534,-0.2780908783585425,0.0,0.09741533333748396
55.94,-9.725696182838936,6.053676509504257,-1.7891904036097752,-0.2779015943086434,0.0,0.0971200449289201
55.96,-9.724486632806972,6.059126558340236,-1.7872447876600899,-0.2791327802067636,0.0,0.09728079748426098
55.98,-9.72328503501051,6.064591018532047,-1.7853009452185113,-0.27975061417424363,0.0,0.09719212207893403
56.0,-9.722101848135592,6.070022062161882,-1.783379837960997,-0.27792159906231517,0.0,0.09605536287571054
56.02,-9.720931078295058,6.075446189794754,-1.7814729909967113,-0.2774520796335405,0.0,0.09534234821428929
56.04,-9.71976803137648,6.080884801826409,-1.7795705701059228,-0.27807903087825175,0.0,0.09512104453942899
56.06,-9.718614969337121,6.086327333536805,-1.7776687137149008,-0.27816678218865887,0.0,0.09509281955107438
56.08,-9.717471849572318,6.09177400532826,-1.7757669918700052,-0.27826676230061065,0.0,0.09508609224479969
56.1,-9.716338852616937,6.097223982662546,-1.7738594235925502,-0.2783250574649039,0.0,0.09537841387274364
56.12,-9.715214574669048,6.102684266974804,-1.7719415276412753,-0.2787413930276827,0.0,0.09589479756375582
56.14,-9.71409889629206,6.108155891821777,-1.770012974472758,-0.2792105688673778,0.0,0.09642765842585903
56.16,-9.712987982318118,6.113658336387826,-1.768067661264999,-0.2806734136854279,0.0,0.0972656603879349
56.18,-9.711888226515446,6.1191606696659955,-1.766121497892879,-0.2805580792347938,0.0,0.09730816860600905
56.2,-9.710811873140102,6.124600982913058,-1.7641825671564653,-0.2772884094890031,0.0,0.09694653682066902
56.22,-9.709747447727077,6.130036338593724,-1.7622421378255009,-0.27693001297821895,0.0,0.09702146654824631
56.24,-9.708688132008707,6.135501812835555,-1.7602908553596537,-0.27835929335707493,0.0,0.0975641232923649
56.26,-9.707644925908241,6.140940964939518,-1.7583463908478416,-0.2769144930213052,0.0,0.0972232255905786
56.28,-9.706603763514154,6.146427105601926,-1.756386830943354,-0.27920314512281125,0.0,0.09797799522438731
56.3,-9.70557534627086,6.151904662230575,-1.7544342427260582,-0.2786631866894394,0.0,0.09762941086480656
56.32,-9.704556358874653,6.157391041001795,-1.752483832372682,-0.2790102477281101,0.0,0.0975205176688008
56.34,-9.703542372897207,6.162910429905594,-1.750526630544606,-0.28058787141387426,0.0,0.09786009140377559
56.36,-9.702539279104593,6.1684313101704795,-1.7485728345327183,-0.2805633442557232,0.0,0.09768980059440956
56.38,-9.701551174601821,6.17393076003947,-1.7466260030206477,-0.2793756403569114,0.0,0.09734157560350276
56.4,-9.700577973184,6.179408512812561,-1.7446842678838468,-0.27817663652236874,0.0,0.09708675684005959
56.42,-9.699618358387621,6.184871360176755,-1.7427460322316835,-0.2773245476058338,0.0,0.09691178260816989
56.44,-9.698676012834241,6.1902975971283505,-1.740822913800678,-0.27537275916850035,0.0,0.09615592155025422
56.46,-9.697733404289531,6.195787960159459,-1.7388780211489316,-0.27853454490388185,0.0,0.09724463258733362
56.48,-9.696800356738496,6.2012867404417795,-1.7369265600640018,-0.2788689760700077,0.0,0.097573054246496
56.5,-9.695879363145838,6.2067794495755555,-1.7349749439135247,-0.278469400589998,0.0,0.09758080752386444
56.52,-9.694961613901244,6.212319077966967,-1.7330080257547296,-0.2807567736978579,0.0,0.09834590793973924
56.54,-9.694063295176907,6.217808360366278,-1.731051924478691,-0.278115074159432,0.0,0.0978050638019094
56.56,-9.69317114362129,6.22332767507839,-1.7290778268268439,-0.2795477118915943,0.0,0.0987048825923866
56.58,-9.692295736506836,6.228812108448595,-1.7271165565644206,-0.2776929374698213,0.0,0.09806351312114524
56.6,-9.69142919325445,6.234310267200341,-1.7251519632693677,-0.2783013064452528,0.0,0.0982296647526361
56.62,-9.690586388348981,6.239726984120386,-1.723217154468859,-0.27409461094932863,0.0,0.09674044002544505
56.64,-9.689733871888084,6.245276778775523,-1.7212415338248155,-0.280744568203373,0.0,0.09878103220220194
56.66,-9.68890089079228,6.250771716837643,-1.7192907210758046,-0.27788577605064374,0.0,0.09754063745050681
56.68,-9.688076777373057,6.256280659484718,-1.7173416604301157,-0.2785121721599537,0.0,0.09745303228445802
56.7,-9.68726432281681,6.261784964719634,-1.7154002104108,-0.2781971357019233,0.0,0.09707250096578646
56.72,-9.686462555251325,6.267290842875145,-1.7134628017338454,-0.27819743660028323,0.0,0.09687043384774187
56.74,-9.68567124954653,6.272799703550051,-1.711527864193208,-0.2782701504562265,0.0,0.09674687703188073
56.76,-9.684890827714062,6.278308510256169,-1.7095967698802348,-0.2781906251204475,0.0,0.09655471564863673
56.78,-9.68412042533969,6.283823251992841,-1.7076674824278004,-0.278414691784701,0.0,0.09646437262173119
56.8,-9.683361515819328,6.289333284571778,-1.7057434731500067,-0.2781025111404506,0.0,0.09620046388966437
56.82,-9.682612247040648,6.2948518525669135,-1.7038134831478637,-0.27846003492261645,0.0,0.09649950010715155
56.84,-9.6818724136691,6.300380949762917,-1.7018737624066307,-0.27891875708039254,0.0,0.09698603706166076
56.86,-9.6811443814346,6.305903318547965,-1.6999318192059487,-0.27850757589578057,0.0,0.09709716003411896
56.88,-9.680421152451437,6.31147269618651,-1.6979747893422612,-0.2808069952957762,0.0,0.0978514931843607
56.9,-9.67971420918927,6.317001365742412,-1.6960289001515725,-0.278684211224277,0.0,0.09729445953442886
56.92,-9.679016078674074,6.322546864293121,-1.6940689702875087,-0.279463505632501,0.0,0.09799649320318625
56.94,-9.678334752548333,6.3280458252010625,-1.6921242445538094,-0.2770504302319787,0.0,0.09723628668497891
56.96,-9.677661129673998,6.333570640028558,-1.6901697950074033,-0.2782864830302806,0.0,0.09772247732029961
56.98,-9.677003802538604,6.339050935320377,-1.68823654678126,-0.27597878291843536,0.0,0.09666241130718811
57.0,-9.6763533135564,6.344564341798262,-1.6862895370316726,-0.27758236122973023,0.0,0.09735048747935549
57.02,-9.67570698156009,6.350135714326353,-1.6843275014445838,-0.2804368774618555,0.0,0.09810177935445767
57.04,-9.675069812710534,6.355723861695727,-1.682365106527725,-0.2812177766637488,0.0,0.09811974584292794
57.06,-9.674444818491558,6.36130247285807,-1.6804082344645574,-0.2806756146977228,0.0,0.09784360315837651
57.08,-9.673833087785981,6.36686098214127,-1.6784561727514689,-0.27960346880699805,0.0,0.09760308565443211
57.1,-9.673234287620426,6.372401440403606,-1.6765069586537915,-0.2786361399520859,0.0,0.09746070488388116
57.12,-9.672648351027,6.377923613461127,-1.674561016593584,-0.27765858967772494,0.0,0.09729710301035867
57.14,-9.672075060187506,6.383428682672499,-1.6726197746212077,-0.2767419800492926,0.0,0.09706209861879879
57.16,-9.671514054975285,6.388919216002244,-1.6706859447327302,-0.2759559887608067,0.0,0.09669149442388558
57.18,-9.670958253887452,6.394464850132306,-1.6687365167837729,-0.2786708307023833,0.0,0.09747139744787645
57.2,-9.670410350060312,6.400041221011496,-1.6667742948713742,-0.28016116248540623,0.0,0.09811109561992241
57.22,-9.669871540686104,6.40563785850347,-1.6648072910438076,-0.2811257136864863,0.0,0.09835019137833896
57.24,-9.669344388960738,6.411228672447235,-1.6628455243512885,-0.28078056153943437,0.0,0.098088334625937
57.26,-9.668833857673361,6.416759286139502,-1.660896749005468,-0.27770636474736005,0.0,0.09743876729105147
57.28,-9.668330995795237,6.422325302037402,-1.658932990177023,-0.27943426348669037,0.0,0.09818794142225286
57.3,-9.66784599189006,6.427813907884715,-1.6569940879330929,-0.2754996503409677,0.0,0.09694511219649268
57.32,-9.667367021067056,6.433356789381665,-1.655037096373076,-0.2781768697182951,0.0,0.09784957800085213
57.34,-9.666902841010671,6.438853908173808,-1.6531004796440574,-0.27583409025934097,0.0,0.09683083645093456
57.36,-9.666443432461952,6.444423137959079,-1.6511386907306647,-0.27940730401956054,0.0,0.0980894456696234
57.38,-9.665992920336524,6.45001847209908,-1.6491751321151777,-0.2806720742851389,0.0,0.098177930774365
57.4,-9.665552750736056,6.455622893777834,-1.6472140713376082,-0.281084024939466,0.0,0.09805303887845988
57.42,-9.665124370203966,6.461217750608714,-1.6452576749678298,-0.2805616368925084,0.0,0.09781981848890751
57.44,-9.664708695056447,6.466789857986424,-1.6433096085458394,-0.27937951990522614,0.0,0.09740332109954203
57.46,-9.664304929059602,6.4723482611922325,-1.641363057760572,-0.27865244112764553,0.0,0.09732753926335604
57.48,-9.663913379751895,6.477887686904031,-1.6394199116904995,-0.2776623312447189,0.0,0.09715730350362739
57.5,-9.663533867930804,6.483409343964853,-1.6374817378283781,-0.2767341952111536,0.0,0.09690869310605633
57.52,-9.663166308421223,6.488913014159619,-1.6355517708920482,-0.2757965083437645,0.0,0.09649834681650299
57.54,-9.662805623254668,6.494475185507296,-1.6336069350830191,-0.2786926797131863,0.0,0.09724179045144973
57.56,-9.662455230936157,6.500046400637392,-1.6316570873704452,-0.2791111463319011,0.0,0.09749238562868946
57.58,-9.662113549807703,6.505653612164993,-1.6296979947563202,-0.2808806112425808,0.0,0.09795463070626972
57.6,-9.661783106640222,6.511257204444528,-1.627741882251863,-0.28066634605078045,0.0,0.09780562522283043
57.62,-9.661467283549316,6.516797261631333,-1.625798846594263,-0.2774525989147581,0.0,0.09715178288001773
57.64,-9.661160021158624,6.522377960079358,-1.6238408909119084,-0.2794575340929523,0.0,0.0978977841177304
57.66,-9.660866117414152,6.527913457312504,-1.6218960135143436,-0.27716470297094337,0.0,0.09724386987823404
57.68,-9.660582284533492,6.533463115437521,-1.6199461787776273,-0.277845579453357,0.0,0.09749173683580531
57.7,-9.660313620768857,6.538924930300134,-1.6180251360601756,-0.27342092920938255,0.0,0.09605213587259501
57.72,-9.660050930543022,6.544482870154939,-1.6160840582450502,-0.2782072140706087,0.0,0.09705389075628548
57.74,-9.659799096613893,6.5500398218691505,-1.614154956882284,-0.27813275913646907,0.0,0.09645506813829063
57.76,-9.659557689022314,6.555604026558939,-1.6122274556565508,-0.2784719530542099,0.0,0.0963750612866758
57.78,-9.659325571102697,6.5612033210430525,-1.6102923343941955,-0.2802051812887884,0.0,0.09675606311774204
57.8,-9.659106408760852,6.566749409968589,-1.6083848477208904,-0.2775208753500983,0.0,0.09537433366527902
57.82,-9.658897370639956,6.572308012879905,-1.6064810907710827,-0.27812660454225174,0.0,0.09518784749037663
57.84,-9.658699081512417,6.577862342824261,-1.6045717398975352,-0.27789341350990066,0.0,0.09546754367736866
57.86,-9.658511044268469,6.583427507489701,-1.60266086407049,-0.27841702425755915,0.0,0.09554379135227337
57.88,-9.658333665468746,6.588992275631327,-1.6007474690543253,-0.2783797213727946,0.0,0.09566975080822664
57.9,-9.658166718158284,6.594564596874956,-1.5988255575284995,-0.27874107809342363,0.0,0.09609557629128936
57.92,-9.658010277355991,6.600144479998861,-1.5968957069037797,-0.27910378625644316,0.0,0.096492531235999
57.94,-9.657864368770607,6.605733710600644,-1.59495597076132,-0.2795567385844601,0.0,0.09698680712296188
57.96,-9.65772905591429,6.611333401085839,-1.593008615969129,-0.28006625599612295,0.0,0.09736773960956524
57.98,-9.657605122699595,6.616911972063264,-1.5910657141988018,-0.27899737271105346,0.0,0.09714508851635968
58.0,-9.657492211916525,6.622481717085079,-1.5891194323577915,-0.2785444688598593,0.0,0.09731409205052018
58.02,-9.657390710551823,6.628020625588987,-1.5871806785297777,-0.27699192200182804,0.0,0.09693769140068212
58.04,-9.65729998143557,6.633557676973358,-1.5852397781160028,-0.27688973349374546,0.0,0.0970450206887448
58.06,-9.657219424536557,6.639134688685974,-1.5832871509701032,-0.27887967412772346,0.0,0.09763135729499521
58.08,-9.657149812815032,6.644707427539832,-1.5813391756865331,-0.27865868066989924,0.0,0.09739876417850651
58.1,-9.657090749393394,6.650309445921789,-1.5793852013000607,-0.2801164866602654,0.0,0.09769871932361096
58.12,-9.657042509582912,6.655925854014637,-1.5774306444438668,-0.28083076284798786,0.0,0.09772784280969425
58.14,-9.657005325988615,6.661530507081699,-1.5754807601267307,-0.28023882057012905,0.0,0.09749421585682705
58.16,-9.656979198697726,6.667107937248016,-1.5735367212934774,-0.27887456811021577,0.0,0.09720194166265037
58.18,-9.656963979925413,6.672661420231823,-1.5715967448221826,-0.27767519182704425,0.0,0.09699882356472986
58.2,-9.656959553949239,6.6781909998734585,-1.5696626137456284,-0.27647907064755445,0.0,0.09670655382771003
58.22,-9.656965818810509,6.6837169648338035,-1.5677331244670076,-0.27629842558115775,0.0,0.09647446393102406
58.24,-9.656982956311216,6.689311582906899,-1.5657816305884749,-0.2797322160465785,0.0,0.09757469392666074
58.26,-9.657010903865185,6.694884666210422,-1.5638433994641907,-0.2786576688958132,0.0,0.09691155621420261
58.28,-9.657049684406086,6.700462161002159,-1.5619011672934597,-0.27888148057108275,0.0,0.09711160853655403
58.3,-9.657099567045586,6.706069854023264,-1.5599453062108244,-0.28039574397926453,0.0,0.09779305413176072
58.32,-9.657160342421209,6.711670524467901,-1.5579894843175537,-0.28005000926491574,0.0,0.09779109466354921
58.34,-9.657231830821901,6.717252266601532,-1.5560309944920374,-0.27910999551158056,0.0,0.09792449127581117
58.36,-9.657314087639243,6.722822804251908,-1.5540722839902326,-0.27855724680149535,0.0,0.09793552509023325
58.38,-9.657406750577806,6.728362989744603,-1.5521227050842514,-0.27704801801156637,0.0,0.09747894529905192
58.4,-9.657510171748521,6.733900702294823,-1.5501759604187773,-0.2769339101094969,0.0,0.0973372332737252
58.42,-9.657625141224038,6.739475442237333,-1.5482179605336444,-0.2787962670432904,0.0,0.09789999425663266
58.44,-9.657751284572651,6.745061404976873,-1.546259998363138,-0.27936934277018316,0.0,0.09789810852532808
58.46,-9.657889166509799,6.750679778836991,-1.5442950311560752,-0.2810032751617425,0.0,0.09824836035313417
58.48,-9.658037798437741,6.756286943583906,-1.5423361934863142,-0.28045671657607824,0.0,0.09794188348805542
58.5,-9.658196718243024,6.761869380391159,-1.5403838008007622,-0.27923491996650296,0.0,0.09761963427759403
58.52,-9.65836586400581,6.767429379279085,-1.5384354748587445,-0.27812855805726505,0.0,0.09741629710088612
58.54,-9.658545508600788,6.772978735072662,-1.5364879256958353,-0.27761313866694093,0.0,0.09737745814548185
58.56,-9.658735267585008,6.778507541992439,-1.5345470794433367,-0.2766031201390737,0.0,0.09704231262491973
58.58,-9.658936879812655,6.784066937785308,-1.5326006947451243,-0.2781525169403774,0.0,0.0973192349106124
58.6,-9.659149570925704,6.7896326964714175,-1.5306513575466594,-0.27849105578800293,0.0,0.09746685992325013
58.62,-9.659373469589301,6.795206953348823,-1.5286952847202546,-0.2789375841781912,0.0,0.09780364132023836
58.64,-9.660137075619561,6.813333697391494,-1.5240052270299433,-0.9071410361100671,0.0,0.23450288451557474
58.66,-9.660982836109712,6.831395746932989,-1.5200013195126931,-0.9040920092088606,0.0,0.2001953758625131
58.68,-9.661904962057402,6.849534000895633,-1.5165510172772407,-0.9080839348275793,0.0,0.17251511177262124
58.7,-9.662883290744414,6.867551575364963,-1.5136686559474184,-0.9022057924576933,0.0,0.14411806649112202
58.72,-9.663911397818655,6.885528649910268,-1.5112993256067688,-0.900322460793256,0.0,0.11846651703246239
58.74,-9.664993146705623,6.9036887611579525,-1.5092936853916044,-0.9096150575693386,0.0,0.10028201075822353
58.76,-9.66610006016723,6.921663882604501,-1.5077272759145395,-0.9004585615530222,0.0,0.0783204738532583
58.78,-9.667224974986762,6.939476468677655,-1.5065296719368442,-0.8924035745736455,0.0,0.059880198884764375
58.8,-9.668391754641084,6.957606755197749,-1.5056073654311763,-0.9083895971201352,0.0,0.046115325283380464
58.82,-9.669572147776563,6.975688353223391,-1.5049895805398728,-0.9060042978860354,0.0,0.030889244565191657
58.84,-9.670758154685696,6.993684903274585,-1.5046147148432898,-0.9017793883950492,0.0,0.018743284829137414
58.86,-9.671958923581013,7.011801948522339,-1.5044026212696642,-0.9078397083862252,0.0,0.010604678681285827
58.88,-9.67315803113727,7.02983596380223,-1.5044357249603382,-0.9036918253016838,0.0,-0.001655184533704341
58.9,-9.674358362014068,7.047897409127849,-1.5046259075045274,-0.9050643643742845,0.0,-0.009509127209450983
58.92,-9.675556645311659,7.065980019083891,-1.5050295057681438,-0.9061134941104844,0.0,-0.020179913180823707
58.94,-9.676741351838972,7.083967781844975,-1.505580820027176,-0.9013366999974489,0.0,-0.027565712951604184
58.96,-9.677920218027037,7.1020186183493985,-1.5061984540436142,-0.9044645156096652,0.0,-0.030881700821900834
58.98,-9.679091262056128,7.120121609184003,-1.5069189199025852,-0.9070413734717888,0.0,-0.03602329294854802
59.0,-9.680243456622268,7.138134660855332,-1.5077144606119288,-0.9024931894926013,0.0,-0.03977703546717589
59.02,-9.681385386882138,7.15621299658343,-1.5085804447597966,-0.905718261127896,0.0,-0.04329920739339538
59.04,-9.6825139843219,7.174329606511798,-1.5095550884591407,-0.9075864800085254,0.0,-0.048732184967209734
59.06,-9.68362321963232,7.192419512409036,-1.5106221274215608,-0.9061940994411793,0.0,-0.053351948120984594
59.08,-9.684712664804184,7.210502510258834,-1.5117497019665391,-0.9057892994763084,0.0,-0.05637872724892604
59.1,-9.685781855691038,7.228589031235183,-1.5129045127856786,-0.9059048103697683,0.0,-0.05774054095696703
59.12,-9.68683150568288,7.246700004728923,-1.514099915162315,-0.9070682526639444,0.0,-0.059770118831798745
59.14,-9.687859313564715,7.264808846643981,-1.5153535847441544,-0.9068993115921595,0.0,-0.0626834790919921
59.16,-9.688863852630407,7.282908773418186,-1.5166776242421647,-0.9063890554917658,0.0,-0.06620197490050371
59.18,-9.689845292772855,7.301026018486039,-1.5180493273959812,-0.9071904342554201,0.0,-0.06858515769082554
59.2,-9.690799031974787,7.319090638963836,-1.5194389263190622,-0.9044889875948423,0.0,-0.06947994615405458
59.22,-9.691729689615281,7.337195902454014,-1.5208321920146395,-0.9064583411450579,0.0,-0.0696632847788628
59.24,-9.692634460749282,7.355289243166753,-1.5222433839319673,-0.905797423478593,0.0,-0.07055959586639186
59.26,-9.693512486918841,7.373358922569136,-1.5237096102511247,-0.9045499483988428,0.0,-0.07331131595788389
59.28,-9.694365379789543,7.391458771254072,-1.5252112521750791,-0.9059966179110169,0.0,-0.07508209619772087
59.3,-9.695190946690275,7.4095566900569185,-1.5267084428056905,-0.9058369413172552,0.0,-0.07485953153055876
59.32,-9.695989486483397,7.427657407734316,-1.52817361457309,-0.9059161747066168,0.0,-0.07325858836997523
59.34,-9.696762714831467,7.445787648887195,-1.5296502777771865,-0.9073361096360607,0.0,-0.07383316020483774
59.36,-9.697509036061382,7.463915756612945,-1.5311514172235634,-0.90717319886365,0.0,-0.07505697231882658
59.38,-9.698227731675587,7.482034578256458,-1.5326828729644144,-0.9066534910528394,0.0,-0.07657278704253533
59.4,-9.698920120877455,7.500192310942147,-1.534221609944841,-0.9085464477556889,0.0,-0.07693684902133216
59.42,-9.699583169166305,7.518312823255969,-1.5357544242805299,-0.9066319533701898,0.0,-0.0766407167844532
59.44,-9.700215061443313,7.5363379180609025,-1.5372703781249288,-0.9018083645883207,0.0,-0.07579769221994971
59.46,-9.700822650837935,7.554454086591379,-1.5387834372666467,-0.9063177244999215,0.0,-0.07565295708590317
59.48,-9.70140172251719,7.572536610803916,-1.540335161353074,-0.9045896941524342,0.0,-0.07758620432136425
59.5,-9.70195426146952,7.590670127255241,-1.5419121524851218,-0.9070966296160344,0.0,-0.07884955660238002
59.52,-9.702478409707215,7.608811634750794,-1.5434864145990057,-0.9074538908207398,0.0,-0.07871310569419504
59.54,-9.702971870371849,7.626876064087819,-1.5450371613529155,-0.9035583969781416,0.0,-0.07753733769549152
59.56,-9.70343906224552,7.645008970508802,-1.5465818325334728,-0.9069461995054621,0.0,-0.07723355902788165
59.58,-9.703877912615662,7.663128886207055,-1.5481396521683728,-0.9062614613884175,0.0,-0.07789098174499313
59.6,-9.704288852477756,7.681263477943905,-1.549724322986139,-0.9069623600686184,0.0,-0.07923354088831197
59.62,-9.704670689909191,7.699381399597321,-1.551309147046009,-0.9060972421095016,0.0,-0.07924120299350966
59.64,-9.70502369643081,7.717493914608362,-1.5528578207765764,-0.905797733533104,0.0,-0.0774336865283574
59.66,-9.705348900922305,7.735620820377266,-1.5543793245608706,-0.906491134424393,0.0,-0.0760751892147109
59.68,-9.705646327283619,7.753736164214844,-1.55590652827066,-0.9058892658516694,0.0,-0.07636018548947643
59.7,-9.705916101797794,7.771852902097868,-1.5574627680017321,-0.9059373182106487,0.0,-0.07781198655360655
59.72,-9.706157614418588,7.789964968953279,-1.5590424498561923,-0.9056838495314895,0.0,-0.07898409272299795
59.74,-9.70637049910483,7.808076004457979,-1.5605992887052977,-0.9056143314652841,0.0,-0.07784194245528551
59.76,-9.706555329856108,7.826201301568921,-1.562133681067781,-0.906311974110664,0.0,-0.0767196181241606
59.78,-9.706712243129525,7.844314630145562,-1.563663978360044,-0.9057004111469954,0.0,-0.07651486461313117
59.8,-9.706841450703319,7.862430035473776,-1.565212827172104,-0.9057933053442736,0.0,-0.07744244060301884
59.82,-9.706942628873959,7.88055077086317,-1.5667890265084499,-0.9060508927133301,0.0,-0.07880996681728963
59.84,-9.70701518639065,7.8986570077603195,-1.5683684682663335,-0.9053191138611544,0.0,-0.0789720878941772
59.86,-9.707059170766845,7.916773503946058,-1.5699137453577532,-0.9058274789842997,0.0,-0.07726385457098747
59.88,-9.70707517267317,7.934904297882297,-1.5714364404692192,-0.9065400498865901,0.0,-0.07613475557329788
59.9,-9.707063583090285,7.953009802837668,-1.5729679775366125,-0.9052754332348164,0.0,-0.07657685336967265
59.92,-9.70702423378804,7.971129309639868,-1.574529234016996,-0.9059774764343619,0.0,-0.07806282401917886
59.94,-9.706956588232288,7.989250639081756,-1.5761162033074525,-0.9060727849662996,0.0,-0.07934846452282183
59.96,-9.706860172535132,8.007374140138758,-1.5776845579825545,-0.906187875870413,0.0,-0.07841773375507499
59.98,-9.706735473529267,8.02547705077482,-1.5792652749432285,-0.9051670057775175,0.0,-0.07903584803372657
60.0,-9.706582133784266,8.043582732412927,-1.5808377226042212,-0.9053165477581979,0.0,-0.0786223830496188
60.02,-9.70640009779605,8.061710677314624,-1.5824352844577096,-0.9064429428539839,0.0,-0.07987809267443004
60.04,-9.70618939477237,8.07981311529754,-1.5840517792004336,-0.9051832089272507,0.0,-0.0808247371362021
60.06,-9.705949232901494,8.097930022764862,-1.5856717102869036,-0.9059249608876611,0.0,-0.08099655432350715
60.08,-9.705679730856433,8.116046003889554,-1.5872456931900083,-0.9058992817395964,0.0,-0.07869914515522988
60.1,-9.705381148620821,8.134195961624302,-1.5887964764608735,-0.9076206767209217,0.0,-0.07753916354325198
60.12,-9.705055146639902,8.152305076126586,-1.5903435982087877,-0.9056024311865408,0.0,-0.07735608739570643
60.14,-9.704700861994226,8.170427274026448,-1.5919084204876346,-0.9062830329592254,0.0,-0.07824111394236477
60.16,-9.704317454990187,8.188585114921116,-1.5934906982773251,-0.9080944153650122,0.0,-0.07911388948450575
60.18,-9.703905747956878,8.20672337224601,-1.5950770209395282,-0.9071464620795358,0.0,-0.07931613311017725
60.2,-9.70346801752601,8.224747750101399,-1.596635486339714,-0.9014846157920506,0.0,-0.07792327000926856
60.22,-9.703000303992631,8.2428446791594,-1.5981815491060023,-0.9051486028267223,0.0,-0.07730313831442152
60.24,-9.702503957018441,8.260964776334871,-1.5997484151647123,-0.906344694317904,0.0,-0.0783433029354977
60.26,-9.70197889281347,8.279095333379,-1.6013409131583711,-0.9069079213869219,0.0,-0.0796248996829371
60.28,-9.701425668606777,8.297201721918327,-1.6029067201788332,-0.9057419099278462,0.0,-0.07829035102308973
60.3,-9.700843780102769,8.315316993588052,-1.6044609555750953,-0.9062307403457645,0.0,-0.07771176981311513
60.32,-9.700233333043577,8.33344333140478,-1.6060070584186807,-0.9068307012037197,0.0,-0.07730514217926171
60.34,-9.69959518864248,8.35155941780806,-1.6075605678638116,-0.9063661164890531,0.0,-0.07767547225655999
60.36,-9.698929156639041,8.36966755455535,-1.6091426308345431,-0.9060190603516383,0.0,-0.07910314853657953
60.38,-9.698234809182157,8.38776596349019,-1.6107526628223066,-0.9055861697866836,0.0,-0.08050159938816828
60.4,-9.69751009824861,8.405893882498358,-1.6123413074218664,-0.9071199665753215,0.0,-0.07943222997799439
60.42,-9.696757014598395,8.424010399067347,-1.6139280654972956,-0.9066081121116856,0.0,-0.07933790377144273
60.44,-9.695977113580858,8.442081020660295,-1.6155122225460432,-0.9043721722176428,0.0,-0.07920785243739298
60.46,-9.695168727515304,8.460147240463826,-1.6171336466422614,-0.9042148334611372,0.0,-0.08107120481090285
60.48,-9.694329518932104,8.478245133591388,-1.6187783303274177,-0.9058669972776762,0.0,-0.0822341842578173
60.5,-9.693460537807757,8.496341796524959,-1.6204154419760806,-0.9058757330972128,0.0,-0.08185558243314119
60.52,-9.692561901824353,8.514437612250347,-1.6219985260928687,-0.9059057530972066,0.0,-0.07915420583942395
60.54,-9.691632106179249,8.532581031442513,-1.6235916998908213,-0.908361409247835,0.0,-0.079658689897603
60.56,-9.690676648515707,8.550661588704788,-1.625185248549052,-0.9052892497169598,0.0,-0.07967743291155713
60.58,-9.689690900209447,8.568767778054724,-1.626799943829553,-0.9066501426943204,0.0,-0.08073476402504694
60.6,-9.688673838810047,8.586909425420968,-1.6284160778668058,-0.9085067185378016,0.0,-0.08080670186262104
60.62,-9.687629440535574,8.605015060831944,-1.6300211602733485,-0.9067866361373629,0.0,-0.08025412032714813
60.64,-9.686563240448677,8.622996592199714,-1.6316039026088598,-0.9006556680488013,0.0,-0.07913711677555661
60.66,-9.68546327065294,8.641063645712016,-1.6331744996640172,-0.9050253534679671,0.0,-0.07852985275787848
60.68,-9.684333208225523,8.659156454309334,-1.6347748162393998,-0.9064032822494655,0.0,-0.08001582876911723
60.7,-9.683175430081478,8.677228122336548,-1.6364020677790279,-0.9054358557024195,0.0,-0.08136257698141157
60.72,-9.681987958151353,8.695302268776501,-1.6380173901443429,-0.9056556452616409,0.0,-0.08076611826572709
60.74,-9.68077086618276,8.713380801645268,-1.639592967911174,-0.9059727693853122,0.0,-0.07877888834157784
60.76,-9.67952244838707,8.731498657049306,-1.641163150361998,-0.908040791256391,0.0,-0.07850912254120058
60.78,-9.6782466795941,8.749598983039903,-1.6427508955542258,-0.9072615209781077,0.0,-0.07938725961138245
60.8,-9.676943361134477,8.767680786770367,-1.644370916706666,-0.9064356915333087,0.0,-0.08100105762199547
60.82,-9.675611926492298,8.78574451402535,-1.6459944406502773,-0.9056364620376464,0.0,-0.08117619718057374
60.84,-9.674250547137056,8.803814279717244,-1.6475814211388933,-0.9060488203028348,0.0,-0.07934902443079819
60.86,-9.672859754382717,8.821891464393584,-1.649154941930701,-0.9065303501648625,0.0,-0.07867603959036645
60.88,-9.671443626515236,8.839926855932418,-1.6507309183905312,-0.9045451427321439,0.0,-0.07879882299151962
60.9,-9.66999647130039,8.857992522549273,-1.652333671363459,-0.9061768157031306,0.0,-0.08013764864639442
60.92,-9.668516730545901,8.876100299242614,-1.6539360811760333,-0.9084068602179429,0.0,-0.08012049062871793
60.94,-9.6670093331696,8.894189390706586,-1.655537772439601,-0.9075894953694785,0.0,-0.08008456317837667
60.96,-9.665477918899628,8.912217720875232,-1.6571276542312459,-0.9046628078128822,0.0,-0.07949408958225176
60.98,-9.6639147037007,8.930279874156835,-1.658685574437164,-0.9064836221994114,0.0,-0.07789601029590833
61.0,-9.662322345128297,8.948350985624776,-1.6602720871049128,-0.9070566072603751,0.0,-0.07932563338743351
61.02,-9.660707418664105,8.966351553642246,-1.6618931898915834,-0.9036432321944083,0.0,-0.08105513933352645
61.04,-9.659056556600273,8.984423448146664,-1.6635217028652431,-0.9073570363046581,0.0,-0.08142564868298714
61.06,-9.657379243804295,9.002460612655936,-1.6651365599725398,-0.9057492502758387,0.0,-0.0807428553648441
61.08,-9.655670550429988,9.020518880455649,-1.6667489728314615,-0.9069463448483599,0.0,-0.08062064294609327
61.1,-9.6539362231873,9.038538199836829,-1.6683470561954954,-0.9051294961850981,0.0,-0.07990416820169638
61.12,-9.652171810367243,9.056567921135137,-1.6699811049761513,-0.9057924744308873,0.0,-0.08170243903276864
61.14,-9.6503764034333,9.074610160996356,-1.6716319971262847,-0.9065675723135749,0.0,-0.08254460750668387
61.16,-9.648554733888945,9.092614615229754,-1.673250631885642,-0.9048188384580067,0.0,-0.0809317379678619
61.18,-9.646701003730737,9.110644501651299,-1.6748529589427628,-0.9062465446461665,0.0,-0.08011635285603456
61.2,-9.644815557223552,9.12869848324507,-1.6764290863630793,-0.9076083405297773,0.0,-0.0788063710158273
61.22,-9.64290391120928,9.146728216635953,-1.6780241409615964,-0.9065396800888254,0.0,-0.07975272992586274
61.24,-9.640964739639587,9.164743447199001,-1.6796404941769192,-0.9059648428836312,0.0,-0.08081766076612862
61.26,-9.638996788745716,9.182752434942206,-1.6812632394568454,-0.905809679589997,0.0,-0.08113726399632493
61.28,-9.636996800514614,9.200783592982988,-1.6828491484986288,-0.9070868387539421,0.0,-0.07929545208916051
61.3,-9.634969088398693,9.21880383052385,-1.6844322043843993,-0.9066980994991299,0.0,-0.07915279428852261
61.32,-9.632915547678884,9.23679721380624,-1.6860062686755144,-0.9055093475979011,0.0,-0.07870321455576341
61.34,-9.630831196681108,9.254808860194384,-1.687606011326495,-0.9065924176462595,0.0,-0.07998713254903203
61.36,-9.628716788493678,9.272827766368989,-1.6892227191508482,-0.9071269229169125,0.0,-0.08083539121766724
61.38,-9.626573883346023,9.290837922550432,-1.6908310153045585,-0.9068596475638335,0.0,-0.08041480768550015
61.4,-9.624415246924944,9.308734907409445,-1.692413805069987,-0.9013348132660302,0.0,-0.07913948827143874
61.42,-9.622216164656772,9.326727629534384,-1.6939879198247685,-0.9063305306115979,0.0,-0.07870573773905382
61.44,-9.619990374507086,9.34470384878208,-1.695580223517578,-0.9056746107621964,0.0,-0.07961518464048199
61.46,-9.617733124910018,9.362699131687558,-1.6971961345221256,-0.9068150067566524,0.0,-0.08079555022740026
61.48,-9.615452628036966,9.380644877485917,-1.698782418915245,-0.9045032590424321,0.0,-0.0793142196559577
61.5,-9.613139783485085,9.398617160499372,-1.7003379714710065,-0.9060245673226558,0.0,-0.07777762778809584
61.52,-9.6107971889869,9.416599610071748,-1.7018814425760822,-0.9067196942908915,0.0,-0.0771735552537767
61.54,-9.60842759461698,9.434572713217298,-1.7034279701139659,-0.9064317599226082,0.0,-0.07732637689416397
61.56,-9.606031504828405,9.452532403909522,-1.705006610366346,-0.9059411350017043,0.0,-0.0789320126190207
61.58,-9.603608204347253,9.470479859915457,-1.7065994233745885,-0.905515823035265,0.0,-0.07964065041213401
61.6,-9.601152905143762,9.488448424241167,-1.7081715515179976,-0.9067769820989805,0.0,-0.07860640717044416
61.62,-9.598671476898163,9.506397794496927,-1.7097486209941235,-0.9060041096987665,0.0,-0.07885347380629795
61.64,-9.59616036092901,9.524353120947822,-1.7113079990123374,-0.9065035181519693,0.0,-0.07796890091069936
61.66,-9.593623171180763,9.542290919245808,-1.7128949957608295,-0.9058172271460642,0.0,-0.07934983742460051
61.68,-9.591058400113408,9.560218498420232,-1.7145082487318632,-0.9055055848573857,0.0,-0.08066264855170044
61.7,-9.58846142458797,9.578164624807052,-1.7161249544507333,-0.906652819677175,0.0,-0.08083528594349482
61.72,-9.585837270279578,9.596094016149562,-1.7177043614352367,-0.906020501626695,0.0,-0.07897034922518334
61.74,-9.583183024281714,9.614031250519947,-1.7192800277618674,-0.9066275402215805,0.0,-0.07878331633152524
61.76,-9.580501624633223,9.631956885682895,-1.720860193836055,-0.9062536897442636,0.0,-0.07900830370940969
61.78,-9.577793613846577,9.649866945427172,-1.7224762281090473,-0.9056814595432606,0.0,-0.08080171364959635
61.8,-9.575055299242527,9.66778152972661,-1.7241042652426952,-0.906132851038492,0.0,-0.08140185668239479
61.82,-9.572288387914732,9.685687974162299,-1.725686664670901,-0.9059477780538167,0.0,-0.07911997141027458
61.84,-9.569491926494152,9.703597821162278,-1.7272530681911085,-0.9063426725574706,0.0,-0.07832017601038695
61.86,-9.56666901399847,9.721493125895174,-1.728804471691429,-0.9058294078377449,0.0,-0.07757017501602465
61.88,-9.563817739605048,9.739387810723054,-1.7303817717099816,-0.9060208479330503,0.0,-0.07886500092762688
61.9,-9.5609338028379,9.757305565486133,-1.7319809904179815,-0.9074180776064112,0.0,-0.0799609354000018
61.92,-9.558019744993008,9.775227728420447,-1.7335805192316582,-0.9078761718530809,0.0,-0.07997644068383379
61.94,-9.555086416133703,9.793088020223436,-1.7351678480171593,-0.9049785100829184,0.0,-0.0793664392750573
61.96,-9.552118041391036,9.810984023526228,-1.7367500038608148,-0.9070256099284745,0.0,-0.07910779218277805
61.98,-9.54912592388812,9.828848036724656,-1.7383287258385796,-0.9056430515176228,0.0,-0.07893609888822425
62.0,-9.546105684277737,9.846706851816228,-1.7399411149149617,-0.9056201242505838,0.0,-0.08061945381910869
62.02,-9.543054951677114,9.864570737618175,-1.7415735281473659,-0.9061255229624046,0.0,-0.08162066162022062
62.04,-9.53997609798673,9.88242361182974,-1.7431681189458041,-0.9058207019890138,0.0,-0.07972953992190202
62.06,-9.536866543533552,9.900284400856927,-1.7447161167595242,-0.9064727154897539,0.0,-0.07739989068601456
62.08,-9.533737445055985,9.918094248251299,-1.7462593909671824,-0.9041320720628715,0.0,-0.07716371038288988
62.1,-9.530573511688617,9.935940721531734,-1.7478304943126683,-0.9062382177199244,0.0,-0.07855516727431901
62.12,-9.527385085607843,9.953762403806712,-1.7494197183666336,-0.9052325943960137,0.0,-0.07946120269825373
62.14,-9.524164294804319,9.971601406682696,-1.7510053158898693,-0.906371222250347,0.0,-0.07927987616178435
62.16,-9.520922294781226,9.989396461577774,-1.7525740937357615,-0.9043983398765163,0.0,-0.07843889229461534
62.18,-9.517644948592377,10.007226851501485,-1.7541406005937574,-0.9064543602315882,0.0,-0.07832534289980242
62.2,-9.514342976816895,10.025034279015886,-1.7557126526253215,-0.9055488560628774,0.0,-0.0786026015782007
62.22,-9.511012115324387,10.04284130301551,-1.7573141466003217,-0.9057934946849965,0.0,-0.08007469875000643
62.24,-9.507652725562883,10.060643047782337,-1.7589336247434302,-0.9057974612364429,0.0,-0.08097390715542335
62.26,-9.504259234253727,10.078467042697675,-1.760519329429387,-0.907208049467274,0.0,-0.07928523429782328
62.28,-9.50084078015016,10.09626846767403,-1.7621016770465467,-0.9063340438919153,0.0,-0.07911738085800249
62.3,-9.497398642936355,10.11404132619848,-1.7636744670783464,-0.9051557997505332,0.0,-0.07863950158998022
62.32,-9.493924816295658,10.131827902104083,-1.7652762699414148,-0.9061315494664712,0.0,-0.08009014315342006
62.34,-9.490427713010234,10.14958244268161,-1.7668936892909768,-0.9047837345298633,0.0,-0.08087096747808878
62.36,-9.486895166975573,10.167365186418557,-1.7685022256784202,-0.906510971115321,0.0,-0.08042681937217042
62.38,-9.48333892910841,10.18511772558479,-1.7700830725089913,-0.9052616674427535,0.0,-0.07904234152854642
62.4,-9.479750166259983,10.202886730149674,-1.7716558033342842,-0.9063894610059293,0.0,-0.07863654126467409
62.42,-9.47613639830757,10.22063564699466,-1.7732348511163523,-0.9056535871735442,0.0,-0.07895238910338297
62.44,-9.472493366245226,10.238384887723477,-1.7748424790409898,-0.9059625117199676,0.0,-0.08038139623189203
62.46,-9.468819579504249,10.256139002598664,-1.7764590618536662,-0.9065115884801308,0.0,-0.08082914063381341
62.48,-9.465129162300341,10.273829317282809,-1.7780563885872311,-0.9035574314383581,0.0,-0.07986633667824435
62.5,-9.461398210927841,10.291572120980137,-1.7796341806441334,-0.9065416167858414,0.0,-0.0788896028451202
62.52,-9.457644465236246,10.309284500599535,-1.7812058764431193,-0.9052886259349228,0.0,-0.07858478994928218
62.54,-9.453867252985724,10.32697050978557,-1.7828067347673366,-0.9042431273086862,0.0,-0.0800429162108631
62.56,-9.450047195084856,10.344717989781746,-1.7844339739197361,-0.9076974834445592,0.0,-0.08136195761997188
62.58,-9.44620235278969,10.362440378043752,-1.7860509902468238,-0.9067329512927256,0.0,-0.08085081635439195
62.6,-9.44235605564133,10.38003213314843,-1.7876326920517012,-0.9003663829470562,0.0,-0.0790850902438569
62.62,-9.438455917867262,10.397735896702793,-1.7892093302292782,-0.9064137005880188,0.0,-0.0788319088788609
62.64,-9.434531818474506,10.415415710880707,-1.7907990238756144,-0.9055031548947895,0.0,-0.07948468231681521
62.66,-9.430575388851562,10.433108179146025,-1.792405937504023,-0.9064722398957207,0.0,-0.08034568142042994
62.68,-9.426592190708375,10.450786914275286,-1.7940091586209055,-0.9060953912509369,0.0,-0.08016105584410836
62.7,-9.422580325374026,10.46846069187479,-1.7955694250816985,-0.9061697938268893,0.0,-0.07801332303964655
62.72,-9.418538858360995,10.486137070474841,-1.7971074689077846,-0.9066253581686091,0.0,-0.07690219130430268
62.74,-9.414478496726774,10.503771219031131,-1.7986455225454991,-0.9047786081494339,0.0,-0.07690268188571395
62.76,-9.410384686648861,10.521426405049766,-1.8002135897308942,-0.9061799963398606,0.0,-0.07840335926977274
62.78,-9.406259738345339,10.539089960814714,-1.8018050817768467,-0.9069404621695548,0.0,-0.07957460229761489
62.8,-9.402110500711178,10.55673070184981,-1.8033842521357883,-0.90610694348412,0.0,-0.07895851794709785
62.82,-9.397936125874407,10.574353405321576,-1.8049648069014739,-0.9055179221468215,0.0,-0.07902773828426911
62.84,-9.393731585413919,10.591979202865081,-1.8065191912625513,-0.9060172453222853,0.0,-0.07771921805387656
62.86,-9.389499340532863,10.609599743655854,-1.808093445666534,-0.9060840944588778,0.0,-0.07871272019913095
62.88,-9.385237215562354,10.627222473655443,-1.8097035238170405,-0.9065405698349683,0.0,-0.08050390752533974
62.9,-9.38094496334328,10.64484553976915,-1.8113138092898111,-0.9069121902921614,0.0,-0.08051427363852624
62.92,-9.376632873117806,10.66242687392305,-1.8128976843772866,-0.9051207554018753,0.0,-0.07919375437377557
62.94,-9.372285961203923,10.680029623522014,-1.8144676204799433,-0.9065765778892052,0.0,-0.07849680513282575
62.96,-9.367917017052791,10.697603011648738,-1.816031720106074,-0.9054165384620174,0.0,-0.07820498130654482
62.98,-9.36352291475617,10.715160262830784,-1.8176274738455074,-0.9049381250431011,0.0,-0.07978768697167624
63.0,-9.359088299928468,10.732760093318179,-1.8192382064459827,-0.9074963386360098,0.0,-0.08053663002375244
63.02,-9.354634157694525,10.750318008118212,-1.8208158309384517,-0.9057038080484536,0.0,-0.07888122462345612
63.04,-9.35014950786729,10.767879891187533,-1.8223817414969157,-0.9062723390535848,0.0,-0.07829552792321184
63.06,-9.345641314823583,10.785419356123004,-1.8239233266032686,-0.9054786506897019,0.0,-0.07707925531762026
63.08,-9.341107074382505,10.802948039453804,-1.8254917454521635,-0.9052818286160871,0.0,-0.07842094244474408
63.1,-9.336536315502574,10.820504280349954,-1.8270850096219706,-0.9070741854199318,0.0,-0.07966320849035215
63.12,-9.331945694029631,10.838022293901297,-1.8286528019673527,-0.9054758476801616,0.0,-0.07838961726910003
63.14,-9.327324125710538,10.8555463141405,-1.8302094440450305,-0.9061597252582929,0.0,-0.07783210388387732
63.16,-9.322673727639476,10.873068984791244,-1.8317367995024572,-0.9064631665899946,0.0,-0.07636777287134737
63.18,-9.318001036213138,10.890567812813927,-1.8332646490086668,-0.9055979065418482,0.0,-0.07639247531046651
63.2,-9.31330143789089,10.908060139253314,-1.8348242928182998,-0.9056319736136257,0.0,-0.07798219048167583
63.22,-9.308574145146913,10.925546662221599,-1.8364017408926512,-0.9057121261852616,0.0,-0.07887240371755314
63.24,-9.303818402552318,10.943028910631496,-1.8379489203801689,-0.9058781610836772,0.0,-0.07735897437589613
63.26,-9.299034488561993,10.960507904878513,-1.8394802271037176,-0.9060919834019531,0.0,-0.076565336177421
63.28,-9.294222965014194,10.97798263816307,-1.8410069966663425,-0.9062519823666765,0.0,-0.07633847813127145
63.3,-9.289387425582644,10.99544040740269,-1.842548983955792,-0.9057540345174709,0.0,-0.07709936447247007
63.32,-9.284514456068658,11.012928439856022,-1.8441137483357593,-0.9077129377907025,0.0,-0.07823821899834985
63.34,-9.279613052631408,11.030412661470889,-1.8456823870546373,-0.907912111842983,0.0,-0.07843193594388968
63.36,-9.274744502135492,11.047675457253215,-1.8472443086504717,-0.8968094866714321,0.0,-0.0780960797917288
63.38,-9.269794293815982,11.065123430747228,-1.8488027257881965,-0.9068301128854009,0.0,-0.07792085688622113
63.4,-9.26481920468865,11.082555594235792,-1.8503660977564604,-0.9064102764710568,0.0,-0.07816859841320419
63.42,-9.259829350645761,11.099936480816153,-1.851968792709374,-0.9041485797266676,0.0,-0.08013474764568006
63.44,-9.254792488824199,11.117375678669683,-1.8535863133653,-0.9076006814454093,0.0,-0.08087603279630312
63.46,-9.2497357461059,11.134778071211432,-1.8551923139806283,-0.9061096968582285,0.0,-0.08030003076640976
63.48,-9.24465238957581,11.152167777528067,-1.8567953233941823,-0.9058730586992362,0.0,-0.08015047067770832
63.5,-9.239544260852272,11.169538780567152,-1.8583777254915566,-0.9053241486342513,0.0,-0.07912010486869864
63.52,-9.234403518913535,11.186919028460837,-1.85999907446851,-0.9062287853056865,0.0,-0.08106744884767186
63.54,-9.229228807955005,11.204310399149428,-1.8616349421748213,-0.90724501642648,0.0,-0.08179338531557447
63.56,-9.22402533121917,11.22169435962442,-1.863262889209046,-0.9073012894519206,0.0,-0.0813973517112324
63.58,-9.21881492784111,11.238998864451014,-1.86488410041118,-0.9035958591313508,0.0,-0.08106056010670001
63.6,-9.213557770667604,11.25635666315444,-1.8664773245780624,-0.906822581015177,0.0,-0.07966120834411868
63.62,-9.20827171946204,11.273710153987357,-1.868070777769813,-0.9070363573694096,0.0,-0.07967265958752609
63.64,-9.202956597455511,11.2910598530129,-1.86969653742069,-0.9072796953272261,0.0,-0.08128798254386232
63.66,-9.197611161917832,11.30840774911975,-1.871326886590784,-0.9076386676722799,0.0,-0.08151745850469766
63.68,-9.193583220553379,11.32140455991141,-1.8728147050939108,-0.6803333785536918,0.0,-0.07439092515632192
63.7,-9.189546722035255,11.334360777353453,-1.874357250680746,-0.6785220900831237,0.0,-0.07712727934175669
63.72,-9.185508839924736,11.347251383021995,-1.8759146904241963,-0.6754113680570354,0.0,-0.0778719871725245
63.74,-9.181458350516941,11.36011198511024,-1.8774993562034084,-0.6741690264964606,0.0,-0.07923328896060826
63.76,-9.17738673698383,11.37296851888901,-1.8791337284522287,-0.6742931439063431,0.0,-0.08171861244101172
63.78,-9.173288033136297,11.385837481406687,-1.8808110806185943,-0.6752954344417755,0.0,-0.08386760831827599
63.8,-9.16915929433564,11.398725944209453,-1.8825204054854958,-0.6766811610764419,0.0,-0.08546624334508558
63.82,-9.165009229803127,11.411605162203946,-1.884243936856795,-0.6765672394036276,0.0,-0.08617656856493847
63.84,-9.160859893644467,11.42440649681241,-1.885965427222153,-0.6728505746363765,0.0,-0.08607451826792097
63.86,-9.15667288983949,11.43724862855594,-1.887696237469359,-0.6753727648141812,0.0,-0.08654051236029754
63.88,-9.152462750921298,11.450086281461182,-1.8894381285788613,-0.6755194331511652,0.0,-0.0870945554751137
63.901,-9.148015788498496,11.463566715690577,-1.8912997856424474,-0.6759516375696109,0.0,-0.08865033636123425
63.92,-9.143985058904486,11.475709360317909,-1.8930097717145955,-0.6733769850571643,0.0,-0.0899992669551648
63.94,-9.139702456469342,11.488537371351633,-1.8948402847656298,-0.6761999532291408,0.0,-0.09152565255173413
63.96,-9.135398575811442,11.501350982274914,-1.896669996543062,-0.6758550392108224,0.0,-0.0914855888715833
63.98,-9.131081229164858,11.514127187002487,-1.8984887623715963,-0.6742975776828866,0.0,-0.09093829142672842
64.0,-9.126734794192481,11.526912752009002,-1.9003121577812818,-0.6752076893536175,0.0,-0.09116977048427294
64.02,-9.12236209005252,11.539699035420325,-1.902136454909111,-0.6756655699572902,0.0,-0.09121485639145059
64.04,-9.117967811435275,11.552472250397125,-1.9039676225950941,-0.6753974855770373,0.0,-0.09155838429913687
64.06,-9.113553324068734,11.565228226470847,-1.905828734198092,-0.6749122615249511,0.0,-0.09305558014990739
64.08,-9.109117671771008,11.577968589478514,-1.9077105413997286,-0.6745217951880165,0.0,-0.09409036008182374
64.1,-9.104650690594802,11.590721600579629,-1.9096001040156083,-0.6756352806317678,0.0,-0.09447813079400612
64.12,-9.100166455509848,11.603446750209306,-1.9114798948775367,-0.674606917758063,0.0,-0.09398954309641605
64.14,-9.095655532953844,11.616171275129192,-1.9133402467275487,-0.6750221417536807,0.0,-0.09301759250058923
64.16,-9.09111743369074,11.628897235869264,-1.9151840196683723,-0.675545005309836,0.0,-0.09218864704117964
64.18,-9.086567610528174,11.64158209862254,-1.917026815547804,-0.6738075279336718,0.0,-0.09213979397160652
64.2,-9.081989299715927,11.654272746984551,-1.9188933497947582,-0.6745618684409055,0.0,-0.09332671234769212
64.22,-9.07738254690457,11.666967951966354,-1.920778335176662,-0.675259951787003,0.0,-0.09424926909518773
64.24,-9.072759042029281,11.679634807301346,-1.9226716318221582,-0.6742143972977838,0.0,-0.09466483227480406
64.26,-9.06810224862996,11.69231825623051,-1.924555305679746,-0.6755656916663926,0.0,-0.094183692879404
64.28,-9.063422874038986,11.704989385101696,-1.9264315097979434,-0.6753777710156903,0.0,-0.09381020590985871
64.3,-9.05871940081154,11.717652609460599,-1.9283103689509682,-0.6754256279658407,0.0,-0.09394295765123664
64.32,-9.053990950697003,11.730310167276203,-1.9301876084642415,-0.6755960522771883,0.0,-0.09386197566368365
64.34,-9.049238321741234,11.74295996000466,-1.9320830465106977,-0.6756566029873502,0.0,-0.0947719023228055
64.36,-9.04446512372841,11.755591725839338,-1.9339999040785378,-0.6751757685443048,0.0,-0.09584287839199726
64.38,-9.03966511821236,11.768221167742505,-1.9359306505451161,-0.6755421077541879,0.0,-0.09653732332892986
64.4,-9.034843183184858,11.7808349205828,-1.9378545565504013,-0.675199633674214,0.0,-0.09619530026425079
64.42,-9.029997693841969,11.793437541009304,-1.939755846457762,-0.6751014897528796,0.0,-0.09506449536804389
64.44,-9.025128358070303,11.806030651757323,-1.9416351798055334,-0.675086789178061,0.0,-0.09396666738856253
64.46,-9.020229002796722,11.818630949751178,-1.9435153736617912,-0.6759644806324987,0.0,-0.09400969281287794
64.48,-9.015310367189633,11.83121075528401,-1.9454005058289516,-0.6753600585598429,0.0,-0.09425660835802047
64.5,-9.010378003277594,11.84375588900077,-1.9473123159811527,-0.6739966500884025,0.0,-0.09559050761005278
64.52,-9.005409745385863,11.856321716088724,-1.9492450672774477,-0.6756174895661878,0.0,-0.09663756481475251
64.54,-9.000409204773973,11.868898050837425,-1.951185147507032,-0.6767008240768743,0.0,-0.09700401147922705
64.56,-8.99539334042531,11.881441987906278,-1.9531141547305926,-0.6754799263330439,0.0,-0.09645036117801414
64.58,-8.990380389273161,11.893908827334105,-1.955019777275607,-0.671847759118525,0.0,-0.0952811272507228
64.6,-8.98531513530914,11.906436715997382,-1.9569267430336568,-0.6756567029185292,0.0,-0.09534828790248731
64.62,-8.980236313831352,11.91892955353032,-1.9588256087677258,-0.6742874335690773,0.0,-0.09494328670347837
64.64,-8.97513624503988,11.93140669220798,-1.960747367530626,-0.6739615924874333,0.0,-0.0960879381450111
64.66,-8.969993418480609,11.943919722699887,-1.9626906428498403,-0.676432918163634,0.0,-0.09716376596069395
64.68,-8.964825239008777,11.956425267577643,-1.9646380415330382,-0.6765698998304525,0.0,-0.0973699341598922
64.7,-8.95964002371339,11.96890313889277,-1.9665679094593154,-0.6756177362539818,0.0,-0.09649339631385938
64.72,-8.954454851535342,11.981313265832172,-1.9684748887046823,-0.6724902623236879,0.0,-0.09534896226834647
64.74,-8.94922362251397,11.993766809003239,-1.9703714053014048,-0.675382289129044,0.0,-0.09482582983611867
64.76,-8.943972531912216,12.006201534846612,-1.9722623330618145,-0.6749006580743206,0.0,-0.09454638802050483
64.78,-8.938694750125396,12.018633817279126,-1.97416530012807,-0.6753084981529659,0.0,-0.09514835331277009
64.8,-8.933396987821503,12.031047438650873,-1.9760854861239945,-0.6748412424223411,0.0,-0.09600929979621399
64.82,-8.928066224749887,12.0434722471864,-1.9780165768862232,-0.6760046265932595,0.0,-0.09655453811144203
64.84,-8.922716111859899,12.055875995655976,-1.9799269969557574,-0.6754196547926917,0.0,-0.09552100347673202
64.86,-8.917354155705395,12.068242186462395,-1.9818193944541107,-0.6739310960024155,0.0,-0.09461987491766047
64.88,-8.911958155189044,12.080622648412252,-1.98371012486097,-0.6752641328848448,0.0,-0.09453652034296028
64.9,-8.906534609497392,12.093002351092819,-1.9855954425289086,-0.6757808193650379,0.0,-0.09426588339693377
64.92,-8.90109184884729,12.105362461669326,-1.9874782535720552,-0.6752702735900721,0.0,-0.09414055215730155
64.94,-8.895629173481948,12.11770473964709,-1.9893849387056324,-0.6748567400335986,0.0,-0.09533425667886668
64.96,-8.8901405520828,12.13004202631185,-1.9913070843789895,-0.675154810231794,0.0,-0.09610728366785236
64.98,-8.884627396134364,12.142370597749448,-1.9932298829619053,-0.67525654792032,0.0,-0.09613992914579357
65.0,-8.879093511319564,12.154681946553852,-1.9951385998127238,-0.6748947890730556,0.0,-0.09543584254092634
65.02,-8.873534040679266,12.166987351938054,-1.9970239906830864,-0.6751494565463155,0.0,-0.09426954351815192
65.04,-8.867946652947328,12.179292663000936,-1.9988880872428134,-0.6757210630528435,0.0,-0.09320482798632207
65.06,-8.862352219144192,12.191552731149441,-2.0007504151467166,-0.6738081340108097,0.0,-0.0931163951951652
65.08,-8.856727729719296,12.203818132627237,-2.00263566900216,-0.674675764168048,0.0,-0.09426269277214919
65.1,-8.851075795416495,12.216082307660203,-2.0045365703196185,-0.6751932142031526,0.0,-0.09504506587293779
65.12,-8.845389928320852,12.228358668083082,-2.0064470006171926,-0.6764578883081688,0.0,-0.0955215148786999
65.14,-8.839682452013585,12.24062020463354,-2.0083515073900746,-0.6762406457323721,0.0,-0.09522533864407166
65.16,-8.83397405092346,12.252822928628778,-2.0102450326745465,-0.6735954199474272,0.0,-0.09467626422362198
65.18,-8.828227230945469,12.265047416378032,-2.012124466007355,-0.6753962551552567,0.0,-0.09397166664043187
65.2,-8.822461859589197,12.277251738995915,-2.014001483483994,-0.6748796141481144,0.0,-0.09385087383192808
65.22,-8.816664749081085,12.289463843987448,-2.0158859725651155,-0.6759104943842357,0.0,-0.0942244540560647
65.24,-8.810851787731947,12.301650008511901,-2.017793670785725,-0.6750798572457829,0.0,-0.09538491103049915
65.26,-8.805011245628735,12.313834123257116,-2.0197176020216725,-0.6755823121277583,0.0,-0.09619656179737708
65.28,-8.799148781512011,12.326003847077708,-2.021632771237931,-0.6754085122896465,0.0,-0.09575846081291287
65.3,-8.79326774683181,12.338152558783738,-2.023530894529303,-0.6748662182721682,0.0,-0.09490616456862855
65.32,-8.787359666830028,12.350298300963312,-2.0254207778553233,-0.6753230012374096,0.0,-0.09449416630098528
65.34,-8.781422837945724,12.362444733436755,-2.0273119888233153,-0.6759840216924556,0.0,-0.09456054839962548
65.36,-8.775468256545125,12.37456931134247,-2.029205932834756,-0.675393272560669,0.0,-0.09469720057203217
65.38,-8.769489680150576,12.386684702286884,-2.0311301600788174,-0.6755110536502357,0.0,-0.09621136220305522
65.4,-8.76348761858266,12.398788936711247,-2.03307160919317,-0.6755317055197846,0.0,-0.09707245571765168
65.42,-8.757448832338863,12.410908059200318,-2.0350203448101714,-0.6770156371964452,0.0,-0.09743678085002642
65.44,-8.751402363479071,12.422983590788293,-2.036955061622439,-0.675237456019328,0.0,-0.09673584061340114
65.46,-8.745364007883655,12.434984865328973,-2.0388643355397926,-0.6717371675318351,0.0,-0.09546369586767631
65.48,-8.73926789356955,12.447043537522177,-2.0407683540228834,-0.6756000754768856,0.0,-0.0952009241545181
65.5,-8.73316640647081,12.459055977435208,-2.0426590334266552,-0.6736595161509501,0.0,-0.09453397018862005
65.52,-8.727037207967106,12.471066678738685,-2.0445728102410774,-0.6742106868389536,0.0,-0.0956888407211183
65.54,-8.720887455085032,12.48306090790549,-2.0465013777894137,-0.6739454611027331,0.0,-0.09642837741678756
65.56,-8.714687773953884,12.495095292399022,-2.048445430445807,-0.6768723222774486,0.0,-0.09720263281969319
65.58,-8.708476418706192,12.507094979873417,-2.050376657993134,-0.675598685419424,0.0,-0.09656137736635662
65.6,-8.702273546671163,12.519021801315269,-2.0522795192725254,-0.6721694190990378,0.0,-0.09514306396956108
65.62,-8.696017808438821,12.53099456351486,-2.054178686506511,-0.6754281892243444,0.0,-0.09495836169925419
65.64,-8.689744031168603,12.542946492616025,-2.056066811399041,-0.6749238669576348,0.0,-0.09440624462651356
65.66,-8.68344749512269,12.55488694015423,-2.057968346007142,-0.6749456526086199,0.0,-0.09507673040506409
65.68,-8.677120226743902,12.566830566958698,-2.059894982043404,-0.6758042364132368,0.0,-0.09633180181307811
65.7,-8.670794554799546,12.578715768803145,-2.061825891115186,-0.6731867282390464,0.0,-0.09654545358910908
65.72,-8.664421573543562,12.590634313697837,-2.0637531491256085,-0.6757710457246359,0.0,-0.09636290052111633
65.74,-8.658033479558657,12.602525949383798,-2.0656648827978157,-0.6749421161247474,0.0,-0.09558668361038364
65.76,-8.651620876377242,12.614408662818969,-2.0675684796049563,-0.6751302802879293,0.0,-0.0951798403570004
65.78,-8.64517678611619,12.626295525715525,-2.0694706380519405,-0.6760617738308076,0.0,-0.09510792234922927
65.8,-8.63872289782123,12.638146603365815,-2.071365345019603,-0.674723490766817,0.0,-0.09473534838310384
65.82,-8.632253312180232,12.649973100878752,-2.073283917876125,-0.674020737421532,0.0,-0.09592864282608976
65.84,-8.625747137035791,12.661812479081092,-2.075221336810478,-0.6754650087684313,0.0,-0.09687094671767735
65.86,-8.619221690185096,12.673632611237226,-2.077156065632181,-0.6750869958562477,0.0,-0.09673644108511369
65.88,-8.6126688451164,12.68544828560466,-2.0790719082720335,-0.6755552147152976,0.0,-0.09579213199264709
65.9,-8.606099842002788,12.697239775883611,-2.0809675106060097,-0.6748908150678956,0.0,-0.09478011669880321
65.92,-8.599502616182251,12.709029305132585,-2.082850717653771,-0.6754931317925972,0.0,-0.0941603523880623
65.94,-8.592895242425879,12.720784963894939,-2.084729133141599,-0.6742642302786904,0.0,-0.09392077439136023
65.96,-8.586270927845886,12.732519104235633,-2.0866311756872147,-0.6737425197911385,0.0,-0.09510212728078422
65.98,-8.579605441112397,12.744273893188605,-2.0885609408886388,-0.6756548244540967,0.0,-0.096488260071217
66.0,-8.57291966053603,12.756011623060385,-2.0904965020302675,-0.6754146216550428,0.0,-0.09677805708143003
66.02,-8.56621548590302,12.76772885303993,-2.092412700194725,-0.6749804365747588,0.0,-0.09580990822287525
66.04,-8.559487072121865,12.779436345150259,-2.0943121676342593,-0.6751609502997129,0.0,-0.09497337197671483
66.06,-8.552734152761694,12.791134985110297,-2.0962033156299253,-0.6753889560830062,0.0,-0.0945573997832738
66.08,-8.545961324381274,12.802817033995181,-2.098089903592244,-0.6751693684170502,0.0,-0.09432939811594797
66.1,-8.5391525160205,12.814510246676962,-2.0999922507047755,-0.6765557887474637,0.0,-0.09511735562656642
66.12,-8.532330150079142,12.826175652932617,-2.101918245390776,-0.6756966407850513,0.0,-0.0962997343000259
66.14,-8.525466029288395,12.83786075298452,-2.1038569001753364,-0.6776018695608452,0.0,-0.09693273922798468
66.16,-8.518586284823792,12.84952063178354,-2.1057885307653326,-0.6769114740977453,0.0,-0.09658152949982114
66.18,-8.511715319501985,12.861114404210722,-2.1077020504985406,-0.6738429408007316,0.0,-0.09567598666041023
66.2,-8.50483299302939,12.872676844721608,-2.1095948531196007,-0.672786088298448,0.0,-0.09464013105297785
66.22,-8.497895230901893,12.884282381357258,-2.111490984503061,-0.6760566247347981,0.0,-0.09480656917305122
66.24,-8.490948900532144,12.89585238135294,-2.113381463845948,-0.6747525574345313,0.0,-0.09452396714432477
66.26,-8.483989582789375,12.907394512707418,-2.1153006963374326,-0.6738933514453028,0.0,-0.09596162457421016
66.28,-8.47700090930263,12.918935183221347,-2.1172361400374284,-0.6745899365825945,0.0,-0.09677218499981001
66.3,-8.46998064160686,12.930477548840015,-2.1191805756521673,-0.6754819808760691,0.0,-0.09722178073693652
66.32,-8.462949247814748,12.94198773785831,-2.121107301578857,-0.6743977867265027,0.0,-0.09633629633447449
66.34,-8.455893783402354,12.953487465698421,-2.123028933469798,-0.674580088779675,0.0,-0.09608159454704372
66.36,-8.44880698039383,12.964988631631455,-2.1249430223147314,-0.6754620542651475,0.0,-0.09570444224666036
66.38,-8.441717786492138,12.97644452206719,-2.1268458459522663,-0.6735987230008355,0.0,-0.09514118187676916
66.4,-8.434597654428428,12.98790162965813,-2.128773683787213,-0.674465705123434,0.0,-0.09639189174735671
66.42,-8.427434549687458,12.99937847338863,-2.1307245716148597,-0.6764392277662197,0.0,-0.09754439138230357
66.44,-8.420239342512748,13.010856836628866,-2.132680337909102,-0.6773548349311326,0.0,-0.09778831471215257
66.46,-8.413043705420982,13.022286153271082,-2.134628052138407,-0.6752897009143809,0.0,-0.097385711465225
66.48,-8.405863352562061,13.033642075935463,-2.1365461017355964,-0.6717783241851489,0.0,-0.09590247985946634
66.5,-8.398622176949075,13.04504571011579,-2.138455955489788,-0.675421158938714,0.0,-0.09549268770959356
66.52,-8.391364183486619,13.056427734119678,-2.140360663565896,-0.6749609979956864,0.0,-0.09523540380539583
66.54,-8.384066631779381,13.06782385390399,-2.142279430679891,-0.6766199211119022,0.0,-0.095938355699765
66.56,-8.376764733989976,13.07917872606723,-2.1442210593453925,-0.6750015429064999,0.0,-0.09708143327507308
66.58,-8.369459544439922,13.0904903793034,-2.1461688250734943,-0.6732742630191143,0.0,-0.09738828640509425
66.6,-8.362108204317694,13.101824990032668,-2.1481127471881294,-0.6754916764415206,0.0,-0.09719610573175687
66.62,-8.354744714673174,13.113130135270886,-2.1500386198504873,-0.6745874454104511,0.0,-0.0962936331178922
66.64,-8.347355537607745,13.124427084988605,-2.151956508535414,-0.674946313844531,0.0,-0.09589443424634585
66.66,-8.339931625054554,13.13572976047259,-2.1538665881572405,-0.676137838561201,0.0,-0.09550398109133558
66.68,-8.33250187017617,13.146994381303394,-2.155769286159159,-0.6747090854854826,0.0,-0.09513490009592665
66.7,-8.325061840641357,13.15822801735315,-2.1576951979779624,-0.673699893085324,0.0,-0.09629559094017087
66.72,-8.317577322955898,13.169481686354704,-2.1596421057746142,-0.6757645133115393,0.0,-0.09734538983259224
66.74,-8.310073569623333,13.180716779636278,-2.161581614066138,-0.6755250460227773,0.0,-0.09697541457616114
66.76,-8.302565876579068,13.19191070376719,-2.1634953341761967,-0.6739239428442805,0.0,-0.0956860055029391
66.78,-8.29502408400945,13.203109084301765,-2.1653895243740693,-0.6750599265256112,0.0,-0.09470950989362417
66.8,-8.287456360068402,13.214300158354309,-2.167263321891566,-0.6754823907723989,0.0,-0.09368987587486768
66.82,-8.27987721244599,13.225462992104328,-2.1691345546176177,-0.6746338562747567,0.0,-0.09356163630259134
66.84,-8.272267848795892,13.23662532655043,-2.171024332283093,-0.6754630364536512,0.0,-0.0944888832737431
66.86,-8.26463796981715,13.247772435026766,-2.1729310144439458,-0.6754129859083874,0.0,-0.0953341080426577
66.88,-8.256976479000201,13.258920066578387,-2.1748517024069924,-0.676328564288246,0.0,-0.09603439815232327
66.9,-8.24930297706046,13.270039361663402,-2.1767634413563086,-0.675502322732555,0.0,-0.09558694746579982
66.92,-8.241647132175803,13.281087828204058,-2.178654750964246,-0.6720873711763652,0.0,-0.0945654803968485
66.94,-8.233933851765531,13.292174334262816,-2.180537743373706,-0.6752875522293669,0.0,-0.09414962047299562
66.96,-8.226202072273269,13.303242913773996,-2.1824141804127053,-0.6750812293944507,0.0,-0.09382185194998027
66.98,-8.218448035811548,13.314299105973955,-2.184302443104937,-0.6752119434150032,0.0,-0.09441313461156446
67.0,-8.210667138109196,13.325349154995086,-2.1862152992630546,-0.6757328474032541,0.0,-0.09564280790587844
67.02,-8.202846087386291,13.336411216184597,-2.1881413932409965,-0.6773810452225678,0.0,-0.09630469889708991
67.04,-8.195016926812226,13.347439623917282,-2.1900534531667497,-0.676242435101561,0.0,-0.09560299628767588
67.06,-8.187199598501813,13.358406878004287,-2.191944423982225,-0.6734079078123814,0.0,-0.09454854077375319
67.08,-8.179340737447541,13.36938840604026,-2.193834252303752,-0.6751956291980133,0.0,-0.09449141607635365
67.1,-8.171449712644293,13.380370963076603,-2.195721122095123,-0.676174591917602,0.0,-0.09434348956856353
67.12,-8.163554324023192,13.391315953270729,-2.197603130604478,-0.67477768899792,0.0,-0.09410042546772672
67.14,-8.155644011242973,13.402238249195312,-2.1995091209863,-0.6742951811800457,0.0,-0.09529951909107899
67.16,-8.147704202369196,13.413157402847643,-2.201427439042897,-0.6750342240125984,0.0,-0.09591590282986491
67.18,-8.139728840525294,13.424081332112761,-2.203352611118635,-0.6762740330858734,0.0,-0.09625860378689598
67.2,-8.131753262037343,13.434961513462572,-2.2052614692709964,-0.6745150080283819,0.0,-0.09544290761807112
67.22,-8.123747186787895,13.445839688387094,-2.2071571777402994,-0.6753368244593609,0.0,-0.09478542346515398
67.24,-8.115717204690041,13.456707131857687,-2.209049083391736,-0.6756144242065687,0.0,-0.09459528257180863
67.26,-8.107672949735129,13.467550907906245,-2.210935196516634,-0.6750879882854605,0.0,-0.09430565624493818
67.28,-8.099618221925965,13.478366111590958,-2.2128389031562943,-0.6742537927619268,0.0,-0.0951853319830041
67.3,-8.091524827925554,13.489190157722206,-2.2147615578458533,-0.6757643840446397,0.0,-0.09613273447795816
67.32,-8.083406980230654,13.50000349535995,-2.2166888989855305,-0.6760690091725777,0.0,-0.09636705698385377
67.34,-8.075271422090637,13.510797033751775,-2.2186127270217497,-0.6758102123847085,0.0,-0.09619140181096308
67.36,-8.067155331812033,13.521521756489085,-2.2205105562724508,-0.6724778791949553,0.0,-0.09489146253504434
67.38,-8.058988338377631,13.53227128592206,-2.222408744181999,-0.6750040088547306,0.0,-0.09490939547740236
67.4,-8.05080107476047,13.543005136554239,-2.2242969233834113,-0.6749941387352812,0.0,-0.09440896007061916
67.42,-8.04259426751225,13.553722582886495,-2.2261992938810704,-0.6749358137893587,0.0,-0.09511852488294799
67.44,-8.034361161481995,13.564432104731372,-2.2281202469461547,-0.6754218923224136,0.0,-0.09604765325420662
67.46,-8.02608948841039,13.57514912538033,-2.2300552378995735,-0.6768956843444993,0.0,-0.0967495476709363
67.48,-8.017803317375078,13.585842088707134,-2.231977551452968,-0.6763876387375795,0.0,-0.09611567766972454
67.5,-8.009534465488077,13.596470441605582,-2.2338770938775436,-0.6733049028173074,0.0,-0.09497712122878928
67.52,-8.001222312303922,13.607112678604606,-2.2357721148494782,-0.6751834915417895,0.0,-0.09475104859672362
67.54,-7.992878372818762,13.617753981995675,-2.237663430809981,-0.6761262160143485,0.0,-0.09456579802513852
67.56,-7.984531754675646,13.628357339512307,-2.2395456348453147,-0.6747170241155004,0.0,-0.09411020176666578
67.58,-7.976169137793404,13.63893997701994,-2.241449826641291,-0.6743989504312032,0.0,-0.0952095897988307
67.6,-7.967759691332963,13.649540319075536,-2.2433727666165177,-0.6765464534432347,0.0,-0.09614699876133663
67.62,-7.9593355765307345,13.660117314082084,-2.245286796830307,-0.6760889985232411,0.0,-0.09570151068948343
67.64,-7.9509070761052385,13.670658351014744,-2.2471858398800113,-0.674820492868822,0.0,-0.09495215248518486
67.66,-7.9424742717618795,13.681163805603312,-2.2490708911044717,-0.6735665616808701,0.0,-0.09425256122304879
67.68,-7.93399766907096,13.691683141342045,-2.2509484732045917,-0.675479861957199,0.0,-0.09387910500600209
67.7,-7.9255174189449145,13.702166653960399,-2.2528196678954604,-0.6742007842984761,0.0,-0.0935597345434139
67.72,-7.917017761167007,13.712634040897237,-2.254713711567199,-0.6741853818257877,0.0,-0.09470218358696697
67.74,-7.90847493752079,13.72311396166132,-2.256628432934822,-0.6760336069157488,0.0,-0.09573606838113542
67.76,-7.899935733786175,13.733548581703673,-2.2585405080603556,-0.674164846030887,0.0,-0.09560375627668229
67.78,-7.89136591863458,13.743979849120718,-2.260438119746006,-0.6750056882323264,0.0,-0.09488058428252195
67.8,-7.882776904336029,13.754394132441448,-2.2623175266265236,-0.674960116794205,0.0,-0.09397034402586223
67.82,-7.874165371937166,13.76479583118255,-2.264172774783431,-0.6751922447668464,0.0,-0.09276240784536723
67.84,-7.865532833541548,13.775183608951892,-2.266039071780236,-0.6753270432484305,0.0,-0.09331484984022477
67.86,-7.856878325132037,13.785558372619676,-2.2679178502347743,-0.6755298605033672,0.0,-0.0939389227269431
67.88,-7.848208630942617,13.795911733983113,-2.2698149837086445,-0.6751956917441814,0.0,-0.09485667369351022
67.9,-7.8395306240788,13.806235170608872,-2.2717155213215636,-0.6743165927339649,0.0,-0.09502688064595663
67.92,-7.8308046571966425,13.81657569796913,-2.273614631255826,-0.6765149741815835,0.0,-0.09495549671312645
67.94,-7.822084010206024,13.82687019181645,-2.2755101054586455,-0.674585590395114,0.0,-0.09477371014095261
67.96,-7.813339729040081,13.837153002200179,-2.277403580535226,-0.6749048868113897,0.0,-0.0946737538290444
67.98,-7.8045618340006495,13.847435823941861,-2.279299568173828,-0.6759953111792035,0.0,-0.09479938193008942
68.0,-7.795771445531791,13.857693831035625,-2.2811984646785795,-0.6754584350075866,0.0,-0.0949448252375712
68.02,-7.78696305841035,13.867933425289916,-2.2831286756925717,-0.6753461597093421,0.0,-0.09651055069961158
68.04,-7.778141135013832,13.878148805361999,-2.285072917648211,-0.6748709551298566,0.0,-0.09721209778198414
68.06,-7.7692730649207435,13.888377351493904,-2.2870260008507883,-0.6768785399693744,0.0,-0.09765416012882885
68.08,-7.760409589226217,13.898560347879782,-2.2889663438217944,-0.6750085495426326,0.0,-0.0970171485503326
68.1,-7.75153582116055,13.908715313175374,-2.2908961236502594,-0.6742905157236643,0.0,-0.09648899142325186
68.12,-7.742626463483018,13.91887138468481,-2.292812014130242,-0.6755043351654841,0.0,-0.09579452399912193
68.14,-7.733720954572643,13.928983921182082,-2.294717914588734,-0.6737423160256498,0.0,-0.09529502292459181
68.16,-7.72478603326638,13.93909095358068,-2.2966460307016,-0.6745089374044776,0.0,-0.09640580564328949
68.18,-7.715801208743601,13.949215030679822,-2.2986019749357607,-0.6768013165148457,0.0,-0.09779721170802887
68.2,-7.706790333523737,13.959328547102883,-2.3005638715958887,-0.677272261848027,0.0,-0.09809483300640355
68.22,-7.697778445260046,13.969403335709988,-2.302510466711696,-0.6758614790677712,0.0,-0.0973297557903608
68.24,-7.688799254040316,13.979402332281289,-2.304427693314278,-0.6719483004543086,0.0,-0.09586133012911936
68.26,-7.6797514679828005,13.989438939698783,-2.3063418643819893,-0.6756402907529003,0.0,-0.09570855338553794
68.28,-7.670692019220468,13.99944988611398,-2.3082515318910963,-0.675078995387395,0.0,-0.09548337545536614
68.3,-7.661604481440078,14.00945340766809,-2.3101693698997394,-0.6757473388655635,0.0,-0.09589190043213963
68.32,-7.65249458251333,14.019442983446668,-2.312105394134147,-0.6759842503555326,0.0,-0.09680121172037627
68.34,-7.643353398630505,14.02942796969373,-2.3140498967063508,-0.6768699896095944,0.0,-0.09722512861021147
68.36,-7.634200748737211,14.039386531015584,-2.315980641309533,-0.6762838599108165,0.0,-0.09653723015911089
68.38,-7.6250695984526065,14.049283279069435,-2.3178875133470616,-0.6732821243012445,0.0,-0.09534360187640277
68.4,-7.615894845733887,14.059189316927887,-2.3197780766628306,-0.6751030912066709,0.0,-0.09452816578847464
68.42,-7.606689136717289,14.06909116230221,-2.321665195082282,-0.6760022564963872,0.0,-0.09435592097256795
68.44,-7.597473951560437,14.078965766519802,-2.3235499583071615,-0.6753285236260864,0.0,-0.0942381612439727
68.46,-7.58823531911144,14.08882816476531,-2.3254605223233957,-0.6756834108527923,0.0,-0.0955282008117149
68.48,-7.579008463071576,14.09864035040837,-2.327376192034237,-0.6734498115566068,0.0,-0.0957834855420772
68.5,-7.569720151710077,14.10848005117698,-2.329290124566323,-0.6765582738462398,0.0,-0.09569662660429488
68.52,-7.56044503351293,14.118268177664593,-2.331192474059485,-0.6742314841888153,0.0,-0.09511747465809486
68.54,-7.551144183320296,14.128046135952344,-2.3330817660396677,-0.6747486246425869,0.0,-0.09446459900914587
68.56,-7.541813634524931,14.137818278621765,-2.334963258594826,-0.675562567743013,0.0,-0.09407462775791389
68.58,-7.532489256472892,14.147547243401197,-2.3368379743895984,-0.6737892506874623,0.0,-0.09373578973861285
68.6,-7.523145178704305,14.157260245922307,-2.3387368981085537,-0.6738957770317209,0.0,-0.0949461859477438
68.62,-7.513775986536751,14.16696241190821,-2.340654879022578,-0.6743770953453744,0.0,-0.09589904570123403
68.64,-7.5043542547124895,14.176681610289709,-2.3425784466170914,-0.6768157942660863,0.0,-0.09617837972566154
68.66,-7.494925150632416,14.18637104937523,-2.3444963432039985,-0.6760052395227819,0.0,-0.09589482934534882
68.68,-7.4823514213092714,14.199242453184606,-2.344647505013011,-0.899682867898052,0.0,-0.007558090450628172
68.7,-7.469713915403343,14.212175231911528,-2.3435686655814245,-0.9041063559143857,0.0,0.05394197157932498
68.72,-7.457025856030612,14.225187800144457,-2.3413876822771145,-0.908726832803145,0.0,0.10904916521549295
68.74,-7.444434176344506,14.238157997293472,-2.3383023880977305,-0.9038479012004443,0.0,0.1542647089692091
68.76,-7.431822795776764,14.251228937608737,-2.334386832026924,-0.9081525209864493,0.0,0.19577780354032537
68.78,-7.419317871469166,14.26429151771779,-2.3297603939392313,-0.9041627771649224,0.0,0.23132190438465136
68.8,-7.406845979294045,14.277440841373318,-2.32442414184715,-0.9061633503757069,0.0,0.26681260460406375
68.82,-7.3944392528350535,14.290662050319956,-2.3184819750151635,-0.906541818449192,0.0,0.2971083415992985
68.84,-7.382105300732865,14.303963226156515,-2.3120300786975028,-0.9069835349858203,0.0,0.32259481588305206
68.86,-7.369842874245554,14.317359595612327,-2.305145636785626,-0.9080608706927682,0.0,0.3442220955938489
68.88,-7.35775175157123,14.330752794966914,-2.2978999736360675,-0.9021821275071046,0.0,0.3622831574779488
68.9,-7.3457135471617505,14.344283199762387,-2.2902243983261656,-0.9055250125393953,0.0,0.3837787654950733
68.92,-7.3337793281673695,14.357905858427737,-2.282208759005503,-0.905541843481662,0.0,0.40078196603314453
68.94,-7.3219511870593665,14.371627797652557,-2.2738543187624742,-0.9058097732975267,0.0,0.41772201215142785
68.96,-7.3102324721885275,14.385454710504092,-2.265244831330068,-0.9062447202990357,0.0,0.43047437162033286
68.98,-7.298608975651439,14.399411127517709,-2.256394653759929,-0.9081399225968513,0.0,0.4425088785069137
69.0,-7.287155795640514,14.413413206151764,-2.2473504817868952,-0.9044798760018563,0.0,0.4522085986516897
69.02,-7.2758187143179445,14.427532000733503,-2.238095420726929,-0.9053587318791426,0.0,0.4627530529983355
69.04,-7.264645082457839,14.441714123510021,-2.228676752816739,-0.9027494882211351,0.0,0.47093339550950136
69.06,-7.253516690343331,14.456115815588669,-2.218997378673991,-0.9100135243258688,0.0,0.4839687071373528
69.08,-7.24255873857591,14.470584247407311,-2.2092432726129236,-0.9074858486882976,0.0,0.4877053030533754
69.1,-7.2317565407914115,14.485139863764536,-2.1993821599158707,-0.9063021633458281,0.0,0.493055634852656
69.12,-7.221097668653238,14.49980229906637,-2.1894017959496423,-0.9063643917299679,0.0,0.4990181983114164
69.14,-7.210584497429738,14.514572016986605,-2.1793066430260364,-0.9064647492014589,0.0,0.504757646180328
69.16,-7.200214128408609,14.529456920949144,-2.1691064063642256,-0.9070624559648605,0.0,0.5100118330905282
69.18,-7.190013667839557,14.544421094590763,-2.1589202692462908,-0.9055052299646545,0.0,0.5093068558967352
69.2,-7.179934629246105,14.55953567852086,-2.1486569486618396,-0.9083469413558655,0.0,0.5131660292225757
69.22,-7.170056351991111,14.574683738060555,-2.1383531107132447,-0.9042179899569109,0.0,0.5151918974297254
69.24,-7.160323019901321,14.589951064646645,-2.127983025808597,-0.9053024558903572,0.0,0.5185042452323815
69.26,-7.150729460907702,14.605349113543204,-2.117510710697506,-0.9071056773949575,0.0,0.5236157555545546
69.28,-7.141308892637649,14.620828356297475,-2.107055879848947,-0.9060271281484893,0.0,0.5227415424279519
69.3,-7.13205084846118,14.636404940021999,-2.096630969613674,-0.9060095784545822,0.0,0.5212455117636642
69.32,-7.1229687135472854,14.652054746553189,-2.08616888129945,-0.904712135236725,0.0,0.5231044157111837
69.34,-7.114033258629282,14.66782968521574,-2.0756492921216867,-0.9064919255003275,0.0,0.5259794588881854
69.36,-7.105278419596784,14.683672089475753,-2.0651155801336802,-0.9050262140162669,0.0,0.5266855994002965
69.38,-7.096657907610231,14.699667129094163,-2.0545081282324444,-0.9085077315367411,0.0,0.5303725950618082
69.4,-7.088238867739171,14.7156930829724,-2.0439946498549078,-0.9051400859229936,0.0,0.52567391887681
69.42,-7.079967573156032,14.731848080068476,-2.0334412818095777,-0.9074665906457126,0.0,0.5276684022664905
69.44,-7.071880597212079,14.748062655626294,-2.022857388501982,-0.905968598294443,0.0,0.5291946653798053
69.46,-7.063973311971351,14.764346205469609,-2.01224885891147,-0.9050955134376677,0.0,0.5304264795256014
69.48,-7.056233938376588,14.78072388393222,-2.0015889080457288,-0.9057127793401146,0.0,0.5329975432870875
69.5,-7.048668358131559,14.797185804340135,-1.990981354741798,-0.9058598511366255,0.0,0.5303776651965179
69.52,-7.0412836364893066,14.81371403325079,-1.9804210280212635,-0.9051470386856683,0.0,0.5280163360267315
69.54,-7.034064321618971,14.83034130846709,-1.969801413489862,-0.9063453926562051,0.0,0.5309807265700902
69.56,-7.027038066408498,14.84700617095854,-1.9591691192541376,-0.9042758209495689,0.0,0.5316147117862043
69.58,-7.0201643414954225,14.863806017312772,-1.9485495000936188,-0.907583235447877,0.0,0.530980958025956
69.6,-7.013479265237281,14.880653072113889,-1.9380049545715816,-0.9062470690283871,0.0,0.5272272761018663
69.62,-7.006980966910345,14.89754689337482,-1.9275073017610553,-0.9050263503652278,0.0,0.524882640526298
69.64,-7.000643752831342,14.914552587930718,-1.9169355732500704,-0.9074055455137183,0.0,0.5285864255492563
69.66,-6.994534301005999,14.93149225737749,-1.9063854202587827,-0.9003857542355654,0.0,0.5275076495644004
69.68,-6.988555948776439,14.948632926247459,-1.895702068793416,-0.907666272220451,0.0,0.5341675732683157
69.7,-6.982763480713073,14.965829280343614,-1.8850323090044676,-0.9072861737972634,0.0,0.5334879894474192
69.72,-6.97717337159072,14.98302937718682,-1.8743922293186892,-0.9042851478038946,0.0,0.5320039842889235
69.74,-6.971747990765774,15.000347334479446,-1.8636888295504612,-0.9073951756055294,0.0,0.5351699884114044
69.76,-6.966523940078222,15.01767043344111,-1.8529803906669748,-0.9046829046987624,0.0,0.5354219441743108
69.78,-6.9614837274789565,15.035055244271657,-1.8421962127116054,-0.9050350692924599,0.0,0.5392088977684715
69.8,-6.956644876635151,15.052444554421427,-1.8313940562448654,-0.9025001176918552,0.0,0.5401078233369947
69.82,-6.951974724999807,15.06995795102509,-1.820502146164611,-0.9062689679315623,0.0,0.5445955040127277
69.84,-6.947489387152657,15.087545539766166,-1.8096450521963798,-0.9075262163269487,0.0,0.5428546984115598
69.86,-6.943196619868091,15.105175204020645,-1.7987940971460454,-0.9072388228645902,0.0,0.5425477525167353
69.88,-6.939120603792423,15.122741789269364,-1.7879841587694039,-0.9016634964741966,0.0,0.5404969188320785
69.9,-6.93522436485004,15.14039831634854,-1.7771003443414999,-0.904065299624178,0.0,0.5441907213951805
69.92,-6.931513987903304,15.158127430273815,-1.7661218262655471,-0.9056605015985253,0.0,0.548925903797635
69.94,-6.927989100706051,15.175943565642923,-1.7550477447882893,-0.908074211234589,0.0,0.5537040738629079
69.96,-6.92466156682995,15.19379848036156,-1.74401596796816,-0.908116816971268,0.0,0.5515888410064834
69.98,-6.921536835497963,15.211656825114385,-1.7330258331099575,-0.9064827952144051,0.0,0.5495067429101046
70.0,-6.918628046489021,15.22942933735376,-1.7221126630671009,-0.900448839187027,0.0,0.5456585021428446
70.02,-6.9158921453938635,15.24737180307673,-1.7110789401497475,-0.9074927424260966,0.0,0.5516861458676765
70.04,-6.9133530888199575,15.265352499882145,-1.6998174165851043,-0.9079541093768658,0.0,0.5630761782321454
70.06,-6.911019211160003,15.283341132720905,-1.6886292080421612,-0.9069700881773437,0.0,0.5594104271471594
70.08,-6.908885481692235,15.30136534611603,-1.6774734414194004,-0.9075035398755578,0.0,0.5577883311380576
70.1,-6.906962374319025,15.31932427618109,-1.666396535717989,-0.903080161240716,0.0,0.5538452850705561
70.12,-6.9052394578169505,15.337291438731379,-1.6553308238631403,-0.9024790459916757,0.0,0.5532855927424547
70.14,-6.903711159970661,15.355327337882894,-1.6440107255816723,-0.9050267295922843,0.0,0.5660049140733658
70.16,-6.902385681766524,15.373399042871577,-1.6326304689424314,-0.9060124359903211,0.0,0.5690128319620724
70.18,-6.901263214766298,15.391528769052941,-1.6212840285420231,-0.9082220317436372,0.0,0.5673220200203978
70.2,-6.900353240221851,15.4095371394895,-1.610074819554669,-0.9015673289497548,0.0,0.5604604493677275
70.22,-6.899641959480907,15.42763648254958,-1.598844432193776,-0.9056656937012703,0.0,0.5615193680446525
70.24,-6.899134616360857,15.445720059469352,-1.5876618432181244,-0.9045346196453182,0.0,0.5591294487825657
70.26,-6.898828410330624,15.463874083870893,-1.5764864794644247,-0.9078303312083138,0.0,0.5587681876849782
70.28,-6.898725389091376,15.481979068633205,-1.565425868643254,-0.9052638933196351,0.0,0.5530305410585351
70.3,-6.898822573156605,15.500074942050613,-1.5543907277061924,-0.9048067189756193,0.0,0.5517570468531005
70.32,-6.899119938981258,15.51819919002974,-1.543340010155242,-0.9063343633044569,0.0,0.5525358775475071
70.34,-6.8996171620113635,15.536304243471609,-1.5323215230789964,-0.9055939913595038,0.0,0.5509243538122731
70.36,-6.9003139010170855,15.55440427538438,-1.5212946034384838,-0.9056718507348815,0.0,0.5513459820256407
70.38,-6.901214018768606,15.572572984432037,-1.5102684774961843,-0.9095496144040913,0.0,0.5513062971149715
70.4,-6.902311510634866,15.590682850996222,-1.49932452956943,-0.9071545559730502,0.0,0.5471973963377221
70.42,-6.903604592352217,15.608744229557718,-1.4883981981365422,-0.905380383967754,0.0,0.5463165716443927
70.44,-6.9050960838335085,15.626804281490326,-1.4774732980222967,-0.9060767388130916,0.0,0.5462450057122745
70.46,-6.906782722919134,15.644824912021392,-1.466552609631035,-0.9049694416696323,0.0,0.5460344195630683
70.48,-6.908672744968979,15.662889990687718,-1.455585782840993,-0.9081839716840095,0.0,0.5483413395021137
70.5,-6.910754559093094,15.680879620165369,-1.4447563023039185,-0.905484288641324,0.0,0.5414740268537166
70.52,-6.913032982308007,15.698860776150154,-1.433907030716459,-0.9062466315736178,0.0,0.5424635793729741
70.54,-6.915503277301006,15.716793848574573,-1.423035923535157,-0.9051207708531718,0.0,0.5435553590650904
70.56,-6.918176442961834,15.734753211813205,-1.4122297611370096,-0.9078608684530589,0.0,0.5403081199073689
70.58,-6.921038489655104,15.752651179297173,-1.4015469725556038,-0.9062678292475671,0.0,0.5341394290702984
70.6,-6.924083116285662,15.770468083330778,-1.3909491408844707,-0.9037585693400488,0.0,0.5298915835566482
70.62,-6.9273275600339135,15.788313164125737,-1.3802895031206217,-0.9068810889722657,0.0,0.5329818881924364
70.64,-6.930756927687936,15.806096147885265,-1.3695621348057712,-0.9055317138262935,0.0,0.5363684157425416
70.66,-6.9343726427537495,15.823820652804022,-1.358779369832439,-0.904477017469441,0.0,0.539138248666597
70.68,-6.938189448186009,15.841552457765006,-1.3478960670794173,-0.9068970598724725,0.0,0.5441651376510935
70.7,-6.9421929952005685,15.859215162938431,-1.3370622640391818,-0.9055378826160632,0.0,0.5416901520117662
70.72,-6.946394185553871,15.876860876490806,-1.3262515425899164,-0.9069470866003351,0.0,0.5405360724632658
70.74,-6.95078102849038,15.894440661590385,-1.315423058624892,-0.9059432033756563,0.0,0.5414241982512229
70.76,-6.955352160799059,15.911949651633376,-1.3045601785798526,-0.9047927703471508,0.0,0.5431440022519678
70.78,-6.96010196414101,15.929366688219849,-1.2936852097144569,-0.9026541353720677,0.0,0.5437484432697732
70.8,-6.9650753575081605,15.946852214110523,-1.2826979631006536,-0.9089530478218232,0.0,0.5493623306901733
70.82,-6.970220696935634,15.964214998968027,-1.2717989678932153,-0.9054568126529369,0.0,0.5449497603719136
70.84,-6.97557003694838,15.981569575266372,-1.2608825420104197,-0.9080153592685164,0.0,0.5458212941397832
70.86,-6.981095333928989,15.998823595120259,-1.2499843339562742,-0.9058560976256657,0.0,0.544910402707277
70.88,-6.986790719856537,16.01596335855816,-1.2390943950123032,-0.9030627214803041,0.0,0.5444969471985475
70.9,-6.9926845240734234,16.03307524055199,-1.2280423459287912,-0.9049218661267574,0.0,0.5526024541755833
70.92,-6.998784093140961,16.05016860122329,-1.216793009460258,-0.9074520949461394,0.0,0.5624668234266619
70.94,-7.005069265405042,16.06717523036928,-1.2056209317995088,-0.9065440216811821,0.0,0.5586038830374711
70.96,-7.0115398890770635,16.08409972185456,-1.194466230227169,-0.905962723764419,0.0,0.5577350786169876
70.98,-7.018185517155473,16.100917132805428,-1.1833171819453217,-0.904142803498011,0.0,0.557452414092375
71.0,-7.025010425903543,16.117640293881223,-1.1721650820064238,-0.9031105909390688,0.0,0.557604996944895
71.02,-7.032039092419578,16.134328299998057,-1.160973084666676,-0.9053890063794316,0.0,0.5595998669873964
71.04,-7.03925985599109,16.150949877605072,-1.1498334733581008,-0.9061129464664673,0.0,0.5569805654287415
71.06,-7.046660174826443,16.167478484763347,-1.1387214040611842,-0.9054827075343438,0.0,0.5556034648458462
71.08,-7.054245915687554,16.18392864511048,-1.127588265261601,-0.9057472603579175,0.0,0.5566569399791642
71.1,-7.061997608100967,16.200258120229147,-1.116465534746772,-0.9037982254398851,0.0,0.5561365257414309
71.12,-7.069946049645205,16.216532315812515,-1.1052379972834239,-0.9055760112600141,0.0,0.5613768731674126
71.14,-7.078095626040073,16.23275390709075,-1.0939739110108861,-0.9076833410032088,0.0,0.563204313626886
71.16,-7.086415987908042,16.248860576258345,-1.0827894430151688,-0.9064397570829886,0.0,0.5592233997858751
71.18,-7.094921418270189,16.2648834445407,-1.0716264335447856,-0.9070207462332913,0.0,0.5581504735191516
71.2,-7.103564594904781,16.280735935877328,-1.0605096959442277,-0.9027817896847856,0.0,0.5558368800279078
71.22,-7.112441237186326,16.296594584840733,-1.04927222114137,-0.9086962159312135,0.0,0.5618737401428782
71.24,-7.121463073286899,16.312296002789726,-1.0381228476118585,-0.9054391920976212,0.0,0.5574686764755665
71.26,-7.13066931877477,16.32791267427765,-1.027012430684457,-0.9064151702512154,0.0,0.5555208463700709
71.28,-7.140058193443595,16.343442131650775,-1.0159213486519878,-0.907351935373776,0.0,0.5545541016234677
71.3,-7.1495810196952965,16.358805670857798,-1.0048597815988358,-0.9037734184875229,0.0,0.5530783526575973
71.32,-7.159276145847092,16.3740675648017,-0.9937760448140708,-0.9040476727668738,0.0,0.5541868392382482
71.34,-7.16917140495619,16.389269570798337,-0.9825468357934779,-0.9069414798623473,0.0,0.5614604510296456
71.36,-7.1792501323350555,16.404379577848378,-0.9712784756910673,-0.9081479210868778,0.0,0.5634180051205261
71.38,-7.189486450407477,16.41935745365267,-0.960090658762827,-0.9070818200259098,0.0,0.5593908464120215
71.4,-7.199887912542888,16.434217327245477,-0.9489455385894935,-0.9069264823410194,0.0,0.5572560086666755
71.42,-7.210404052501179,16.448890189664205,-0.9378918486356086,-0.9026102303614217,0.0,0.552684497694243
71.44,-7.221101700102005,16.463473130829186,-0.9268216719696998,-0.9042978453098269,0.0,0.5535088332954535
71.46,-7.23198810080061,16.477974020762556,-0.9157471047847285,-0.9066277199466254,0.0,0.5537283592485505
71.48,-7.243030862190346,16.492348828176816,-0.904733046962973,-0.9063355715568369,0.0,0.5507028910877831
71.5,-7.2542512510756865,16.506626559021658,-0.8937301630438069,-0.9079519877394685,0.0,0.5501441959582938
71.52,-7.265600688386949,16.520745927259526,-0.8827703878527942,-0.9057680259299308,0.0,0.547988759550646
71.54,-7.277117728253168,16.534756536935443,-0.8718019398474495,-0.906834316139043,0.0,0.5484224002672364
71.56,-7.288787674125522,16.54863989573694,-0.8608715836532762,-0.9068286611521094,0.0,0.5465178097086658
71.58,-7.300544152400843,16.56231979814212,-0.8500442278904886,-0.9018793035286189,0.0,0.5413677881393877
71.6,-7.312533217317442,16.575968560350084,-0.8391720291842336,-0.9083314199453039,0.0,0.5436099353127467
71.62,-7.324573312174395,16.589378523868824,-0.8283958326342895,-0.9010979493627762,0.0,0.5388098274972014
71.64,-7.3367968884141535,16.60270120715217,-0.8175639118083864,-0.904032225583618,0.0,0.5415960412951605
71.66,-7.349236167326385,16.61596761396235,-0.8065911045042836,-0.9093035927421372,0.0,0.5486403652051361
71.68,-7.36180832733112,16.629084277207294,-0.7956501101325811,-0.9084410573420124,0.0,0.5470497185851245
71.7,-7.374501300600894,16.6420402109179,-0.7847817828701232,-0.9068734596690448,0.0,0.5434163631229015
71.72,-7.38734739199901,16.654870475907924,-0.7739158652157433,-0.9077964583580242,0.0,0.5432958827189792
71.74,-7.400268852962149,16.667498556522748,-0.7631217100813907,-0.9033722563766342,0.0,0.5397077567176385
71.76,-7.413359085701651,16.680018197714546,-0.7522758202697949,-0.9056704819437128,0.0,0.5422944905797886
71.78,-7.426595026078634,16.692405137755223,-0.7414229317894747,-0.9064027819275216,0.0,0.5426444240160048
71.8,-7.43995557902938,16.70463942556361,-0.730616203964265,-0.9057899498892444,0.0,0.5403363912604945
71.82,-7.453486350487229,16.716763373614487,-0.7198030645188815,-0.9083940397549737,0.0,0.5406569722691662
71.84,-7.467116475208685,16.728713170185696,-0.7090124884083044,-0.9063359449118702,0.0,0.5395288055288614
71.86,-7.480843831691542,16.740488675664533,-0.6982400860850543,-0.904299238761138,0.0,0.5386201161625095
71.88,-7.494708404364252,16.752124994473622,-0.6874571856962853,-0.9050280255655101,0.0,0.5391450194384497
71.9,-7.508714053289734,16.76362461433492,-0.6766828111801388,-0.906089756561408,0.0,0.5387187258073264
71.92,-7.522839696032271,16.77497018402037,-0.6659473623793476,-0.9058914592504832,0.0,0.5367724400395648
71.94,-7.537111599694639,16.786183317688607,-0.6551936688338794,-0.9074987614450156,0.0,0.5376846772734112
71.96,-7.551410512223515,16.79717106112694,-0.6445097787820542,-0.9016504386055757,0.0,0.534194502591258
71.98,-7.56588092437479,16.808046693561632,-0.6337608597573581,-0.9050859195157942,0.0,0.537445951234808
72.0,-7.580478084709486,16.818774011797633,-0.6229953836986826,-0.9057489254385627,0.0,0.5382738029337741
72.02,-7.59519175931602,16.829344915072273,-0.6122661483867967,-0.9058645269420526,0.0,0.5364617655942943
72.04,-7.610065629972681,16.839790795060562,-0.6015283355568148,-0.9087745004136542,0.0,0.5368906414991005
72.06,-7.624978693509625,16.850026865681993,-0.5908263143532189,-0.904401191153377,0.0,0.5351010601797955
72.08,-7.639999147282562,16.860101881064576,-0.5801108173728494,-0.9043229048633867,0.0,0.5357748490184775
72.1,-7.655153164966314,16.870032715670156,-0.5693192510790621,-0.9059052488020946,0.0,0.5395783146893628
72.12,-7.670462782042285,16.879831001376264,-0.5585180928853846,-0.9088327373495795,0.0,0.540057909683877
72.14,-7.685846946339967,16.88944436650945,-0.5477816421369794,-0.9070409311631158,0.0,0.5368225374202605
72.16,-7.701339474590569,16.898895693672543,-0.5370385518519071,-0.9073946450407954,0.0,0.5371545142536195
72.18,-7.716871622053584,16.908143708253213,-0.5263163210930207,-0.9038437067561998,0.0,0.5361115379443119
72.2,-7.732535233203633,16.917243943129705,-0.5155220338668007,-0.9057634750132622,0.0,0.5397143613110017
72.22,-7.748337303905715,16.926197886760928,-0.5047241779445839,-0.9081279439383938,0.0,0.5398927961108476
72.24,-7.7641861772768745,16.934953636470997,-0.49401121165285106,-0.9053313483476563,0.0,0.5356483145866415
72.26,-7.780181993170443,16.943568209271128,-0.4832792832907316,-0.9084010549169635,0.0,0.536596418105966
72.28,-7.796140772031236,16.95194315416268,-0.4726419479855724,-0.901141393822668,0.0,0.5318667652579616
72.3,-7.81226679201452,16.960188291736973,-0.4619264337295869,-0.9055810484439177,0.0,0.5357757127992752
